<?xml version='1.0' encoding='UTF-8'?>
<gpx xmlns="http://www.topografix.com/GPX/1/1" xmlns:xsi="http://www.w3.org/2001/XMLSchema-instance" creator="StravaGPX" version="1.1" xsi:schemaLocation="http://www.topografix.com/GPX/1/1 http://www.topografix.com/GPX/1/1/gpx.xsd">
 <metadata>
  <time>2026-04-08T21:46:17Z</time>
 </metadata>
 <trk>
  <name>RCPI Towers</name>
  <type>hiking</type>
  <trkseg>
   <trkpt lat="10.3442480" lon="123.8632900">
    <ele>128.0</ele>
    <time>2026-04-08T21:46:17Z</time>
   </trkpt>
   <trkpt lat="10.3443450" lon="123.8632380">
    <ele>128.8</ele>
    <time>2026-04-08T21:46:24Z</time>
   </trkpt>
   <trkpt lat="10.3444880" lon="123.8632820">
    <ele>130.1</ele>
    <time>2026-04-08T21:46:36Z</time>
   </trkpt>
   <trkpt lat="10.3446400" lon="123.8632320">
    <ele>131.4</ele>
    <time>2026-04-08T21:46:54Z</time>
   </trkpt>
   <trkpt lat="10.3447060" lon="123.8632670">
    <ele>132.0</ele>
    <time>2026-04-08T21:47:00Z</time>
   </trkpt>
   <trkpt lat="10.3448040" lon="123.8632920">
    <ele>132.8</ele>
    <time>2026-04-08T21:47:11Z</time>
   </trkpt>
   <trkpt lat="10.3448440" lon="123.8632860">
    <ele>133.2</ele>
    <time>2026-04-08T21:47:16Z</time>
   </trkpt>
   <trkpt lat="10.3448820" lon="123.8633060">
    <ele>133.5</ele>
    <time>2026-04-08T21:47:21Z</time>
   </trkpt>
   <trkpt lat="10.3449820" lon="123.8633150">
    <ele>134.3</ele>
    <time>2026-04-08T21:47:29Z</time>
   </trkpt>
   <trkpt lat="10.3450440" lon="123.8633670">
    <ele>135.0</ele>
    <time>2026-04-08T21:47:43Z</time>
   </trkpt>
   <trkpt lat="10.3451160" lon="123.8633850">
    <ele>135.0</ele>
    <time>2026-04-08T21:47:57Z</time>
   </trkpt>
   <trkpt lat="10.3451530" lon="123.8633870">
    <ele>135.0</ele>
    <time>2026-04-08T21:48:01Z</time>
   </trkpt>
   <trkpt lat="10.3452090" lon="123.8633600">
    <ele>135.0</ele>
    <time>2026-04-08T21:48:11Z</time>
   </trkpt>
   <trkpt lat="10.3452440" lon="123.8634110">
    <ele>134.7</ele>
    <time>2026-04-08T21:48:20Z</time>
   </trkpt>
   <trkpt lat="10.3452780" lon="123.8634290">
    <ele>134.4</ele>
    <time>2026-04-08T21:48:26Z</time>
   </trkpt>
   <trkpt lat="10.3452810" lon="123.8634570">
    <ele>134.2</ele>
    <time>2026-04-08T21:48:29Z</time>
   </trkpt>
   <trkpt lat="10.3453510" lon="123.8635070">
    <ele>133.7</ele>
    <time>2026-04-08T21:48:40Z</time>
   </trkpt>
   <trkpt lat="10.3453780" lon="123.8635530">
    <ele>133.3</ele>
    <time>2026-04-08T21:48:45Z</time>
   </trkpt>
   <trkpt lat="10.3455270" lon="123.8636280">
    <ele>132.3</ele>
    <time>2026-04-08T21:49:01Z</time>
   </trkpt>
   <trkpt lat="10.3457460" lon="123.8636870">
    <ele>130.9</ele>
    <time>2026-04-08T21:49:26Z</time>
   </trkpt>
   <trkpt lat="10.3458960" lon="123.8637810">
    <ele>129.8</ele>
    <time>2026-04-08T21:49:43Z</time>
   </trkpt>
   <trkpt lat="10.3459240" lon="123.8637530">
    <ele>129.5</ele>
    <time>2026-04-08T21:49:48Z</time>
   </trkpt>
   <trkpt lat="10.3459560" lon="123.8636820">
    <ele>129.1</ele>
    <time>2026-04-08T21:49:56Z</time>
   </trkpt>
   <trkpt lat="10.3459430" lon="123.8636470">
    <ele>129.2</ele>
    <time>2026-04-08T21:50:00Z</time>
   </trkpt>
   <trkpt lat="10.3459450" lon="123.8635460">
    <ele>129.9</ele>
    <time>2026-04-08T21:50:11Z</time>
   </trkpt>
   <trkpt lat="10.3461030" lon="123.8634920">
    <ele>131.2</ele>
    <time>2026-04-08T21:50:27Z</time>
   </trkpt>
   <trkpt lat="10.3462370" lon="123.8635720">
    <ele>132.3</ele>
    <time>2026-04-08T21:50:36Z</time>
   </trkpt>
   <trkpt lat="10.3463280" lon="123.8635920">
    <ele>133.0</ele>
    <time>2026-04-08T21:50:44Z</time>
   </trkpt>
   <trkpt lat="10.3463640" lon="123.8636660">
    <ele>133.6</ele>
    <time>2026-04-08T21:50:52Z</time>
   </trkpt>
   <trkpt lat="10.3464530" lon="123.8637430">
    <ele>134.5</ele>
    <time>2026-04-08T21:51:04Z</time>
   </trkpt>
   <trkpt lat="10.3465050" lon="123.8638210">
    <ele>135.1</ele>
    <time>2026-04-08T21:51:12Z</time>
   </trkpt>
   <trkpt lat="10.3465430" lon="123.8639510">
    <ele>136.1</ele>
    <time>2026-04-08T21:51:24Z</time>
   </trkpt>
   <trkpt lat="10.3465580" lon="123.8639570">
    <ele>136.2</ele>
    <time>2026-04-08T21:51:26Z</time>
   </trkpt>
   <trkpt lat="10.3466800" lon="123.8638210">
    <ele>137.6</ele>
    <time>2026-04-08T21:51:42Z</time>
   </trkpt>
   <trkpt lat="10.3467250" lon="123.8637390">
    <ele>138.2</ele>
    <time>2026-04-08T21:51:52Z</time>
   </trkpt>
   <trkpt lat="10.3468380" lon="123.8636280">
    <ele>139.4</ele>
    <time>2026-04-08T21:52:08Z</time>
   </trkpt>
   <trkpt lat="10.3469320" lon="123.8636170">
    <ele>140.1</ele>
    <time>2026-04-08T21:52:15Z</time>
   </trkpt>
   <trkpt lat="10.3469760" lon="123.8635650">
    <ele>140.6</ele>
    <time>2026-04-08T21:52:24Z</time>
   </trkpt>
   <trkpt lat="10.3470670" lon="123.8635210">
    <ele>141.3</ele>
    <time>2026-04-08T21:52:33Z</time>
   </trkpt>
   <trkpt lat="10.3472040" lon="123.8635210">
    <ele>142.3</ele>
    <time>2026-04-08T21:52:45Z</time>
   </trkpt>
   <trkpt lat="10.3473440" lon="123.8633800">
    <ele>143.8</ele>
    <time>2026-04-08T21:53:07Z</time>
   </trkpt>
   <trkpt lat="10.3474330" lon="123.8633880">
    <ele>144.5</ele>
    <time>2026-04-08T21:53:15Z</time>
   </trkpt>
   <trkpt lat="10.3475290" lon="123.8633540">
    <ele>145.2</ele>
    <time>2026-04-08T21:53:25Z</time>
   </trkpt>
   <trkpt lat="10.3477220" lon="123.8633530">
    <ele>146.6</ele>
    <time>2026-04-08T21:53:42Z</time>
   </trkpt>
   <trkpt lat="10.3478220" lon="123.8634060">
    <ele>147.5</ele>
    <time>2026-04-08T21:53:51Z</time>
   </trkpt>
   <trkpt lat="10.3480950" lon="123.8634560">
    <ele>149.5</ele>
    <time>2026-04-08T21:54:14Z</time>
   </trkpt>
   <trkpt lat="10.3481730" lon="123.8634090">
    <ele>150.2</ele>
    <time>2026-04-08T21:54:22Z</time>
   </trkpt>
   <trkpt lat="10.3482050" lon="123.8634080">
    <ele>150.4</ele>
    <time>2026-04-08T21:54:24Z</time>
   </trkpt>
   <trkpt lat="10.3483630" lon="123.8634890">
    <ele>151.7</ele>
    <time>2026-04-08T21:54:41Z</time>
   </trkpt>
   <trkpt lat="10.3483990" lon="123.8634770">
    <ele>152.0</ele>
    <time>2026-04-08T21:54:45Z</time>
   </trkpt>
   <trkpt lat="10.3485140" lon="123.8636100">
    <ele>153.3</ele>
    <time>2026-04-08T21:55:00Z</time>
   </trkpt>
   <trkpt lat="10.3485470" lon="123.8636270">
    <ele>153.6</ele>
    <time>2026-04-08T21:55:04Z</time>
   </trkpt>
   <trkpt lat="10.3486000" lon="123.8635870">
    <ele>154.1</ele>
    <time>2026-04-08T21:55:09Z</time>
   </trkpt>
   <trkpt lat="10.3487300" lon="123.8635800">
    <ele>155.0</ele>
    <time>2026-04-08T21:55:19Z</time>
   </trkpt>
   <trkpt lat="10.3487670" lon="123.8635350">
    <ele>155.4</ele>
    <time>2026-04-08T21:55:24Z</time>
   </trkpt>
   <trkpt lat="10.3489080" lon="123.8634910">
    <ele>156.6</ele>
    <time>2026-04-08T21:55:41Z</time>
   </trkpt>
   <trkpt lat="10.3489660" lon="123.8635030">
    <ele>157.0</ele>
    <time>2026-04-08T21:55:47Z</time>
   </trkpt>
   <trkpt lat="10.3489880" lon="123.8634860">
    <ele>157.2</ele>
    <time>2026-04-08T21:55:53Z</time>
   </trkpt>
   <trkpt lat="10.3490490" lon="123.8634930">
    <ele>157.7</ele>
    <time>2026-04-08T21:56:01Z</time>
   </trkpt>
   <trkpt lat="10.3490660" lon="123.8635080">
    <ele>157.9</ele>
    <time>2026-04-08T21:56:03Z</time>
   </trkpt>
   <trkpt lat="10.3491640" lon="123.8635220">
    <ele>158.6</ele>
    <time>2026-04-08T21:56:15Z</time>
   </trkpt>
   <trkpt lat="10.3492060" lon="123.8635130">
    <ele>158.9</ele>
    <time>2026-04-08T21:56:19Z</time>
   </trkpt>
   <trkpt lat="10.3492880" lon="123.8635400">
    <ele>159.6</ele>
    <time>2026-04-08T21:56:29Z</time>
   </trkpt>
   <trkpt lat="10.3493440" lon="123.8635100">
    <ele>160.0</ele>
    <time>2026-04-08T21:56:34Z</time>
   </trkpt>
   <trkpt lat="10.3493980" lon="123.8634370">
    <ele>160.7</ele>
    <time>2026-04-08T21:56:43Z</time>
   </trkpt>
   <trkpt lat="10.3494080" lon="123.8633940">
    <ele>161.0</ele>
    <time>2026-04-08T21:56:48Z</time>
   </trkpt>
   <trkpt lat="10.3495010" lon="123.8633740">
    <ele>161.7</ele>
    <time>2026-04-08T21:56:59Z</time>
   </trkpt>
   <trkpt lat="10.3496420" lon="123.8635020">
    <ele>163.1</ele>
    <time>2026-04-08T21:57:16Z</time>
   </trkpt>
   <trkpt lat="10.3497140" lon="123.8634860">
    <ele>163.7</ele>
    <time>2026-04-08T21:57:24Z</time>
   </trkpt>
   <trkpt lat="10.3497830" lon="123.8635120">
    <ele>164.2</ele>
    <time>2026-04-08T21:57:30Z</time>
   </trkpt>
   <trkpt lat="10.3498190" lon="123.8634920">
    <ele>164.6</ele>
    <time>2026-04-08T21:57:36Z</time>
   </trkpt>
   <trkpt lat="10.3498550" lon="123.8634970">
    <ele>164.8</ele>
    <time>2026-04-08T21:57:40Z</time>
   </trkpt>
   <trkpt lat="10.3498870" lon="123.8635060">
    <ele>165.1</ele>
    <time>2026-04-08T21:57:44Z</time>
   </trkpt>
   <trkpt lat="10.3498950" lon="123.8635260">
    <ele>165.2</ele>
    <time>2026-04-08T21:57:46Z</time>
   </trkpt>
   <trkpt lat="10.3499890" lon="123.8635970">
    <ele>166.1</ele>
    <time>2026-04-08T21:57:57Z</time>
   </trkpt>
   <trkpt lat="10.3500540" lon="123.8636070">
    <ele>166.6</ele>
    <time>2026-04-08T21:58:03Z</time>
   </trkpt>
   <trkpt lat="10.3501120" lon="123.8636550">
    <ele>167.1</ele>
    <time>2026-04-08T21:58:10Z</time>
   </trkpt>
   <trkpt lat="10.3501420" lon="123.8636510">
    <ele>167.4</ele>
    <time>2026-04-08T21:58:14Z</time>
   </trkpt>
   <trkpt lat="10.3502070" lon="123.8636750">
    <ele>167.9</ele>
    <time>2026-04-08T21:58:21Z</time>
   </trkpt>
   <trkpt lat="10.3502370" lon="123.8636600">
    <ele>168.1</ele>
    <time>2026-04-08T21:58:24Z</time>
   </trkpt>
   <trkpt lat="10.3503010" lon="123.8636030">
    <ele>168.7</ele>
    <time>2026-04-08T21:58:30Z</time>
   </trkpt>
   <trkpt lat="10.3503350" lon="123.8635120">
    <ele>169.5</ele>
    <time>2026-04-08T21:58:39Z</time>
   </trkpt>
   <trkpt lat="10.3503180" lon="123.8634600">
    <ele>169.9</ele>
    <time>2026-04-08T21:58:44Z</time>
   </trkpt>
   <trkpt lat="10.3503270" lon="123.8633810">
    <ele>170.4</ele>
    <time>2026-04-08T21:58:53Z</time>
   </trkpt>
   <trkpt lat="10.3503120" lon="123.8633440">
    <ele>170.7</ele>
    <time>2026-04-08T21:58:58Z</time>
   </trkpt>
   <trkpt lat="10.3503600" lon="123.8631540">
    <ele>172.2</ele>
    <time>2026-04-08T21:59:13Z</time>
   </trkpt>
   <trkpt lat="10.3503290" lon="123.8630610">
    <ele>172.9</ele>
    <time>2026-04-08T21:59:23Z</time>
   </trkpt>
   <trkpt lat="10.3504210" lon="123.8629000">
    <ele>174.2</ele>
    <time>2026-04-08T21:59:44Z</time>
   </trkpt>
   <trkpt lat="10.3505320" lon="123.8628360">
    <ele>175.2</ele>
    <time>2026-04-08T21:59:55Z</time>
   </trkpt>
   <trkpt lat="10.3505650" lon="123.8627900">
    <ele>175.6</ele>
    <time>2026-04-08T22:00:01Z</time>
   </trkpt>
   <trkpt lat="10.3506440" lon="123.8627540">
    <ele>176.2</ele>
    <time>2026-04-08T22:00:10Z</time>
   </trkpt>
   <trkpt lat="10.3507470" lon="123.8627530">
    <ele>177.0</ele>
    <time>2026-04-08T22:00:20Z</time>
   </trkpt>
   <trkpt lat="10.3508160" lon="123.8627720">
    <ele>177.5</ele>
    <time>2026-04-08T22:00:26Z</time>
   </trkpt>
   <trkpt lat="10.3508530" lon="123.8627440">
    <ele>177.9</ele>
    <time>2026-04-08T22:00:32Z</time>
   </trkpt>
   <trkpt lat="10.3508870" lon="123.8627420">
    <ele>178.1</ele>
    <time>2026-04-08T22:00:37Z</time>
   </trkpt>
   <trkpt lat="10.3509670" lon="123.8627730">
    <ele>178.7</ele>
    <time>2026-04-08T22:00:44Z</time>
   </trkpt>
   <trkpt lat="10.3510550" lon="123.8627800">
    <ele>179.4</ele>
    <time>2026-04-08T22:00:52Z</time>
   </trkpt>
   <trkpt lat="10.3513030" lon="123.8627340">
    <ele>181.3</ele>
    <time>2026-04-08T22:01:17Z</time>
   </trkpt>
   <trkpt lat="10.3513590" lon="123.8626910">
    <ele>181.8</ele>
    <time>2026-04-08T22:01:27Z</time>
   </trkpt>
   <trkpt lat="10.3514180" lon="123.8626940">
    <ele>182.2</ele>
    <time>2026-04-08T22:01:32Z</time>
   </trkpt>
   <trkpt lat="10.3514970" lon="123.8626730">
    <ele>182.8</ele>
    <time>2026-04-08T22:01:39Z</time>
   </trkpt>
   <trkpt lat="10.3515870" lon="123.8625430">
    <ele>184.0</ele>
    <time>2026-04-08T22:01:57Z</time>
   </trkpt>
   <trkpt lat="10.3517440" lon="123.8623900">
    <ele>185.6</ele>
    <time>2026-04-08T22:02:21Z</time>
   </trkpt>
   <trkpt lat="10.3517460" lon="123.8623690">
    <ele>185.8</ele>
    <time>2026-04-08T22:02:24Z</time>
   </trkpt>
   <trkpt lat="10.3517710" lon="123.8623810">
    <ele>186.0</ele>
    <time>2026-04-08T22:02:30Z</time>
   </trkpt>
   <trkpt lat="10.3517930" lon="123.8623740">
    <ele>186.1</ele>
    <time>2026-04-08T22:02:32Z</time>
   </trkpt>
   <trkpt lat="10.3518830" lon="123.8623200">
    <ele>186.9</ele>
    <time>2026-04-08T22:02:42Z</time>
   </trkpt>
   <trkpt lat="10.3519690" lon="123.8622010">
    <ele>188.0</ele>
    <time>2026-04-08T22:02:56Z</time>
   </trkpt>
   <trkpt lat="10.3519470" lon="123.8621370">
    <ele>188.5</ele>
    <time>2026-04-08T22:03:03Z</time>
   </trkpt>
   <trkpt lat="10.3518600" lon="123.8620600">
    <ele>189.3</ele>
    <time>2026-04-08T22:03:14Z</time>
   </trkpt>
   <trkpt lat="10.3518930" lon="123.8619680">
    <ele>190.1</ele>
    <time>2026-04-08T22:03:25Z</time>
   </trkpt>
   <trkpt lat="10.3518750" lon="123.8618910">
    <ele>190.6</ele>
    <time>2026-04-08T22:03:31Z</time>
   </trkpt>
   <trkpt lat="10.3518780" lon="123.8618260">
    <ele>191.1</ele>
    <time>2026-04-08T22:03:37Z</time>
   </trkpt>
   <trkpt lat="10.3518360" lon="123.8617210">
    <ele>191.9</ele>
    <time>2026-04-08T22:03:48Z</time>
   </trkpt>
   <trkpt lat="10.3518610" lon="123.8617260">
    <ele>192.1</ele>
    <time>2026-04-08T22:03:52Z</time>
   </trkpt>
   <trkpt lat="10.3518920" lon="123.8617610">
    <ele>192.5</ele>
    <time>2026-04-08T22:03:59Z</time>
   </trkpt>
   <trkpt lat="10.3520600" lon="123.8618250">
    <ele>193.8</ele>
    <time>2026-04-08T22:04:18Z</time>
   </trkpt>
   <trkpt lat="10.3521350" lon="123.8618150">
    <ele>194.4</ele>
    <time>2026-04-08T22:04:24Z</time>
   </trkpt>
   <trkpt lat="10.3522450" lon="123.8617490">
    <ele>195.3</ele>
    <time>2026-04-08T22:04:36Z</time>
   </trkpt>
   <trkpt lat="10.3523800" lon="123.8617210">
    <ele>196.3</ele>
    <time>2026-04-08T22:04:47Z</time>
   </trkpt>
   <trkpt lat="10.3523870" lon="123.8616830">
    <ele>196.6</ele>
    <time>2026-04-08T22:04:52Z</time>
   </trkpt>
   <trkpt lat="10.3525030" lon="123.8615800">
    <ele>197.8</ele>
    <time>2026-04-08T22:05:08Z</time>
   </trkpt>
   <trkpt lat="10.3528220" lon="123.8614370">
    <ele>199.3</ele>
    <time>2026-04-08T22:05:46Z</time>
   </trkpt>
   <trkpt lat="10.3529290" lon="123.8613480">
    <ele>199.6</ele>
    <time>2026-04-08T22:06:02Z</time>
   </trkpt>
   <trkpt lat="10.3530460" lon="123.8613390">
    <ele>199.8</ele>
    <time>2026-04-08T22:06:13Z</time>
   </trkpt>
   <trkpt lat="10.3530940" lon="123.8613000">
    <ele>199.9</ele>
    <time>2026-04-08T22:06:18Z</time>
   </trkpt>
   <trkpt lat="10.3531120" lon="123.8612270">
    <ele>200.0</ele>
    <time>2026-04-08T22:06:24Z</time>
   </trkpt>
   <trkpt lat="10.3531450" lon="123.8611780">
    <ele>200.1</ele>
    <time>2026-04-08T22:06:30Z</time>
   </trkpt>
   <trkpt lat="10.3531330" lon="123.8611440">
    <ele>200.2</ele>
    <time>2026-04-08T22:06:35Z</time>
   </trkpt>
   <trkpt lat="10.3531590" lon="123.8611040">
    <ele>200.2</ele>
    <time>2026-04-08T22:06:39Z</time>
   </trkpt>
   <trkpt lat="10.3532310" lon="123.8610640">
    <ele>200.4</ele>
    <time>2026-04-08T22:06:47Z</time>
   </trkpt>
   <trkpt lat="10.3532710" lon="123.8610030">
    <ele>200.5</ele>
    <time>2026-04-08T22:06:53Z</time>
   </trkpt>
   <trkpt lat="10.3532940" lon="123.8609920">
    <ele>200.6</ele>
    <time>2026-04-08T22:06:55Z</time>
   </trkpt>
   <trkpt lat="10.3532910" lon="123.8609350">
    <ele>200.7</ele>
    <time>2026-04-08T22:06:59Z</time>
   </trkpt>
   <trkpt lat="10.3533230" lon="123.8608360">
    <ele>200.8</ele>
    <time>2026-04-08T22:07:09Z</time>
   </trkpt>
   <trkpt lat="10.3532940" lon="123.8607430">
    <ele>201.0</ele>
    <time>2026-04-08T22:07:20Z</time>
   </trkpt>
   <trkpt lat="10.3532920" lon="123.8607020">
    <ele>201.1</ele>
    <time>2026-04-08T22:07:23Z</time>
   </trkpt>
   <trkpt lat="10.3533070" lon="123.8606790">
    <ele>201.1</ele>
    <time>2026-04-08T22:07:26Z</time>
   </trkpt>
   <trkpt lat="10.3533530" lon="123.8606840">
    <ele>201.2</ele>
    <time>2026-04-08T22:07:30Z</time>
   </trkpt>
   <trkpt lat="10.3534190" lon="123.8607280">
    <ele>201.3</ele>
    <time>2026-04-08T22:07:40Z</time>
   </trkpt>
   <trkpt lat="10.3534990" lon="123.8607400">
    <ele>201.5</ele>
    <time>2026-04-08T22:07:52Z</time>
   </trkpt>
   <trkpt lat="10.3536430" lon="123.8607220">
    <ele>201.7</ele>
    <time>2026-04-08T22:08:07Z</time>
   </trkpt>
   <trkpt lat="10.3536880" lon="123.8606970">
    <ele>201.8</ele>
    <time>2026-04-08T22:08:11Z</time>
   </trkpt>
   <trkpt lat="10.3537100" lon="123.8606640">
    <ele>201.9</ele>
    <time>2026-04-08T22:08:15Z</time>
   </trkpt>
   <trkpt lat="10.3538060" lon="123.8606840">
    <ele>202.1</ele>
    <time>2026-04-08T22:08:26Z</time>
   </trkpt>
   <trkpt lat="10.3538850" lon="123.8606540">
    <ele>202.2</ele>
    <time>2026-04-08T22:08:34Z</time>
   </trkpt>
   <trkpt lat="10.3540680" lon="123.8606800">
    <ele>202.5</ele>
    <time>2026-04-08T22:08:52Z</time>
   </trkpt>
   <trkpt lat="10.3541420" lon="123.8607200">
    <ele>202.7</ele>
    <time>2026-04-08T22:09:04Z</time>
   </trkpt>
   <trkpt lat="10.3542200" lon="123.8607030">
    <ele>202.8</ele>
    <time>2026-04-08T22:09:15Z</time>
   </trkpt>
   <trkpt lat="10.3542350" lon="123.8607190">
    <ele>202.9</ele>
    <time>2026-04-08T22:09:18Z</time>
   </trkpt>
   <trkpt lat="10.3543950" lon="123.8607020">
    <ele>203.0</ele>
    <time>2026-04-08T22:09:35Z</time>
   </trkpt>
   <trkpt lat="10.3545060" lon="123.8607170">
    <ele>203.4</ele>
    <time>2026-04-08T22:09:47Z</time>
   </trkpt>
   <trkpt lat="10.3545260" lon="123.8607040">
    <ele>203.5</ele>
    <time>2026-04-08T22:09:50Z</time>
   </trkpt>
   <trkpt lat="10.3546070" lon="123.8607320">
    <ele>203.9</ele>
    <time>2026-04-08T22:09:58Z</time>
   </trkpt>
   <trkpt lat="10.3546490" lon="123.8607110">
    <ele>204.1</ele>
    <time>2026-04-08T22:10:03Z</time>
   </trkpt>
   <trkpt lat="10.3546570" lon="123.8607320">
    <ele>204.3</ele>
    <time>2026-04-08T22:10:08Z</time>
   </trkpt>
   <trkpt lat="10.3546890" lon="123.8607340">
    <ele>204.4</ele>
    <time>2026-04-08T22:10:17Z</time>
   </trkpt>
   <trkpt lat="10.3547450" lon="123.8605010">
    <ele>205.6</ele>
    <time>2026-04-08T22:11:36Z</time>
   </trkpt>
   <trkpt lat="10.3547860" lon="123.8604310">
    <ele>206.0</ele>
    <time>2026-04-08T22:11:44Z</time>
   </trkpt>
   <trkpt lat="10.3547760" lon="123.8603440">
    <ele>206.4</ele>
    <time>2026-04-08T22:11:53Z</time>
   </trkpt>
   <trkpt lat="10.3548210" lon="123.8602410">
    <ele>207.0</ele>
    <time>2026-04-08T22:12:03Z</time>
   </trkpt>
   <trkpt lat="10.3548660" lon="123.8601950">
    <ele>207.3</ele>
    <time>2026-04-08T22:12:10Z</time>
   </trkpt>
   <trkpt lat="10.3548930" lon="123.8601130">
    <ele>207.7</ele>
    <time>2026-04-08T22:12:16Z</time>
   </trkpt>
   <trkpt lat="10.3549040" lon="123.8601050">
    <ele>207.7</ele>
    <time>2026-04-08T22:12:19Z</time>
   </trkpt>
   <trkpt lat="10.3549100" lon="123.8601150">
    <ele>207.8</ele>
    <time>2026-04-08T22:12:23Z</time>
   </trkpt>
   <trkpt lat="10.3549180" lon="123.8600890">
    <ele>208.0</ele>
    <time>2026-04-08T22:12:31Z</time>
   </trkpt>
   <trkpt lat="10.3549310" lon="123.8599890">
    <ele>208.4</ele>
    <time>2026-04-08T22:12:44Z</time>
   </trkpt>
   <trkpt lat="10.3548340" lon="123.8599490">
    <ele>209.0</ele>
    <time>2026-04-08T22:12:55Z</time>
   </trkpt>
   <trkpt lat="10.3548190" lon="123.8599000">
    <ele>209.2</ele>
    <time>2026-04-08T22:13:03Z</time>
   </trkpt>
   <trkpt lat="10.3547630" lon="123.8598740">
    <ele>209.5</ele>
    <time>2026-04-08T22:13:07Z</time>
   </trkpt>
   <trkpt lat="10.3547520" lon="123.8598550">
    <ele>209.6</ele>
    <time>2026-04-08T22:13:09Z</time>
   </trkpt>
   <trkpt lat="10.3547620" lon="123.8598060">
    <ele>209.8</ele>
    <time>2026-04-08T22:13:15Z</time>
   </trkpt>
   <trkpt lat="10.3548670" lon="123.8596290">
    <ele>210.8</ele>
    <time>2026-04-08T22:13:34Z</time>
   </trkpt>
   <trkpt lat="10.3548450" lon="123.8595360">
    <ele>211.3</ele>
    <time>2026-04-08T22:13:42Z</time>
   </trkpt>
   <trkpt lat="10.3548270" lon="123.8595260">
    <ele>211.4</ele>
    <time>2026-04-08T22:13:48Z</time>
   </trkpt>
   <trkpt lat="10.3548670" lon="123.8595010">
    <ele>211.6</ele>
    <time>2026-04-08T22:13:56Z</time>
   </trkpt>
   <trkpt lat="10.3548850" lon="123.8594320">
    <ele>212.0</ele>
    <time>2026-04-08T22:14:13Z</time>
   </trkpt>
   <trkpt lat="10.3549050" lon="123.8594620">
    <ele>213.2</ele>
    <time>2026-04-08T22:14:27Z</time>
   </trkpt>
   <trkpt lat="10.3549520" lon="123.8594770">
    <ele>214.6</ele>
    <time>2026-04-08T22:14:32Z</time>
   </trkpt>
   <trkpt lat="10.3549940" lon="123.8594690">
    <ele>215.9</ele>
    <time>2026-04-08T22:14:39Z</time>
   </trkpt>
   <trkpt lat="10.3550530" lon="123.8595850">
    <ele>219.7</ele>
    <time>2026-04-08T22:14:54Z</time>
   </trkpt>
   <trkpt lat="10.3550570" lon="123.8596340">
    <ele>218.8</ele>
    <time>2026-04-08T22:14:59Z</time>
   </trkpt>
   <trkpt lat="10.3550440" lon="123.8596470">
    <ele>218.8</ele>
    <time>2026-04-08T22:15:05Z</time>
   </trkpt>
   <trkpt lat="10.3550680" lon="123.8597010">
    <ele>217.3</ele>
    <time>2026-04-08T22:15:12Z</time>
   </trkpt>
   <trkpt lat="10.3551110" lon="123.8597410">
    <ele>215.7</ele>
    <time>2026-04-08T22:15:17Z</time>
   </trkpt>
   <trkpt lat="10.3551800" lon="123.8597660">
    <ele>214.2</ele>
    <time>2026-04-08T22:15:23Z</time>
   </trkpt>
   <trkpt lat="10.3552020" lon="123.8598030">
    <ele>213.2</ele>
    <time>2026-04-08T22:15:28Z</time>
   </trkpt>
   <trkpt lat="10.3552490" lon="123.8598230">
    <ele>212.7</ele>
    <time>2026-04-08T22:15:32Z</time>
   </trkpt>
   <trkpt lat="10.3556000" lon="123.8598910">
    <ele>213.2</ele>
    <time>2026-04-08T22:16:10Z</time>
   </trkpt>
   <trkpt lat="10.3556820" lon="123.8598840">
    <ele>215.1</ele>
    <time>2026-04-08T22:16:19Z</time>
   </trkpt>
   <trkpt lat="10.3556910" lon="123.8598720">
    <ele>215.1</ele>
    <time>2026-04-08T22:16:21Z</time>
   </trkpt>
   <trkpt lat="10.3557320" lon="123.8599280">
    <ele>216.1</ele>
    <time>2026-04-08T22:16:28Z</time>
   </trkpt>
   <trkpt lat="10.3558570" lon="123.8599610">
    <ele>219.2</ele>
    <time>2026-04-08T22:16:42Z</time>
   </trkpt>
   <trkpt lat="10.3560110" lon="123.8599290">
    <ele>223.5</ele>
    <time>2026-04-08T22:17:05Z</time>
   </trkpt>
   <trkpt lat="10.3560580" lon="123.8599390">
    <ele>224.4</ele>
    <time>2026-04-08T22:17:14Z</time>
   </trkpt>
   <trkpt lat="10.3561650" lon="123.8599300">
    <ele>225.6</ele>
    <time>2026-04-08T22:17:26Z</time>
   </trkpt>
   <trkpt lat="10.3562590" lon="123.8597830">
    <ele>228.8</ele>
    <time>2026-04-08T22:18:01Z</time>
   </trkpt>
   <trkpt lat="10.3563260" lon="123.8597730">
    <ele>229.2</ele>
    <time>2026-04-08T22:18:09Z</time>
   </trkpt>
   <trkpt lat="10.3563710" lon="123.8596950">
    <ele>229.8</ele>
    <time>2026-04-08T22:18:17Z</time>
   </trkpt>
   <trkpt lat="10.3563620" lon="123.8596060">
    <ele>232.2</ele>
    <time>2026-04-08T22:18:28Z</time>
   </trkpt>
   <trkpt lat="10.3563950" lon="123.8596040">
    <ele>233.6</ele>
    <time>2026-04-08T22:18:34Z</time>
   </trkpt>
   <trkpt lat="10.3563700" lon="123.8595700">
    <ele>233.6</ele>
    <time>2026-04-08T22:18:50Z</time>
   </trkpt>
   <trkpt lat="10.3564110" lon="123.8595760">
    <ele>233.7</ele>
    <time>2026-04-08T22:18:55Z</time>
   </trkpt>
   <trkpt lat="10.3563390" lon="123.8595950">
    <ele>234.0</ele>
    <time>2026-04-08T22:19:48Z</time>
   </trkpt>
   <trkpt lat="10.3563360" lon="123.8595610">
    <ele>235.9</ele>
    <time>2026-04-08T22:20:10Z</time>
   </trkpt>
   <trkpt lat="10.3563130" lon="123.8597030">
    <ele>230.8</ele>
    <time>2026-04-08T22:20:27Z</time>
   </trkpt>
   <trkpt lat="10.3562590" lon="123.8597660">
    <ele>230.3</ele>
    <time>2026-04-08T22:20:33Z</time>
   </trkpt>
   <trkpt lat="10.3562110" lon="123.8597790">
    <ele>230.0</ele>
    <time>2026-04-08T22:20:39Z</time>
   </trkpt>
   <trkpt lat="10.3561920" lon="123.8598590">
    <ele>229.3</ele>
    <time>2026-04-08T22:20:52Z</time>
   </trkpt>
   <trkpt lat="10.3561520" lon="123.8599080">
    <ele>226.8</ele>
    <time>2026-04-08T22:21:02Z</time>
   </trkpt>
   <trkpt lat="10.3561440" lon="123.8599420">
    <ele>226.9</ele>
    <time>2026-04-08T22:21:07Z</time>
   </trkpt>
   <trkpt lat="10.3561310" lon="123.8599190">
    <ele>226.9</ele>
    <time>2026-04-08T22:21:15Z</time>
   </trkpt>
   <trkpt lat="10.3560630" lon="123.8599310">
    <ele>225.8</ele>
    <time>2026-04-08T22:21:32Z</time>
   </trkpt>
   <trkpt lat="10.3560620" lon="123.8599120">
    <ele>225.9</ele>
    <time>2026-04-08T22:21:42Z</time>
   </trkpt>
   <trkpt lat="10.3560460" lon="123.8599070">
    <ele>225.9</ele>
    <time>2026-04-08T22:21:47Z</time>
   </trkpt>
   <trkpt lat="10.3559980" lon="123.8599030">
    <ele>224.7</ele>
    <time>2026-04-08T22:21:53Z</time>
   </trkpt>
   <trkpt lat="10.3559660" lon="123.8599200">
    <ele>224.2</ele>
    <time>2026-04-08T22:22:01Z</time>
   </trkpt>
   <trkpt lat="10.3559310" lon="123.8598570">
    <ele>225.1</ele>
    <time>2026-04-08T22:22:32Z</time>
   </trkpt>
   <trkpt lat="10.3560040" lon="123.8598450">
    <ele>227.7</ele>
    <time>2026-04-08T22:22:59Z</time>
   </trkpt>
   <trkpt lat="10.3560460" lon="123.8598100">
    <ele>230.1</ele>
    <time>2026-04-08T22:23:16Z</time>
   </trkpt>
   <trkpt lat="10.3560910" lon="123.8597990">
    <ele>230.7</ele>
    <time>2026-04-08T22:23:26Z</time>
   </trkpt>
   <trkpt lat="10.3560790" lon="123.8597530">
    <ele>231.6</ele>
    <time>2026-04-08T22:23:35Z</time>
   </trkpt>
   <trkpt lat="10.3560350" lon="123.8597150">
    <ele>232.7</ele>
    <time>2026-04-08T22:23:47Z</time>
   </trkpt>
   <trkpt lat="10.3560470" lon="123.8596480">
    <ele>237.0</ele>
    <time>2026-04-08T22:24:05Z</time>
   </trkpt>
   <trkpt lat="10.3560050" lon="123.8596250">
    <ele>236.9</ele>
    <time>2026-04-08T22:24:16Z</time>
   </trkpt>
   <trkpt lat="10.3559880" lon="123.8595690">
    <ele>238.9</ele>
    <time>2026-04-08T22:24:33Z</time>
   </trkpt>
   <trkpt lat="10.3560170" lon="123.8595360">
    <ele>241.7</ele>
    <time>2026-04-08T22:24:41Z</time>
   </trkpt>
   <trkpt lat="10.3559990" lon="123.8594970">
    <ele>244.1</ele>
    <time>2026-04-08T22:24:53Z</time>
   </trkpt>
   <trkpt lat="10.3559840" lon="123.8595010">
    <ele>244.1</ele>
    <time>2026-04-08T22:24:57Z</time>
   </trkpt>
   <trkpt lat="10.3560190" lon="123.8594200">
    <ele>248.8</ele>
    <time>2026-04-08T22:25:23Z</time>
   </trkpt>
   <trkpt lat="10.3559980" lon="123.8593590">
    <ele>251.1</ele>
    <time>2026-04-08T22:25:37Z</time>
   </trkpt>
   <trkpt lat="10.3560130" lon="123.8593490">
    <ele>251.0</ele>
    <time>2026-04-08T22:25:47Z</time>
   </trkpt>
   <trkpt lat="10.3560080" lon="123.8593230">
    <ele>253.0</ele>
    <time>2026-04-08T22:25:53Z</time>
   </trkpt>
   <trkpt lat="10.3559920" lon="123.8593010">
    <ele>255.0</ele>
    <time>2026-04-08T22:26:15Z</time>
   </trkpt>
   <trkpt lat="10.3560110" lon="123.8592680">
    <ele>255.0</ele>
    <time>2026-04-08T22:26:21Z</time>
   </trkpt>
   <trkpt lat="10.3559330" lon="123.8591950">
    <ele>257.8</ele>
    <time>2026-04-08T22:26:52Z</time>
   </trkpt>
   <trkpt lat="10.3559380" lon="123.8591800">
    <ele>258.2</ele>
    <time>2026-04-08T22:26:57Z</time>
   </trkpt>
   <trkpt lat="10.3559490" lon="123.8591990">
    <ele>259.1</ele>
    <time>2026-04-08T22:27:07Z</time>
   </trkpt>
   <trkpt lat="10.3559810" lon="123.8591920">
    <ele>260.1</ele>
    <time>2026-04-08T22:27:12Z</time>
   </trkpt>
   <trkpt lat="10.3559690" lon="123.8592030">
    <ele>260.6</ele>
    <time>2026-04-08T22:27:33Z</time>
   </trkpt>
   <trkpt lat="10.3559520" lon="123.8591910">
    <ele>261.1</ele>
    <time>2026-04-08T22:27:37Z</time>
   </trkpt>
   <trkpt lat="10.3559780" lon="123.8591540">
    <ele>262.5</ele>
    <time>2026-04-08T22:27:49Z</time>
   </trkpt>
   <trkpt lat="10.3559530" lon="123.8591350">
    <ele>263.5</ele>
    <time>2026-04-08T22:27:59Z</time>
   </trkpt>
   <trkpt lat="10.3559710" lon="123.8590340">
    <ele>266.4</ele>
    <time>2026-04-08T22:28:25Z</time>
   </trkpt>
   <trkpt lat="10.3559830" lon="123.8590380">
    <ele>266.8</ele>
    <time>2026-04-08T22:28:30Z</time>
   </trkpt>
   <trkpt lat="10.3560050" lon="123.8590090">
    <ele>267.8</ele>
    <time>2026-04-08T22:28:41Z</time>
   </trkpt>
   <trkpt lat="10.3559880" lon="123.8589190">
    <ele>270.5</ele>
    <time>2026-04-08T22:29:07Z</time>
   </trkpt>
   <trkpt lat="10.3559710" lon="123.8589030">
    <ele>271.1</ele>
    <time>2026-04-08T22:29:14Z</time>
   </trkpt>
   <trkpt lat="10.3559940" lon="123.8588790">
    <ele>272.1</ele>
    <time>2026-04-08T22:29:23Z</time>
   </trkpt>
   <trkpt lat="10.3560020" lon="123.8588300">
    <ele>273.5</ele>
    <time>2026-04-08T22:29:49Z</time>
   </trkpt>
   <trkpt lat="10.3559750" lon="123.8588190">
    <ele>274.5</ele>
    <time>2026-04-08T22:30:00Z</time>
   </trkpt>
   <trkpt lat="10.3559330" lon="123.8587370">
    <ele>277.3</ele>
    <time>2026-04-08T22:31:10Z</time>
   </trkpt>
   <trkpt lat="10.3559850" lon="123.8587250">
    <ele>278.9</ele>
    <time>2026-04-08T22:31:19Z</time>
   </trkpt>
   <trkpt lat="10.3560050" lon="123.8586710">
    <ele>280.7</ele>
    <time>2026-04-08T22:31:30Z</time>
   </trkpt>
   <trkpt lat="10.3560020" lon="123.8585750">
    <ele>283.4</ele>
    <time>2026-04-08T22:32:43Z</time>
   </trkpt>
   <trkpt lat="10.3560580" lon="123.8585170">
    <ele>285.9</ele>
    <time>2026-04-08T22:33:00Z</time>
   </trkpt>
   <trkpt lat="10.3560430" lon="123.8584880">
    <ele>286.8</ele>
    <time>2026-04-08T22:33:14Z</time>
   </trkpt>
   <trkpt lat="10.3560520" lon="123.8583930">
    <ele>289.5</ele>
    <time>2026-04-08T22:33:48Z</time>
   </trkpt>
   <trkpt lat="10.3560730" lon="123.8583530">
    <ele>290.8</ele>
    <time>2026-04-08T22:34:06Z</time>
   </trkpt>
   <trkpt lat="10.3561320" lon="123.8583070">
    <ele>292.9</ele>
    <time>2026-04-08T22:34:24Z</time>
   </trkpt>
   <trkpt lat="10.3561080" lon="123.8582920">
    <ele>293.8</ele>
    <time>2026-04-08T22:34:29Z</time>
   </trkpt>
   <trkpt lat="10.3561320" lon="123.8582720">
    <ele>294.7</ele>
    <time>2026-04-08T22:34:34Z</time>
   </trkpt>
   <trkpt lat="10.3561370" lon="123.8582320">
    <ele>295.9</ele>
    <time>2026-04-08T22:34:39Z</time>
   </trkpt>
   <trkpt lat="10.3561740" lon="123.8581640">
    <ele>298.3</ele>
    <time>2026-04-08T22:34:48Z</time>
   </trkpt>
   <trkpt lat="10.3561300" lon="123.8581600">
    <ele>300.1</ele>
    <time>2026-04-08T22:35:00Z</time>
   </trkpt>
   <trkpt lat="10.3562060" lon="123.8581090">
    <ele>302.8</ele>
    <time>2026-04-08T22:35:18Z</time>
   </trkpt>
   <trkpt lat="10.3562090" lon="123.8580450">
    <ele>304.7</ele>
    <time>2026-04-08T22:35:27Z</time>
   </trkpt>
   <trkpt lat="10.3562310" lon="123.8579920">
    <ele>306.6</ele>
    <time>2026-04-08T22:35:39Z</time>
   </trkpt>
   <trkpt lat="10.3563140" lon="123.8579320">
    <ele>309.6</ele>
    <time>2026-04-08T22:35:58Z</time>
   </trkpt>
   <trkpt lat="10.3563810" lon="123.8579460">
    <ele>311.6</ele>
    <time>2026-04-08T22:36:14Z</time>
   </trkpt>
   <trkpt lat="10.3564410" lon="123.8579070">
    <ele>315.4</ele>
    <time>2026-04-08T22:36:43Z</time>
   </trkpt>
   <trkpt lat="10.3564430" lon="123.8579230">
    <ele>316.0</ele>
    <time>2026-04-08T22:36:48Z</time>
   </trkpt>
   <trkpt lat="10.3565070" lon="123.8579030">
    <ele>317.9</ele>
    <time>2026-04-08T22:37:02Z</time>
   </trkpt>
   <trkpt lat="10.3565200" lon="123.8578810">
    <ele>318.8</ele>
    <time>2026-04-08T22:37:09Z</time>
   </trkpt>
   <trkpt lat="10.3565030" lon="123.8578800">
    <ele>319.3</ele>
    <time>2026-04-08T22:37:16Z</time>
   </trkpt>
   <trkpt lat="10.3565120" lon="123.8578640">
    <ele>319.8</ele>
    <time>2026-04-08T22:37:31Z</time>
   </trkpt>
   <trkpt lat="10.3566300" lon="123.8578360">
    <ele>323.3</ele>
    <time>2026-04-08T22:37:55Z</time>
   </trkpt>
   <trkpt lat="10.3566420" lon="123.8578210">
    <ele>323.8</ele>
    <time>2026-04-08T22:37:58Z</time>
   </trkpt>
   <trkpt lat="10.3566340" lon="123.8576570">
    <ele>328.4</ele>
    <time>2026-04-08T22:38:42Z</time>
   </trkpt>
   <trkpt lat="10.3565970" lon="123.8576090">
    <ele>330.1</ele>
    <time>2026-04-08T22:38:51Z</time>
   </trkpt>
   <trkpt lat="10.3565750" lon="123.8574920">
    <ele>333.6</ele>
    <time>2026-04-08T22:39:19Z</time>
   </trkpt>
   <trkpt lat="10.3565380" lon="123.8574430">
    <ele>335.3</ele>
    <time>2026-04-08T22:39:36Z</time>
   </trkpt>
   <trkpt lat="10.3565520" lon="123.8573290">
    <ele>338.5</ele>
    <time>2026-04-08T22:40:08Z</time>
   </trkpt>
   <trkpt lat="10.3565920" lon="123.8572190">
    <ele>341.9</ele>
    <time>2026-04-08T22:40:29Z</time>
   </trkpt>
   <trkpt lat="10.3566380" lon="123.8571820">
    <ele>343.5</ele>
    <time>2026-04-08T22:40:38Z</time>
   </trkpt>
   <trkpt lat="10.3567210" lon="123.8570540">
    <ele>347.8</ele>
    <time>2026-04-08T22:40:57Z</time>
   </trkpt>
   <trkpt lat="10.3567720" lon="123.8569000">
    <ele>352.4</ele>
    <time>2026-04-08T22:41:21Z</time>
   </trkpt>
   <trkpt lat="10.3568030" lon="123.8568620">
    <ele>353.7</ele>
    <time>2026-04-08T22:41:27Z</time>
   </trkpt>
   <trkpt lat="10.3568010" lon="123.8567910">
    <ele>355.7</ele>
    <time>2026-04-08T22:41:39Z</time>
   </trkpt>
   <trkpt lat="10.3568330" lon="123.8567270">
    <ele>357.7</ele>
    <time>2026-04-08T22:41:47Z</time>
   </trkpt>
   <trkpt lat="10.3568430" lon="123.8566700">
    <ele>359.3</ele>
    <time>2026-04-08T22:41:56Z</time>
   </trkpt>
   <trkpt lat="10.3569340" lon="123.8565340">
    <ele>364.1</ele>
    <time>2026-04-08T22:42:25Z</time>
   </trkpt>
   <trkpt lat="10.3569250" lon="123.8565100">
    <ele>364.8</ele>
    <time>2026-04-08T22:42:31Z</time>
   </trkpt>
   <trkpt lat="10.3569350" lon="123.8564700">
    <ele>366.1</ele>
    <time>2026-04-08T22:43:52Z</time>
   </trkpt>
   <trkpt lat="10.3569850" lon="123.8564570">
    <ele>367.7</ele>
    <time>2026-04-08T22:44:01Z</time>
   </trkpt>
   <trkpt lat="10.3570080" lon="123.8564090">
    <ele>369.2</ele>
    <time>2026-04-08T22:44:14Z</time>
   </trkpt>
   <trkpt lat="10.3570060" lon="123.8563600">
    <ele>370.6</ele>
    <time>2026-04-08T22:44:23Z</time>
   </trkpt>
   <trkpt lat="10.3570270" lon="123.8563240">
    <ele>371.7</ele>
    <time>2026-04-08T22:44:29Z</time>
   </trkpt>
   <trkpt lat="10.3570350" lon="123.8562610">
    <ele>373.5</ele>
    <time>2026-04-08T22:44:42Z</time>
   </trkpt>
   <trkpt lat="10.3570570" lon="123.8562360">
    <ele>374.5</ele>
    <time>2026-04-08T22:44:53Z</time>
   </trkpt>
   <trkpt lat="10.3570570" lon="123.8561770">
    <ele>376.1</ele>
    <time>2026-04-08T22:45:02Z</time>
   </trkpt>
   <trkpt lat="10.3570940" lon="123.8560960">
    <ele>378.6</ele>
    <time>2026-04-08T22:45:21Z</time>
   </trkpt>
   <trkpt lat="10.3571150" lon="123.8559560">
    <ele>382.7</ele>
    <time>2026-04-08T22:45:47Z</time>
   </trkpt>
   <trkpt lat="10.3571430" lon="123.8559010">
    <ele>384.4</ele>
    <time>2026-04-08T22:46:02Z</time>
   </trkpt>
   <trkpt lat="10.3571490" lon="123.8558150">
    <ele>386.9</ele>
    <time>2026-04-08T22:46:12Z</time>
   </trkpt>
   <trkpt lat="10.3571900" lon="123.8557550">
    <ele>388.9</ele>
    <time>2026-04-08T22:46:25Z</time>
   </trkpt>
   <trkpt lat="10.3571980" lon="123.8556880">
    <ele>390.8</ele>
    <time>2026-04-08T22:46:34Z</time>
   </trkpt>
   <trkpt lat="10.3572580" lon="123.8556530">
    <ele>392.8</ele>
    <time>2026-04-08T22:46:47Z</time>
   </trkpt>
   <trkpt lat="10.3572730" lon="123.8555930">
    <ele>394.5</ele>
    <time>2026-04-08T22:46:57Z</time>
   </trkpt>
   <trkpt lat="10.3573480" lon="123.8555440">
    <ele>397.0</ele>
    <time>2026-04-08T22:47:28Z</time>
   </trkpt>
   <trkpt lat="10.3573880" lon="123.8554920">
    <ele>398.9</ele>
    <time>2026-04-08T22:47:45Z</time>
   </trkpt>
   <trkpt lat="10.3574730" lon="123.8554650">
    <ele>401.7</ele>
    <time>2026-04-08T22:48:09Z</time>
   </trkpt>
   <trkpt lat="10.3575220" lon="123.8554310">
    <ele>403.5</ele>
    <time>2026-04-08T22:48:21Z</time>
   </trkpt>
   <trkpt lat="10.3575510" lon="123.8553690">
    <ele>405.4</ele>
    <time>2026-04-08T22:48:29Z</time>
   </trkpt>
   <trkpt lat="10.3576190" lon="123.8553240">
    <ele>407.8</ele>
    <time>2026-04-08T22:48:45Z</time>
   </trkpt>
   <trkpt lat="10.3576960" lon="123.8552300">
    <ele>411.3</ele>
    <time>2026-04-08T22:49:02Z</time>
   </trkpt>
   <trkpt lat="10.3577140" lon="123.8551860">
    <ele>412.6</ele>
    <time>2026-04-08T22:49:12Z</time>
   </trkpt>
   <trkpt lat="10.3577290" lon="123.8551920">
    <ele>413.1</ele>
    <time>2026-04-08T22:49:15Z</time>
   </trkpt>
   <trkpt lat="10.3577330" lon="123.8551640">
    <ele>413.9</ele>
    <time>2026-04-08T22:49:23Z</time>
   </trkpt>
   <trkpt lat="10.3577720" lon="123.8551190">
    <ele>415.7</ele>
    <time>2026-04-08T22:49:39Z</time>
   </trkpt>
   <trkpt lat="10.3577810" lon="123.8550740">
    <ele>417.0</ele>
    <time>2026-04-08T22:49:47Z</time>
   </trkpt>
   <trkpt lat="10.3578010" lon="123.8550600">
    <ele>417.7</ele>
    <time>2026-04-08T22:49:58Z</time>
   </trkpt>
   <trkpt lat="10.3578540" lon="123.8550620">
    <ele>419.4</ele>
    <time>2026-04-08T22:50:21Z</time>
   </trkpt>
   <trkpt lat="10.3578900" lon="123.8549820">
    <ele>422.0</ele>
    <time>2026-04-08T22:51:08Z</time>
   </trkpt>
   <trkpt lat="10.3578720" lon="123.8550050">
    <ele>422.8</ele>
    <time>2026-04-08T22:51:26Z</time>
   </trkpt>
   <trkpt lat="10.3579180" lon="123.8549520">
    <ele>425.5</ele>
    <time>2026-04-08T22:52:43Z</time>
   </trkpt>
   <trkpt lat="10.3579070" lon="123.8549200">
    <ele>426.4</ele>
    <time>2026-04-08T22:52:48Z</time>
   </trkpt>
   <trkpt lat="10.3579250" lon="123.8549180">
    <ele>427.7</ele>
    <time>2026-04-08T22:53:08Z</time>
   </trkpt>
   <trkpt lat="10.3578980" lon="123.8549600">
    <ele>429.1</ele>
    <time>2026-04-08T22:53:12Z</time>
   </trkpt>
   <trkpt lat="10.3579250" lon="123.8549420">
    <ele>430.0</ele>
    <time>2026-04-08T22:53:14Z</time>
   </trkpt>
   <trkpt lat="10.3579080" lon="123.8548650">
    <ele>432.6</ele>
    <time>2026-04-08T22:53:26Z</time>
   </trkpt>
   <trkpt lat="10.3578820" lon="123.8548430">
    <ele>433.6</ele>
    <time>2026-04-08T22:53:38Z</time>
   </trkpt>
   <trkpt lat="10.3578670" lon="123.8548520">
    <ele>434.1</ele>
    <time>2026-04-08T22:53:40Z</time>
   </trkpt>
   <trkpt lat="10.3578830" lon="123.8548580">
    <ele>434.6</ele>
    <time>2026-04-08T22:53:43Z</time>
   </trkpt>
   <trkpt lat="10.3578740" lon="123.8548710">
    <ele>435.2</ele>
    <time>2026-04-08T22:53:46Z</time>
   </trkpt>
   <trkpt lat="10.3579170" lon="123.8548600">
    <ele>436.5</ele>
    <time>2026-04-08T22:53:53Z</time>
   </trkpt>
   <trkpt lat="10.3579280" lon="123.8548130">
    <ele>438.1</ele>
    <time>2026-04-08T22:53:58Z</time>
   </trkpt>
   <trkpt lat="10.3579000" lon="123.8548020">
    <ele>438.9</ele>
    <time>2026-04-08T22:53:59Z</time>
   </trkpt>
   <trkpt lat="10.3578970" lon="123.8547690">
    <ele>439.8</ele>
    <time>2026-04-08T22:54:00Z</time>
   </trkpt>
   <trkpt lat="10.3579100" lon="123.8547350">
    <ele>440.9</ele>
    <time>2026-04-08T22:54:02Z</time>
   </trkpt>
   <trkpt lat="10.3580220" lon="123.8546920">
    <ele>444.2</ele>
    <time>2026-04-08T22:54:05Z</time>
   </trkpt>
   <trkpt lat="10.3579670" lon="123.8547230">
    <ele>446.0</ele>
    <time>2026-04-08T22:54:08Z</time>
   </trkpt>
   <trkpt lat="10.3579780" lon="123.8547580">
    <ele>447.0</ele>
    <time>2026-04-08T22:54:12Z</time>
   </trkpt>
   <trkpt lat="10.3579670" lon="123.8547830">
    <ele>447.7</ele>
    <time>2026-04-08T22:54:15Z</time>
   </trkpt>
   <trkpt lat="10.3579950" lon="123.8548050">
    <ele>448.9</ele>
    <time>2026-04-08T22:54:21Z</time>
   </trkpt>
   <trkpt lat="10.3579880" lon="123.8548190">
    <ele>449.3</ele>
    <time>2026-04-08T22:54:22Z</time>
   </trkpt>
   <trkpt lat="10.3579180" lon="123.8548250">
    <ele>451.3</ele>
    <time>2026-04-08T22:54:26Z</time>
   </trkpt>
   <trkpt lat="10.3579170" lon="123.8548380">
    <ele>451.6</ele>
    <time>2026-04-08T22:54:27Z</time>
   </trkpt>
   <trkpt lat="10.3578830" lon="123.8548000">
    <ele>453.2</ele>
    <time>2026-04-08T22:54:31Z</time>
   </trkpt>
   <trkpt lat="10.3578780" lon="123.8548100">
    <ele>453.6</ele>
    <time>2026-04-08T22:54:32Z</time>
   </trkpt>
   <trkpt lat="10.3579230" lon="123.8548600">
    <ele>455.4</ele>
    <time>2026-04-08T22:54:36Z</time>
   </trkpt>
   <trkpt lat="10.3579280" lon="123.8548960">
    <ele>456.5</ele>
    <time>2026-04-08T22:54:41Z</time>
   </trkpt>
   <trkpt lat="10.3579570" lon="123.8549080">
    <ele>457.5</ele>
    <time>2026-04-08T22:55:24Z</time>
   </trkpt>
   <trkpt lat="10.3579700" lon="123.8548380">
    <ele>460.1</ele>
    <time>2026-04-08T22:57:14Z</time>
   </trkpt>
   <trkpt lat="10.3580100" lon="123.8548120">
    <ele>461.6</ele>
    <time>2026-04-08T22:57:28Z</time>
   </trkpt>
   <trkpt lat="10.3580780" lon="123.8547050">
    <ele>465.3</ele>
    <time>2026-04-08T22:58:02Z</time>
   </trkpt>
   <trkpt lat="10.3580770" lon="123.8546150">
    <ele>467.8</ele>
    <time>2026-04-08T22:58:15Z</time>
   </trkpt>
   <trkpt lat="10.3580970" lon="123.8546070">
    <ele>468.4</ele>
    <time>2026-04-08T22:58:18Z</time>
   </trkpt>
   <trkpt lat="10.3581080" lon="123.8545550">
    <ele>469.9</ele>
    <time>2026-04-08T22:58:25Z</time>
   </trkpt>
   <trkpt lat="10.3580900" lon="123.8544730">
    <ele>472.6</ele>
    <time>2026-04-08T22:58:52Z</time>
   </trkpt>
   <trkpt lat="10.3581170" lon="123.8544320">
    <ele>474.0</ele>
    <time>2026-04-08T22:59:06Z</time>
   </trkpt>
   <trkpt lat="10.3581000" lon="123.8543800">
    <ele>476.0</ele>
    <time>2026-04-08T22:59:47Z</time>
   </trkpt>
   <trkpt lat="10.3581700" lon="123.8543030">
    <ele>478.9</ele>
    <time>2026-04-08T23:00:04Z</time>
   </trkpt>
   <trkpt lat="10.3581530" lon="123.8542520">
    <ele>480.5</ele>
    <time>2026-04-08T23:00:12Z</time>
   </trkpt>
   <trkpt lat="10.3581550" lon="123.8541730">
    <ele>482.7</ele>
    <time>2026-04-08T23:00:22Z</time>
   </trkpt>
   <trkpt lat="10.3581200" lon="123.8541130">
    <ele>484.7</ele>
    <time>2026-04-08T23:00:35Z</time>
   </trkpt>
   <trkpt lat="10.3581230" lon="123.8539400">
    <ele>489.8</ele>
    <time>2026-04-08T23:01:15Z</time>
   </trkpt>
   <trkpt lat="10.3581050" lon="123.8539200">
    <ele>490.6</ele>
    <time>2026-04-08T23:01:22Z</time>
   </trkpt>
   <trkpt lat="10.3581000" lon="123.8538610">
    <ele>492.3</ele>
    <time>2026-04-08T23:01:43Z</time>
   </trkpt>
   <trkpt lat="10.3581450" lon="123.8537870">
    <ele>494.8</ele>
    <time>2026-04-08T23:02:10Z</time>
   </trkpt>
   <trkpt lat="10.3581580" lon="123.8537270">
    <ele>496.5</ele>
    <time>2026-04-08T23:02:22Z</time>
   </trkpt>
   <trkpt lat="10.3581250" lon="123.8536270">
    <ele>499.5</ele>
    <time>2026-04-08T23:02:45Z</time>
   </trkpt>
   <trkpt lat="10.3581440" lon="123.8535570">
    <ele>501.5</ele>
    <time>2026-04-08T23:03:01Z</time>
   </trkpt>
   <trkpt lat="10.3581510" lon="123.8533970">
    <ele>506.1</ele>
    <time>2026-04-08T23:03:31Z</time>
   </trkpt>
   <trkpt lat="10.3581950" lon="123.8532530">
    <ele>510.5</ele>
    <time>2026-04-08T23:05:11Z</time>
   </trkpt>
   <trkpt lat="10.3582630" lon="123.8532030">
    <ele>513.6</ele>
    <time>2026-04-08T23:05:34Z</time>
   </trkpt>
   <trkpt lat="10.3582680" lon="123.8531680">
    <ele>514.6</ele>
    <time>2026-04-08T23:05:39Z</time>
   </trkpt>
   <trkpt lat="10.3583250" lon="123.8530820">
    <ele>517.8</ele>
    <time>2026-04-08T23:06:03Z</time>
   </trkpt>
   <trkpt lat="10.3583590" lon="123.8530610">
    <ele>519.0</ele>
    <time>2026-04-08T23:06:12Z</time>
   </trkpt>
   <trkpt lat="10.3584100" lon="123.8529640">
    <ele>522.0</ele>
    <time>2026-04-08T23:06:31Z</time>
   </trkpt>
   <trkpt lat="10.3584420" lon="123.8528590">
    <ele>525.1</ele>
    <time>2026-04-08T23:06:48Z</time>
   </trkpt>
   <trkpt lat="10.3584960" lon="123.8528270">
    <ele>526.9</ele>
    <time>2026-04-08T23:06:59Z</time>
   </trkpt>
   <trkpt lat="10.3584930" lon="123.8527860">
    <ele>528.1</ele>
    <time>2026-04-08T23:07:06Z</time>
   </trkpt>
   <trkpt lat="10.3585380" lon="123.8527290">
    <ele>530.2</ele>
    <time>2026-04-08T23:07:20Z</time>
   </trkpt>
   <trkpt lat="10.3585830" lon="123.8527180">
    <ele>531.6</ele>
    <time>2026-04-08T23:07:31Z</time>
   </trkpt>
   <trkpt lat="10.3586620" lon="123.8526510">
    <ele>534.6</ele>
    <time>2026-04-08T23:08:05Z</time>
   </trkpt>
   <trkpt lat="10.3587200" lon="123.8526360">
    <ele>535.2</ele>
    <time>2026-04-08T23:08:16Z</time>
   </trkpt>
   <trkpt lat="10.3587700" lon="123.8526670">
    <ele>535.4</ele>
    <time>2026-04-08T23:08:33Z</time>
   </trkpt>
   <trkpt lat="10.3587880" lon="123.8526570">
    <ele>535.5</ele>
    <time>2026-04-08T23:08:42Z</time>
   </trkpt>
   <trkpt lat="10.3587910" lon="123.8526920">
    <ele>535.6</ele>
    <time>2026-04-08T23:09:42Z</time>
   </trkpt>
   <trkpt lat="10.3588390" lon="123.8526720">
    <ele>535.8</ele>
    <time>2026-04-08T23:10:04Z</time>
   </trkpt>
   <trkpt lat="10.3588830" lon="123.8526700">
    <ele>536.0</ele>
    <time>2026-04-08T23:10:13Z</time>
   </trkpt>
   <trkpt lat="10.3588770" lon="123.8526870">
    <ele>536.1</ele>
    <time>2026-04-08T23:10:21Z</time>
   </trkpt>
   <trkpt lat="10.3588970" lon="123.8526820">
    <ele>536.2</ele>
    <time>2026-04-08T23:10:26Z</time>
   </trkpt>
   <trkpt lat="10.3589110" lon="123.8526690">
    <ele>536.2</ele>
    <time>2026-04-08T23:10:32Z</time>
   </trkpt>
   <trkpt lat="10.3589070" lon="123.8526050">
    <ele>536.5</ele>
    <time>2026-04-08T23:10:42Z</time>
   </trkpt>
   <trkpt lat="10.3589350" lon="123.8525300">
    <ele>536.8</ele>
    <time>2026-04-08T23:10:57Z</time>
   </trkpt>
   <trkpt lat="10.3589680" lon="123.8524900">
    <ele>537.0</ele>
    <time>2026-04-08T23:11:08Z</time>
   </trkpt>
   <trkpt lat="10.3589980" lon="123.8524870">
    <ele>537.1</ele>
    <time>2026-04-08T23:11:12Z</time>
   </trkpt>
   <trkpt lat="10.3589610" lon="123.8525040">
    <ele>537.3</ele>
    <time>2026-04-08T23:11:46Z</time>
   </trkpt>
   <trkpt lat="10.3589410" lon="123.8524800">
    <ele>537.4</ele>
    <time>2026-04-08T23:11:51Z</time>
   </trkpt>
   <trkpt lat="10.3590970" lon="123.8524500">
    <ele>538.0</ele>
    <time>2026-04-08T23:12:29Z</time>
   </trkpt>
   <trkpt lat="10.3591350" lon="123.8524810">
    <ele>538.2</ele>
    <time>2026-04-08T23:12:34Z</time>
   </trkpt>
   <trkpt lat="10.3591200" lon="123.8525100">
    <ele>538.3</ele>
    <time>2026-04-08T23:12:42Z</time>
   </trkpt>
   <trkpt lat="10.3590690" lon="123.8524980">
    <ele>538.5</ele>
    <time>2026-04-08T23:13:02Z</time>
   </trkpt>
   <trkpt lat="10.3590550" lon="123.8524830">
    <ele>538.6</ele>
    <time>2026-04-08T23:13:06Z</time>
   </trkpt>
   <trkpt lat="10.3590710" lon="123.8524740">
    <ele>538.7</ele>
    <time>2026-04-08T23:13:10Z</time>
   </trkpt>
   <trkpt lat="10.3590460" lon="123.8525080">
    <ele>538.8</ele>
    <time>2026-04-08T23:13:31Z</time>
   </trkpt>
   <trkpt lat="10.3590060" lon="123.8524970">
    <ele>539.0</ele>
    <time>2026-04-08T23:13:49Z</time>
   </trkpt>
   <trkpt lat="10.3589600" lon="123.8525130">
    <ele>539.2</ele>
    <time>2026-04-08T23:15:06Z</time>
   </trkpt>
   <trkpt lat="10.3589350" lon="123.8524890">
    <ele>539.4</ele>
    <time>2026-04-08T23:15:33Z</time>
   </trkpt>
   <trkpt lat="10.3589410" lon="123.8524530">
    <ele>539.5</ele>
    <time>2026-04-08T23:16:10Z</time>
   </trkpt>
   <trkpt lat="10.3589670" lon="123.8525120">
    <ele>539.8</ele>
    <time>2026-04-08T23:16:47Z</time>
   </trkpt>
   <trkpt lat="10.3589850" lon="123.8524720">
    <ele>540.0</ele>
    <time>2026-04-08T23:17:49Z</time>
   </trkpt>
   <trkpt lat="10.3590180" lon="123.8524790">
    <ele>540.1</ele>
    <time>2026-04-08T23:18:17Z</time>
   </trkpt>
   <trkpt lat="10.3590350" lon="123.8524460">
    <ele>540.3</ele>
    <time>2026-04-08T23:18:25Z</time>
   </trkpt>
   <trkpt lat="10.3590400" lon="123.8524910">
    <ele>540.5</ele>
    <time>2026-04-08T23:18:33Z</time>
   </trkpt>
   <trkpt lat="10.3590770" lon="123.8524510">
    <ele>540.8</ele>
    <time>2026-04-08T23:18:51Z</time>
   </trkpt>
   <trkpt lat="10.3590970" lon="123.8524710">
    <ele>540.9</ele>
    <time>2026-04-08T23:18:54Z</time>
   </trkpt>
   <trkpt lat="10.3591510" lon="123.8524750">
    <ele>541.1</ele>
    <time>2026-04-08T23:19:03Z</time>
   </trkpt>
   <trkpt lat="10.3591780" lon="123.8525170">
    <ele>541.4</ele>
    <time>2026-04-08T23:19:23Z</time>
   </trkpt>
   <trkpt lat="10.3592650" lon="123.8524750">
    <ele>541.8</ele>
    <time>2026-04-08T23:20:12Z</time>
   </trkpt>
   <trkpt lat="10.3593770" lon="123.8524630">
    <ele>542.2</ele>
    <time>2026-04-08T23:20:27Z</time>
   </trkpt>
   <trkpt lat="10.3593980" lon="123.8524720">
    <ele>542.3</ele>
    <time>2026-04-08T23:20:30Z</time>
   </trkpt>
   <trkpt lat="10.3594010" lon="123.8524270">
    <ele>542.5</ele>
    <time>2026-04-08T23:20:39Z</time>
   </trkpt>
   <trkpt lat="10.3594700" lon="123.8524520">
    <ele>542.7</ele>
    <time>2026-04-08T23:20:49Z</time>
   </trkpt>
   <trkpt lat="10.3595100" lon="123.8524880">
    <ele>542.9</ele>
    <time>2026-04-08T23:21:00Z</time>
   </trkpt>
   <trkpt lat="10.3594780" lon="123.8524860">
    <ele>543.1</ele>
    <time>2026-04-08T23:21:10Z</time>
   </trkpt>
   <trkpt lat="10.3594810" lon="123.8524680">
    <ele>543.2</ele>
    <time>2026-04-08T23:21:16Z</time>
   </trkpt>
   <trkpt lat="10.3595000" lon="123.8525090">
    <ele>543.3</ele>
    <time>2026-04-08T23:21:24Z</time>
   </trkpt>
   <trkpt lat="10.3595220" lon="123.8525170">
    <ele>543.4</ele>
    <time>2026-04-08T23:21:27Z</time>
   </trkpt>
   <trkpt lat="10.3595180" lon="123.8525030">
    <ele>543.5</ele>
    <time>2026-04-08T23:21:30Z</time>
   </trkpt>
   <trkpt lat="10.3595440" lon="123.8525050">
    <ele>543.6</ele>
    <time>2026-04-08T23:21:33Z</time>
   </trkpt>
   <trkpt lat="10.3596010" lon="123.8525600">
    <ele>543.9</ele>
    <time>2026-04-08T23:21:45Z</time>
   </trkpt>
   <trkpt lat="10.3597010" lon="123.8525350">
    <ele>544.3</ele>
    <time>2026-04-08T23:22:05Z</time>
   </trkpt>
   <trkpt lat="10.3597380" lon="123.8525550">
    <ele>544.4</ele>
    <time>2026-04-08T23:22:14Z</time>
   </trkpt>
   <trkpt lat="10.3598980" lon="123.8525200">
    <ele>545.1</ele>
    <time>2026-04-08T23:22:42Z</time>
   </trkpt>
   <trkpt lat="10.3599550" lon="123.8525620">
    <ele>545.3</ele>
    <time>2026-04-08T23:22:51Z</time>
   </trkpt>
   <trkpt lat="10.3599880" lon="123.8525440">
    <ele>545.5</ele>
    <time>2026-04-08T23:22:58Z</time>
   </trkpt>
   <trkpt lat="10.3600910" lon="123.8525860">
    <ele>545.9</ele>
    <time>2026-04-08T23:23:30Z</time>
   </trkpt>
   <trkpt lat="10.3601120" lon="123.8525790">
    <ele>546.0</ele>
    <time>2026-04-08T23:23:35Z</time>
   </trkpt>
   <trkpt lat="10.3601060" lon="123.8525620">
    <ele>546.1</ele>
    <time>2026-04-08T23:23:42Z</time>
   </trkpt>
   <trkpt lat="10.3601190" lon="123.8525480">
    <ele>546.2</ele>
    <time>2026-04-08T23:23:45Z</time>
   </trkpt>
   <trkpt lat="10.3601630" lon="123.8525530">
    <ele>546.3</ele>
    <time>2026-04-08T23:23:51Z</time>
   </trkpt>
   <trkpt lat="10.3602180" lon="123.8525240">
    <ele>546.5</ele>
    <time>2026-04-08T23:23:57Z</time>
   </trkpt>
   <trkpt lat="10.3602290" lon="123.8525310">
    <ele>546.6</ele>
    <time>2026-04-08T23:24:00Z</time>
   </trkpt>
   <trkpt lat="10.3602540" lon="123.8524770">
    <ele>546.8</ele>
    <time>2026-04-08T23:24:14Z</time>
   </trkpt>
   <trkpt lat="10.3602890" lon="123.8524550">
    <ele>547.0</ele>
    <time>2026-04-08T23:24:18Z</time>
   </trkpt>
   <trkpt lat="10.3603470" lon="123.8524440">
    <ele>547.2</ele>
    <time>2026-04-08T23:24:28Z</time>
   </trkpt>
   <trkpt lat="10.3603520" lon="123.8524560">
    <ele>547.3</ele>
    <time>2026-04-08T23:24:35Z</time>
   </trkpt>
   <trkpt lat="10.3604090" lon="123.8524530">
    <ele>547.5</ele>
    <time>2026-04-08T23:24:44Z</time>
   </trkpt>
   <trkpt lat="10.3604820" lon="123.8524380">
    <ele>547.8</ele>
    <time>2026-04-08T23:24:55Z</time>
   </trkpt>
   <trkpt lat="10.3605030" lon="123.8524150">
    <ele>547.9</ele>
    <time>2026-04-08T23:25:02Z</time>
   </trkpt>
   <trkpt lat="10.3605340" lon="123.8524070">
    <ele>548.4</ele>
    <time>2026-04-08T23:25:06Z</time>
   </trkpt>
   <trkpt lat="10.3605780" lon="123.8524180">
    <ele>549.5</ele>
    <time>2026-04-08T23:25:15Z</time>
   </trkpt>
   <trkpt lat="10.3605950" lon="123.8524050">
    <ele>550.1</ele>
    <time>2026-04-08T23:25:23Z</time>
   </trkpt>
   <trkpt lat="10.3606070" lon="123.8524260">
    <ele>550.7</ele>
    <time>2026-04-08T23:25:37Z</time>
   </trkpt>
   <trkpt lat="10.3606010" lon="123.8524820">
    <ele>552.0</ele>
    <time>2026-04-08T23:26:09Z</time>
   </trkpt>
   <trkpt lat="10.3606590" lon="123.8525060">
    <ele>553.6</ele>
    <time>2026-04-08T23:26:21Z</time>
   </trkpt>
   <trkpt lat="10.3607300" lon="123.8525760">
    <ele>555.9</ele>
    <time>2026-04-08T23:26:37Z</time>
   </trkpt>
   <trkpt lat="10.3608000" lon="123.8526100">
    <ele>557.7</ele>
    <time>2026-04-08T23:26:45Z</time>
   </trkpt>
   <trkpt lat="10.3608540" lon="123.8526060">
    <ele>559.0</ele>
    <time>2026-04-08T23:26:52Z</time>
   </trkpt>
   <trkpt lat="10.3610400" lon="123.8526420">
    <ele>563.6</ele>
    <time>2026-04-08T23:27:24Z</time>
   </trkpt>
   <trkpt lat="10.3610870" lon="123.8526660">
    <ele>564.9</ele>
    <time>2026-04-08T23:27:34Z</time>
   </trkpt>
   <trkpt lat="10.3611380" lon="123.8527210">
    <ele>566.7</ele>
    <time>2026-04-08T23:27:44Z</time>
   </trkpt>
   <trkpt lat="10.3611520" lon="123.8527500">
    <ele>567.4</ele>
    <time>2026-04-08T23:27:48Z</time>
   </trkpt>
   <trkpt lat="10.3611400" lon="123.8527760">
    <ele>568.1</ele>
    <time>2026-04-08T23:27:52Z</time>
   </trkpt>
   <trkpt lat="10.3611600" lon="123.8528170">
    <ele>569.2</ele>
    <time>2026-04-08T23:27:58Z</time>
   </trkpt>
   <trkpt lat="10.3611340" lon="123.8528410">
    <ele>570.2</ele>
    <time>2026-04-08T23:28:08Z</time>
   </trkpt>
   <trkpt lat="10.3611600" lon="123.8528440">
    <ele>570.8</ele>
    <time>2026-04-08T23:28:11Z</time>
   </trkpt>
   <trkpt lat="10.3611370" lon="123.8528340">
    <ele>571.4</ele>
    <time>2026-04-08T23:28:14Z</time>
   </trkpt>
   <trkpt lat="10.3611310" lon="123.8527810">
    <ele>572.9</ele>
    <time>2026-04-08T23:28:48Z</time>
   </trkpt>
   <trkpt lat="10.3611380" lon="123.8528640">
    <ele>574.8</ele>
    <time>2026-04-08T23:29:08Z</time>
   </trkpt>
   <trkpt lat="10.3611260" lon="123.8529430">
    <ele>576.7</ele>
    <time>2026-04-08T23:29:20Z</time>
   </trkpt>
   <trkpt lat="10.3611560" lon="123.8529910">
    <ele>578.0</ele>
    <time>2026-04-08T23:29:32Z</time>
   </trkpt>
   <trkpt lat="10.3611470" lon="123.8530240">
    <ele>578.9</ele>
    <time>2026-04-08T23:29:43Z</time>
   </trkpt>
   <trkpt lat="10.3611700" lon="123.8530450">
    <ele>579.8</ele>
    <time>2026-04-08T23:29:56Z</time>
   </trkpt>
   <trkpt lat="10.3612330" lon="123.8530660">
    <ele>581.5</ele>
    <time>2026-04-08T23:31:00Z</time>
   </trkpt>
   <trkpt lat="10.3612930" lon="123.8530670">
    <ele>582.9</ele>
    <time>2026-04-08T23:31:06Z</time>
   </trkpt>
   <trkpt lat="10.3613110" lon="123.8531060">
    <ele>583.9</ele>
    <time>2026-04-08T23:31:14Z</time>
   </trkpt>
   <trkpt lat="10.3613510" lon="123.8531230">
    <ele>584.9</ele>
    <time>2026-04-08T23:31:23Z</time>
   </trkpt>
   <trkpt lat="10.3613840" lon="123.8531170">
    <ele>585.7</ele>
    <time>2026-04-08T23:31:28Z</time>
   </trkpt>
   <trkpt lat="10.3614550" lon="123.8530680">
    <ele>587.9</ele>
    <time>2026-04-08T23:31:52Z</time>
   </trkpt>
   <trkpt lat="10.3614760" lon="123.8530890">
    <ele>588.6</ele>
    <time>2026-04-08T23:31:56Z</time>
   </trkpt>
   <trkpt lat="10.3614920" lon="123.8530800">
    <ele>589.1</ele>
    <time>2026-04-08T23:32:02Z</time>
   </trkpt>
   <trkpt lat="10.3615540" lon="123.8530950">
    <ele>590.6</ele>
    <time>2026-04-08T23:32:15Z</time>
   </trkpt>
   <trkpt lat="10.3615660" lon="123.8531250">
    <ele>591.4</ele>
    <time>2026-04-08T23:32:22Z</time>
   </trkpt>
   <trkpt lat="10.3616190" lon="123.8531560">
    <ele>593.0</ele>
    <time>2026-04-08T23:32:50Z</time>
   </trkpt>
   <trkpt lat="10.3616570" lon="123.8531450">
    <ele>594.0</ele>
    <time>2026-04-08T23:32:57Z</time>
   </trkpt>
   <trkpt lat="10.3617430" lon="123.8531810">
    <ele>596.2</ele>
    <time>2026-04-08T23:33:12Z</time>
   </trkpt>
   <trkpt lat="10.3618180" lon="123.8531940">
    <ele>598.0</ele>
    <time>2026-04-08T23:33:20Z</time>
   </trkpt>
   <trkpt lat="10.3619550" lon="123.8532900">
    <ele>602.0</ele>
    <time>2026-04-08T23:33:39Z</time>
   </trkpt>
   <trkpt lat="10.3620000" lon="123.8532900">
    <ele>603.1</ele>
    <time>2026-04-08T23:33:47Z</time>
   </trkpt>
   <trkpt lat="10.3620070" lon="123.8533030">
    <ele>603.5</ele>
    <time>2026-04-08T23:33:51Z</time>
   </trkpt>
   <trkpt lat="10.3619840" lon="123.8533350">
    <ele>604.4</ele>
    <time>2026-04-08T23:33:58Z</time>
   </trkpt>
   <trkpt lat="10.3619700" lon="123.8533350">
    <ele>604.7</ele>
    <time>2026-04-08T23:34:24Z</time>
   </trkpt>
   <trkpt lat="10.3619610" lon="123.8533790">
    <ele>605.8</ele>
    <time>2026-04-08T23:34:33Z</time>
   </trkpt>
   <trkpt lat="10.3620330" lon="123.8534970">
    <ele>609.0</ele>
    <time>2026-04-08T23:34:50Z</time>
   </trkpt>
   <trkpt lat="10.3621640" lon="123.8536320">
    <ele>613.5</ele>
    <time>2026-04-08T23:35:20Z</time>
   </trkpt>
   <trkpt lat="10.3621530" lon="123.8536720">
    <ele>615.3</ele>
    <time>2026-04-08T23:36:21Z</time>
   </trkpt>
   <trkpt lat="10.3621800" lon="123.8536410">
    <ele>616.4</ele>
    <time>2026-04-08T23:37:09Z</time>
   </trkpt>
   <trkpt lat="10.3622290" lon="123.8537070">
    <ele>618.3</ele>
    <time>2026-04-08T23:37:20Z</time>
   </trkpt>
   <trkpt lat="10.3623060" lon="123.8537490">
    <ele>620.4</ele>
    <time>2026-04-08T23:37:34Z</time>
   </trkpt>
   <trkpt lat="10.3623290" lon="123.8537480">
    <ele>621.0</ele>
    <time>2026-04-08T23:37:39Z</time>
   </trkpt>
   <trkpt lat="10.3623480" lon="123.8537710">
    <ele>621.7</ele>
    <time>2026-04-08T23:37:45Z</time>
   </trkpt>
   <trkpt lat="10.3624710" lon="123.8538330">
    <ele>625.4</ele>
    <time>2026-04-08T23:38:51Z</time>
   </trkpt>
   <trkpt lat="10.3624950" lon="123.8538820">
    <ele>626.7</ele>
    <time>2026-04-08T23:39:03Z</time>
   </trkpt>
   <trkpt lat="10.3625130" lon="123.8538610">
    <ele>627.4</ele>
    <time>2026-04-08T23:39:11Z</time>
   </trkpt>
   <trkpt lat="10.3624730" lon="123.8539010">
    <ele>628.8</ele>
    <time>2026-04-08T23:39:38Z</time>
   </trkpt>
   <trkpt lat="10.3625210" lon="123.8539330">
    <ele>630.1</ele>
    <time>2026-04-08T23:39:51Z</time>
   </trkpt>
   <trkpt lat="10.3625230" lon="123.8539650">
    <ele>630.9</ele>
    <time>2026-04-08T23:39:58Z</time>
   </trkpt>
   <trkpt lat="10.3625450" lon="123.8539920">
    <ele>631.7</ele>
    <time>2026-04-08T23:40:03Z</time>
   </trkpt>
   <trkpt lat="10.3625400" lon="123.8540830">
    <ele>633.9</ele>
    <time>2026-04-08T23:40:15Z</time>
   </trkpt>
   <trkpt lat="10.3625810" lon="123.8541570">
    <ele>635.9</ele>
    <time>2026-04-08T23:40:29Z</time>
   </trkpt>
   <trkpt lat="10.3625680" lon="123.8541880">
    <ele>636.8</ele>
    <time>2026-04-08T23:40:38Z</time>
   </trkpt>
   <trkpt lat="10.3625730" lon="123.8542230">
    <ele>637.6</ele>
    <time>2026-04-08T23:40:42Z</time>
   </trkpt>
   <trkpt lat="10.3626200" lon="123.8542620">
    <ele>639.1</ele>
    <time>2026-04-08T23:40:58Z</time>
   </trkpt>
   <trkpt lat="10.3626650" lon="123.8542560">
    <ele>640.2</ele>
    <time>2026-04-08T23:41:05Z</time>
   </trkpt>
   <trkpt lat="10.3627550" lon="123.8542790">
    <ele>642.7</ele>
    <time>2026-04-08T23:41:21Z</time>
   </trkpt>
   <trkpt lat="10.3627250" lon="123.8542270">
    <ele>644.2</ele>
    <time>2026-04-08T23:41:37Z</time>
   </trkpt>
   <trkpt lat="10.3627460" lon="123.8541540">
    <ele>646.0</ele>
    <time>2026-04-08T23:41:49Z</time>
   </trkpt>
   <trkpt lat="10.3628600" lon="123.8541640">
    <ele>648.9</ele>
    <time>2026-04-08T23:43:30Z</time>
   </trkpt>
   <trkpt lat="10.3630230" lon="123.8541380">
    <ele>653.0</ele>
    <time>2026-04-08T23:43:58Z</time>
   </trkpt>
   <trkpt lat="10.3631070" lon="123.8541480">
    <ele>654.9</ele>
    <time>2026-04-08T23:44:11Z</time>
   </trkpt>
   <trkpt lat="10.3631860" lon="123.8541140">
    <ele>657.1</ele>
    <time>2026-04-08T23:44:28Z</time>
   </trkpt>
   <trkpt lat="10.3632110" lon="123.8541190">
    <ele>657.7</ele>
    <time>2026-04-08T23:44:33Z</time>
   </trkpt>
   <trkpt lat="10.3632530" lon="123.8540590">
    <ele>659.5</ele>
    <time>2026-04-08T23:44:48Z</time>
   </trkpt>
   <trkpt lat="10.3632800" lon="123.8540530">
    <ele>660.2</ele>
    <time>2026-04-08T23:44:55Z</time>
   </trkpt>
   <trkpt lat="10.3632820" lon="123.8540290">
    <ele>661.0</ele>
    <time>2026-04-08T23:48:13Z</time>
   </trkpt>
   <trkpt lat="10.3633070" lon="123.8540780">
    <ele>662.4</ele>
    <time>2026-04-08T23:50:00Z</time>
   </trkpt>
   <trkpt lat="10.3633250" lon="123.8540500">
    <ele>663.2</ele>
    <time>2026-04-08T23:50:05Z</time>
   </trkpt>
   <trkpt lat="10.3633470" lon="123.8540480">
    <ele>663.8</ele>
    <time>2026-04-08T23:50:12Z</time>
   </trkpt>
   <trkpt lat="10.3633500" lon="123.8540100">
    <ele>664.7</ele>
    <time>2026-04-08T23:50:18Z</time>
   </trkpt>
   <trkpt lat="10.3633870" lon="123.8539910">
    <ele>665.7</ele>
    <time>2026-04-08T23:50:25Z</time>
   </trkpt>
   <trkpt lat="10.3635290" lon="123.8540450">
    <ele>669.2</ele>
    <time>2026-04-08T23:50:41Z</time>
   </trkpt>
   <trkpt lat="10.3636060" lon="123.8540230">
    <ele>671.1</ele>
    <time>2026-04-08T23:50:48Z</time>
   </trkpt>
   <trkpt lat="10.3637190" lon="123.8540520">
    <ele>673.9</ele>
    <time>2026-04-08T23:50:59Z</time>
   </trkpt>
   <trkpt lat="10.3637070" lon="123.8539810">
    <ele>675.6</ele>
    <time>2026-04-08T23:51:11Z</time>
   </trkpt>
   <trkpt lat="10.3636870" lon="123.8539640">
    <ele>676.2</ele>
    <time>2026-04-08T23:51:16Z</time>
   </trkpt>
   <trkpt lat="10.3636670" lon="123.8539620">
    <ele>676.6</ele>
    <time>2026-04-08T23:51:23Z</time>
   </trkpt>
   <trkpt lat="10.3636570" lon="123.8539780">
    <ele>677.1</ele>
    <time>2026-04-08T23:51:58Z</time>
   </trkpt>
   <trkpt lat="10.3636820" lon="123.8539710">
    <ele>677.9</ele>
    <time>2026-04-08T23:52:06Z</time>
   </trkpt>
   <trkpt lat="10.3636180" lon="123.8540350">
    <ele>680.1</ele>
    <time>2026-04-08T23:53:09Z</time>
   </trkpt>
   <trkpt lat="10.3636780" lon="123.8539670">
    <ele>683.0</ele>
    <time>2026-04-08T23:56:02Z</time>
   </trkpt>
   <trkpt lat="10.3636650" lon="123.8539580">
    <ele>683.3</ele>
    <time>2026-04-08T23:56:47Z</time>
   </trkpt>
   <trkpt lat="10.3636800" lon="123.8539770">
    <ele>684.0</ele>
    <time>2026-04-08T23:56:51Z</time>
   </trkpt>
   <trkpt lat="10.3637250" lon="123.8539830">
    <ele>685.2</ele>
    <time>2026-04-08T23:57:25Z</time>
   </trkpt>
   <trkpt lat="10.3637220" lon="123.8540030">
    <ele>685.9</ele>
    <time>2026-04-08T23:57:31Z</time>
   </trkpt>
   <trkpt lat="10.3636320" lon="123.8539850">
    <ele>688.1</ele>
    <time>2026-04-08T23:57:55Z</time>
   </trkpt>
   <trkpt lat="10.3636100" lon="123.8539430">
    <ele>689.3</ele>
    <time>2026-04-08T23:58:02Z</time>
   </trkpt>
   <trkpt lat="10.3636370" lon="123.8539520">
    <ele>690.1</ele>
    <time>2026-04-08T23:58:05Z</time>
   </trkpt>
   <trkpt lat="10.3636600" lon="123.8539190">
    <ele>691.3</ele>
    <time>2026-04-08T23:59:26Z</time>
   </trkpt>
   <trkpt lat="10.3636480" lon="123.8539090">
    <ele>691.6</ele>
    <time>2026-04-08T23:59:29Z</time>
   </trkpt>
   <trkpt lat="10.3636380" lon="123.8539630">
    <ele>693.0</ele>
    <time>2026-04-09T00:00:01Z</time>
   </trkpt>
   <trkpt lat="10.3636870" lon="123.8539920">
    <ele>694.8</ele>
    <time>2026-04-09T00:04:11Z</time>
   </trkpt>
   <trkpt lat="10.3636970" lon="123.8539780">
    <ele>695.2</ele>
    <time>2026-04-09T00:05:06Z</time>
   </trkpt>
   <trkpt lat="10.3637050" lon="123.8539920">
    <ele>695.5</ele>
    <time>2026-04-09T00:05:09Z</time>
   </trkpt>
   <trkpt lat="10.3636880" lon="123.8539920">
    <ele>696.0</ele>
    <time>2026-04-09T00:05:12Z</time>
   </trkpt>
   <trkpt lat="10.3636800" lon="123.8539520">
    <ele>697.0</ele>
    <time>2026-04-09T00:05:17Z</time>
   </trkpt>
   <trkpt lat="10.3636730" lon="123.8539770">
    <ele>697.6</ele>
    <time>2026-04-09T00:05:19Z</time>
   </trkpt>
   <trkpt lat="10.3636600" lon="123.8539600">
    <ele>698.1</ele>
    <time>2026-04-09T00:05:23Z</time>
   </trkpt>
   <trkpt lat="10.3636520" lon="123.8539330">
    <ele>698.9</ele>
    <time>2026-04-09T00:05:37Z</time>
   </trkpt>
   <trkpt lat="10.3636630" lon="123.8539200">
    <ele>699.3</ele>
    <time>2026-04-09T00:09:30Z</time>
   </trkpt>
   <trkpt lat="10.3636780" lon="123.8539680">
    <ele>700.5</ele>
    <time>2026-04-09T00:09:52Z</time>
   </trkpt>
   <trkpt lat="10.3637130" lon="123.8539500">
    <ele>701.7</ele>
    <time>2026-04-09T00:14:18Z</time>
   </trkpt>
   <trkpt lat="10.3637670" lon="123.8540020">
    <ele>703.5</ele>
    <time>2026-04-09T00:14:30Z</time>
   </trkpt>
   <trkpt lat="10.3637580" lon="123.8540100">
    <ele>704.0</ele>
    <time>2026-04-09T00:14:33Z</time>
   </trkpt>
   <trkpt lat="10.3637720" lon="123.8540470">
    <ele>705.0</ele>
    <time>2026-04-09T00:14:43Z</time>
   </trkpt>
   <trkpt lat="10.3637370" lon="123.8540570">
    <ele>707.5</ele>
    <time>2026-04-09T00:15:54Z</time>
   </trkpt>
   <trkpt lat="10.3636980" lon="123.8540080">
    <ele>710.3</ele>
    <time>2026-04-09T00:16:54Z</time>
   </trkpt>
   <trkpt lat="10.3636720" lon="123.8540180">
    <ele>710.5</ele>
    <time>2026-04-09T00:17:04Z</time>
   </trkpt>
   <trkpt lat="10.3636690" lon="123.8539790">
    <ele>710.7</ele>
    <time>2026-04-09T00:17:20Z</time>
   </trkpt>
   <trkpt lat="10.3637230" lon="123.8539820">
    <ele>711.0</ele>
    <time>2026-04-09T00:17:30Z</time>
   </trkpt>
   <trkpt lat="10.3638230" lon="123.8540480">
    <ele>712.0</ele>
    <time>2026-04-09T00:18:51Z</time>
   </trkpt>
   <trkpt lat="10.3637820" lon="123.8540570">
    <ele>711.5</ele>
    <time>2026-04-09T00:18:57Z</time>
   </trkpt>
   <trkpt lat="10.3637480" lon="123.8539780">
    <ele>710.5</ele>
    <time>2026-04-09T00:19:10Z</time>
   </trkpt>
   <trkpt lat="10.3637450" lon="123.8539570">
    <ele>710.3</ele>
    <time>2026-04-09T00:19:14Z</time>
   </trkpt>
   <trkpt lat="10.3637830" lon="123.8539170">
    <ele>709.7</ele>
    <time>2026-04-09T00:19:20Z</time>
   </trkpt>
   <trkpt lat="10.3637580" lon="123.8538420">
    <ele>708.7</ele>
    <time>2026-04-09T00:19:30Z</time>
   </trkpt>
   <trkpt lat="10.3637670" lon="123.8538000">
    <ele>708.2</ele>
    <time>2026-04-09T00:19:37Z</time>
   </trkpt>
   <trkpt lat="10.3637300" lon="123.8537700">
    <ele>707.7</ele>
    <time>2026-04-09T00:19:54Z</time>
   </trkpt>
   <trkpt lat="10.3637670" lon="123.8537480">
    <ele>707.2</ele>
    <time>2026-04-09T00:19:58Z</time>
   </trkpt>
   <trkpt lat="10.3638180" lon="123.8536700">
    <ele>706.2</ele>
    <time>2026-04-09T00:20:11Z</time>
   </trkpt>
   <trkpt lat="10.3638280" lon="123.8536180">
    <ele>705.5</ele>
    <time>2026-04-09T00:20:20Z</time>
   </trkpt>
   <trkpt lat="10.3638050" lon="123.8535480">
    <ele>704.7</ele>
    <time>2026-04-09T00:20:27Z</time>
   </trkpt>
   <trkpt lat="10.3638050" lon="123.8534590">
    <ele>703.7</ele>
    <time>2026-04-09T00:20:37Z</time>
   </trkpt>
   <trkpt lat="10.3638550" lon="123.8532730">
    <ele>701.6</ele>
    <time>2026-04-09T00:20:59Z</time>
   </trkpt>
   <trkpt lat="10.3638470" lon="123.8532320">
    <ele>701.1</ele>
    <time>2026-04-09T00:21:05Z</time>
   </trkpt>
   <trkpt lat="10.3640320" lon="123.8530930">
    <ele>701.1</ele>
    <time>2026-04-09T00:21:31Z</time>
   </trkpt>
   <trkpt lat="10.3640680" lon="123.8530330">
    <ele>701.1</ele>
    <time>2026-04-09T00:21:39Z</time>
   </trkpt>
   <trkpt lat="10.3641600" lon="123.8529370">
    <ele>701.2</ele>
    <time>2026-04-09T00:21:59Z</time>
   </trkpt>
   <trkpt lat="10.3642000" lon="123.8528470">
    <ele>701.2</ele>
    <time>2026-04-09T00:22:12Z</time>
   </trkpt>
   <trkpt lat="10.3642510" lon="123.8527830">
    <ele>701.2</ele>
    <time>2026-04-09T00:22:22Z</time>
   </trkpt>
   <trkpt lat="10.3642500" lon="123.8526190">
    <ele>701.3</ele>
    <time>2026-04-09T00:22:40Z</time>
   </trkpt>
   <trkpt lat="10.3641960" lon="123.8523130">
    <ele>701.4</ele>
    <time>2026-04-09T00:23:12Z</time>
   </trkpt>
   <trkpt lat="10.3641930" lon="123.8522100">
    <ele>701.4</ele>
    <time>2026-04-09T00:23:22Z</time>
   </trkpt>
   <trkpt lat="10.3641540" lon="123.8520640">
    <ele>701.5</ele>
    <time>2026-04-09T00:23:37Z</time>
   </trkpt>
   <trkpt lat="10.3641280" lon="123.8520090">
    <ele>701.5</ele>
    <time>2026-04-09T00:23:43Z</time>
   </trkpt>
   <trkpt lat="10.3640570" lon="123.8519510">
    <ele>701.5</ele>
    <time>2026-04-09T00:23:51Z</time>
   </trkpt>
   <trkpt lat="10.3640260" lon="123.8518900">
    <ele>701.6</ele>
    <time>2026-04-09T00:23:59Z</time>
   </trkpt>
   <trkpt lat="10.3639710" lon="123.8518400">
    <ele>701.6</ele>
    <time>2026-04-09T00:24:07Z</time>
   </trkpt>
   <trkpt lat="10.3638890" lon="123.8516700">
    <ele>701.7</ele>
    <time>2026-04-09T00:24:29Z</time>
   </trkpt>
   <trkpt lat="10.3637090" lon="123.8515040">
    <ele>701.7</ele>
    <time>2026-04-09T00:24:55Z</time>
   </trkpt>
   <trkpt lat="10.3636130" lon="123.8513340">
    <ele>701.8</ele>
    <time>2026-04-09T00:25:15Z</time>
   </trkpt>
   <trkpt lat="10.3634930" lon="123.8511850">
    <ele>701.9</ele>
    <time>2026-04-09T00:25:31Z</time>
   </trkpt>
   <trkpt lat="10.3634000" lon="123.8510350">
    <ele>702.0</ele>
    <time>2026-04-09T00:25:46Z</time>
   </trkpt>
   <trkpt lat="10.3632720" lon="123.8508980">
    <ele>701.6</ele>
    <time>2026-04-09T00:26:08Z</time>
   </trkpt>
   <trkpt lat="10.3632420" lon="123.8508820">
    <ele>701.4</ele>
    <time>2026-04-09T00:26:13Z</time>
   </trkpt>
   <trkpt lat="10.3631690" lon="123.8507700">
    <ele>700.9</ele>
    <time>2026-04-09T00:26:26Z</time>
   </trkpt>
   <trkpt lat="10.3631270" lon="123.8507600">
    <ele>700.7</ele>
    <time>2026-04-09T00:26:29Z</time>
   </trkpt>
   <trkpt lat="10.3631120" lon="123.8507290">
    <ele>700.6</ele>
    <time>2026-04-09T00:26:34Z</time>
   </trkpt>
   <trkpt lat="10.3630700" lon="123.8507130">
    <ele>700.4</ele>
    <time>2026-04-09T00:26:39Z</time>
   </trkpt>
   <trkpt lat="10.3630340" lon="123.8506160">
    <ele>699.9</ele>
    <time>2026-04-09T00:26:52Z</time>
   </trkpt>
   <trkpt lat="10.3629590" lon="123.8505420">
    <ele>699.5</ele>
    <time>2026-04-09T00:27:08Z</time>
   </trkpt>
   <trkpt lat="10.3629680" lon="123.8505130">
    <ele>699.4</ele>
    <time>2026-04-09T00:27:16Z</time>
   </trkpt>
   <trkpt lat="10.3629220" lon="123.8504630">
    <ele>699.1</ele>
    <time>2026-04-09T00:27:29Z</time>
   </trkpt>
   <trkpt lat="10.3628950" lon="123.8504050">
    <ele>698.8</ele>
    <time>2026-04-09T00:27:37Z</time>
   </trkpt>
   <trkpt lat="10.3627930" lon="123.8503510">
    <ele>698.4</ele>
    <time>2026-04-09T00:27:50Z</time>
   </trkpt>
   <trkpt lat="10.3626780" lon="123.8502670">
    <ele>697.8</ele>
    <time>2026-04-09T00:28:02Z</time>
   </trkpt>
   <trkpt lat="10.3624810" lon="123.8502200">
    <ele>697.0</ele>
    <time>2026-04-09T00:28:24Z</time>
   </trkpt>
   <trkpt lat="10.3623960" lon="123.8501850">
    <ele>696.6</ele>
    <time>2026-04-09T00:28:33Z</time>
   </trkpt>
   <trkpt lat="10.3622990" lon="123.8501160">
    <ele>696.1</ele>
    <time>2026-04-09T00:28:47Z</time>
   </trkpt>
   <trkpt lat="10.3621850" lon="123.8500950">
    <ele>695.6</ele>
    <time>2026-04-09T00:29:00Z</time>
   </trkpt>
   <trkpt lat="10.3621190" lon="123.8500580">
    <ele>695.3</ele>
    <time>2026-04-09T00:29:12Z</time>
   </trkpt>
   <trkpt lat="10.3620380" lon="123.8500450">
    <ele>695.0</ele>
    <time>2026-04-09T00:29:27Z</time>
   </trkpt>
   <trkpt lat="10.3619830" lon="123.8500040">
    <ele>694.6</ele>
    <time>2026-04-09T00:29:37Z</time>
   </trkpt>
   <trkpt lat="10.3619030" lon="123.8500130">
    <ele>694.1</ele>
    <time>2026-04-09T00:29:48Z</time>
   </trkpt>
   <trkpt lat="10.3619120" lon="123.8500250">
    <ele>694.1</ele>
    <time>2026-04-09T00:29:54Z</time>
   </trkpt>
   <trkpt lat="10.3619100" lon="123.8500030">
    <ele>693.9</ele>
    <time>2026-04-09T00:30:05Z</time>
   </trkpt>
   <trkpt lat="10.3618700" lon="123.8500190">
    <ele>693.7</ele>
    <time>2026-04-09T00:30:16Z</time>
   </trkpt>
   <trkpt lat="10.3618660" lon="123.8500090">
    <ele>693.8</ele>
    <time>2026-04-09T00:30:19Z</time>
   </trkpt>
   <trkpt lat="10.3619200" lon="123.8500240">
    <ele>694.1</ele>
    <time>2026-04-09T00:30:26Z</time>
   </trkpt>
   <trkpt lat="10.3619930" lon="123.8500030">
    <ele>694.5</ele>
    <time>2026-04-09T00:30:38Z</time>
   </trkpt>
   <trkpt lat="10.3620610" lon="123.8500610">
    <ele>694.9</ele>
    <time>2026-04-09T00:30:50Z</time>
   </trkpt>
   <trkpt lat="10.3621040" lon="123.8500680">
    <ele>694.6</ele>
    <time>2026-04-09T00:30:56Z</time>
   </trkpt>
   <trkpt lat="10.3621290" lon="123.8500490">
    <ele>694.4</ele>
    <time>2026-04-09T00:31:01Z</time>
   </trkpt>
   <trkpt lat="10.3620860" lon="123.8499960">
    <ele>694.0</ele>
    <time>2026-04-09T00:31:13Z</time>
   </trkpt>
   <trkpt lat="10.3620540" lon="123.8499930">
    <ele>693.7</ele>
    <time>2026-04-09T00:31:20Z</time>
   </trkpt>
   <trkpt lat="10.3620430" lon="123.8499580">
    <ele>693.5</ele>
    <time>2026-04-09T00:31:32Z</time>
   </trkpt>
   <trkpt lat="10.3620100" lon="123.8499270">
    <ele>693.2</ele>
    <time>2026-04-09T00:31:43Z</time>
   </trkpt>
   <trkpt lat="10.3619720" lon="123.8499180">
    <ele>692.9</ele>
    <time>2026-04-09T00:32:07Z</time>
   </trkpt>
   <trkpt lat="10.3619240" lon="123.8498400">
    <ele>692.3</ele>
    <time>2026-04-09T00:33:05Z</time>
   </trkpt>
   <trkpt lat="10.3618950" lon="123.8498320">
    <ele>692.1</ele>
    <time>2026-04-09T00:33:10Z</time>
   </trkpt>
   <trkpt lat="10.3618640" lon="123.8497950">
    <ele>691.7</ele>
    <time>2026-04-09T00:33:19Z</time>
   </trkpt>
   <trkpt lat="10.3617790" lon="123.8497680">
    <ele>691.2</ele>
    <time>2026-04-09T00:33:34Z</time>
   </trkpt>
   <trkpt lat="10.3617500" lon="123.8497230">
    <ele>690.8</ele>
    <time>2026-04-09T00:33:42Z</time>
   </trkpt>
   <trkpt lat="10.3616360" lon="123.8496420">
    <ele>689.9</ele>
    <time>2026-04-09T00:34:00Z</time>
   </trkpt>
   <trkpt lat="10.3616470" lon="123.8494870">
    <ele>688.9</ele>
    <time>2026-04-09T00:34:30Z</time>
   </trkpt>
   <trkpt lat="10.3616760" lon="123.8494620">
    <ele>688.6</ele>
    <time>2026-04-09T00:34:37Z</time>
   </trkpt>
   <trkpt lat="10.3617070" lon="123.8494010">
    <ele>688.1</ele>
    <time>2026-04-09T00:34:49Z</time>
   </trkpt>
   <trkpt lat="10.3617000" lon="123.8493740">
    <ele>688.0</ele>
    <time>2026-04-09T00:34:54Z</time>
   </trkpt>
   <trkpt lat="10.3617110" lon="123.8493530">
    <ele>687.8</ele>
    <time>2026-04-09T00:34:59Z</time>
   </trkpt>
   <trkpt lat="10.3616980" lon="123.8493230">
    <ele>687.6</ele>
    <time>2026-04-09T00:35:05Z</time>
   </trkpt>
   <trkpt lat="10.3617120" lon="123.8492710">
    <ele>687.2</ele>
    <time>2026-04-09T00:35:16Z</time>
   </trkpt>
   <trkpt lat="10.3616930" lon="123.8492310">
    <ele>686.9</ele>
    <time>2026-04-09T00:35:24Z</time>
   </trkpt>
   <trkpt lat="10.3617220" lon="123.8492050">
    <ele>686.7</ele>
    <time>2026-04-09T00:35:37Z</time>
   </trkpt>
   <trkpt lat="10.3617210" lon="123.8491010">
    <ele>686.0</ele>
    <time>2026-04-09T00:35:48Z</time>
   </trkpt>
   <trkpt lat="10.3616930" lon="123.8490600">
    <ele>685.7</ele>
    <time>2026-04-09T00:35:54Z</time>
   </trkpt>
   <trkpt lat="10.3616960" lon="123.8489400">
    <ele>684.9</ele>
    <time>2026-04-09T00:36:10Z</time>
   </trkpt>
   <trkpt lat="10.3616830" lon="123.8489440">
    <ele>684.8</ele>
    <time>2026-04-09T00:36:15Z</time>
   </trkpt>
   <trkpt lat="10.3616380" lon="123.8487880">
    <ele>683.7</ele>
    <time>2026-04-09T00:36:34Z</time>
   </trkpt>
   <trkpt lat="10.3616060" lon="123.8487540">
    <ele>683.4</ele>
    <time>2026-04-09T00:36:39Z</time>
   </trkpt>
   <trkpt lat="10.3615280" lon="123.8487150">
    <ele>682.9</ele>
    <time>2026-04-09T00:36:50Z</time>
   </trkpt>
   <trkpt lat="10.3614240" lon="123.8485500">
    <ele>681.6</ele>
    <time>2026-04-09T00:37:12Z</time>
   </trkpt>
   <trkpt lat="10.3612530" lon="123.8484090">
    <ele>680.2</ele>
    <time>2026-04-09T00:37:41Z</time>
   </trkpt>
   <trkpt lat="10.3612470" lon="123.8483110">
    <ele>679.5</ele>
    <time>2026-04-09T00:37:53Z</time>
   </trkpt>
   <trkpt lat="10.3612010" lon="123.8482640">
    <ele>679.1</ele>
    <time>2026-04-09T00:38:01Z</time>
   </trkpt>
   <trkpt lat="10.3611870" lon="123.8482250">
    <ele>678.8</ele>
    <time>2026-04-09T00:38:06Z</time>
   </trkpt>
   <trkpt lat="10.3611960" lon="123.8481510">
    <ele>678.4</ele>
    <time>2026-04-09T00:38:13Z</time>
   </trkpt>
   <trkpt lat="10.3611800" lon="123.8480620">
    <ele>677.8</ele>
    <time>2026-04-09T00:38:25Z</time>
   </trkpt>
   <trkpt lat="10.3611530" lon="123.8480300">
    <ele>677.5</ele>
    <time>2026-04-09T00:38:32Z</time>
   </trkpt>
   <trkpt lat="10.3610970" lon="123.8478750">
    <ele>676.4</ele>
    <time>2026-04-09T00:38:52Z</time>
   </trkpt>
   <trkpt lat="10.3610780" lon="123.8478550">
    <ele>676.2</ele>
    <time>2026-04-09T00:38:56Z</time>
   </trkpt>
   <trkpt lat="10.3610040" lon="123.8478710">
    <ele>675.7</ele>
    <time>2026-04-09T00:39:06Z</time>
   </trkpt>
   <trkpt lat="10.3609750" lon="123.8478360">
    <ele>675.4</ele>
    <time>2026-04-09T00:39:20Z</time>
   </trkpt>
   <trkpt lat="10.3609750" lon="123.8477740">
    <ele>675.0</ele>
    <time>2026-04-09T00:39:27Z</time>
   </trkpt>
   <trkpt lat="10.3609430" lon="123.8477580">
    <ele>674.8</ele>
    <time>2026-04-09T00:39:37Z</time>
   </trkpt>
   <trkpt lat="10.3608790" lon="123.8476850">
    <ele>674.2</ele>
    <time>2026-04-09T00:39:58Z</time>
   </trkpt>
   <trkpt lat="10.3608700" lon="123.8476550">
    <ele>674.0</ele>
    <time>2026-04-09T00:40:01Z</time>
   </trkpt>
   <trkpt lat="10.3608740" lon="123.8476370">
    <ele>673.9</ele>
    <time>2026-04-09T00:40:05Z</time>
   </trkpt>
   <trkpt lat="10.3608880" lon="123.8476400">
    <ele>673.8</ele>
    <time>2026-04-09T00:40:10Z</time>
   </trkpt>
   <trkpt lat="10.3608700" lon="123.8476420">
    <ele>673.6</ele>
    <time>2026-04-09T00:40:51Z</time>
   </trkpt>
   <trkpt lat="10.3608670" lon="123.8476230">
    <ele>673.5</ele>
    <time>2026-04-09T00:40:56Z</time>
   </trkpt>
   <trkpt lat="10.3608560" lon="123.8476300">
    <ele>673.4</ele>
    <time>2026-04-09T00:41:00Z</time>
   </trkpt>
   <trkpt lat="10.3608280" lon="123.8475850">
    <ele>673.1</ele>
    <time>2026-04-09T00:41:10Z</time>
   </trkpt>
   <trkpt lat="10.3608300" lon="123.8475060">
    <ele>672.6</ele>
    <time>2026-04-09T00:41:21Z</time>
   </trkpt>
   <trkpt lat="10.3607910" lon="123.8474260">
    <ele>672.0</ele>
    <time>2026-04-09T00:41:31Z</time>
   </trkpt>
   <trkpt lat="10.3608200" lon="123.8472750">
    <ele>671.0</ele>
    <time>2026-04-09T00:41:48Z</time>
   </trkpt>
   <trkpt lat="10.3607930" lon="123.8471970">
    <ele>670.4</ele>
    <time>2026-04-09T00:42:10Z</time>
   </trkpt>
   <trkpt lat="10.3607950" lon="123.8471600">
    <ele>670.2</ele>
    <time>2026-04-09T00:42:15Z</time>
   </trkpt>
   <trkpt lat="10.3607600" lon="123.8471220">
    <ele>670.1</ele>
    <time>2026-04-09T00:42:20Z</time>
   </trkpt>
   <trkpt lat="10.3607520" lon="123.8470730">
    <ele>670.3</ele>
    <time>2026-04-09T00:42:28Z</time>
   </trkpt>
   <trkpt lat="10.3606110" lon="123.8469670">
    <ele>671.1</ele>
    <time>2026-04-09T00:42:49Z</time>
   </trkpt>
   <trkpt lat="10.3605470" lon="123.8469410">
    <ele>671.5</ele>
    <time>2026-04-09T00:42:56Z</time>
   </trkpt>
   <trkpt lat="10.3604520" lon="123.8468350">
    <ele>672.1</ele>
    <time>2026-04-09T00:43:23Z</time>
   </trkpt>
   <trkpt lat="10.3604780" lon="123.8467300">
    <ele>672.6</ele>
    <time>2026-04-09T00:43:35Z</time>
   </trkpt>
   <trkpt lat="10.3605550" lon="123.8466740">
    <ele>673.1</ele>
    <time>2026-04-09T00:44:04Z</time>
   </trkpt>
   <trkpt lat="10.3605850" lon="123.8466880">
    <ele>673.2</ele>
    <time>2026-04-09T00:44:10Z</time>
   </trkpt>
   <trkpt lat="10.3605760" lon="123.8467140">
    <ele>673.3</ele>
    <time>2026-04-09T00:44:17Z</time>
   </trkpt>
   <trkpt lat="10.3605680" lon="123.8467080">
    <ele>673.4</ele>
    <time>2026-04-09T00:44:22Z</time>
   </trkpt>
   <trkpt lat="10.3605960" lon="123.8466860">
    <ele>673.6</ele>
    <time>2026-04-09T00:45:15Z</time>
   </trkpt>
   <trkpt lat="10.3606510" lon="123.8466570">
    <ele>673.8</ele>
    <time>2026-04-09T00:45:22Z</time>
   </trkpt>
   <trkpt lat="10.3606440" lon="123.8466250">
    <ele>674.0</ele>
    <time>2026-04-09T00:45:29Z</time>
   </trkpt>
   <trkpt lat="10.3606870" lon="123.8465630">
    <ele>674.3</ele>
    <time>2026-04-09T00:45:39Z</time>
   </trkpt>
   <trkpt lat="10.3606740" lon="123.8464920">
    <ele>674.6</ele>
    <time>2026-04-09T00:45:50Z</time>
   </trkpt>
   <trkpt lat="10.3606570" lon="123.8464980">
    <ele>674.7</ele>
    <time>2026-04-09T00:45:55Z</time>
   </trkpt>
   <trkpt lat="10.3606090" lon="123.8464450">
    <ele>675.0</ele>
    <time>2026-04-09T00:46:04Z</time>
   </trkpt>
   <trkpt lat="10.3605220" lon="123.8465080">
    <ele>675.5</ele>
    <time>2026-04-09T00:46:16Z</time>
   </trkpt>
   <trkpt lat="10.3604780" lon="123.8464930">
    <ele>675.7</ele>
    <time>2026-04-09T00:46:25Z</time>
   </trkpt>
   <trkpt lat="10.3604460" lon="123.8464980">
    <ele>675.9</ele>
    <time>2026-04-09T00:46:32Z</time>
   </trkpt>
   <trkpt lat="10.3604020" lon="123.8464620">
    <ele>676.2</ele>
    <time>2026-04-09T00:46:57Z</time>
   </trkpt>
   <trkpt lat="10.3603380" lon="123.8464820">
    <ele>676.5</ele>
    <time>2026-04-09T00:47:06Z</time>
   </trkpt>
   <trkpt lat="10.3603110" lon="123.8464570">
    <ele>676.7</ele>
    <time>2026-04-09T00:47:11Z</time>
   </trkpt>
   <trkpt lat="10.3603030" lon="123.8464200">
    <ele>676.8</ele>
    <time>2026-04-09T00:47:15Z</time>
   </trkpt>
   <trkpt lat="10.3602690" lon="123.8464060">
    <ele>677.0</ele>
    <time>2026-04-09T00:47:19Z</time>
   </trkpt>
   <trkpt lat="10.3601960" lon="123.8464170">
    <ele>677.3</ele>
    <time>2026-04-09T00:47:29Z</time>
   </trkpt>
   <trkpt lat="10.3601630" lon="123.8463970">
    <ele>677.5</ele>
    <time>2026-04-09T00:47:38Z</time>
   </trkpt>
   <trkpt lat="10.3601070" lon="123.8464020">
    <ele>677.8</ele>
    <time>2026-04-09T00:47:55Z</time>
   </trkpt>
   <trkpt lat="10.3600730" lon="123.8464320">
    <ele>678.0</ele>
    <time>2026-04-09T00:48:09Z</time>
   </trkpt>
   <trkpt lat="10.3601710" lon="123.8464040">
    <ele>678.7</ele>
    <time>2026-04-09T00:48:31Z</time>
   </trkpt>
   <trkpt lat="10.3601930" lon="123.8463130">
    <ele>679.4</ele>
    <time>2026-04-09T00:48:44Z</time>
   </trkpt>
   <trkpt lat="10.3601880" lon="123.8462740">
    <ele>679.7</ele>
    <time>2026-04-09T00:48:50Z</time>
   </trkpt>
   <trkpt lat="10.3601510" lon="123.8462220">
    <ele>680.2</ele>
    <time>2026-04-09T00:48:57Z</time>
   </trkpt>
   <trkpt lat="10.3601390" lon="123.8461150">
    <ele>680.9</ele>
    <time>2026-04-09T00:49:09Z</time>
   </trkpt>
   <trkpt lat="10.3601580" lon="123.8460250">
    <ele>681.6</ele>
    <time>2026-04-09T00:49:23Z</time>
   </trkpt>
   <trkpt lat="10.3601910" lon="123.8459780">
    <ele>682.0</ele>
    <time>2026-04-09T00:49:29Z</time>
   </trkpt>
   <trkpt lat="10.3601940" lon="123.8459530">
    <ele>682.2</ele>
    <time>2026-04-09T00:49:33Z</time>
   </trkpt>
   <trkpt lat="10.3601660" lon="123.8458990">
    <ele>682.7</ele>
    <time>2026-04-09T00:49:47Z</time>
   </trkpt>
   <trkpt lat="10.3601830" lon="123.8459370">
    <ele>683.1</ele>
    <time>2026-04-09T00:49:58Z</time>
   </trkpt>
   <trkpt lat="10.3602220" lon="123.8459300">
    <ele>683.4</ele>
    <time>2026-04-09T00:50:07Z</time>
   </trkpt>
   <trkpt lat="10.3601520" lon="123.8458360">
    <ele>684.2</ele>
    <time>2026-04-09T00:50:59Z</time>
   </trkpt>
   <trkpt lat="10.3601570" lon="123.8457580">
    <ele>684.8</ele>
    <time>2026-04-09T00:51:08Z</time>
   </trkpt>
   <trkpt lat="10.3601400" lon="123.8456720">
    <ele>685.4</ele>
    <time>2026-04-09T00:51:19Z</time>
   </trkpt>
   <trkpt lat="10.3601210" lon="123.8456340">
    <ele>685.7</ele>
    <time>2026-04-09T00:51:24Z</time>
   </trkpt>
   <trkpt lat="10.3600820" lon="123.8456210">
    <ele>686.0</ele>
    <time>2026-04-09T00:51:31Z</time>
   </trkpt>
   <trkpt lat="10.3600930" lon="123.8455950">
    <ele>686.3</ele>
    <time>2026-04-09T00:51:39Z</time>
   </trkpt>
   <trkpt lat="10.3600770" lon="123.8455460">
    <ele>686.6</ele>
    <time>2026-04-09T00:51:52Z</time>
   </trkpt>
   <trkpt lat="10.3600320" lon="123.8455020">
    <ele>687.1</ele>
    <time>2026-04-09T00:52:00Z</time>
   </trkpt>
   <trkpt lat="10.3599820" lon="123.8453860">
    <ele>688.0</ele>
    <time>2026-04-09T00:52:15Z</time>
   </trkpt>
   <trkpt lat="10.3599670" lon="123.8453790">
    <ele>688.1</ele>
    <time>2026-04-09T00:52:17Z</time>
   </trkpt>
   <trkpt lat="10.3598770" lon="123.8454130">
    <ele>688.8</ele>
    <time>2026-04-09T00:52:25Z</time>
   </trkpt>
   <trkpt lat="10.3598360" lon="123.8453910">
    <ele>689.2</ele>
    <time>2026-04-09T00:52:31Z</time>
   </trkpt>
   <trkpt lat="10.3598200" lon="123.8453160">
    <ele>689.7</ele>
    <time>2026-04-09T00:52:42Z</time>
   </trkpt>
   <trkpt lat="10.3597620" lon="123.8452720">
    <ele>689.9</ele>
    <time>2026-04-09T00:52:52Z</time>
   </trkpt>
   <trkpt lat="10.3597530" lon="123.8451700">
    <ele>689.5</ele>
    <time>2026-04-09T00:53:08Z</time>
   </trkpt>
   <trkpt lat="10.3596640" lon="123.8450340">
    <ele>688.9</ele>
    <time>2026-04-09T00:53:25Z</time>
   </trkpt>
   <trkpt lat="10.3596420" lon="123.8448900">
    <ele>688.4</ele>
    <time>2026-04-09T00:53:59Z</time>
   </trkpt>
   <trkpt lat="10.3595570" lon="123.8448490">
    <ele>688.0</ele>
    <time>2026-04-09T00:54:13Z</time>
   </trkpt>
   <trkpt lat="10.3594770" lon="123.8447430">
    <ele>687.5</ele>
    <time>2026-04-09T00:54:36Z</time>
   </trkpt>
   <trkpt lat="10.3593430" lon="123.8446500">
    <ele>686.9</ele>
    <time>2026-04-09T00:55:05Z</time>
   </trkpt>
   <trkpt lat="10.3592970" lon="123.8445820">
    <ele>686.6</ele>
    <time>2026-04-09T00:55:16Z</time>
   </trkpt>
   <trkpt lat="10.3592590" lon="123.8445520">
    <ele>686.4</ele>
    <time>2026-04-09T00:55:22Z</time>
   </trkpt>
   <trkpt lat="10.3592690" lon="123.8444340">
    <ele>686.0</ele>
    <time>2026-04-09T00:55:43Z</time>
   </trkpt>
   <trkpt lat="10.3592880" lon="123.8443810">
    <ele>685.8</ele>
    <time>2026-04-09T00:55:58Z</time>
   </trkpt>
   <trkpt lat="10.3593210" lon="123.8443530">
    <ele>685.7</ele>
    <time>2026-04-09T00:56:03Z</time>
   </trkpt>
   <trkpt lat="10.3593300" lon="123.8442770">
    <ele>685.4</ele>
    <time>2026-04-09T00:56:17Z</time>
   </trkpt>
   <trkpt lat="10.3593620" lon="123.8441980">
    <ele>685.1</ele>
    <time>2026-04-09T00:56:29Z</time>
   </trkpt>
   <trkpt lat="10.3593580" lon="123.8441420">
    <ele>684.9</ele>
    <time>2026-04-09T00:56:36Z</time>
   </trkpt>
   <trkpt lat="10.3593930" lon="123.8440700">
    <ele>684.6</ele>
    <time>2026-04-09T00:56:49Z</time>
   </trkpt>
   <trkpt lat="10.3593490" lon="123.8439500">
    <ele>684.1</ele>
    <time>2026-04-09T00:57:06Z</time>
   </trkpt>
   <trkpt lat="10.3592650" lon="123.8438410">
    <ele>683.6</ele>
    <time>2026-04-09T00:57:24Z</time>
   </trkpt>
   <trkpt lat="10.3591820" lon="123.8437940">
    <ele>683.3</ele>
    <time>2026-04-09T00:57:39Z</time>
   </trkpt>
   <trkpt lat="10.3591520" lon="123.8437540">
    <ele>683.1</ele>
    <time>2026-04-09T00:57:47Z</time>
   </trkpt>
   <trkpt lat="10.3590370" lon="123.8437190">
    <ele>682.6</ele>
    <time>2026-04-09T00:58:07Z</time>
   </trkpt>
   <trkpt lat="10.3589720" lon="123.8436770">
    <ele>682.4</ele>
    <time>2026-04-09T00:58:16Z</time>
   </trkpt>
   <trkpt lat="10.3589200" lon="123.8436200">
    <ele>682.0</ele>
    <time>2026-04-09T00:58:35Z</time>
   </trkpt>
   <trkpt lat="10.3589260" lon="123.8435400">
    <ele>681.7</ele>
    <time>2026-04-09T00:58:51Z</time>
   </trkpt>
   <trkpt lat="10.3589030" lon="123.8434620">
    <ele>681.5</ele>
    <time>2026-04-09T00:59:01Z</time>
   </trkpt>
   <trkpt lat="10.3588770" lon="123.8434390">
    <ele>681.3</ele>
    <time>2026-04-09T00:59:06Z</time>
   </trkpt>
   <trkpt lat="10.3588620" lon="123.8433870">
    <ele>681.1</ele>
    <time>2026-04-09T00:59:13Z</time>
   </trkpt>
   <trkpt lat="10.3588240" lon="123.8433370">
    <ele>680.9</ele>
    <time>2026-04-09T00:59:22Z</time>
   </trkpt>
   <trkpt lat="10.3588030" lon="123.8431820">
    <ele>680.3</ele>
    <time>2026-04-09T00:59:48Z</time>
   </trkpt>
   <trkpt lat="10.3588370" lon="123.8431050">
    <ele>680.0</ele>
    <time>2026-04-09T00:59:57Z</time>
   </trkpt>
   <trkpt lat="10.3588280" lon="123.8430740">
    <ele>679.9</ele>
    <time>2026-04-09T01:00:05Z</time>
   </trkpt>
   <trkpt lat="10.3588690" lon="123.8429990">
    <ele>679.6</ele>
    <time>2026-04-09T01:00:17Z</time>
   </trkpt>
   <trkpt lat="10.3588770" lon="123.8429530">
    <ele>679.4</ele>
    <time>2026-04-09T01:00:23Z</time>
   </trkpt>
   <trkpt lat="10.3588440" lon="123.8428650">
    <ele>679.1</ele>
    <time>2026-04-09T01:00:34Z</time>
   </trkpt>
   <trkpt lat="10.3587670" lon="123.8428580">
    <ele>678.8</ele>
    <time>2026-04-09T01:00:43Z</time>
   </trkpt>
   <trkpt lat="10.3587410" lon="123.8428400">
    <ele>678.6</ele>
    <time>2026-04-09T01:00:51Z</time>
   </trkpt>
   <trkpt lat="10.3587790" lon="123.8427810">
    <ele>678.4</ele>
    <time>2026-04-09T01:01:01Z</time>
   </trkpt>
   <trkpt lat="10.3587810" lon="123.8427620">
    <ele>678.3</ele>
    <time>2026-04-09T01:01:05Z</time>
   </trkpt>
   <trkpt lat="10.3587700" lon="123.8427630">
    <ele>678.3</ele>
    <time>2026-04-09T01:01:09Z</time>
   </trkpt>
   <trkpt lat="10.3588030" lon="123.8427210">
    <ele>678.1</ele>
    <time>2026-04-09T01:01:15Z</time>
   </trkpt>
   <trkpt lat="10.3587960" lon="123.8426790">
    <ele>677.9</ele>
    <time>2026-04-09T01:01:25Z</time>
   </trkpt>
   <trkpt lat="10.3586850" lon="123.8425550">
    <ele>677.3</ele>
    <time>2026-04-09T01:01:51Z</time>
   </trkpt>
   <trkpt lat="10.3585420" lon="123.8425000">
    <ele>676.7</ele>
    <time>2026-04-09T01:02:13Z</time>
   </trkpt>
   <trkpt lat="10.3585350" lon="123.8424830">
    <ele>676.7</ele>
    <time>2026-04-09T01:02:17Z</time>
   </trkpt>
   <trkpt lat="10.3585570" lon="123.8424670">
    <ele>676.5</ele>
    <time>2026-04-09T01:02:26Z</time>
   </trkpt>
   <trkpt lat="10.3585440" lon="123.8424300">
    <ele>676.4</ele>
    <time>2026-04-09T01:02:33Z</time>
   </trkpt>
   <trkpt lat="10.3585550" lon="123.8424100">
    <ele>676.3</ele>
    <time>2026-04-09T01:02:35Z</time>
   </trkpt>
   <trkpt lat="10.3585060" lon="123.8424190">
    <ele>676.1</ele>
    <time>2026-04-09T01:02:40Z</time>
   </trkpt>
   <trkpt lat="10.3585050" lon="123.8423670">
    <ele>675.9</ele>
    <time>2026-04-09T01:02:47Z</time>
   </trkpt>
   <trkpt lat="10.3584800" lon="123.8423520">
    <ele>675.8</ele>
    <time>2026-04-09T01:02:55Z</time>
   </trkpt>
   <trkpt lat="10.3584910" lon="123.8423300">
    <ele>675.7</ele>
    <time>2026-04-09T01:03:03Z</time>
   </trkpt>
   <trkpt lat="10.3584220" lon="123.8422720">
    <ele>675.3</ele>
    <time>2026-04-09T01:03:20Z</time>
   </trkpt>
   <trkpt lat="10.3583630" lon="123.8422510">
    <ele>675.1</ele>
    <time>2026-04-09T01:03:30Z</time>
   </trkpt>
   <trkpt lat="10.3583300" lon="123.8421580">
    <ele>674.7</ele>
    <time>2026-04-09T01:03:50Z</time>
   </trkpt>
   <trkpt lat="10.3582010" lon="123.8420730">
    <ele>674.2</ele>
    <time>2026-04-09T01:04:19Z</time>
   </trkpt>
   <trkpt lat="10.3580820" lon="123.8420450">
    <ele>673.7</ele>
    <time>2026-04-09T01:04:32Z</time>
   </trkpt>
   <trkpt lat="10.3579800" lon="123.8421240">
    <ele>673.2</ele>
    <time>2026-04-09T01:04:47Z</time>
   </trkpt>
   <trkpt lat="10.3578620" lon="123.8421430">
    <ele>672.8</ele>
    <time>2026-04-09T01:05:00Z</time>
   </trkpt>
   <trkpt lat="10.3578000" lon="123.8421120">
    <ele>672.6</ele>
    <time>2026-04-09T01:05:10Z</time>
   </trkpt>
   <trkpt lat="10.3577620" lon="123.8420550">
    <ele>672.3</ele>
    <time>2026-04-09T01:05:18Z</time>
   </trkpt>
   <trkpt lat="10.3576580" lon="123.8420090">
    <ele>671.9</ele>
    <time>2026-04-09T01:05:40Z</time>
   </trkpt>
   <trkpt lat="10.3575140" lon="123.8418440">
    <ele>671.1</ele>
    <time>2026-04-09T01:06:11Z</time>
   </trkpt>
   <trkpt lat="10.3573690" lon="123.8417500">
    <ele>670.5</ele>
    <time>2026-04-09T01:06:36Z</time>
   </trkpt>
   <trkpt lat="10.3572860" lon="123.8417730">
    <ele>670.1</ele>
    <time>2026-04-09T01:07:29Z</time>
   </trkpt>
   <trkpt lat="10.3572590" lon="123.8418010">
    <ele>670.0</ele>
    <time>2026-04-09T01:07:39Z</time>
   </trkpt>
   <trkpt lat="10.3571270" lon="123.8418530">
    <ele>669.4</ele>
    <time>2026-04-09T01:07:59Z</time>
   </trkpt>
   <trkpt lat="10.3569890" lon="123.8418330">
    <ele>668.9</ele>
    <time>2026-04-09T01:08:15Z</time>
   </trkpt>
   <trkpt lat="10.3567780" lon="123.8418500">
    <ele>668.2</ele>
    <time>2026-04-09T01:08:39Z</time>
   </trkpt>
   <trkpt lat="10.3567380" lon="123.8418400">
    <ele>668.0</ele>
    <time>2026-04-09T01:08:44Z</time>
   </trkpt>
   <trkpt lat="10.3566610" lon="123.8418450">
    <ele>667.7</ele>
    <time>2026-04-09T01:08:55Z</time>
   </trkpt>
   <trkpt lat="10.3565960" lon="123.8418760">
    <ele>667.5</ele>
    <time>2026-04-09T01:09:05Z</time>
   </trkpt>
   <trkpt lat="10.3565130" lon="123.8418860">
    <ele>667.2</ele>
    <time>2026-04-09T01:09:18Z</time>
   </trkpt>
   <trkpt lat="10.3563640" lon="123.8418260">
    <ele>666.6</ele>
    <time>2026-04-09T01:09:36Z</time>
   </trkpt>
   <trkpt lat="10.3562390" lon="123.8417420">
    <ele>666.0</ele>
    <time>2026-04-09T01:10:01Z</time>
   </trkpt>
   <trkpt lat="10.3562340" lon="123.8416890">
    <ele>665.8</ele>
    <time>2026-04-09T01:10:11Z</time>
   </trkpt>
   <trkpt lat="10.3561920" lon="123.8416190">
    <ele>665.5</ele>
    <time>2026-04-09T01:10:24Z</time>
   </trkpt>
   <trkpt lat="10.3561910" lon="123.8415610">
    <ele>665.3</ele>
    <time>2026-04-09T01:10:33Z</time>
   </trkpt>
   <trkpt lat="10.3561540" lon="123.8415020">
    <ele>665.0</ele>
    <time>2026-04-09T01:10:45Z</time>
   </trkpt>
   <trkpt lat="10.3561320" lon="123.8414050">
    <ele>664.7</ele>
    <time>2026-04-09T01:10:58Z</time>
   </trkpt>
   <trkpt lat="10.3560670" lon="123.8413070">
    <ele>664.3</ele>
    <time>2026-04-09T01:11:11Z</time>
   </trkpt>
   <trkpt lat="10.3560560" lon="123.8412550">
    <ele>664.1</ele>
    <time>2026-04-09T01:11:18Z</time>
   </trkpt>
   <trkpt lat="10.3560160" lon="123.8411900">
    <ele>663.8</ele>
    <time>2026-04-09T01:11:31Z</time>
   </trkpt>
   <trkpt lat="10.3558190" lon="123.8410160">
    <ele>662.8</ele>
    <time>2026-04-09T01:12:07Z</time>
   </trkpt>
   <trkpt lat="10.3557090" lon="123.8409620">
    <ele>662.4</ele>
    <time>2026-04-09T01:12:22Z</time>
   </trkpt>
   <trkpt lat="10.3556510" lon="123.8409080">
    <ele>662.1</ele>
    <time>2026-04-09T01:12:30Z</time>
   </trkpt>
   <trkpt lat="10.3555150" lon="123.8408810">
    <ele>661.6</ele>
    <time>2026-04-09T01:12:43Z</time>
   </trkpt>
   <trkpt lat="10.3554600" lon="123.8408920">
    <ele>661.4</ele>
    <time>2026-04-09T01:12:48Z</time>
   </trkpt>
   <trkpt lat="10.3553660" lon="123.8408780">
    <ele>661.1</ele>
    <time>2026-04-09T01:12:58Z</time>
   </trkpt>
   <trkpt lat="10.3552450" lon="123.8408870">
    <ele>660.6</ele>
    <time>2026-04-09T01:13:10Z</time>
   </trkpt>
   <trkpt lat="10.3552100" lon="123.8408790">
    <ele>660.5</ele>
    <time>2026-04-09T01:13:15Z</time>
   </trkpt>
   <trkpt lat="10.3552050" lon="123.8408650">
    <ele>660.4</ele>
    <time>2026-04-09T01:13:18Z</time>
   </trkpt>
   <trkpt lat="10.3551870" lon="123.8408880">
    <ele>660.3</ele>
    <time>2026-04-09T01:13:24Z</time>
   </trkpt>
   <trkpt lat="10.3551390" lon="123.8408900">
    <ele>660.1</ele>
    <time>2026-04-09T01:13:30Z</time>
   </trkpt>
   <trkpt lat="10.3550020" lon="123.8408460">
    <ele>659.6</ele>
    <time>2026-04-09T01:13:46Z</time>
   </trkpt>
   <trkpt lat="10.3548470" lon="123.8408690">
    <ele>659.0</ele>
    <time>2026-04-09T01:14:19Z</time>
   </trkpt>
   <trkpt lat="10.3547940" lon="123.8408970">
    <ele>658.8</ele>
    <time>2026-04-09T01:14:29Z</time>
   </trkpt>
   <trkpt lat="10.3548000" lon="123.8408870">
    <ele>658.8</ele>
    <time>2026-04-09T01:14:34Z</time>
   </trkpt>
   <trkpt lat="10.3547810" lon="123.8408740">
    <ele>658.7</ele>
    <time>2026-04-09T01:14:41Z</time>
   </trkpt>
   <trkpt lat="10.3547180" lon="123.8409080">
    <ele>658.4</ele>
    <time>2026-04-09T01:14:49Z</time>
   </trkpt>
   <trkpt lat="10.3546910" lon="123.8409040">
    <ele>658.3</ele>
    <time>2026-04-09T01:14:53Z</time>
   </trkpt>
   <trkpt lat="10.3546970" lon="123.8408490">
    <ele>658.1</ele>
    <time>2026-04-09T01:15:04Z</time>
   </trkpt>
   <trkpt lat="10.3546820" lon="123.8408110">
    <ele>658.0</ele>
    <time>2026-04-09T01:15:10Z</time>
   </trkpt>
   <trkpt lat="10.3547020" lon="123.8407690">
    <ele>657.8</ele>
    <time>2026-04-09T01:15:21Z</time>
   </trkpt>
   <trkpt lat="10.3546870" lon="123.8407630">
    <ele>657.7</ele>
    <time>2026-04-09T01:15:27Z</time>
   </trkpt>
   <trkpt lat="10.3546690" lon="123.8406850">
    <ele>657.4</ele>
    <time>2026-04-09T01:15:47Z</time>
   </trkpt>
   <trkpt lat="10.3546910" lon="123.8406100">
    <ele>657.2</ele>
    <time>2026-04-09T01:15:57Z</time>
   </trkpt>
   <trkpt lat="10.3546760" lon="123.8405110">
    <ele>656.8</ele>
    <time>2026-04-09T01:16:13Z</time>
   </trkpt>
   <trkpt lat="10.3547100" lon="123.8404990">
    <ele>656.7</ele>
    <time>2026-04-09T01:16:17Z</time>
   </trkpt>
   <trkpt lat="10.3547180" lon="123.8404530">
    <ele>656.5</ele>
    <time>2026-04-09T01:16:23Z</time>
   </trkpt>
   <trkpt lat="10.3546850" lon="123.8403390">
    <ele>656.1</ele>
    <time>2026-04-09T01:16:37Z</time>
   </trkpt>
   <trkpt lat="10.3547160" lon="123.8402570">
    <ele>655.7</ele>
    <time>2026-04-09T01:16:48Z</time>
   </trkpt>
   <trkpt lat="10.3547180" lon="123.8401830">
    <ele>655.5</ele>
    <time>2026-04-09T01:17:00Z</time>
   </trkpt>
   <trkpt lat="10.3546790" lon="123.8400920">
    <ele>655.1</ele>
    <time>2026-04-09T01:17:14Z</time>
   </trkpt>
   <trkpt lat="10.3546330" lon="123.8400610">
    <ele>654.9</ele>
    <time>2026-04-09T01:17:24Z</time>
   </trkpt>
   <trkpt lat="10.3545900" lon="123.8399310">
    <ele>654.4</ele>
    <time>2026-04-09T01:17:38Z</time>
   </trkpt>
   <trkpt lat="10.3545410" lon="123.8399150">
    <ele>654.2</ele>
    <time>2026-04-09T01:17:44Z</time>
   </trkpt>
   <trkpt lat="10.3545090" lon="123.8398590">
    <ele>654.0</ele>
    <time>2026-04-09T01:17:53Z</time>
   </trkpt>
   <trkpt lat="10.3544410" lon="123.8398530">
    <ele>654.3</ele>
    <time>2026-04-09T01:18:04Z</time>
   </trkpt>
   <trkpt lat="10.3543460" lon="123.8397920">
    <ele>654.7</ele>
    <time>2026-04-09T01:18:24Z</time>
   </trkpt>
   <trkpt lat="10.3542740" lon="123.8397740">
    <ele>655.0</ele>
    <time>2026-04-09T01:18:52Z</time>
   </trkpt>
   <trkpt lat="10.3542910" lon="123.8397750">
    <ele>655.0</ele>
    <time>2026-04-09T01:18:55Z</time>
   </trkpt>
   <trkpt lat="10.3542930" lon="123.8397460">
    <ele>655.1</ele>
    <time>2026-04-09T01:19:00Z</time>
   </trkpt>
   <trkpt lat="10.3542760" lon="123.8397700">
    <ele>655.2</ele>
    <time>2026-04-09T01:19:07Z</time>
   </trkpt>
   <trkpt lat="10.3542830" lon="123.8397620">
    <ele>655.3</ele>
    <time>2026-04-09T01:20:39Z</time>
   </trkpt>
   <trkpt lat="10.3542420" lon="123.8397420">
    <ele>655.4</ele>
    <time>2026-04-09T01:20:46Z</time>
   </trkpt>
   <trkpt lat="10.3541420" lon="123.8397140">
    <ele>655.8</ele>
    <time>2026-04-09T01:21:03Z</time>
   </trkpt>
   <trkpt lat="10.3541070" lon="123.8396740">
    <ele>656.0</ele>
    <time>2026-04-09T01:21:13Z</time>
   </trkpt>
   <trkpt lat="10.3540330" lon="123.8396910">
    <ele>656.3</ele>
    <time>2026-04-09T01:21:28Z</time>
   </trkpt>
   <trkpt lat="10.3540560" lon="123.8396920">
    <ele>656.4</ele>
    <time>2026-04-09T01:22:06Z</time>
   </trkpt>
   <trkpt lat="10.3540790" lon="123.8396620">
    <ele>656.5</ele>
    <time>2026-04-09T01:23:03Z</time>
   </trkpt>
   <trkpt lat="10.3539450" lon="123.8397300">
    <ele>657.1</ele>
    <time>2026-04-09T01:23:43Z</time>
   </trkpt>
   <trkpt lat="10.3540030" lon="123.8397340">
    <ele>657.3</ele>
    <time>2026-04-09T01:24:14Z</time>
   </trkpt>
   <trkpt lat="10.3539870" lon="123.8397390">
    <ele>657.3</ele>
    <time>2026-04-09T01:24:45Z</time>
   </trkpt>
   <trkpt lat="10.3539490" lon="123.8396990">
    <ele>657.5</ele>
    <time>2026-04-09T01:24:53Z</time>
   </trkpt>
   <trkpt lat="10.3539980" lon="123.8397230">
    <ele>657.7</ele>
    <time>2026-04-09T01:25:10Z</time>
   </trkpt>
   <trkpt lat="10.3540270" lon="123.8396880">
    <ele>657.9</ele>
    <time>2026-04-09T01:25:15Z</time>
   </trkpt>
   <trkpt lat="10.3540960" lon="123.8396650">
    <ele>658.2</ele>
    <time>2026-04-09T01:25:24Z</time>
   </trkpt>
   <trkpt lat="10.3541520" lon="123.8394910">
    <ele>658.8</ele>
    <time>2026-04-09T01:25:52Z</time>
   </trkpt>
   <trkpt lat="10.3541460" lon="123.8394220">
    <ele>659.0</ele>
    <time>2026-04-09T01:26:01Z</time>
   </trkpt>
   <trkpt lat="10.3541880" lon="123.8393160">
    <ele>659.4</ele>
    <time>2026-04-09T01:26:21Z</time>
   </trkpt>
   <trkpt lat="10.3541950" lon="123.8392300">
    <ele>659.7</ele>
    <time>2026-04-09T01:26:37Z</time>
   </trkpt>
   <trkpt lat="10.3541850" lon="123.8391950">
    <ele>659.9</ele>
    <time>2026-04-09T01:26:41Z</time>
   </trkpt>
   <trkpt lat="10.3541890" lon="123.8391670">
    <ele>660.0</ele>
    <time>2026-04-09T01:26:45Z</time>
   </trkpt>
   <trkpt lat="10.3542040" lon="123.8391600">
    <ele>660.0</ele>
    <time>2026-04-09T01:26:50Z</time>
   </trkpt>
   <trkpt lat="10.3541710" lon="123.8390300">
    <ele>660.5</ele>
    <time>2026-04-09T01:27:16Z</time>
   </trkpt>
   <trkpt lat="10.3540310" lon="123.8390110">
    <ele>659.9</ele>
    <time>2026-04-09T01:27:34Z</time>
   </trkpt>
   <trkpt lat="10.3539630" lon="123.8389140">
    <ele>659.3</ele>
    <time>2026-04-09T01:27:43Z</time>
   </trkpt>
   <trkpt lat="10.3538590" lon="123.8389490">
    <ele>657.2</ele>
    <time>2026-04-09T01:27:59Z</time>
   </trkpt>
   <trkpt lat="10.3538440" lon="123.8389810">
    <ele>656.0</ele>
    <time>2026-04-09T01:28:07Z</time>
   </trkpt>
   <trkpt lat="10.3536150" lon="123.8391580">
    <ele>646.8</ele>
    <time>2026-04-09T01:29:27Z</time>
   </trkpt>
   <trkpt lat="10.3535930" lon="123.8391510">
    <ele>646.1</ele>
    <time>2026-04-09T01:29:33Z</time>
   </trkpt>
   <trkpt lat="10.3535380" lon="123.8391920">
    <ele>643.8</ele>
    <time>2026-04-09T01:30:19Z</time>
   </trkpt>
   <trkpt lat="10.3534490" lon="123.8391910">
    <ele>641.0</ele>
    <time>2026-04-09T01:30:45Z</time>
   </trkpt>
   <trkpt lat="10.3534030" lon="123.8392330">
    <ele>639.0</ele>
    <time>2026-04-09T01:31:20Z</time>
   </trkpt>
   <trkpt lat="10.3533330" lon="123.8392550">
    <ele>636.7</ele>
    <time>2026-04-09T01:31:34Z</time>
   </trkpt>
   <trkpt lat="10.3532370" lon="123.8392450">
    <ele>633.6</ele>
    <time>2026-04-09T01:31:50Z</time>
   </trkpt>
   <trkpt lat="10.3531150" lon="123.8392790">
    <ele>629.5</ele>
    <time>2026-04-09T01:32:44Z</time>
   </trkpt>
   <trkpt lat="10.3530550" lon="123.8393110">
    <ele>627.3</ele>
    <time>2026-04-09T01:33:15Z</time>
   </trkpt>
   <trkpt lat="10.3530050" lon="123.8393040">
    <ele>625.3</ele>
    <time>2026-04-09T01:33:26Z</time>
   </trkpt>
   <trkpt lat="10.3529860" lon="123.8393400">
    <ele>624.0</ele>
    <time>2026-04-09T01:33:34Z</time>
   </trkpt>
   <trkpt lat="10.3528770" lon="123.8393620">
    <ele>620.3</ele>
    <time>2026-04-09T01:33:51Z</time>
   </trkpt>
   <trkpt lat="10.3528240" lon="123.8394000">
    <ele>618.2</ele>
    <time>2026-04-09T01:34:00Z</time>
   </trkpt>
   <trkpt lat="10.3528300" lon="123.8394100">
    <ele>617.8</ele>
    <time>2026-04-09T01:34:04Z</time>
   </trkpt>
   <trkpt lat="10.3527720" lon="123.8394100">
    <ele>615.9</ele>
    <time>2026-04-09T01:34:20Z</time>
   </trkpt>
   <trkpt lat="10.3527150" lon="123.8394300">
    <ele>614.0</ele>
    <time>2026-04-09T01:34:34Z</time>
   </trkpt>
   <trkpt lat="10.3527020" lon="123.8394630">
    <ele>612.8</ele>
    <time>2026-04-09T01:34:41Z</time>
   </trkpt>
   <trkpt lat="10.3526750" lon="123.8394780">
    <ele>611.9</ele>
    <time>2026-04-09T01:34:45Z</time>
   </trkpt>
   <trkpt lat="10.3526060" lon="123.8394710">
    <ele>609.5</ele>
    <time>2026-04-09T01:35:01Z</time>
   </trkpt>
   <trkpt lat="10.3525790" lon="123.8395130">
    <ele>607.8</ele>
    <time>2026-04-09T01:35:15Z</time>
   </trkpt>
   <trkpt lat="10.3526340" lon="123.8395370">
    <ele>605.8</ele>
    <time>2026-04-09T01:35:22Z</time>
   </trkpt>
   <trkpt lat="10.3525890" lon="123.8395550">
    <ele>604.3</ele>
    <time>2026-04-09T01:35:28Z</time>
   </trkpt>
   <trkpt lat="10.3525200" lon="123.8396400">
    <ele>600.8</ele>
    <time>2026-04-09T01:35:40Z</time>
   </trkpt>
   <trkpt lat="10.3524510" lon="123.8396560">
    <ele>598.3</ele>
    <time>2026-04-09T01:35:52Z</time>
   </trkpt>
   <trkpt lat="10.3523740" lon="123.8397490">
    <ele>594.4</ele>
    <time>2026-04-09T01:36:11Z</time>
   </trkpt>
   <trkpt lat="10.3523360" lon="123.8397590">
    <ele>593.2</ele>
    <time>2026-04-09T01:36:16Z</time>
   </trkpt>
   <trkpt lat="10.3523000" lon="123.8398310">
    <ele>590.7</ele>
    <time>2026-04-09T01:36:25Z</time>
   </trkpt>
   <trkpt lat="10.3522760" lon="123.8398500">
    <ele>589.7</ele>
    <time>2026-04-09T01:36:31Z</time>
   </trkpt>
   <trkpt lat="10.3522830" lon="123.8398890">
    <ele>588.5</ele>
    <time>2026-04-09T01:36:36Z</time>
   </trkpt>
   <trkpt lat="10.3522670" lon="123.8399410">
    <ele>586.7</ele>
    <time>2026-04-09T01:36:43Z</time>
   </trkpt>
   <trkpt lat="10.3522200" lon="123.8399630">
    <ele>585.1</ele>
    <time>2026-04-09T01:36:48Z</time>
   </trkpt>
   <trkpt lat="10.3521660" lon="123.8399670">
    <ele>583.3</ele>
    <time>2026-04-09T01:36:54Z</time>
   </trkpt>
   <trkpt lat="10.3521680" lon="123.8400130">
    <ele>581.9</ele>
    <time>2026-04-09T01:37:01Z</time>
   </trkpt>
   <trkpt lat="10.3521380" lon="123.8400400">
    <ele>580.6</ele>
    <time>2026-04-09T01:37:09Z</time>
   </trkpt>
   <trkpt lat="10.3520990" lon="123.8401480">
    <ele>577.0</ele>
    <time>2026-04-09T01:37:25Z</time>
   </trkpt>
   <trkpt lat="10.3520520" lon="123.8402110">
    <ele>574.5</ele>
    <time>2026-04-09T01:37:35Z</time>
   </trkpt>
   <trkpt lat="10.3519630" lon="123.8402860">
    <ele>570.8</ele>
    <time>2026-04-09T01:37:49Z</time>
   </trkpt>
   <trkpt lat="10.3519590" lon="123.8403330">
    <ele>569.3</ele>
    <time>2026-04-09T01:37:56Z</time>
   </trkpt>
   <trkpt lat="10.3519310" lon="123.8403590">
    <ele>568.1</ele>
    <time>2026-04-09T01:38:06Z</time>
   </trkpt>
   <trkpt lat="10.3519440" lon="123.8403920">
    <ele>566.9</ele>
    <time>2026-04-09T01:38:13Z</time>
   </trkpt>
   <trkpt lat="10.3519280" lon="123.8404170">
    <ele>566.0</ele>
    <time>2026-04-09T01:38:18Z</time>
   </trkpt>
   <trkpt lat="10.3518560" lon="123.8404480">
    <ele>563.5</ele>
    <time>2026-04-09T01:38:32Z</time>
   </trkpt>
   <trkpt lat="10.3517890" lon="123.8405440">
    <ele>560.2</ele>
    <time>2026-04-09T01:38:50Z</time>
   </trkpt>
   <trkpt lat="10.3516660" lon="123.8405920">
    <ele>557.5</ele>
    <time>2026-04-09T01:39:08Z</time>
   </trkpt>
   <trkpt lat="10.3516640" lon="123.8406270">
    <ele>556.8</ele>
    <time>2026-04-09T01:39:15Z</time>
   </trkpt>
   <trkpt lat="10.3516200" lon="123.8406310">
    <ele>555.9</ele>
    <time>2026-04-09T01:39:21Z</time>
   </trkpt>
   <trkpt lat="10.3515900" lon="123.8406180">
    <ele>555.3</ele>
    <time>2026-04-09T01:39:27Z</time>
   </trkpt>
   <trkpt lat="10.3515760" lon="123.8406390">
    <ele>554.5</ele>
    <time>2026-04-09T01:39:36Z</time>
   </trkpt>
   <trkpt lat="10.3514870" lon="123.8406130">
    <ele>552.7</ele>
    <time>2026-04-09T01:39:47Z</time>
   </trkpt>
   <trkpt lat="10.3514310" lon="123.8406320">
    <ele>551.5</ele>
    <time>2026-04-09T01:39:54Z</time>
   </trkpt>
   <trkpt lat="10.3513610" lon="123.8406730">
    <ele>549.9</ele>
    <time>2026-04-09T01:40:09Z</time>
   </trkpt>
   <trkpt lat="10.3513460" lon="123.8407070">
    <ele>549.1</ele>
    <time>2026-04-09T01:40:14Z</time>
   </trkpt>
   <trkpt lat="10.3512980" lon="123.8407350">
    <ele>548.0</ele>
    <time>2026-04-09T01:40:21Z</time>
   </trkpt>
   <trkpt lat="10.3512920" lon="123.8407630">
    <ele>547.4</ele>
    <time>2026-04-09T01:40:26Z</time>
   </trkpt>
   <trkpt lat="10.3511890" lon="123.8407840">
    <ele>545.4</ele>
    <time>2026-04-09T01:40:38Z</time>
   </trkpt>
   <trkpt lat="10.3511800" lon="123.8408050">
    <ele>544.8</ele>
    <time>2026-04-09T01:40:43Z</time>
   </trkpt>
   <trkpt lat="10.3512380" lon="123.8407770">
    <ele>543.0</ele>
    <time>2026-04-09T01:43:49Z</time>
   </trkpt>
   <trkpt lat="10.3512140" lon="123.8407870">
    <ele>542.3</ele>
    <time>2026-04-09T01:44:16Z</time>
   </trkpt>
   <trkpt lat="10.3512130" lon="123.8407750">
    <ele>542.0</ele>
    <time>2026-04-09T01:44:21Z</time>
   </trkpt>
   <trkpt lat="10.3511540" lon="123.8408270">
    <ele>540.3</ele>
    <time>2026-04-09T01:44:32Z</time>
   </trkpt>
   <trkpt lat="10.3510910" lon="123.8408470">
    <ele>539.0</ele>
    <time>2026-04-09T01:44:40Z</time>
   </trkpt>
   <trkpt lat="10.3510190" lon="123.8409100">
    <ele>537.1</ele>
    <time>2026-04-09T01:44:54Z</time>
   </trkpt>
   <trkpt lat="10.3509730" lon="123.8409150">
    <ele>536.2</ele>
    <time>2026-04-09T01:45:03Z</time>
   </trkpt>
   <trkpt lat="10.3509320" lon="123.8409430">
    <ele>535.2</ele>
    <time>2026-04-09T01:45:10Z</time>
   </trkpt>
   <trkpt lat="10.3508520" lon="123.8408780">
    <ele>533.1</ele>
    <time>2026-04-09T01:45:26Z</time>
   </trkpt>
   <trkpt lat="10.3507680" lon="123.8408670">
    <ele>531.5</ele>
    <time>2026-04-09T01:45:37Z</time>
   </trkpt>
   <trkpt lat="10.3507050" lon="123.8408120">
    <ele>529.7</ele>
    <time>2026-04-09T01:45:55Z</time>
   </trkpt>
   <trkpt lat="10.3506380" lon="123.8408100">
    <ele>528.3</ele>
    <time>2026-04-09T01:46:12Z</time>
   </trkpt>
   <trkpt lat="10.3505820" lon="123.8407910">
    <ele>527.2</ele>
    <time>2026-04-09T01:46:22Z</time>
   </trkpt>
   <trkpt lat="10.3505390" lon="123.8407990">
    <ele>526.3</ele>
    <time>2026-04-09T01:46:33Z</time>
   </trkpt>
   <trkpt lat="10.3504080" lon="123.8407230">
    <ele>523.3</ele>
    <time>2026-04-09T01:47:09Z</time>
   </trkpt>
   <trkpt lat="10.3503620" lon="123.8407350">
    <ele>522.3</ele>
    <time>2026-04-09T01:47:19Z</time>
   </trkpt>
   <trkpt lat="10.3503080" lon="123.8407070">
    <ele>521.2</ele>
    <time>2026-04-09T01:47:30Z</time>
   </trkpt>
   <trkpt lat="10.3502780" lon="123.8407190">
    <ele>520.8</ele>
    <time>2026-04-09T01:47:38Z</time>
   </trkpt>
   <trkpt lat="10.3502870" lon="123.8407330">
    <ele>520.6</ele>
    <time>2026-04-09T01:47:41Z</time>
   </trkpt>
   <trkpt lat="10.3502860" lon="123.8406960">
    <ele>520.3</ele>
    <time>2026-04-09T01:47:48Z</time>
   </trkpt>
   <trkpt lat="10.3502980" lon="123.8407140">
    <ele>520.1</ele>
    <time>2026-04-09T01:47:53Z</time>
   </trkpt>
   <trkpt lat="10.3502890" lon="123.8407420">
    <ele>519.8</ele>
    <time>2026-04-09T01:48:04Z</time>
   </trkpt>
   <trkpt lat="10.3502480" lon="123.8407340">
    <ele>519.4</ele>
    <time>2026-04-09T01:48:15Z</time>
   </trkpt>
   <trkpt lat="10.3502080" lon="123.8406550">
    <ele>518.6</ele>
    <time>2026-04-09T01:48:27Z</time>
   </trkpt>
   <trkpt lat="10.3501630" lon="123.8406340">
    <ele>518.1</ele>
    <time>2026-04-09T01:48:31Z</time>
   </trkpt>
   <trkpt lat="10.3500400" lon="123.8406460">
    <ele>517.0</ele>
    <time>2026-04-09T01:48:38Z</time>
   </trkpt>
   <trkpt lat="10.3499960" lon="123.8406760">
    <ele>516.5</ele>
    <time>2026-04-09T01:48:42Z</time>
   </trkpt>
   <trkpt lat="10.3499550" lon="123.8407310">
    <ele>515.9</ele>
    <time>2026-04-09T01:48:50Z</time>
   </trkpt>
   <trkpt lat="10.3499240" lon="123.8407360">
    <ele>515.6</ele>
    <time>2026-04-09T01:48:58Z</time>
   </trkpt>
   <trkpt lat="10.3498340" lon="123.8407290">
    <ele>514.8</ele>
    <time>2026-04-09T01:49:07Z</time>
   </trkpt>
   <trkpt lat="10.3497710" lon="123.8407080">
    <ele>514.1</ele>
    <time>2026-04-09T01:49:14Z</time>
   </trkpt>
   <trkpt lat="10.3497160" lon="123.8406560">
    <ele>513.4</ele>
    <time>2026-04-09T01:49:19Z</time>
   </trkpt>
   <trkpt lat="10.3496200" lon="123.8406780">
    <ele>512.5</ele>
    <time>2026-04-09T01:49:29Z</time>
   </trkpt>
   <trkpt lat="10.3493100" lon="123.8409000">
    <ele>509.0</ele>
    <time>2026-04-09T01:50:13Z</time>
   </trkpt>
   <trkpt lat="10.3492500" lon="123.8409240">
    <ele>508.4</ele>
    <time>2026-04-09T01:50:20Z</time>
   </trkpt>
   <trkpt lat="10.3491830" lon="123.8409780">
    <ele>507.7</ele>
    <time>2026-04-09T01:50:28Z</time>
   </trkpt>
   <trkpt lat="10.3490660" lon="123.8410220">
    <ele>506.5</ele>
    <time>2026-04-09T01:50:39Z</time>
   </trkpt>
   <trkpt lat="10.3489920" lon="123.8410900">
    <ele>505.6</ele>
    <time>2026-04-09T01:50:50Z</time>
   </trkpt>
   <trkpt lat="10.3489620" lon="123.8411600">
    <ele>504.9</ele>
    <time>2026-04-09T01:50:58Z</time>
   </trkpt>
   <trkpt lat="10.3489200" lon="123.8411500">
    <ele>504.5</ele>
    <time>2026-04-09T01:51:02Z</time>
   </trkpt>
   <trkpt lat="10.3488440" lon="123.8410790">
    <ele>503.6</ele>
    <time>2026-04-09T01:51:12Z</time>
   </trkpt>
   <trkpt lat="10.3487570" lon="123.8410370">
    <ele>502.7</ele>
    <time>2026-04-09T01:51:21Z</time>
   </trkpt>
   <trkpt lat="10.3486670" lon="123.8410490">
    <ele>501.9</ele>
    <time>2026-04-09T01:51:30Z</time>
   </trkpt>
   <trkpt lat="10.3486220" lon="123.8410650">
    <ele>501.4</ele>
    <time>2026-04-09T01:51:34Z</time>
   </trkpt>
   <trkpt lat="10.3485580" lon="123.8411740">
    <ele>500.3</ele>
    <time>2026-04-09T01:51:45Z</time>
   </trkpt>
   <trkpt lat="10.3483410" lon="123.8413090">
    <ele>497.9</ele>
    <time>2026-04-09T01:52:10Z</time>
   </trkpt>
   <trkpt lat="10.3482280" lon="123.8414080">
    <ele>496.5</ele>
    <time>2026-04-09T01:52:22Z</time>
   </trkpt>
   <trkpt lat="10.3481770" lon="123.8414220">
    <ele>496.0</ele>
    <time>2026-04-09T01:52:27Z</time>
   </trkpt>
   <trkpt lat="10.3481190" lon="123.8414120">
    <ele>495.5</ele>
    <time>2026-04-09T01:52:33Z</time>
   </trkpt>
   <trkpt lat="10.3480230" lon="123.8414460">
    <ele>495.3</ele>
    <time>2026-04-09T01:52:42Z</time>
   </trkpt>
   <trkpt lat="10.3480060" lon="123.8414220">
    <ele>495.6</ele>
    <time>2026-04-09T01:52:49Z</time>
   </trkpt>
   <trkpt lat="10.3478160" lon="123.8415100">
    <ele>497.1</ele>
    <time>2026-04-09T01:53:10Z</time>
   </trkpt>
   <trkpt lat="10.3477640" lon="123.8415620">
    <ele>497.6</ele>
    <time>2026-04-09T01:53:17Z</time>
   </trkpt>
   <trkpt lat="10.3477070" lon="123.8415800">
    <ele>498.0</ele>
    <time>2026-04-09T01:53:22Z</time>
   </trkpt>
   <trkpt lat="10.3476980" lon="123.8416310">
    <ele>498.4</ele>
    <time>2026-04-09T01:53:27Z</time>
   </trkpt>
   <trkpt lat="10.3476630" lon="123.8417000">
    <ele>498.9</ele>
    <time>2026-04-09T01:53:34Z</time>
   </trkpt>
   <trkpt lat="10.3475570" lon="123.8418060">
    <ele>499.9</ele>
    <time>2026-04-09T01:53:49Z</time>
   </trkpt>
   <trkpt lat="10.3475240" lon="123.8418720">
    <ele>500.4</ele>
    <time>2026-04-09T01:53:56Z</time>
   </trkpt>
   <trkpt lat="10.3474880" lon="123.8418980">
    <ele>500.8</ele>
    <time>2026-04-09T01:54:02Z</time>
   </trkpt>
   <trkpt lat="10.3474600" lon="123.8419670">
    <ele>501.3</ele>
    <time>2026-04-09T01:54:10Z</time>
   </trkpt>
   <trkpt lat="10.3474170" lon="123.8419990">
    <ele>501.6</ele>
    <time>2026-04-09T01:54:17Z</time>
   </trkpt>
   <trkpt lat="10.3473810" lon="123.8420010">
    <ele>501.9</ele>
    <time>2026-04-09T01:54:22Z</time>
   </trkpt>
   <trkpt lat="10.3473400" lon="123.8419530">
    <ele>502.3</ele>
    <time>2026-04-09T01:54:28Z</time>
   </trkpt>
   <trkpt lat="10.3473330" lon="123.8419170">
    <ele>502.6</ele>
    <time>2026-04-09T01:54:33Z</time>
   </trkpt>
   <trkpt lat="10.3472470" lon="123.8418820">
    <ele>503.2</ele>
    <time>2026-04-09T01:54:40Z</time>
   </trkpt>
   <trkpt lat="10.3472160" lon="123.8418160">
    <ele>503.8</ele>
    <time>2026-04-09T01:54:47Z</time>
   </trkpt>
   <trkpt lat="10.3471680" lon="123.8417900">
    <ele>504.1</ele>
    <time>2026-04-09T01:54:53Z</time>
   </trkpt>
   <trkpt lat="10.3471300" lon="123.8417400">
    <ele>504.6</ele>
    <time>2026-04-09T01:54:59Z</time>
   </trkpt>
   <trkpt lat="10.3470480" lon="123.8417120">
    <ele>505.2</ele>
    <time>2026-04-09T01:55:06Z</time>
   </trkpt>
   <trkpt lat="10.3469610" lon="123.8416450">
    <ele>506.0</ele>
    <time>2026-04-09T01:55:19Z</time>
   </trkpt>
   <trkpt lat="10.3468870" lon="123.8416490">
    <ele>506.5</ele>
    <time>2026-04-09T01:55:26Z</time>
   </trkpt>
   <trkpt lat="10.3468520" lon="123.8416650">
    <ele>506.7</ele>
    <time>2026-04-09T01:55:30Z</time>
   </trkpt>
   <trkpt lat="10.3467360" lon="123.8417890">
    <ele>508.0</ele>
    <time>2026-04-09T01:55:50Z</time>
   </trkpt>
   <trkpt lat="10.3465940" lon="123.8418260">
    <ele>509.0</ele>
    <time>2026-04-09T01:56:05Z</time>
   </trkpt>
   <trkpt lat="10.3464890" lon="123.8418160">
    <ele>509.7</ele>
    <time>2026-04-09T01:56:14Z</time>
   </trkpt>
   <trkpt lat="10.3464320" lon="123.8418550">
    <ele>510.4</ele>
    <time>2026-04-09T01:56:21Z</time>
   </trkpt>
   <trkpt lat="10.3463730" lon="123.8418700">
    <ele>511.2</ele>
    <time>2026-04-09T01:56:58Z</time>
   </trkpt>
   <trkpt lat="10.3463340" lon="123.8419070">
    <ele>511.9</ele>
    <time>2026-04-09T01:57:03Z</time>
   </trkpt>
   <trkpt lat="10.3463000" lon="123.8419920">
    <ele>513.0</ele>
    <time>2026-04-09T01:57:14Z</time>
   </trkpt>
   <trkpt lat="10.3462290" lon="123.8423370">
    <ele>517.3</ele>
    <time>2026-04-09T01:57:49Z</time>
   </trkpt>
   <trkpt lat="10.3462010" lon="123.8424140">
    <ele>518.3</ele>
    <time>2026-04-09T01:57:58Z</time>
   </trkpt>
   <trkpt lat="10.3460300" lon="123.8426140">
    <ele>521.6</ele>
    <time>2026-04-09T01:58:24Z</time>
   </trkpt>
   <trkpt lat="10.3458310" lon="123.8426820">
    <ele>524.2</ele>
    <time>2026-04-09T01:58:45Z</time>
   </trkpt>
   <trkpt lat="10.3457540" lon="123.8426840">
    <ele>525.2</ele>
    <time>2026-04-09T01:58:54Z</time>
   </trkpt>
   <trkpt lat="10.3456930" lon="123.8427050">
    <ele>526.0</ele>
    <time>2026-04-09T01:59:02Z</time>
   </trkpt>
   <trkpt lat="10.3456050" lon="123.8426550">
    <ele>527.3</ele>
    <time>2026-04-09T01:59:11Z</time>
   </trkpt>
   <trkpt lat="10.3455070" lon="123.8426280">
    <ele>528.6</ele>
    <time>2026-04-09T01:59:24Z</time>
   </trkpt>
   <trkpt lat="10.3454120" lon="123.8425820">
    <ele>529.9</ele>
    <time>2026-04-09T01:59:36Z</time>
   </trkpt>
   <trkpt lat="10.3453680" lon="123.8425430">
    <ele>530.7</ele>
    <time>2026-04-09T01:59:42Z</time>
   </trkpt>
   <trkpt lat="10.3452930" lon="123.8424340">
    <ele>532.6</ele>
    <time>2026-04-09T01:59:55Z</time>
   </trkpt>
   <trkpt lat="10.3452210" lon="123.8423710">
    <ele>534.0</ele>
    <time>2026-04-09T02:00:05Z</time>
   </trkpt>
   <trkpt lat="10.3451670" lon="123.8422700">
    <ele>535.6</ele>
    <time>2026-04-09T02:00:18Z</time>
   </trkpt>
   <trkpt lat="10.3451350" lon="123.8422470">
    <ele>536.2</ele>
    <time>2026-04-09T02:00:23Z</time>
   </trkpt>
   <trkpt lat="10.3450710" lon="123.8420840">
    <ele>538.8</ele>
    <time>2026-04-09T02:00:40Z</time>
   </trkpt>
   <trkpt lat="10.3450590" lon="123.8419380">
    <ele>540.9</ele>
    <time>2026-04-09T02:00:53Z</time>
   </trkpt>
   <trkpt lat="10.3450330" lon="123.8418290">
    <ele>542.5</ele>
    <time>2026-04-09T02:01:05Z</time>
   </trkpt>
   <trkpt lat="10.3450420" lon="123.8418080">
    <ele>542.9</ele>
    <time>2026-04-09T02:01:10Z</time>
   </trkpt>
   <trkpt lat="10.3450120" lon="123.8417010">
    <ele>544.6</ele>
    <time>2026-04-09T02:01:27Z</time>
   </trkpt>
   <trkpt lat="10.3450250" lon="123.8416450">
    <ele>545.4</ele>
    <time>2026-04-09T02:01:32Z</time>
   </trkpt>
   <trkpt lat="10.3450010" lon="123.8415040">
    <ele>547.5</ele>
    <time>2026-04-09T02:01:47Z</time>
   </trkpt>
   <trkpt lat="10.3449670" lon="123.8414790">
    <ele>548.1</ele>
    <time>2026-04-09T02:01:51Z</time>
   </trkpt>
   <trkpt lat="10.3449370" lon="123.8413360">
    <ele>550.2</ele>
    <time>2026-04-09T02:02:05Z</time>
   </trkpt>
   <trkpt lat="10.3448880" lon="123.8412700">
    <ele>551.4</ele>
    <time>2026-04-09T02:02:12Z</time>
   </trkpt>
   <trkpt lat="10.3448360" lon="123.8411390">
    <ele>553.5</ele>
    <time>2026-04-09T02:02:26Z</time>
   </trkpt>
   <trkpt lat="10.3448090" lon="123.8411170">
    <ele>554.0</ele>
    <time>2026-04-09T02:02:29Z</time>
   </trkpt>
   <trkpt lat="10.3447800" lon="123.8410020">
    <ele>555.7</ele>
    <time>2026-04-09T02:02:42Z</time>
   </trkpt>
   <trkpt lat="10.3447440" lon="123.8409510">
    <ele>556.6</ele>
    <time>2026-04-09T02:02:49Z</time>
   </trkpt>
   <trkpt lat="10.3446470" lon="123.8408940">
    <ele>558.2</ele>
    <time>2026-04-09T02:02:58Z</time>
   </trkpt>
   <trkpt lat="10.3446130" lon="123.8409230">
    <ele>558.9</ele>
    <time>2026-04-09T02:03:02Z</time>
   </trkpt>
   <trkpt lat="10.3444470" lon="123.8408740">
    <ele>561.5</ele>
    <time>2026-04-09T02:03:21Z</time>
   </trkpt>
   <trkpt lat="10.3443160" lon="123.8407610">
    <ele>564.0</ele>
    <time>2026-04-09T02:03:38Z</time>
   </trkpt>
   <trkpt lat="10.3442070" lon="123.8406950">
    <ele>565.8</ele>
    <time>2026-04-09T02:03:52Z</time>
   </trkpt>
   <trkpt lat="10.3441240" lon="123.8407040">
    <ele>567.1</ele>
    <time>2026-04-09T02:04:01Z</time>
   </trkpt>
   <trkpt lat="10.3440370" lon="123.8407350">
    <ele>568.4</ele>
    <time>2026-04-09T02:04:11Z</time>
   </trkpt>
   <trkpt lat="10.3440040" lon="123.8407300">
    <ele>568.9</ele>
    <time>2026-04-09T02:04:14Z</time>
   </trkpt>
   <trkpt lat="10.3438060" lon="123.8408000">
    <ele>571.9</ele>
    <time>2026-04-09T02:04:34Z</time>
   </trkpt>
   <trkpt lat="10.3437500" lon="123.8408390">
    <ele>572.9</ele>
    <time>2026-04-09T02:04:40Z</time>
   </trkpt>
   <trkpt lat="10.3436650" lon="123.8409860">
    <ele>570.8</ele>
    <time>2026-04-09T02:04:54Z</time>
   </trkpt>
   <trkpt lat="10.3435080" lon="123.8411090">
    <ele>568.2</ele>
    <time>2026-04-09T02:05:13Z</time>
   </trkpt>
   <trkpt lat="10.3434580" lon="123.8412180">
    <ele>566.6</ele>
    <time>2026-04-09T02:05:23Z</time>
   </trkpt>
   <trkpt lat="10.3434180" lon="123.8414380">
    <ele>563.7</ele>
    <time>2026-04-09T02:05:42Z</time>
   </trkpt>
   <trkpt lat="10.3432860" lon="123.8417270">
    <ele>559.4</ele>
    <time>2026-04-09T02:06:14Z</time>
   </trkpt>
   <trkpt lat="10.3433170" lon="123.8419400">
    <ele>556.6</ele>
    <time>2026-04-09T02:06:34Z</time>
   </trkpt>
   <trkpt lat="10.3433110" lon="123.8422050">
    <ele>553.0</ele>
    <time>2026-04-09T02:06:58Z</time>
   </trkpt>
   <trkpt lat="10.3431910" lon="123.8424450">
    <ele>549.5</ele>
    <time>2026-04-09T02:07:20Z</time>
   </trkpt>
   <trkpt lat="10.3430460" lon="123.8425820">
    <ele>546.9</ele>
    <time>2026-04-09T02:07:40Z</time>
   </trkpt>
   <trkpt lat="10.3429080" lon="123.8426640">
    <ele>544.7</ele>
    <time>2026-04-09T02:07:56Z</time>
   </trkpt>
   <trkpt lat="10.3428300" lon="123.8427790">
    <ele>542.9</ele>
    <time>2026-04-09T02:08:08Z</time>
   </trkpt>
   <trkpt lat="10.3427230" lon="123.8428300">
    <ele>541.9</ele>
    <time>2026-04-09T02:08:18Z</time>
   </trkpt>
   <trkpt lat="10.3426540" lon="123.8429120">
    <ele>541.8</ele>
    <time>2026-04-09T02:08:27Z</time>
   </trkpt>
   <trkpt lat="10.3425210" lon="123.8429660">
    <ele>541.7</ele>
    <time>2026-04-09T02:08:42Z</time>
   </trkpt>
   <trkpt lat="10.3422570" lon="123.8431500">
    <ele>541.3</ele>
    <time>2026-04-09T02:09:11Z</time>
   </trkpt>
   <trkpt lat="10.3421190" lon="123.8433320">
    <ele>541.0</ele>
    <time>2026-04-09T02:09:34Z</time>
   </trkpt>
   <trkpt lat="10.3421250" lon="123.8434340">
    <ele>540.9</ele>
    <time>2026-04-09T02:09:43Z</time>
   </trkpt>
   <trkpt lat="10.3420790" lon="123.8435400">
    <ele>540.8</ele>
    <time>2026-04-09T02:09:55Z</time>
   </trkpt>
   <trkpt lat="10.3420720" lon="123.8439970">
    <ele>540.3</ele>
    <time>2026-04-09T02:10:33Z</time>
   </trkpt>
   <trkpt lat="10.3420570" lon="123.8440540">
    <ele>540.2</ele>
    <time>2026-04-09T02:10:39Z</time>
   </trkpt>
   <trkpt lat="10.3419510" lon="123.8442300">
    <ele>540.0</ele>
    <time>2026-04-09T02:10:58Z</time>
   </trkpt>
   <trkpt lat="10.3418670" lon="123.8443010">
    <ele>539.8</ele>
    <time>2026-04-09T02:11:06Z</time>
   </trkpt>
   <trkpt lat="10.3417660" lon="123.8444240">
    <ele>539.7</ele>
    <time>2026-04-09T02:11:16Z</time>
   </trkpt>
   <trkpt lat="10.3417470" lon="123.8444720">
    <ele>539.6</ele>
    <time>2026-04-09T02:11:21Z</time>
   </trkpt>
   <trkpt lat="10.3416690" lon="123.8445500">
    <ele>539.5</ele>
    <time>2026-04-09T02:11:32Z</time>
   </trkpt>
   <trkpt lat="10.3416080" lon="123.8446470">
    <ele>539.4</ele>
    <time>2026-04-09T02:11:42Z</time>
   </trkpt>
   <trkpt lat="10.3415400" lon="123.8446780">
    <ele>539.3</ele>
    <time>2026-04-09T02:11:50Z</time>
   </trkpt>
   <trkpt lat="10.3414870" lon="123.8447290">
    <ele>539.2</ele>
    <time>2026-04-09T02:11:56Z</time>
   </trkpt>
   <trkpt lat="10.3413400" lon="123.8447650">
    <ele>539.0</ele>
    <time>2026-04-09T02:12:09Z</time>
   </trkpt>
   <trkpt lat="10.3413080" lon="123.8448370">
    <ele>538.9</ele>
    <time>2026-04-09T02:12:14Z</time>
   </trkpt>
   <trkpt lat="10.3412560" lon="123.8448420">
    <ele>538.9</ele>
    <time>2026-04-09T02:12:19Z</time>
   </trkpt>
   <trkpt lat="10.3412360" lon="123.8448950">
    <ele>538.8</ele>
    <time>2026-04-09T02:12:24Z</time>
   </trkpt>
   <trkpt lat="10.3410670" lon="123.8448710">
    <ele>538.6</ele>
    <time>2026-04-09T02:12:35Z</time>
   </trkpt>
   <trkpt lat="10.3409940" lon="123.8449080">
    <ele>538.5</ele>
    <time>2026-04-09T02:12:43Z</time>
   </trkpt>
   <trkpt lat="10.3408920" lon="123.8449330">
    <ele>538.4</ele>
    <time>2026-04-09T02:12:51Z</time>
   </trkpt>
   <trkpt lat="10.3408240" lon="123.8449790">
    <ele>538.3</ele>
    <time>2026-04-09T02:12:58Z</time>
   </trkpt>
   <trkpt lat="10.3407810" lon="123.8449800">
    <ele>538.3</ele>
    <time>2026-04-09T02:13:17Z</time>
   </trkpt>
   <trkpt lat="10.3407400" lon="123.8450010">
    <ele>538.2</ele>
    <time>2026-04-09T02:13:20Z</time>
   </trkpt>
   <trkpt lat="10.3404670" lon="123.8453070">
    <ele>537.7</ele>
    <time>2026-04-09T02:13:56Z</time>
   </trkpt>
   <trkpt lat="10.3404060" lon="123.8454960">
    <ele>537.5</ele>
    <time>2026-04-09T02:14:13Z</time>
   </trkpt>
   <trkpt lat="10.3403310" lon="123.8455780">
    <ele>537.4</ele>
    <time>2026-04-09T02:14:24Z</time>
   </trkpt>
   <trkpt lat="10.3403070" lon="123.8455820">
    <ele>537.4</ele>
    <time>2026-04-09T02:14:29Z</time>
   </trkpt>
   <trkpt lat="10.3403170" lon="123.8456080">
    <ele>537.3</ele>
    <time>2026-04-09T02:14:37Z</time>
   </trkpt>
   <trkpt lat="10.3402800" lon="123.8456040">
    <ele>537.3</ele>
    <time>2026-04-09T02:15:01Z</time>
   </trkpt>
   <trkpt lat="10.3401500" lon="123.8456580">
    <ele>537.1</ele>
    <time>2026-04-09T02:15:18Z</time>
   </trkpt>
   <trkpt lat="10.3400580" lon="123.8456310">
    <ele>537.0</ele>
    <time>2026-04-09T02:15:25Z</time>
   </trkpt>
   <trkpt lat="10.3400010" lon="123.8456470">
    <ele>536.9</ele>
    <time>2026-04-09T02:15:31Z</time>
   </trkpt>
   <trkpt lat="10.3396850" lon="123.8456630">
    <ele>536.6</ele>
    <time>2026-04-09T02:16:00Z</time>
   </trkpt>
   <trkpt lat="10.3396250" lon="123.8456860">
    <ele>536.5</ele>
    <time>2026-04-09T02:16:06Z</time>
   </trkpt>
   <trkpt lat="10.3395390" lon="123.8456830">
    <ele>536.4</ele>
    <time>2026-04-09T02:16:13Z</time>
   </trkpt>
   <trkpt lat="10.3394590" lon="123.8457170">
    <ele>536.3</ele>
    <time>2026-04-09T02:16:20Z</time>
   </trkpt>
   <trkpt lat="10.3393340" lon="123.8457340">
    <ele>536.2</ele>
    <time>2026-04-09T02:16:32Z</time>
   </trkpt>
   <trkpt lat="10.3392910" lon="123.8457550">
    <ele>536.1</ele>
    <time>2026-04-09T02:16:36Z</time>
   </trkpt>
   <trkpt lat="10.3392130" lon="123.8457470">
    <ele>536.0</ele>
    <time>2026-04-09T02:16:42Z</time>
   </trkpt>
   <trkpt lat="10.3391340" lon="123.8457180">
    <ele>535.5</ele>
    <time>2026-04-09T02:16:49Z</time>
   </trkpt>
   <trkpt lat="10.3390050" lon="123.8455170">
    <ele>533.5</ele>
    <time>2026-04-09T02:17:11Z</time>
   </trkpt>
   <trkpt lat="10.3389040" lon="123.8453270">
    <ele>531.6</ele>
    <time>2026-04-09T02:17:29Z</time>
   </trkpt>
   <trkpt lat="10.3389160" lon="123.8451790">
    <ele>530.4</ele>
    <time>2026-04-09T02:17:43Z</time>
   </trkpt>
   <trkpt lat="10.3388960" lon="123.8451160">
    <ele>529.8</ele>
    <time>2026-04-09T02:17:49Z</time>
   </trkpt>
   <trkpt lat="10.3387460" lon="123.8449760">
    <ele>528.1</ele>
    <time>2026-04-09T02:18:07Z</time>
   </trkpt>
   <trkpt lat="10.3384330" lon="123.8445810">
    <ele>523.9</ele>
    <time>2026-04-09T02:18:52Z</time>
   </trkpt>
   <trkpt lat="10.3383800" lon="123.8445340">
    <ele>523.3</ele>
    <time>2026-04-09T02:18:59Z</time>
   </trkpt>
   <trkpt lat="10.3383450" lon="123.8444670">
    <ele>522.6</ele>
    <time>2026-04-09T02:19:06Z</time>
   </trkpt>
   <trkpt lat="10.3383340" lon="123.8444030">
    <ele>522.1</ele>
    <time>2026-04-09T02:19:14Z</time>
   </trkpt>
   <trkpt lat="10.3382690" lon="123.8443390">
    <ele>521.3</ele>
    <time>2026-04-09T02:19:22Z</time>
   </trkpt>
   <trkpt lat="10.3382230" lon="123.8443340">
    <ele>520.9</ele>
    <time>2026-04-09T02:19:46Z</time>
   </trkpt>
   <trkpt lat="10.3381970" lon="123.8442670">
    <ele>520.3</ele>
    <time>2026-04-09T02:19:56Z</time>
   </trkpt>
   <trkpt lat="10.3381520" lon="123.8442330">
    <ele>519.8</ele>
    <time>2026-04-09T02:20:01Z</time>
   </trkpt>
   <trkpt lat="10.3381100" lon="123.8441750">
    <ele>519.2</ele>
    <time>2026-04-09T02:20:10Z</time>
   </trkpt>
   <trkpt lat="10.3380970" lon="123.8441220">
    <ele>518.7</ele>
    <time>2026-04-09T02:20:17Z</time>
   </trkpt>
   <trkpt lat="10.3379940" lon="123.8439490">
    <ele>517.6</ele>
    <time>2026-04-09T02:20:39Z</time>
   </trkpt>
   <trkpt lat="10.3378420" lon="123.8437930">
    <ele>515.1</ele>
    <time>2026-04-09T02:21:00Z</time>
   </trkpt>
   <trkpt lat="10.3377030" lon="123.8435770">
    <ele>512.2</ele>
    <time>2026-04-09T02:21:26Z</time>
   </trkpt>
   <trkpt lat="10.3375630" lon="123.8434310">
    <ele>509.8</ele>
    <time>2026-04-09T02:21:46Z</time>
   </trkpt>
   <trkpt lat="10.3375150" lon="123.8433430">
    <ele>508.7</ele>
    <time>2026-04-09T02:21:54Z</time>
   </trkpt>
   <trkpt lat="10.3374680" lon="123.8433070">
    <ele>508.0</ele>
    <time>2026-04-09T02:22:01Z</time>
   </trkpt>
   <trkpt lat="10.3374070" lon="123.8432250">
    <ele>506.8</ele>
    <time>2026-04-09T02:22:12Z</time>
   </trkpt>
   <trkpt lat="10.3373730" lon="123.8431510">
    <ele>505.9</ele>
    <time>2026-04-09T02:22:18Z</time>
   </trkpt>
   <trkpt lat="10.3372780" lon="123.8430170">
    <ele>504.0</ele>
    <time>2026-04-09T02:22:33Z</time>
   </trkpt>
   <trkpt lat="10.3371180" lon="123.8428610">
    <ele>501.4</ele>
    <time>2026-04-09T02:22:56Z</time>
   </trkpt>
   <trkpt lat="10.3369720" lon="123.8427550">
    <ele>499.4</ele>
    <time>2026-04-09T02:23:10Z</time>
   </trkpt>
   <trkpt lat="10.3369690" lon="123.8427210">
    <ele>499.0</ele>
    <time>2026-04-09T02:23:13Z</time>
   </trkpt>
   <trkpt lat="10.3368250" lon="123.8426320">
    <ele>497.0</ele>
    <time>2026-04-09T02:23:31Z</time>
   </trkpt>
   <trkpt lat="10.3366960" lon="123.8425720">
    <ele>497.0</ele>
    <time>2026-04-09T02:23:45Z</time>
   </trkpt>
   <trkpt lat="10.3366660" lon="123.8425830">
    <ele>497.0</ele>
    <time>2026-04-09T02:23:49Z</time>
   </trkpt>
   <trkpt lat="10.3366600" lon="123.8426190">
    <ele>497.0</ele>
    <time>2026-04-09T02:23:58Z</time>
   </trkpt>
   <trkpt lat="10.3366310" lon="123.8426320">
    <ele>497.0</ele>
    <time>2026-04-09T02:24:06Z</time>
   </trkpt>
   <trkpt lat="10.3367190" lon="123.8426470">
    <ele>497.0</ele>
    <time>2026-04-09T02:24:31Z</time>
   </trkpt>
   <trkpt lat="10.3366640" lon="123.8425870">
    <ele>497.0</ele>
    <time>2026-04-09T02:25:09Z</time>
   </trkpt>
   <trkpt lat="10.3366890" lon="123.8425610">
    <ele>497.0</ele>
    <time>2026-04-09T02:25:15Z</time>
   </trkpt>
   <trkpt lat="10.3367110" lon="123.8425570">
    <ele>497.0</ele>
    <time>2026-04-09T02:25:19Z</time>
   </trkpt>
   <trkpt lat="10.3366510" lon="123.8425970">
    <ele>497.0</ele>
    <time>2026-04-09T02:25:31Z</time>
   </trkpt>
   <trkpt lat="10.3366850" lon="123.8426150">
    <ele>496.6</ele>
    <time>2026-04-09T02:25:35Z</time>
   </trkpt>
   <trkpt lat="10.3367390" lon="123.8425890">
    <ele>495.9</ele>
    <time>2026-04-09T02:25:59Z</time>
   </trkpt>
   <trkpt lat="10.3367750" lon="123.8425940">
    <ele>495.5</ele>
    <time>2026-04-09T02:26:07Z</time>
   </trkpt>
   <trkpt lat="10.3368780" lon="123.8427430">
    <ele>493.7</ele>
    <time>2026-04-09T02:26:30Z</time>
   </trkpt>
   <trkpt lat="10.3368790" lon="123.8427620">
    <ele>493.5</ele>
    <time>2026-04-09T02:26:36Z</time>
   </trkpt>
   <trkpt lat="10.3368890" lon="123.8427530">
    <ele>493.2</ele>
    <time>2026-04-09T02:26:43Z</time>
   </trkpt>
   <trkpt lat="10.3369240" lon="123.8427800">
    <ele>492.8</ele>
    <time>2026-04-09T02:26:47Z</time>
   </trkpt>
   <trkpt lat="10.3370260" lon="123.8429850">
    <ele>490.4</ele>
    <time>2026-04-09T02:27:09Z</time>
   </trkpt>
   <trkpt lat="10.3370850" lon="123.8430510">
    <ele>489.5</ele>
    <time>2026-04-09T02:27:15Z</time>
   </trkpt>
   <trkpt lat="10.3371020" lon="123.8430970">
    <ele>489.0</ele>
    <time>2026-04-09T02:27:20Z</time>
   </trkpt>
   <trkpt lat="10.3371850" lon="123.8432110">
    <ele>487.6</ele>
    <time>2026-04-09T02:27:35Z</time>
   </trkpt>
   <trkpt lat="10.3372290" lon="123.8432540">
    <ele>486.9</ele>
    <time>2026-04-09T02:27:42Z</time>
   </trkpt>
   <trkpt lat="10.3372490" lon="123.8433480">
    <ele>485.9</ele>
    <time>2026-04-09T02:27:48Z</time>
   </trkpt>
   <trkpt lat="10.3373100" lon="123.8434460">
    <ele>484.7</ele>
    <time>2026-04-09T02:28:02Z</time>
   </trkpt>
   <trkpt lat="10.3373290" lon="123.8435410">
    <ele>483.7</ele>
    <time>2026-04-09T02:28:13Z</time>
   </trkpt>
   <trkpt lat="10.3373510" lon="123.8435630">
    <ele>483.4</ele>
    <time>2026-04-09T02:28:19Z</time>
   </trkpt>
   <trkpt lat="10.3374130" lon="123.8437330">
    <ele>481.5</ele>
    <time>2026-04-09T02:28:33Z</time>
   </trkpt>
   <trkpt lat="10.3374490" lon="123.8437880">
    <ele>480.9</ele>
    <time>2026-04-09T02:28:41Z</time>
   </trkpt>
   <trkpt lat="10.3374580" lon="123.8438460">
    <ele>480.2</ele>
    <time>2026-04-09T02:28:47Z</time>
   </trkpt>
   <trkpt lat="10.3375770" lon="123.8440550">
    <ele>477.8</ele>
    <time>2026-04-09T02:29:10Z</time>
   </trkpt>
   <trkpt lat="10.3376670" lon="123.8441570">
    <ele>476.4</ele>
    <time>2026-04-09T02:29:22Z</time>
   </trkpt>
   <trkpt lat="10.3377440" lon="123.8443720">
    <ele>474.0</ele>
    <time>2026-04-09T02:29:45Z</time>
   </trkpt>
   <trkpt lat="10.3377350" lon="123.8444760">
    <ele>473.0</ele>
    <time>2026-04-09T02:29:54Z</time>
   </trkpt>
   <trkpt lat="10.3377660" lon="123.8445910">
    <ele>471.7</ele>
    <time>2026-04-09T02:30:04Z</time>
   </trkpt>
   <trkpt lat="10.3377610" lon="123.8446600">
    <ele>471.0</ele>
    <time>2026-04-09T02:30:10Z</time>
   </trkpt>
   <trkpt lat="10.3377840" lon="123.8447090">
    <ele>470.5</ele>
    <time>2026-04-09T02:30:14Z</time>
   </trkpt>
   <trkpt lat="10.3377770" lon="123.8448000">
    <ele>469.5</ele>
    <time>2026-04-09T02:30:22Z</time>
   </trkpt>
   <trkpt lat="10.3377930" lon="123.8448710">
    <ele>468.8</ele>
    <time>2026-04-09T02:30:30Z</time>
   </trkpt>
   <trkpt lat="10.3378580" lon="123.8450450">
    <ele>466.9</ele>
    <time>2026-04-09T02:30:45Z</time>
   </trkpt>
   <trkpt lat="10.3378820" lon="123.8450640">
    <ele>466.5</ele>
    <time>2026-04-09T02:30:50Z</time>
   </trkpt>
   <trkpt lat="10.3378090" lon="123.8451420">
    <ele>465.4</ele>
    <time>2026-04-09T02:31:02Z</time>
   </trkpt>
   <trkpt lat="10.3378170" lon="123.8451950">
    <ele>464.8</ele>
    <time>2026-04-09T02:31:08Z</time>
   </trkpt>
   <trkpt lat="10.3378340" lon="123.8452300">
    <ele>464.4</ele>
    <time>2026-04-09T02:31:13Z</time>
   </trkpt>
   <trkpt lat="10.3379070" lon="123.8452900">
    <ele>463.4</ele>
    <time>2026-04-09T02:31:24Z</time>
   </trkpt>
   <trkpt lat="10.3379280" lon="123.8453770">
    <ele>462.5</ele>
    <time>2026-04-09T02:31:33Z</time>
   </trkpt>
   <trkpt lat="10.3380290" lon="123.8455000">
    <ele>460.8</ele>
    <time>2026-04-09T02:31:49Z</time>
   </trkpt>
   <trkpt lat="10.3380690" lon="123.8455900">
    <ele>459.8</ele>
    <time>2026-04-09T02:31:57Z</time>
   </trkpt>
   <trkpt lat="10.3380650" lon="123.8457010">
    <ele>458.7</ele>
    <time>2026-04-09T02:32:05Z</time>
   </trkpt>
   <trkpt lat="10.3380330" lon="123.8457840">
    <ele>457.8</ele>
    <time>2026-04-09T02:32:11Z</time>
   </trkpt>
   <trkpt lat="10.3380180" lon="123.8458890">
    <ele>456.7</ele>
    <time>2026-04-09T02:32:19Z</time>
   </trkpt>
   <trkpt lat="10.3379780" lon="123.8459790">
    <ele>455.7</ele>
    <time>2026-04-09T02:32:29Z</time>
   </trkpt>
   <trkpt lat="10.3379460" lon="123.8460230">
    <ele>455.1</ele>
    <time>2026-04-09T02:32:36Z</time>
   </trkpt>
   <trkpt lat="10.3378970" lon="123.8460540">
    <ele>454.5</ele>
    <time>2026-04-09T02:32:43Z</time>
   </trkpt>
   <trkpt lat="10.3378590" lon="123.8461290">
    <ele>453.7</ele>
    <time>2026-04-09T02:32:52Z</time>
   </trkpt>
   <trkpt lat="10.3377880" lon="123.8462090">
    <ele>452.6</ele>
    <time>2026-04-09T02:33:01Z</time>
   </trkpt>
   <trkpt lat="10.3376590" lon="123.8462810">
    <ele>451.0</ele>
    <time>2026-04-09T02:33:16Z</time>
   </trkpt>
   <trkpt lat="10.3376050" lon="123.8463580">
    <ele>450.1</ele>
    <time>2026-04-09T02:33:25Z</time>
   </trkpt>
   <trkpt lat="10.3375620" lon="123.8463910">
    <ele>449.5</ele>
    <time>2026-04-09T02:33:31Z</time>
   </trkpt>
   <trkpt lat="10.3375430" lon="123.8464380">
    <ele>449.0</ele>
    <time>2026-04-09T02:33:37Z</time>
   </trkpt>
   <trkpt lat="10.3375620" lon="123.8465070">
    <ele>448.2</ele>
    <time>2026-04-09T02:33:44Z</time>
   </trkpt>
   <trkpt lat="10.3376040" lon="123.8465410">
    <ele>447.7</ele>
    <time>2026-04-09T02:33:47Z</time>
   </trkpt>
   <trkpt lat="10.3376730" lon="123.8465680">
    <ele>446.9</ele>
    <time>2026-04-09T02:33:54Z</time>
   </trkpt>
   <trkpt lat="10.3377830" lon="123.8465740">
    <ele>445.8</ele>
    <time>2026-04-09T02:34:04Z</time>
   </trkpt>
   <trkpt lat="10.3379280" lon="123.8466670">
    <ele>444.0</ele>
    <time>2026-04-09T02:34:18Z</time>
   </trkpt>
   <trkpt lat="10.3379610" lon="123.8467230">
    <ele>443.3</ele>
    <time>2026-04-09T02:34:25Z</time>
   </trkpt>
   <trkpt lat="10.3379670" lon="123.8468080">
    <ele>442.5</ele>
    <time>2026-04-09T02:34:36Z</time>
   </trkpt>
   <trkpt lat="10.3380100" lon="123.8469560">
    <ele>440.9</ele>
    <time>2026-04-09T02:34:48Z</time>
   </trkpt>
   <trkpt lat="10.3379970" lon="123.8470340">
    <ele>440.1</ele>
    <time>2026-04-09T02:34:56Z</time>
   </trkpt>
   <trkpt lat="10.3380360" lon="123.8471790">
    <ele>438.5</ele>
    <time>2026-04-09T02:35:10Z</time>
   </trkpt>
   <trkpt lat="10.3380380" lon="123.8472820">
    <ele>437.5</ele>
    <time>2026-04-09T02:35:22Z</time>
   </trkpt>
   <trkpt lat="10.3379980" lon="123.8474330">
    <ele>435.9</ele>
    <time>2026-04-09T02:35:37Z</time>
   </trkpt>
   <trkpt lat="10.3379990" lon="123.8475050">
    <ele>435.1</ele>
    <time>2026-04-09T02:35:44Z</time>
   </trkpt>
   <trkpt lat="10.3380420" lon="123.8476340">
    <ele>433.7</ele>
    <time>2026-04-09T02:35:56Z</time>
   </trkpt>
   <trkpt lat="10.3380070" lon="123.8477440">
    <ele>431.9</ele>
    <time>2026-04-09T02:36:08Z</time>
   </trkpt>
   <trkpt lat="10.3380090" lon="123.8478370">
    <ele>429.7</ele>
    <time>2026-04-09T02:36:15Z</time>
   </trkpt>
   <trkpt lat="10.3379920" lon="123.8479080">
    <ele>428.0</ele>
    <time>2026-04-09T02:36:22Z</time>
   </trkpt>
   <trkpt lat="10.3380170" lon="123.8479830">
    <ele>426.1</ele>
    <time>2026-04-09T02:36:31Z</time>
   </trkpt>
   <trkpt lat="10.3379540" lon="123.8480990">
    <ele>422.9</ele>
    <time>2026-04-09T02:36:40Z</time>
   </trkpt>
   <trkpt lat="10.3379440" lon="123.8481770">
    <ele>421.1</ele>
    <time>2026-04-09T02:36:47Z</time>
   </trkpt>
   <trkpt lat="10.3379560" lon="123.8484070">
    <ele>415.6</ele>
    <time>2026-04-09T02:37:12Z</time>
   </trkpt>
   <trkpt lat="10.3379730" lon="123.8484330">
    <ele>414.9</ele>
    <time>2026-04-09T02:37:17Z</time>
   </trkpt>
   <trkpt lat="10.3379800" lon="123.8485070">
    <ele>413.1</ele>
    <time>2026-04-09T02:37:26Z</time>
   </trkpt>
   <trkpt lat="10.3379890" lon="123.8487730">
    <ele>406.8</ele>
    <time>2026-04-09T02:37:49Z</time>
   </trkpt>
   <trkpt lat="10.3379150" lon="123.8488660">
    <ele>403.9</ele>
    <time>2026-04-09T02:38:00Z</time>
   </trkpt>
   <trkpt lat="10.3378260" lon="123.8489400">
    <ele>401.2</ele>
    <time>2026-04-09T02:38:10Z</time>
   </trkpt>
   <trkpt lat="10.3377210" lon="123.8489560">
    <ele>398.9</ele>
    <time>2026-04-09T02:38:18Z</time>
   </trkpt>
   <trkpt lat="10.3376160" lon="123.8488930">
    <ele>398.1</ele>
    <time>2026-04-09T02:38:34Z</time>
   </trkpt>
   <trkpt lat="10.3375090" lon="123.8488810">
    <ele>397.5</ele>
    <time>2026-04-09T02:38:48Z</time>
   </trkpt>
   <trkpt lat="10.3374950" lon="123.8488520">
    <ele>397.3</ele>
    <time>2026-04-09T02:38:52Z</time>
   </trkpt>
   <trkpt lat="10.3374530" lon="123.8488380">
    <ele>397.0</ele>
    <time>2026-04-09T02:38:56Z</time>
   </trkpt>
   <trkpt lat="10.3373410" lon="123.8488830">
    <ele>396.3</ele>
    <time>2026-04-09T02:39:05Z</time>
   </trkpt>
   <trkpt lat="10.3372820" lon="123.8489480">
    <ele>395.8</ele>
    <time>2026-04-09T02:39:12Z</time>
   </trkpt>
   <trkpt lat="10.3372320" lon="123.8489770">
    <ele>395.5</ele>
    <time>2026-04-09T02:39:18Z</time>
   </trkpt>
   <trkpt lat="10.3370690" lon="123.8491660">
    <ele>394.0</ele>
    <time>2026-04-09T02:39:43Z</time>
   </trkpt>
   <trkpt lat="10.3370240" lon="123.8493580">
    <ele>392.8</ele>
    <time>2026-04-09T02:40:04Z</time>
   </trkpt>
   <trkpt lat="10.3369260" lon="123.8496030">
    <ele>391.3</ele>
    <time>2026-04-09T02:40:27Z</time>
   </trkpt>
   <trkpt lat="10.3368390" lon="123.8497750">
    <ele>390.1</ele>
    <time>2026-04-09T02:40:47Z</time>
   </trkpt>
   <trkpt lat="10.3366580" lon="123.8499820">
    <ele>388.5</ele>
    <time>2026-04-09T02:41:12Z</time>
   </trkpt>
   <trkpt lat="10.3366290" lon="123.8500710">
    <ele>388.0</ele>
    <time>2026-04-09T02:41:22Z</time>
   </trkpt>
   <trkpt lat="10.3366430" lon="123.8502570">
    <ele>386.9</ele>
    <time>2026-04-09T02:41:38Z</time>
   </trkpt>
   <trkpt lat="10.3367080" lon="123.8505550">
    <ele>385.1</ele>
    <time>2026-04-09T02:42:09Z</time>
   </trkpt>
   <trkpt lat="10.3367940" lon="123.8507450">
    <ele>383.8</ele>
    <time>2026-04-09T02:42:28Z</time>
   </trkpt>
   <trkpt lat="10.3368010" lon="123.8508010">
    <ele>383.5</ele>
    <time>2026-04-09T02:42:34Z</time>
   </trkpt>
   <trkpt lat="10.3368540" lon="123.8509470">
    <ele>382.6</ele>
    <time>2026-04-09T02:42:48Z</time>
   </trkpt>
   <trkpt lat="10.3368560" lon="123.8510140">
    <ele>382.2</ele>
    <time>2026-04-09T02:42:54Z</time>
   </trkpt>
   <trkpt lat="10.3368840" lon="123.8510800">
    <ele>381.8</ele>
    <time>2026-04-09T02:43:00Z</time>
   </trkpt>
   <trkpt lat="10.3368640" lon="123.8512550">
    <ele>380.7</ele>
    <time>2026-04-09T02:43:15Z</time>
   </trkpt>
   <trkpt lat="10.3368430" lon="123.8512650">
    <ele>380.6</ele>
    <time>2026-04-09T02:43:19Z</time>
   </trkpt>
   <trkpt lat="10.3368080" lon="123.8513640">
    <ele>379.8</ele>
    <time>2026-04-09T02:43:31Z</time>
   </trkpt>
   <trkpt lat="10.3368090" lon="123.8514930">
    <ele>378.7</ele>
    <time>2026-04-09T02:43:45Z</time>
   </trkpt>
   <trkpt lat="10.3368410" lon="123.8516520">
    <ele>377.5</ele>
    <time>2026-04-09T02:43:58Z</time>
   </trkpt>
   <trkpt lat="10.3368210" lon="123.8518190">
    <ele>376.3</ele>
    <time>2026-04-09T02:44:10Z</time>
   </trkpt>
   <trkpt lat="10.3367380" lon="123.8518530">
    <ele>375.6</ele>
    <time>2026-04-09T02:44:19Z</time>
   </trkpt>
   <trkpt lat="10.3367350" lon="123.8518980">
    <ele>375.0</ele>
    <time>2026-04-09T02:44:28Z</time>
   </trkpt>
   <trkpt lat="10.3367030" lon="123.8519210">
    <ele>374.7</ele>
    <time>2026-04-09T02:44:35Z</time>
   </trkpt>
   <trkpt lat="10.3366980" lon="123.8519490">
    <ele>374.4</ele>
    <time>2026-04-09T02:44:41Z</time>
   </trkpt>
   <trkpt lat="10.3366320" lon="123.8519190">
    <ele>373.9</ele>
    <time>2026-04-09T02:44:46Z</time>
   </trkpt>
   <trkpt lat="10.3366420" lon="123.8519100">
    <ele>373.7</ele>
    <time>2026-04-09T02:44:48Z</time>
   </trkpt>
   <trkpt lat="10.3366250" lon="123.8518900">
    <ele>373.5</ele>
    <time>2026-04-09T02:44:50Z</time>
   </trkpt>
   <trkpt lat="10.3366400" lon="123.8519140">
    <ele>373.3</ele>
    <time>2026-04-09T02:44:54Z</time>
   </trkpt>
   <trkpt lat="10.3367740" lon="123.8519440">
    <ele>372.3</ele>
    <time>2026-04-09T02:45:03Z</time>
   </trkpt>
   <trkpt lat="10.3367490" lon="123.8519610">
    <ele>372.1</ele>
    <time>2026-04-09T02:45:07Z</time>
   </trkpt>
   <trkpt lat="10.3367800" lon="123.8519720">
    <ele>371.9</ele>
    <time>2026-04-09T02:45:13Z</time>
   </trkpt>
   <trkpt lat="10.3367640" lon="123.8520320">
    <ele>371.5</ele>
    <time>2026-04-09T02:45:19Z</time>
   </trkpt>
   <trkpt lat="10.3367750" lon="123.8520820">
    <ele>371.2</ele>
    <time>2026-04-09T02:45:21Z</time>
   </trkpt>
   <trkpt lat="10.3367660" lon="123.8520780">
    <ele>371.2</ele>
    <time>2026-04-09T02:45:24Z</time>
   </trkpt>
   <trkpt lat="10.3367480" lon="123.8521380">
    <ele>370.8</ele>
    <time>2026-04-09T02:45:27Z</time>
   </trkpt>
   <trkpt lat="10.3367280" lon="123.8523200">
    <ele>369.8</ele>
    <time>2026-04-09T02:45:31Z</time>
   </trkpt>
   <trkpt lat="10.3367060" lon="123.8523430">
    <ele>369.7</ele>
    <time>2026-04-09T02:45:32Z</time>
   </trkpt>
   <trkpt lat="10.3366280" lon="123.8523310">
    <ele>369.2</ele>
    <time>2026-04-09T02:45:34Z</time>
   </trkpt>
   <trkpt lat="10.3366020" lon="123.8523470">
    <ele>369.0</ele>
    <time>2026-04-09T02:45:36Z</time>
   </trkpt>
   <trkpt lat="10.3366410" lon="123.8522310">
    <ele>368.4</ele>
    <time>2026-04-09T02:45:44Z</time>
   </trkpt>
   <trkpt lat="10.3366170" lon="123.8522360">
    <ele>368.2</ele>
    <time>2026-04-09T02:45:47Z</time>
   </trkpt>
   <trkpt lat="10.3366280" lon="123.8522100">
    <ele>368.1</ele>
    <time>2026-04-09T02:45:48Z</time>
   </trkpt>
   <trkpt lat="10.3366050" lon="123.8522830">
    <ele>367.6</ele>
    <time>2026-04-09T02:45:55Z</time>
   </trkpt>
   <trkpt lat="10.3366430" lon="123.8522660">
    <ele>367.4</ele>
    <time>2026-04-09T02:45:58Z</time>
   </trkpt>
   <trkpt lat="10.3367050" lon="123.8521700">
    <ele>366.8</ele>
    <time>2026-04-09T02:46:01Z</time>
   </trkpt>
   <trkpt lat="10.3367310" lon="123.8521770">
    <ele>366.6</ele>
    <time>2026-04-09T02:46:03Z</time>
   </trkpt>
   <trkpt lat="10.3367230" lon="123.8521710">
    <ele>366.6</ele>
    <time>2026-04-09T02:46:04Z</time>
   </trkpt>
   <trkpt lat="10.3367610" lon="123.8520980">
    <ele>366.1</ele>
    <time>2026-04-09T02:46:08Z</time>
   </trkpt>
   <trkpt lat="10.3367900" lon="123.8520660">
    <ele>365.9</ele>
    <time>2026-04-09T02:46:10Z</time>
   </trkpt>
   <trkpt lat="10.3367700" lon="123.8519220">
    <ele>365.1</ele>
    <time>2026-04-09T02:46:17Z</time>
   </trkpt>
   <trkpt lat="10.3368180" lon="123.8520040">
    <ele>364.5</ele>
    <time>2026-04-09T02:46:20Z</time>
   </trkpt>
   <trkpt lat="10.3367860" lon="123.8519040">
    <ele>363.9</ele>
    <time>2026-04-09T02:46:28Z</time>
   </trkpt>
   <trkpt lat="10.3369280" lon="123.8519800">
    <ele>363.0</ele>
    <time>2026-04-09T02:46:40Z</time>
   </trkpt>
   <trkpt lat="10.3368320" lon="123.8519520">
    <ele>362.4</ele>
    <time>2026-04-09T02:46:47Z</time>
   </trkpt>
   <trkpt lat="10.3368340" lon="123.8519980">
    <ele>362.2</ele>
    <time>2026-04-09T02:46:51Z</time>
   </trkpt>
   <trkpt lat="10.3368340" lon="123.8519430">
    <ele>361.9</ele>
    <time>2026-04-09T02:46:55Z</time>
   </trkpt>
   <trkpt lat="10.3368190" lon="123.8519510">
    <ele>361.8</ele>
    <time>2026-04-09T02:46:56Z</time>
   </trkpt>
   <trkpt lat="10.3367990" lon="123.8519130">
    <ele>361.5</ele>
    <time>2026-04-09T02:47:01Z</time>
   </trkpt>
   <trkpt lat="10.3367930" lon="123.8519510">
    <ele>361.3</ele>
    <time>2026-04-09T02:47:03Z</time>
   </trkpt>
   <trkpt lat="10.3368560" lon="123.8519970">
    <ele>360.9</ele>
    <time>2026-04-09T02:47:07Z</time>
   </trkpt>
   <trkpt lat="10.3368600" lon="123.8520370">
    <ele>360.7</ele>
    <time>2026-04-09T02:47:09Z</time>
   </trkpt>
   <trkpt lat="10.3369020" lon="123.8520550">
    <ele>360.4</ele>
    <time>2026-04-09T02:47:11Z</time>
   </trkpt>
   <trkpt lat="10.3368920" lon="123.8521110">
    <ele>360.1</ele>
    <time>2026-04-09T02:47:13Z</time>
   </trkpt>
   <trkpt lat="10.3369150" lon="123.8521700">
    <ele>359.8</ele>
    <time>2026-04-09T02:47:18Z</time>
   </trkpt>
   <trkpt lat="10.3368780" lon="123.8521170">
    <ele>359.4</ele>
    <time>2026-04-09T02:47:29Z</time>
   </trkpt>
   <trkpt lat="10.3368880" lon="123.8520840">
    <ele>359.2</ele>
    <time>2026-04-09T02:47:33Z</time>
   </trkpt>
   <trkpt lat="10.3368490" lon="123.8520460">
    <ele>358.9</ele>
    <time>2026-04-09T02:47:34Z</time>
   </trkpt>
   <trkpt lat="10.3368390" lon="123.8520020">
    <ele>358.6</ele>
    <time>2026-04-09T02:47:35Z</time>
   </trkpt>
   <trkpt lat="10.3368960" lon="123.8518760">
    <ele>357.9</ele>
    <time>2026-04-09T02:47:38Z</time>
   </trkpt>
   <trkpt lat="10.3368540" lon="123.8519150">
    <ele>357.6</ele>
    <time>2026-04-09T02:47:41Z</time>
   </trkpt>
   <trkpt lat="10.3371190" lon="123.8521080">
    <ele>355.8</ele>
    <time>2026-04-09T02:47:48Z</time>
   </trkpt>
   <trkpt lat="10.3370610" lon="123.8520950">
    <ele>355.4</ele>
    <time>2026-04-09T02:47:52Z</time>
   </trkpt>
   <trkpt lat="10.3368440" lon="123.8519860">
    <ele>354.1</ele>
    <time>2026-04-09T02:47:57Z</time>
   </trkpt>
   <trkpt lat="10.3367910" lon="123.8519240">
    <ele>353.6</ele>
    <time>2026-04-09T02:48:01Z</time>
   </trkpt>
   <trkpt lat="10.3367690" lon="123.8520070">
    <ele>353.2</ele>
    <time>2026-04-09T02:48:10Z</time>
   </trkpt>
   <trkpt lat="10.3367570" lon="123.8520220">
    <ele>353.1</ele>
    <time>2026-04-09T02:48:11Z</time>
   </trkpt>
   <trkpt lat="10.3367350" lon="123.8520180">
    <ele>352.9</ele>
    <time>2026-04-09T02:48:13Z</time>
   </trkpt>
   <trkpt lat="10.3366990" lon="123.8519010">
    <ele>352.2</ele>
    <time>2026-04-09T02:48:25Z</time>
   </trkpt>
   <trkpt lat="10.3367180" lon="123.8519980">
    <ele>351.5</ele>
    <time>2026-04-09T02:49:01Z</time>
   </trkpt>
   <trkpt lat="10.3366880" lon="123.8520280">
    <ele>351.2</ele>
    <time>2026-04-09T02:49:27Z</time>
   </trkpt>
   <trkpt lat="10.3367930" lon="123.8516860">
    <ele>349.3</ele>
    <time>2026-04-09T03:10:07Z</time>
   </trkpt>
   <trkpt lat="10.3368170" lon="123.8516820">
    <ele>349.1</ele>
    <time>2026-04-09T03:10:13Z</time>
   </trkpt>
   <trkpt lat="10.3368270" lon="123.8517090">
    <ele>348.9</ele>
    <time>2026-04-09T03:10:19Z</time>
   </trkpt>
   <trkpt lat="10.3368360" lon="123.8516890">
    <ele>348.7</ele>
    <time>2026-04-09T03:10:29Z</time>
   </trkpt>
   <trkpt lat="10.3368380" lon="123.8517010">
    <ele>348.7</ele>
    <time>2026-04-09T03:10:31Z</time>
   </trkpt>
   <trkpt lat="10.3368600" lon="123.8517030">
    <ele>348.5</ele>
    <time>2026-04-09T03:10:38Z</time>
   </trkpt>
   <trkpt lat="10.3368300" lon="123.8517330">
    <ele>348.3</ele>
    <time>2026-04-09T03:11:52Z</time>
   </trkpt>
   <trkpt lat="10.3368340" lon="123.8518080">
    <ele>347.9</ele>
    <time>2026-04-09T03:12:02Z</time>
   </trkpt>
   <trkpt lat="10.3367770" lon="123.8518520">
    <ele>347.5</ele>
    <time>2026-04-09T03:12:12Z</time>
   </trkpt>
   <trkpt lat="10.3367900" lon="123.8518720">
    <ele>347.3</ele>
    <time>2026-04-09T03:12:20Z</time>
   </trkpt>
   <trkpt lat="10.3366590" lon="123.8518840">
    <ele>346.6</ele>
    <time>2026-04-09T03:12:42Z</time>
   </trkpt>
   <trkpt lat="10.3364970" lon="123.8518260">
    <ele>345.6</ele>
    <time>2026-04-09T03:13:04Z</time>
   </trkpt>
   <trkpt lat="10.3364390" lon="123.8518260">
    <ele>345.3</ele>
    <time>2026-04-09T03:13:10Z</time>
   </trkpt>
   <trkpt lat="10.3363970" lon="123.8518020">
    <ele>345.0</ele>
    <time>2026-04-09T03:13:16Z</time>
   </trkpt>
   <trkpt lat="10.3363670" lon="123.8518140">
    <ele>344.8</ele>
    <time>2026-04-09T03:13:20Z</time>
   </trkpt>
   <trkpt lat="10.3363080" lon="123.8518080">
    <ele>344.5</ele>
    <time>2026-04-09T03:13:25Z</time>
   </trkpt>
   <trkpt lat="10.3362860" lon="123.8518250">
    <ele>344.3</ele>
    <time>2026-04-09T03:13:28Z</time>
   </trkpt>
   <trkpt lat="10.3361670" lon="123.8518520">
    <ele>343.6</ele>
    <time>2026-04-09T03:13:39Z</time>
   </trkpt>
   <trkpt lat="10.3361000" lon="123.8519230">
    <ele>343.1</ele>
    <time>2026-04-09T03:13:51Z</time>
   </trkpt>
   <trkpt lat="10.3360710" lon="123.8519220">
    <ele>342.9</ele>
    <time>2026-04-09T03:13:56Z</time>
   </trkpt>
   <trkpt lat="10.3360420" lon="123.8519520">
    <ele>342.7</ele>
    <time>2026-04-09T03:14:00Z</time>
   </trkpt>
   <trkpt lat="10.3359780" lon="123.8519710">
    <ele>342.3</ele>
    <time>2026-04-09T03:14:07Z</time>
   </trkpt>
   <trkpt lat="10.3358870" lon="123.8520550">
    <ele>341.6</ele>
    <time>2026-04-09T03:14:19Z</time>
   </trkpt>
   <trkpt lat="10.3358320" lon="123.8521400">
    <ele>341.0</ele>
    <time>2026-04-09T03:14:25Z</time>
   </trkpt>
   <trkpt lat="10.3358170" lon="123.8522780">
    <ele>340.3</ele>
    <time>2026-04-09T03:14:39Z</time>
   </trkpt>
   <trkpt lat="10.3357770" lon="123.8523200">
    <ele>339.9</ele>
    <time>2026-04-09T03:14:51Z</time>
   </trkpt>
   <trkpt lat="10.3357670" lon="123.8523910">
    <ele>339.5</ele>
    <time>2026-04-09T03:15:00Z</time>
   </trkpt>
   <trkpt lat="10.3357240" lon="123.8524160">
    <ele>339.3</ele>
    <time>2026-04-09T03:15:04Z</time>
   </trkpt>
   <trkpt lat="10.3357060" lon="123.8524450">
    <ele>339.1</ele>
    <time>2026-04-09T03:15:10Z</time>
   </trkpt>
   <trkpt lat="10.3357170" lon="123.8524990">
    <ele>338.8</ele>
    <time>2026-04-09T03:15:15Z</time>
   </trkpt>
   <trkpt lat="10.3357090" lon="123.8526350">
    <ele>338.0</ele>
    <time>2026-04-09T03:15:26Z</time>
   </trkpt>
   <trkpt lat="10.3356960" lon="123.8527010">
    <ele>337.7</ele>
    <time>2026-04-09T03:15:32Z</time>
   </trkpt>
   <trkpt lat="10.3356660" lon="123.8527280">
    <ele>337.4</ele>
    <time>2026-04-09T03:15:37Z</time>
   </trkpt>
   <trkpt lat="10.3356590" lon="123.8527580">
    <ele>337.3</ele>
    <time>2026-04-09T03:15:42Z</time>
   </trkpt>
   <trkpt lat="10.3357330" lon="123.8529190">
    <ele>336.3</ele>
    <time>2026-04-09T03:16:01Z</time>
   </trkpt>
   <trkpt lat="10.3357680" lon="123.8529630">
    <ele>336.0</ele>
    <time>2026-04-09T03:16:08Z</time>
   </trkpt>
   <trkpt lat="10.3360250" lon="123.8532040">
    <ele>334.0</ele>
    <time>2026-04-09T03:16:45Z</time>
   </trkpt>
   <trkpt lat="10.3361050" lon="123.8533730">
    <ele>333.0</ele>
    <time>2026-04-09T03:17:05Z</time>
   </trkpt>
   <trkpt lat="10.3361690" lon="123.8536250">
    <ele>331.5</ele>
    <time>2026-04-09T03:17:31Z</time>
   </trkpt>
   <trkpt lat="10.3361600" lon="123.8537110">
    <ele>331.1</ele>
    <time>2026-04-09T03:17:41Z</time>
   </trkpt>
   <trkpt lat="10.3360940" lon="123.8537820">
    <ele>330.5</ele>
    <time>2026-04-09T03:17:50Z</time>
   </trkpt>
   <trkpt lat="10.3360240" lon="123.8539020">
    <ele>329.8</ele>
    <time>2026-04-09T03:18:03Z</time>
   </trkpt>
   <trkpt lat="10.3359270" lon="123.8541320">
    <ele>328.4</ele>
    <time>2026-04-09T03:18:30Z</time>
   </trkpt>
   <trkpt lat="10.3358580" lon="123.8542490">
    <ele>327.7</ele>
    <time>2026-04-09T03:18:42Z</time>
   </trkpt>
   <trkpt lat="10.3358120" lon="123.8544120">
    <ele>326.7</ele>
    <time>2026-04-09T03:18:57Z</time>
   </trkpt>
   <trkpt lat="10.3358200" lon="123.8545110">
    <ele>326.2</ele>
    <time>2026-04-09T03:19:04Z</time>
   </trkpt>
   <trkpt lat="10.3358050" lon="123.8545740">
    <ele>325.8</ele>
    <time>2026-04-09T03:19:12Z</time>
   </trkpt>
   <trkpt lat="10.3358330" lon="123.8546430">
    <ele>325.4</ele>
    <time>2026-04-09T03:19:21Z</time>
   </trkpt>
   <trkpt lat="10.3358530" lon="123.8547670">
    <ele>324.7</ele>
    <time>2026-04-09T03:19:33Z</time>
   </trkpt>
   <trkpt lat="10.3359040" lon="123.8548480">
    <ele>324.2</ele>
    <time>2026-04-09T03:19:43Z</time>
   </trkpt>
   <trkpt lat="10.3359190" lon="123.8550040">
    <ele>323.3</ele>
    <time>2026-04-09T03:19:57Z</time>
   </trkpt>
   <trkpt lat="10.3359610" lon="123.8551310">
    <ele>322.4</ele>
    <time>2026-04-09T03:20:09Z</time>
   </trkpt>
   <trkpt lat="10.3359720" lon="123.8552420">
    <ele>321.4</ele>
    <time>2026-04-09T03:20:26Z</time>
   </trkpt>
   <trkpt lat="10.3360100" lon="123.8553070">
    <ele>320.8</ele>
    <time>2026-04-09T03:20:35Z</time>
   </trkpt>
   <trkpt lat="10.3360290" lon="123.8553780">
    <ele>320.2</ele>
    <time>2026-04-09T03:20:43Z</time>
   </trkpt>
   <trkpt lat="10.3360410" lon="123.8555500">
    <ele>318.8</ele>
    <time>2026-04-09T03:21:01Z</time>
   </trkpt>
   <trkpt lat="10.3359750" lon="123.8556610">
    <ele>317.8</ele>
    <time>2026-04-09T03:21:13Z</time>
   </trkpt>
   <trkpt lat="10.3358500" lon="123.8557810">
    <ele>316.3</ele>
    <time>2026-04-09T03:21:29Z</time>
   </trkpt>
   <trkpt lat="10.3357880" lon="123.8557950">
    <ele>315.8</ele>
    <time>2026-04-09T03:21:35Z</time>
   </trkpt>
   <trkpt lat="10.3356990" lon="123.8557750">
    <ele>315.0</ele>
    <time>2026-04-09T03:21:45Z</time>
   </trkpt>
   <trkpt lat="10.3356210" lon="123.8557840">
    <ele>314.4</ele>
    <time>2026-04-09T03:21:53Z</time>
   </trkpt>
   <trkpt lat="10.3355530" lon="123.8559380">
    <ele>313.0</ele>
    <time>2026-04-09T03:22:08Z</time>
   </trkpt>
   <trkpt lat="10.3355530" lon="123.8559730">
    <ele>312.7</ele>
    <time>2026-04-09T03:22:12Z</time>
   </trkpt>
   <trkpt lat="10.3355720" lon="123.8559890">
    <ele>312.5</ele>
    <time>2026-04-09T03:22:15Z</time>
   </trkpt>
   <trkpt lat="10.3355390" lon="123.8560310">
    <ele>312.0</ele>
    <time>2026-04-09T03:22:21Z</time>
   </trkpt>
   <trkpt lat="10.3355440" lon="123.8560500">
    <ele>311.9</ele>
    <time>2026-04-09T03:22:23Z</time>
   </trkpt>
   <trkpt lat="10.3355120" lon="123.8560860">
    <ele>311.5</ele>
    <time>2026-04-09T03:22:27Z</time>
   </trkpt>
   <trkpt lat="10.3354520" lon="123.8562260">
    <ele>310.2</ele>
    <time>2026-04-09T03:22:45Z</time>
   </trkpt>
   <trkpt lat="10.3353440" lon="123.8563210">
    <ele>309.1</ele>
    <time>2026-04-09T03:22:59Z</time>
   </trkpt>
   <trkpt lat="10.3352520" lon="123.8564280">
    <ele>307.9</ele>
    <time>2026-04-09T03:23:12Z</time>
   </trkpt>
   <trkpt lat="10.3352270" lon="123.8564850">
    <ele>307.4</ele>
    <time>2026-04-09T03:23:18Z</time>
   </trkpt>
   <trkpt lat="10.3351840" lon="123.8565350">
    <ele>306.8</ele>
    <time>2026-04-09T03:23:29Z</time>
   </trkpt>
   <trkpt lat="10.3350320" lon="123.8565610">
    <ele>305.5</ele>
    <time>2026-04-09T03:23:43Z</time>
   </trkpt>
   <trkpt lat="10.3349420" lon="123.8566080">
    <ele>304.7</ele>
    <time>2026-04-09T03:23:52Z</time>
   </trkpt>
   <trkpt lat="10.3347390" lon="123.8566700">
    <ele>303.0</ele>
    <time>2026-04-09T03:24:14Z</time>
   </trkpt>
   <trkpt lat="10.3346600" lon="123.8566750">
    <ele>302.3</ele>
    <time>2026-04-09T03:24:23Z</time>
   </trkpt>
   <trkpt lat="10.3344680" lon="123.8567760">
    <ele>300.5</ele>
    <time>2026-04-09T03:24:41Z</time>
   </trkpt>
   <trkpt lat="10.3343240" lon="123.8568740">
    <ele>299.0</ele>
    <time>2026-04-09T03:24:57Z</time>
   </trkpt>
   <trkpt lat="10.3342720" lon="123.8569270">
    <ele>298.4</ele>
    <time>2026-04-09T03:25:05Z</time>
   </trkpt>
   <trkpt lat="10.3342500" lon="123.8573120">
    <ele>295.3</ele>
    <time>2026-04-09T03:25:43Z</time>
   </trkpt>
   <trkpt lat="10.3341740" lon="123.8574120">
    <ele>294.2</ele>
    <time>2026-04-09T03:25:57Z</time>
   </trkpt>
   <trkpt lat="10.3341200" lon="123.8575320">
    <ele>293.2</ele>
    <time>2026-04-09T03:26:09Z</time>
   </trkpt>
   <trkpt lat="10.3340740" lon="123.8577020">
    <ele>291.7</ele>
    <time>2026-04-09T03:26:25Z</time>
   </trkpt>
   <trkpt lat="10.3340830" lon="123.8577990">
    <ele>290.9</ele>
    <time>2026-04-09T03:26:34Z</time>
   </trkpt>
   <trkpt lat="10.3340680" lon="123.8579070">
    <ele>290.1</ele>
    <time>2026-04-09T03:26:42Z</time>
   </trkpt>
   <trkpt lat="10.3340130" lon="123.8580010">
    <ele>289.2</ele>
    <time>2026-04-09T03:26:49Z</time>
   </trkpt>
   <trkpt lat="10.3340640" lon="123.8580680">
    <ele>288.4</ele>
    <time>2026-04-09T03:26:59Z</time>
   </trkpt>
   <trkpt lat="10.3339910" lon="123.8580760">
    <ele>287.8</ele>
    <time>2026-04-09T03:27:07Z</time>
   </trkpt>
   <trkpt lat="10.3339090" lon="123.8581240">
    <ele>287.0</ele>
    <time>2026-04-09T03:27:13Z</time>
   </trkpt>
   <trkpt lat="10.3336940" lon="123.8580860">
    <ele>285.2</ele>
    <time>2026-04-09T03:27:29Z</time>
   </trkpt>
   <trkpt lat="10.3335440" lon="123.8581250">
    <ele>283.9</ele>
    <time>2026-04-09T03:27:47Z</time>
   </trkpt>
   <trkpt lat="10.3335120" lon="123.8581190">
    <ele>283.7</ele>
    <time>2026-04-09T03:27:51Z</time>
   </trkpt>
   <trkpt lat="10.3334710" lon="123.8580850">
    <ele>283.2</ele>
    <time>2026-04-09T03:27:55Z</time>
   </trkpt>
   <trkpt lat="10.3333550" lon="123.8580610">
    <ele>282.2</ele>
    <time>2026-04-09T03:28:05Z</time>
   </trkpt>
   <trkpt lat="10.3332960" lon="123.8580810">
    <ele>281.7</ele>
    <time>2026-04-09T03:28:11Z</time>
   </trkpt>
   <trkpt lat="10.3332520" lon="123.8580770">
    <ele>281.3</ele>
    <time>2026-04-09T03:28:16Z</time>
   </trkpt>
   <trkpt lat="10.3331850" lon="123.8580520">
    <ele>280.8</ele>
    <time>2026-04-09T03:28:23Z</time>
   </trkpt>
   <trkpt lat="10.3331620" lon="123.8580290">
    <ele>280.5</ele>
    <time>2026-04-09T03:28:26Z</time>
   </trkpt>
   <trkpt lat="10.3331240" lon="123.8580280">
    <ele>280.2</ele>
    <time>2026-04-09T03:28:30Z</time>
   </trkpt>
   <trkpt lat="10.3331150" lon="123.8579860">
    <ele>279.8</ele>
    <time>2026-04-09T03:28:35Z</time>
   </trkpt>
   <trkpt lat="10.3330850" lon="123.8579640">
    <ele>279.5</ele>
    <time>2026-04-09T03:28:39Z</time>
   </trkpt>
   <trkpt lat="10.3330450" lon="123.8578840">
    <ele>278.8</ele>
    <time>2026-04-09T03:28:50Z</time>
   </trkpt>
   <trkpt lat="10.3330070" lon="123.8578770">
    <ele>278.4</ele>
    <time>2026-04-09T03:28:55Z</time>
   </trkpt>
   <trkpt lat="10.3329600" lon="123.8577960">
    <ele>277.6</ele>
    <time>2026-04-09T03:29:07Z</time>
   </trkpt>
   <trkpt lat="10.3329230" lon="123.8577610">
    <ele>277.2</ele>
    <time>2026-04-09T03:29:13Z</time>
   </trkpt>
   <trkpt lat="10.3329040" lon="123.8576990">
    <ele>276.7</ele>
    <time>2026-04-09T03:29:21Z</time>
   </trkpt>
   <trkpt lat="10.3328760" lon="123.8576720">
    <ele>276.4</ele>
    <time>2026-04-09T03:29:26Z</time>
   </trkpt>
   <trkpt lat="10.3328550" lon="123.8575280">
    <ele>275.2</ele>
    <time>2026-04-09T03:29:42Z</time>
   </trkpt>
   <trkpt lat="10.3328200" lon="123.8574620">
    <ele>274.6</ele>
    <time>2026-04-09T03:29:51Z</time>
   </trkpt>
   <trkpt lat="10.3326790" lon="123.8572990">
    <ele>272.8</ele>
    <time>2026-04-09T03:30:23Z</time>
   </trkpt>
   <trkpt lat="10.3325730" lon="123.8572370">
    <ele>271.8</ele>
    <time>2026-04-09T03:30:39Z</time>
   </trkpt>
   <trkpt lat="10.3325320" lon="123.8571970">
    <ele>271.3</ele>
    <time>2026-04-09T03:30:44Z</time>
   </trkpt>
   <trkpt lat="10.3324640" lon="123.8571060">
    <ele>270.3</ele>
    <time>2026-04-09T03:31:00Z</time>
   </trkpt>
   <trkpt lat="10.3323750" lon="123.8570630">
    <ele>269.5</ele>
    <time>2026-04-09T03:31:10Z</time>
   </trkpt>
   <trkpt lat="10.3323340" lon="123.8570610">
    <ele>269.2</ele>
    <time>2026-04-09T03:31:14Z</time>
   </trkpt>
   <trkpt lat="10.3323130" lon="123.8570400">
    <ele>268.9</ele>
    <time>2026-04-09T03:31:18Z</time>
   </trkpt>
   <trkpt lat="10.3322290" lon="123.8570590">
    <ele>268.2</ele>
    <time>2026-04-09T03:31:28Z</time>
   </trkpt>
   <trkpt lat="10.3321570" lon="123.8570540">
    <ele>267.6</ele>
    <time>2026-04-09T03:31:33Z</time>
   </trkpt>
   <trkpt lat="10.3320410" lon="123.8571010">
    <ele>266.5</ele>
    <time>2026-04-09T03:31:44Z</time>
   </trkpt>
   <trkpt lat="10.3318700" lon="123.8571120">
    <ele>265.1</ele>
    <time>2026-04-09T03:32:00Z</time>
   </trkpt>
   <trkpt lat="10.3317540" lon="123.8571650">
    <ele>264.0</ele>
    <time>2026-04-09T03:32:13Z</time>
   </trkpt>
   <trkpt lat="10.3316310" lon="123.8571360">
    <ele>262.9</ele>
    <time>2026-04-09T03:32:22Z</time>
   </trkpt>
   <trkpt lat="10.3315680" lon="123.8571430">
    <ele>262.4</ele>
    <time>2026-04-09T03:32:30Z</time>
   </trkpt>
   <trkpt lat="10.3314580" lon="123.8572020">
    <ele>261.4</ele>
    <time>2026-04-09T03:32:40Z</time>
   </trkpt>
   <trkpt lat="10.3314190" lon="123.8573000">
    <ele>260.5</ele>
    <time>2026-04-09T03:32:52Z</time>
   </trkpt>
   <trkpt lat="10.3313780" lon="123.8573550">
    <ele>260.0</ele>
    <time>2026-04-09T03:32:59Z</time>
   </trkpt>
   <trkpt lat="10.3312340" lon="123.8574290">
    <ele>258.6</ele>
    <time>2026-04-09T03:33:16Z</time>
   </trkpt>
   <trkpt lat="10.3311720" lon="123.8574320">
    <ele>258.1</ele>
    <time>2026-04-09T03:33:21Z</time>
   </trkpt>
   <trkpt lat="10.3311580" lon="123.8574500">
    <ele>257.9</ele>
    <time>2026-04-09T03:33:25Z</time>
   </trkpt>
   <trkpt lat="10.3311110" lon="123.8574400">
    <ele>257.5</ele>
    <time>2026-04-09T03:33:31Z</time>
   </trkpt>
   <trkpt lat="10.3309570" lon="123.8575090">
    <ele>256.1</ele>
    <time>2026-04-09T03:33:47Z</time>
   </trkpt>
   <trkpt lat="10.3308600" lon="123.8575770">
    <ele>255.1</ele>
    <time>2026-04-09T03:33:58Z</time>
   </trkpt>
   <trkpt lat="10.3308390" lon="123.8576310">
    <ele>254.7</ele>
    <time>2026-04-09T03:34:04Z</time>
   </trkpt>
   <trkpt lat="10.3307680" lon="123.8577060">
    <ele>253.8</ele>
    <time>2026-04-09T03:34:16Z</time>
   </trkpt>
   <trkpt lat="10.3306350" lon="123.8577760">
    <ele>252.6</ele>
    <time>2026-04-09T03:34:31Z</time>
   </trkpt>
   <trkpt lat="10.3305550" lon="123.8578020">
    <ele>251.9</ele>
    <time>2026-04-09T03:34:40Z</time>
   </trkpt>
   <trkpt lat="10.3304050" lon="123.8579430">
    <ele>250.2</ele>
    <time>2026-04-09T03:34:57Z</time>
   </trkpt>
   <trkpt lat="10.3303840" lon="123.8579740">
    <ele>249.9</ele>
    <time>2026-04-09T03:35:02Z</time>
   </trkpt>
   <trkpt lat="10.3303780" lon="123.8580410">
    <ele>249.3</ele>
    <time>2026-04-09T03:35:10Z</time>
   </trkpt>
   <trkpt lat="10.3303440" lon="123.8580940">
    <ele>248.8</ele>
    <time>2026-04-09T03:35:16Z</time>
   </trkpt>
   <trkpt lat="10.3302500" lon="123.8581710">
    <ele>247.8</ele>
    <time>2026-04-09T03:35:27Z</time>
   </trkpt>
   <trkpt lat="10.3300980" lon="123.8582220">
    <ele>246.5</ele>
    <time>2026-04-09T03:35:42Z</time>
   </trkpt>
   <trkpt lat="10.3300490" lon="123.8582100">
    <ele>246.1</ele>
    <time>2026-04-09T03:35:47Z</time>
   </trkpt>
   <trkpt lat="10.3300220" lon="123.8581300">
    <ele>246.3</ele>
    <time>2026-04-09T03:35:53Z</time>
   </trkpt>
   <trkpt lat="10.3299800" lon="123.8580610">
    <ele>246.5</ele>
    <time>2026-04-09T03:36:02Z</time>
   </trkpt>
   <trkpt lat="10.3298900" lon="123.8580000">
    <ele>246.8</ele>
    <time>2026-04-09T03:36:16Z</time>
   </trkpt>
   <trkpt lat="10.3298920" lon="123.8579480">
    <ele>246.9</ele>
    <time>2026-04-09T03:36:22Z</time>
   </trkpt>
   <trkpt lat="10.3299030" lon="123.8579630">
    <ele>247.0</ele>
    <time>2026-04-09T03:36:27Z</time>
   </trkpt>
   <trkpt lat="10.3298730" lon="123.8579450">
    <ele>247.1</ele>
    <time>2026-04-09T03:36:31Z</time>
   </trkpt>
   <trkpt lat="10.3298500" lon="123.8578270">
    <ele>247.4</ele>
    <time>2026-04-09T03:36:43Z</time>
   </trkpt>
   <trkpt lat="10.3298220" lon="123.8577760">
    <ele>247.5</ele>
    <time>2026-04-09T03:36:48Z</time>
   </trkpt>
   <trkpt lat="10.3297930" lon="123.8577590">
    <ele>247.6</ele>
    <time>2026-04-09T03:36:51Z</time>
   </trkpt>
   <trkpt lat="10.3297750" lon="123.8577180">
    <ele>247.7</ele>
    <time>2026-04-09T03:36:56Z</time>
   </trkpt>
   <trkpt lat="10.3297310" lon="123.8576760">
    <ele>247.9</ele>
    <time>2026-04-09T03:37:03Z</time>
   </trkpt>
   <trkpt lat="10.3296500" lon="123.8576670">
    <ele>248.0</ele>
    <time>2026-04-09T03:37:09Z</time>
   </trkpt>
   <trkpt lat="10.3295710" lon="123.8577140">
    <ele>248.0</ele>
    <time>2026-04-09T03:37:20Z</time>
   </trkpt>
   <trkpt lat="10.3295110" lon="123.8577100">
    <ele>248.0</ele>
    <time>2026-04-09T03:37:26Z</time>
   </trkpt>
   <trkpt lat="10.3294320" lon="123.8577270">
    <ele>248.0</ele>
    <time>2026-04-09T03:37:35Z</time>
   </trkpt>
   <trkpt lat="10.3293520" lon="123.8577820">
    <ele>248.1</ele>
    <time>2026-04-09T03:37:46Z</time>
   </trkpt>
   <trkpt lat="10.3292790" lon="123.8579360">
    <ele>248.1</ele>
    <time>2026-04-09T03:38:06Z</time>
   </trkpt>
   <trkpt lat="10.3292220" lon="123.8579770">
    <ele>248.1</ele>
    <time>2026-04-09T03:38:11Z</time>
   </trkpt>
   <trkpt lat="10.3291080" lon="123.8580120">
    <ele>248.2</ele>
    <time>2026-04-09T03:38:20Z</time>
   </trkpt>
   <trkpt lat="10.3289920" lon="123.8579380">
    <ele>248.2</ele>
    <time>2026-04-09T03:38:33Z</time>
   </trkpt>
   <trkpt lat="10.3289030" lon="123.8579920">
    <ele>248.3</ele>
    <time>2026-04-09T03:38:44Z</time>
   </trkpt>
   <trkpt lat="10.3288570" lon="123.8580440">
    <ele>248.3</ele>
    <time>2026-04-09T03:38:51Z</time>
   </trkpt>
   <trkpt lat="10.3288190" lon="123.8581190">
    <ele>248.3</ele>
    <time>2026-04-09T03:38:59Z</time>
   </trkpt>
   <trkpt lat="10.3287600" lon="123.8581770">
    <ele>248.3</ele>
    <time>2026-04-09T03:39:06Z</time>
   </trkpt>
   <trkpt lat="10.3287370" lon="123.8582260">
    <ele>248.4</ele>
    <time>2026-04-09T03:39:11Z</time>
   </trkpt>
   <trkpt lat="10.3286680" lon="123.8582770">
    <ele>248.4</ele>
    <time>2026-04-09T03:39:18Z</time>
   </trkpt>
   <trkpt lat="10.3286850" lon="123.8584280">
    <ele>248.4</ele>
    <time>2026-04-09T03:39:33Z</time>
   </trkpt>
   <trkpt lat="10.3286310" lon="123.8584680">
    <ele>248.5</ele>
    <time>2026-04-09T03:39:39Z</time>
   </trkpt>
   <trkpt lat="10.3286380" lon="123.8585090">
    <ele>248.5</ele>
    <time>2026-04-09T03:39:43Z</time>
   </trkpt>
   <trkpt lat="10.3286200" lon="123.8585680">
    <ele>248.5</ele>
    <time>2026-04-09T03:39:48Z</time>
   </trkpt>
   <trkpt lat="10.3285710" lon="123.8585950">
    <ele>248.5</ele>
    <time>2026-04-09T03:39:56Z</time>
   </trkpt>
   <trkpt lat="10.3284910" lon="123.8585840">
    <ele>248.6</ele>
    <time>2026-04-09T03:40:07Z</time>
   </trkpt>
   <trkpt lat="10.3284620" lon="123.8586310">
    <ele>248.6</ele>
    <time>2026-04-09T03:40:12Z</time>
   </trkpt>
   <trkpt lat="10.3283600" lon="123.8586940">
    <ele>248.6</ele>
    <time>2026-04-09T03:40:21Z</time>
   </trkpt>
   <trkpt lat="10.3282740" lon="123.8588050">
    <ele>248.7</ele>
    <time>2026-04-09T03:40:34Z</time>
   </trkpt>
   <trkpt lat="10.3281650" lon="123.8590700">
    <ele>248.8</ele>
    <time>2026-04-09T03:41:00Z</time>
   </trkpt>
   <trkpt lat="10.3281270" lon="123.8591060">
    <ele>248.8</ele>
    <time>2026-04-09T03:41:05Z</time>
   </trkpt>
   <trkpt lat="10.3280260" lon="123.8591070">
    <ele>248.8</ele>
    <time>2026-04-09T03:41:14Z</time>
   </trkpt>
   <trkpt lat="10.3279970" lon="123.8590820">
    <ele>248.8</ele>
    <time>2026-04-09T03:41:18Z</time>
   </trkpt>
   <trkpt lat="10.3279370" lon="123.8590740">
    <ele>248.8</ele>
    <time>2026-04-09T03:41:25Z</time>
   </trkpt>
   <trkpt lat="10.3278340" lon="123.8591570">
    <ele>248.9</ele>
    <time>2026-04-09T03:41:36Z</time>
   </trkpt>
   <trkpt lat="10.3277080" lon="123.8591610">
    <ele>248.9</ele>
    <time>2026-04-09T03:41:48Z</time>
   </trkpt>
   <trkpt lat="10.3276330" lon="123.8591810">
    <ele>248.9</ele>
    <time>2026-04-09T03:41:55Z</time>
   </trkpt>
   <trkpt lat="10.3275170" lon="123.8592290">
    <ele>249.0</ele>
    <time>2026-04-09T03:42:07Z</time>
   </trkpt>
   <trkpt lat="10.3274490" lon="123.8592800">
    <ele>249.0</ele>
    <time>2026-04-09T03:42:18Z</time>
   </trkpt>
   <trkpt lat="10.3273750" lon="123.8592930">
    <ele>249.0</ele>
    <time>2026-04-09T03:42:37Z</time>
   </trkpt>
   <trkpt lat="10.3273300" lon="123.8593480">
    <ele>249.1</ele>
    <time>2026-04-09T03:42:45Z</time>
   </trkpt>
   <trkpt lat="10.3272890" lon="123.8593720">
    <ele>249.1</ele>
    <time>2026-04-09T03:42:50Z</time>
   </trkpt>
   <trkpt lat="10.3271680" lon="123.8594140">
    <ele>249.1</ele>
    <time>2026-04-09T03:43:02Z</time>
   </trkpt>
   <trkpt lat="10.3270590" lon="123.8594130">
    <ele>249.2</ele>
    <time>2026-04-09T03:43:11Z</time>
   </trkpt>
   <trkpt lat="10.3270010" lon="123.8594280">
    <ele>249.2</ele>
    <time>2026-04-09T03:43:16Z</time>
   </trkpt>
   <trkpt lat="10.3269340" lon="123.8594130">
    <ele>249.2</ele>
    <time>2026-04-09T03:43:23Z</time>
   </trkpt>
   <trkpt lat="10.3268960" lon="123.8594390">
    <ele>249.2</ele>
    <time>2026-04-09T03:43:27Z</time>
   </trkpt>
   <trkpt lat="10.3267780" lon="123.8594740">
    <ele>249.3</ele>
    <time>2026-04-09T03:43:39Z</time>
   </trkpt>
   <trkpt lat="10.3266500" lon="123.8594290">
    <ele>249.3</ele>
    <time>2026-04-09T03:43:50Z</time>
   </trkpt>
   <trkpt lat="10.3265530" lon="123.8594610">
    <ele>249.3</ele>
    <time>2026-04-09T03:44:01Z</time>
   </trkpt>
   <trkpt lat="10.3264700" lon="123.8594650">
    <ele>249.4</ele>
    <time>2026-04-09T03:44:09Z</time>
   </trkpt>
   <trkpt lat="10.3263350" lon="123.8593920">
    <ele>249.4</ele>
    <time>2026-04-09T03:44:24Z</time>
   </trkpt>
   <trkpt lat="10.3263250" lon="123.8593140">
    <ele>249.4</ele>
    <time>2026-04-09T03:44:31Z</time>
   </trkpt>
   <trkpt lat="10.3262770" lon="123.8592360">
    <ele>249.5</ele>
    <time>2026-04-09T03:44:39Z</time>
   </trkpt>
   <trkpt lat="10.3261320" lon="123.8590690">
    <ele>249.6</ele>
    <time>2026-04-09T03:45:00Z</time>
   </trkpt>
   <trkpt lat="10.3260610" lon="123.8590540">
    <ele>249.6</ele>
    <time>2026-04-09T03:45:07Z</time>
   </trkpt>
   <trkpt lat="10.3259370" lon="123.8590880">
    <ele>249.6</ele>
    <time>2026-04-09T03:45:18Z</time>
   </trkpt>
   <trkpt lat="10.3258450" lon="123.8589960">
    <ele>249.7</ele>
    <time>2026-04-09T03:45:30Z</time>
   </trkpt>
   <trkpt lat="10.3257940" lon="123.8589900">
    <ele>249.7</ele>
    <time>2026-04-09T03:45:34Z</time>
   </trkpt>
   <trkpt lat="10.3257240" lon="123.8590320">
    <ele>249.7</ele>
    <time>2026-04-09T03:45:43Z</time>
   </trkpt>
   <trkpt lat="10.3256630" lon="123.8590180">
    <ele>249.7</ele>
    <time>2026-04-09T03:45:51Z</time>
   </trkpt>
   <trkpt lat="10.3255070" lon="123.8590250">
    <ele>249.8</ele>
    <time>2026-04-09T03:46:05Z</time>
   </trkpt>
   <trkpt lat="10.3254410" lon="123.8589940">
    <ele>249.8</ele>
    <time>2026-04-09T03:46:11Z</time>
   </trkpt>
   <trkpt lat="10.3253620" lon="123.8589880">
    <ele>249.8</ele>
    <time>2026-04-09T03:46:19Z</time>
   </trkpt>
   <trkpt lat="10.3252520" lon="123.8589300">
    <ele>249.9</ele>
    <time>2026-04-09T03:46:29Z</time>
   </trkpt>
   <trkpt lat="10.3251100" lon="123.8589530">
    <ele>249.9</ele>
    <time>2026-04-09T03:46:41Z</time>
   </trkpt>
   <trkpt lat="10.3250540" lon="123.8589220">
    <ele>249.9</ele>
    <time>2026-04-09T03:46:48Z</time>
   </trkpt>
   <trkpt lat="10.3250230" lon="123.8589270">
    <ele>250.0</ele>
    <time>2026-04-09T03:46:53Z</time>
   </trkpt>
   <trkpt lat="10.3249760" lon="123.8589050">
    <ele>250.0</ele>
    <time>2026-04-09T03:46:59Z</time>
   </trkpt>
   <trkpt lat="10.3248880" lon="123.8589160">
    <ele>250.0</ele>
    <time>2026-04-09T03:47:08Z</time>
   </trkpt>
   <trkpt lat="10.3248330" lon="123.8589520">
    <ele>250.0</ele>
    <time>2026-04-09T03:47:16Z</time>
   </trkpt>
   <trkpt lat="10.3247660" lon="123.8589550">
    <ele>250.0</ele>
    <time>2026-04-09T03:47:25Z</time>
   </trkpt>
   <trkpt lat="10.3246980" lon="123.8590140">
    <ele>250.0</ele>
    <time>2026-04-09T03:47:36Z</time>
   </trkpt>
   <trkpt lat="10.3245780" lon="123.8590350">
    <ele>250.0</ele>
    <time>2026-04-09T03:47:45Z</time>
   </trkpt>
   <trkpt lat="10.3245200" lon="123.8590010">
    <ele>250.1</ele>
    <time>2026-04-09T03:47:52Z</time>
   </trkpt>
   <trkpt lat="10.3244730" lon="123.8590120">
    <ele>250.1</ele>
    <time>2026-04-09T03:47:58Z</time>
   </trkpt>
   <trkpt lat="10.3242740" lon="123.8591810">
    <ele>250.1</ele>
    <time>2026-04-09T03:48:23Z</time>
   </trkpt>
   <trkpt lat="10.3242400" lon="123.8591900">
    <ele>250.1</ele>
    <time>2026-04-09T03:48:26Z</time>
   </trkpt>
   <trkpt lat="10.3241650" lon="123.8591560">
    <ele>250.1</ele>
    <time>2026-04-09T03:48:33Z</time>
   </trkpt>
   <trkpt lat="10.3241050" lon="123.8591760">
    <ele>250.1</ele>
    <time>2026-04-09T03:48:37Z</time>
   </trkpt>
   <trkpt lat="10.3240260" lon="123.8591790">
    <ele>250.1</ele>
    <time>2026-04-09T03:48:45Z</time>
   </trkpt>
   <trkpt lat="10.3238930" lon="123.8590600">
    <ele>250.2</ele>
    <time>2026-04-09T03:49:03Z</time>
   </trkpt>
   <trkpt lat="10.3238150" lon="123.8590590">
    <ele>250.2</ele>
    <time>2026-04-09T03:49:11Z</time>
   </trkpt>
   <trkpt lat="10.3237890" lon="123.8590300">
    <ele>250.2</ele>
    <time>2026-04-09T03:49:15Z</time>
   </trkpt>
   <trkpt lat="10.3237290" lon="123.8590450">
    <ele>250.2</ele>
    <time>2026-04-09T03:49:21Z</time>
   </trkpt>
   <trkpt lat="10.3236150" lon="123.8590230">
    <ele>250.2</ele>
    <time>2026-04-09T03:49:35Z</time>
   </trkpt>
   <trkpt lat="10.3235370" lon="123.8590490">
    <ele>250.2</ele>
    <time>2026-04-09T03:49:43Z</time>
   </trkpt>
   <trkpt lat="10.3234260" lon="123.8590590">
    <ele>250.2</ele>
    <time>2026-04-09T03:49:54Z</time>
   </trkpt>
   <trkpt lat="10.3232970" lon="123.8589760">
    <ele>250.3</ele>
    <time>2026-04-09T03:50:09Z</time>
   </trkpt>
   <trkpt lat="10.3231990" lon="123.8589420">
    <ele>250.3</ele>
    <time>2026-04-09T03:50:22Z</time>
   </trkpt>
   <trkpt lat="10.3231000" lon="123.8589630">
    <ele>250.3</ele>
    <time>2026-04-09T03:50:34Z</time>
   </trkpt>
   <trkpt lat="10.3230680" lon="123.8590110">
    <ele>250.3</ele>
    <time>2026-04-09T03:50:46Z</time>
   </trkpt>
   <trkpt lat="10.3230220" lon="123.8591340">
    <ele>250.3</ele>
    <time>2026-04-09T03:50:56Z</time>
   </trkpt>
   <trkpt lat="10.3229930" lon="123.8591600">
    <ele>250.3</ele>
    <time>2026-04-09T03:51:00Z</time>
   </trkpt>
   <trkpt lat="10.3229580" lon="123.8591620">
    <ele>250.3</ele>
    <time>2026-04-09T03:51:05Z</time>
   </trkpt>
   <trkpt lat="10.3229090" lon="123.8591160">
    <ele>250.3</ele>
    <time>2026-04-09T03:51:12Z</time>
   </trkpt>
   <trkpt lat="10.3228630" lon="123.8591210">
    <ele>250.4</ele>
    <time>2026-04-09T03:51:19Z</time>
   </trkpt>
   <trkpt lat="10.3228520" lon="123.8590970">
    <ele>250.4</ele>
    <time>2026-04-09T03:51:22Z</time>
   </trkpt>
   <trkpt lat="10.3227970" lon="123.8590780">
    <ele>250.4</ele>
    <time>2026-04-09T03:51:28Z</time>
   </trkpt>
   <trkpt lat="10.3226740" lon="123.8591280">
    <ele>250.4</ele>
    <time>2026-04-09T03:51:40Z</time>
   </trkpt>
   <trkpt lat="10.3226570" lon="123.8591230">
    <ele>250.4</ele>
    <time>2026-04-09T03:51:42Z</time>
   </trkpt>
   <trkpt lat="10.3225730" lon="123.8590830">
    <ele>250.4</ele>
    <time>2026-04-09T03:51:53Z</time>
   </trkpt>
   <trkpt lat="10.3225330" lon="123.8589630">
    <ele>250.4</ele>
    <time>2026-04-09T03:52:09Z</time>
   </trkpt>
   <trkpt lat="10.3224570" lon="123.8589070">
    <ele>250.4</ele>
    <time>2026-04-09T03:52:21Z</time>
   </trkpt>
   <trkpt lat="10.3224900" lon="123.8588140">
    <ele>250.5</ele>
    <time>2026-04-09T03:52:34Z</time>
   </trkpt>
   <trkpt lat="10.3224710" lon="123.8587510">
    <ele>250.5</ele>
    <time>2026-04-09T03:52:40Z</time>
   </trkpt>
   <trkpt lat="10.3223710" lon="123.8586820">
    <ele>250.5</ele>
    <time>2026-04-09T03:52:51Z</time>
   </trkpt>
   <trkpt lat="10.3223180" lon="123.8586060">
    <ele>250.5</ele>
    <time>2026-04-09T03:53:00Z</time>
   </trkpt>
   <trkpt lat="10.3222180" lon="123.8585140">
    <ele>250.5</ele>
    <time>2026-04-09T03:53:14Z</time>
   </trkpt>
   <trkpt lat="10.3222050" lon="123.8584430">
    <ele>250.5</ele>
    <time>2026-04-09T03:53:20Z</time>
   </trkpt>
   <trkpt lat="10.3221530" lon="123.8584050">
    <ele>250.5</ele>
    <time>2026-04-09T03:53:27Z</time>
   </trkpt>
   <trkpt lat="10.3221590" lon="123.8582810">
    <ele>250.6</ele>
    <time>2026-04-09T03:53:38Z</time>
   </trkpt>
   <trkpt lat="10.3221060" lon="123.8581430">
    <ele>250.6</ele>
    <time>2026-04-09T03:53:53Z</time>
   </trkpt>
   <trkpt lat="10.3221040" lon="123.8580540">
    <ele>250.6</ele>
    <time>2026-04-09T03:54:01Z</time>
   </trkpt>
   <trkpt lat="10.3219830" lon="123.8578050">
    <ele>250.6</ele>
    <time>2026-04-09T03:54:27Z</time>
   </trkpt>
   <trkpt lat="10.3218620" lon="123.8576660">
    <ele>250.7</ele>
    <time>2026-04-09T03:54:43Z</time>
   </trkpt>
   <trkpt lat="10.3218170" lon="123.8576550">
    <ele>250.7</ele>
    <time>2026-04-09T03:54:48Z</time>
   </trkpt>
   <trkpt lat="10.3217700" lon="123.8576100">
    <ele>250.7</ele>
    <time>2026-04-09T03:54:54Z</time>
   </trkpt>
   <trkpt lat="10.3216900" lon="123.8576390">
    <ele>250.7</ele>
    <time>2026-04-09T03:55:02Z</time>
   </trkpt>
   <trkpt lat="10.3214870" lon="123.8577670">
    <ele>250.7</ele>
    <time>2026-04-09T03:55:28Z</time>
   </trkpt>
   <trkpt lat="10.3214060" lon="123.8577930">
    <ele>250.7</ele>
    <time>2026-04-09T03:55:37Z</time>
   </trkpt>
   <trkpt lat="10.3213280" lon="123.8577580">
    <ele>250.8</ele>
    <time>2026-04-09T03:55:46Z</time>
   </trkpt>
   <trkpt lat="10.3212440" lon="123.8577440">
    <ele>250.8</ele>
    <time>2026-04-09T03:55:53Z</time>
   </trkpt>
   <trkpt lat="10.3210010" lon="123.8577360">
    <ele>250.8</ele>
    <time>2026-04-09T03:56:17Z</time>
   </trkpt>
   <trkpt lat="10.3209760" lon="123.8577470">
    <ele>250.8</ele>
    <time>2026-04-09T03:56:20Z</time>
   </trkpt>
   <trkpt lat="10.3208720" lon="123.8577340">
    <ele>250.8</ele>
    <time>2026-04-09T03:56:31Z</time>
   </trkpt>
   <trkpt lat="10.3208360" lon="123.8577100">
    <ele>250.8</ele>
    <time>2026-04-09T03:56:36Z</time>
   </trkpt>
   <trkpt lat="10.3208080" lon="123.8576200">
    <ele>250.8</ele>
    <time>2026-04-09T03:56:49Z</time>
   </trkpt>
   <trkpt lat="10.3207470" lon="123.8575210">
    <ele>250.9</ele>
    <time>2026-04-09T03:56:58Z</time>
   </trkpt>
   <trkpt lat="10.3206140" lon="123.8574030">
    <ele>250.9</ele>
    <time>2026-04-09T03:57:18Z</time>
   </trkpt>
   <trkpt lat="10.3205110" lon="123.8572320">
    <ele>250.9</ele>
    <time>2026-04-09T03:57:35Z</time>
   </trkpt>
   <trkpt lat="10.3204590" lon="123.8571960">
    <ele>250.9</ele>
    <time>2026-04-09T03:57:41Z</time>
   </trkpt>
   <trkpt lat="10.3204050" lon="123.8571320">
    <ele>250.9</ele>
    <time>2026-04-09T03:57:47Z</time>
   </trkpt>
   <trkpt lat="10.3202920" lon="123.8571380">
    <ele>251.0</ele>
    <time>2026-04-09T03:57:59Z</time>
   </trkpt>
   <trkpt lat="10.3202600" lon="123.8570910">
    <ele>251.0</ele>
    <time>2026-04-09T03:58:05Z</time>
   </trkpt>
   <trkpt lat="10.3202190" lon="123.8570850">
    <ele>251.0</ele>
    <time>2026-04-09T03:58:10Z</time>
   </trkpt>
   <trkpt lat="10.3201810" lon="123.8570500">
    <ele>251.0</ele>
    <time>2026-04-09T03:58:16Z</time>
   </trkpt>
   <trkpt lat="10.3201810" lon="123.8570050">
    <ele>251.0</ele>
    <time>2026-04-09T03:58:23Z</time>
   </trkpt>
   <trkpt lat="10.3200770" lon="123.8570300">
    <ele>253.3</ele>
    <time>2026-04-09T03:58:41Z</time>
   </trkpt>
   <trkpt lat="10.3200400" lon="123.8571070">
    <ele>255.6</ele>
    <time>2026-04-09T03:58:54Z</time>
   </trkpt>
   <trkpt lat="10.3199690" lon="123.8571560">
    <ele>257.8</ele>
    <time>2026-04-09T03:59:06Z</time>
   </trkpt>
   <trkpt lat="10.3199510" lon="123.8572090">
    <ele>259.3</ele>
    <time>2026-04-09T03:59:14Z</time>
   </trkpt>
   <trkpt lat="10.3199060" lon="123.8572160">
    <ele>260.6</ele>
    <time>2026-04-09T03:59:24Z</time>
   </trkpt>
   <trkpt lat="10.3198060" lon="123.8573200">
    <ele>264.3</ele>
    <time>2026-04-09T03:59:49Z</time>
   </trkpt>
   <trkpt lat="10.3197780" lon="123.8573040">
    <ele>265.1</ele>
    <time>2026-04-09T03:59:56Z</time>
   </trkpt>
   <trkpt lat="10.3197240" lon="123.8573310">
    <ele>266.7</ele>
    <time>2026-04-09T04:00:04Z</time>
   </trkpt>
   <trkpt lat="10.3196960" lon="123.8573060">
    <ele>267.7</ele>
    <time>2026-04-09T04:00:08Z</time>
   </trkpt>
   <trkpt lat="10.3196700" lon="123.8572570">
    <ele>269.1</ele>
    <time>2026-04-09T04:00:15Z</time>
   </trkpt>
   <trkpt lat="10.3196650" lon="123.8571670">
    <ele>271.6</ele>
    <time>2026-04-09T04:00:27Z</time>
   </trkpt>
   <trkpt lat="10.3196500" lon="123.8571850">
    <ele>272.3</ele>
    <time>2026-04-09T04:00:30Z</time>
   </trkpt>
   <trkpt lat="10.3196460" lon="123.8572640">
    <ele>274.7</ele>
    <time>2026-04-09T04:00:41Z</time>
   </trkpt>
   <trkpt lat="10.3196020" lon="123.8573390">
    <ele>277.3</ele>
    <time>2026-04-09T04:00:53Z</time>
   </trkpt>
   <trkpt lat="10.3196190" lon="123.8573760">
    <ele>278.6</ele>
    <time>2026-04-09T04:01:39Z</time>
   </trkpt>
   <trkpt lat="10.3195680" lon="123.8574300">
    <ele>280.9</ele>
    <time>2026-04-09T04:01:49Z</time>
   </trkpt>
   <trkpt lat="10.3194230" lon="123.8577390">
    <ele>291.4</ele>
    <time>2026-04-09T04:02:37Z</time>
   </trkpt>
   <trkpt lat="10.3194080" lon="123.8578230">
    <ele>293.9</ele>
    <time>2026-04-09T04:02:47Z</time>
   </trkpt>
   <trkpt lat="10.3193820" lon="123.8578600">
    <ele>295.2</ele>
    <time>2026-04-09T04:02:53Z</time>
   </trkpt>
   <trkpt lat="10.3193790" lon="123.8578930">
    <ele>296.2</ele>
    <time>2026-04-09T04:02:59Z</time>
   </trkpt>
   <trkpt lat="10.3194000" lon="123.8579110">
    <ele>297.1</ele>
    <time>2026-04-09T04:03:05Z</time>
   </trkpt>
   <trkpt lat="10.3193750" lon="123.8579390">
    <ele>298.3</ele>
    <time>2026-04-09T04:03:26Z</time>
   </trkpt>
   <trkpt lat="10.3193690" lon="123.8580150">
    <ele>300.6</ele>
    <time>2026-04-09T04:03:57Z</time>
   </trkpt>
   <trkpt lat="10.3192830" lon="123.8580300">
    <ele>303.3</ele>
    <time>2026-04-09T04:04:06Z</time>
   </trkpt>
   <trkpt lat="10.3191450" lon="123.8579740">
    <ele>307.8</ele>
    <time>2026-04-09T04:04:21Z</time>
   </trkpt>
   <trkpt lat="10.3190640" lon="123.8580010">
    <ele>309.9</ele>
    <time>2026-04-09T04:04:29Z</time>
   </trkpt>
   <trkpt lat="10.3187350" lon="123.8580400">
    <ele>308.0</ele>
    <time>2026-04-09T04:04:58Z</time>
   </trkpt>
   <trkpt lat="10.3186800" lon="123.8580210">
    <ele>307.7</ele>
    <time>2026-04-09T04:05:04Z</time>
   </trkpt>
   <trkpt lat="10.3186750" lon="123.8579890">
    <ele>307.5</ele>
    <time>2026-04-09T04:05:08Z</time>
   </trkpt>
   <trkpt lat="10.3186730" lon="123.8580220">
    <ele>307.3</ele>
    <time>2026-04-09T04:05:18Z</time>
   </trkpt>
   <trkpt lat="10.3186790" lon="123.8579810">
    <ele>307.1</ele>
    <time>2026-04-09T04:12:57Z</time>
   </trkpt>
   <trkpt lat="10.3186920" lon="123.8580360">
    <ele>306.7</ele>
    <time>2026-04-09T04:29:43Z</time>
   </trkpt>
   <trkpt lat="10.3187200" lon="123.8580640">
    <ele>306.5</ele>
    <time>2026-04-09T04:30:32Z</time>
   </trkpt>
   <trkpt lat="10.3186730" lon="123.8580070">
    <ele>306.0</ele>
    <time>2026-04-09T04:30:49Z</time>
   </trkpt>
   <trkpt lat="10.3187000" lon="123.8580120">
    <ele>306.0</ele>
    <time>2026-04-09T04:31:49Z</time>
   </trkpt>
   <trkpt lat="10.3188150" lon="123.8580420">
    <ele>306.0</ele>
    <time>2026-04-09T04:32:05Z</time>
   </trkpt>
   <trkpt lat="10.3188230" lon="123.8580840">
    <ele>305.7</ele>
    <time>2026-04-09T04:32:10Z</time>
   </trkpt>
   <trkpt lat="10.3187920" lon="123.8581630">
    <ele>304.5</ele>
    <time>2026-04-09T04:32:22Z</time>
   </trkpt>
   <trkpt lat="10.3187520" lon="123.8582050">
    <ele>303.6</ele>
    <time>2026-04-09T04:32:31Z</time>
   </trkpt>
   <trkpt lat="10.3187150" lon="123.8583680">
    <ele>301.2</ele>
    <time>2026-04-09T04:33:02Z</time>
   </trkpt>
   <trkpt lat="10.3187450" lon="123.8584370">
    <ele>300.1</ele>
    <time>2026-04-09T04:33:13Z</time>
   </trkpt>
   <trkpt lat="10.3186520" lon="123.8586330">
    <ele>297.0</ele>
    <time>2026-04-09T04:33:37Z</time>
   </trkpt>
   <trkpt lat="10.3185980" lon="123.8586730">
    <ele>296.1</ele>
    <time>2026-04-09T04:33:47Z</time>
   </trkpt>
   <trkpt lat="10.3185400" lon="123.8586810">
    <ele>295.2</ele>
    <time>2026-04-09T04:33:55Z</time>
   </trkpt>
   <trkpt lat="10.3185250" lon="123.8587120">
    <ele>294.7</ele>
    <time>2026-04-09T04:34:01Z</time>
   </trkpt>
   <trkpt lat="10.3184340" lon="123.8587430">
    <ele>293.3</ele>
    <time>2026-04-09T04:34:16Z</time>
   </trkpt>
   <trkpt lat="10.3183150" lon="123.8588690">
    <ele>290.8</ele>
    <time>2026-04-09T04:34:38Z</time>
   </trkpt>
   <trkpt lat="10.3182390" lon="123.8589260">
    <ele>289.5</ele>
    <time>2026-04-09T04:34:52Z</time>
   </trkpt>
   <trkpt lat="10.3182110" lon="123.8589320">
    <ele>289.0</ele>
    <time>2026-04-09T04:34:59Z</time>
   </trkpt>
   <trkpt lat="10.3180920" lon="123.8591220">
    <ele>285.8</ele>
    <time>2026-04-09T04:35:27Z</time>
   </trkpt>
   <trkpt lat="10.3180970" lon="123.8592070">
    <ele>284.6</ele>
    <time>2026-04-09T04:35:36Z</time>
   </trkpt>
   <trkpt lat="10.3180780" lon="123.8592590">
    <ele>283.8</ele>
    <time>2026-04-09T04:35:43Z</time>
   </trkpt>
   <trkpt lat="10.3180610" lon="123.8594010">
    <ele>281.8</ele>
    <time>2026-04-09T04:35:54Z</time>
   </trkpt>
   <trkpt lat="10.3180050" lon="123.8594280">
    <ele>280.8</ele>
    <time>2026-04-09T04:36:05Z</time>
   </trkpt>
   <trkpt lat="10.3179640" lon="123.8594790">
    <ele>279.9</ele>
    <time>2026-04-09T04:36:11Z</time>
   </trkpt>
   <trkpt lat="10.3179540" lon="123.8595160">
    <ele>279.4</ele>
    <time>2026-04-09T04:36:15Z</time>
   </trkpt>
   <trkpt lat="10.3179090" lon="123.8595720">
    <ele>278.3</ele>
    <time>2026-04-09T04:36:22Z</time>
   </trkpt>
   <trkpt lat="10.3178900" lon="123.8596380">
    <ele>277.4</ele>
    <time>2026-04-09T04:36:30Z</time>
   </trkpt>
   <trkpt lat="10.3177890" lon="123.8597690">
    <ele>275.0</ele>
    <time>2026-04-09T04:36:46Z</time>
   </trkpt>
   <trkpt lat="10.3177410" lon="123.8598630">
    <ele>273.5</ele>
    <time>2026-04-09T04:36:58Z</time>
   </trkpt>
   <trkpt lat="10.3177060" lon="123.8598880">
    <ele>272.9</ele>
    <time>2026-04-09T04:37:08Z</time>
   </trkpt>
   <trkpt lat="10.3176940" lon="123.8599300">
    <ele>272.3</ele>
    <time>2026-04-09T04:37:14Z</time>
   </trkpt>
   <trkpt lat="10.3173980" lon="123.8600750">
    <ele>267.5</ele>
    <time>2026-04-09T04:37:56Z</time>
   </trkpt>
   <trkpt lat="10.3173550" lon="123.8601330">
    <ele>266.4</ele>
    <time>2026-04-09T04:38:06Z</time>
   </trkpt>
   <trkpt lat="10.3172880" lon="123.8601870">
    <ele>265.2</ele>
    <time>2026-04-09T04:38:15Z</time>
   </trkpt>
   <trkpt lat="10.3172220" lon="123.8602160">
    <ele>264.2</ele>
    <time>2026-04-09T04:38:22Z</time>
   </trkpt>
   <trkpt lat="10.3171500" lon="123.8602930">
    <ele>262.7</ele>
    <time>2026-04-09T04:38:32Z</time>
   </trkpt>
   <trkpt lat="10.3170650" lon="123.8603220">
    <ele>261.4</ele>
    <time>2026-04-09T04:38:44Z</time>
   </trkpt>
   <trkpt lat="10.3169620" lon="123.8604460">
    <ele>259.1</ele>
    <time>2026-04-09T04:39:02Z</time>
   </trkpt>
   <trkpt lat="10.3169130" lon="123.8605380">
    <ele>257.6</ele>
    <time>2026-04-09T04:39:14Z</time>
   </trkpt>
   <trkpt lat="10.3168670" lon="123.8605800">
    <ele>256.7</ele>
    <time>2026-04-09T04:39:26Z</time>
   </trkpt>
   <trkpt lat="10.3168570" lon="123.8606750">
    <ele>255.3</ele>
    <time>2026-04-09T04:39:41Z</time>
   </trkpt>
   <trkpt lat="10.3167120" lon="123.8608000">
    <ele>250.0</ele>
    <time>2026-04-09T04:40:01Z</time>
   </trkpt>
   <trkpt lat="10.3165850" lon="123.8609590">
    <ele>241.5</ele>
    <time>2026-04-09T04:40:19Z</time>
   </trkpt>
   <trkpt lat="10.3165190" lon="123.8610110">
    <ele>238.0</ele>
    <time>2026-04-09T04:40:28Z</time>
   </trkpt>
   <trkpt lat="10.3164900" lon="123.8610160">
    <ele>236.7</ele>
    <time>2026-04-09T04:40:32Z</time>
   </trkpt>
   <trkpt lat="10.3164570" lon="123.8610700">
    <ele>234.0</ele>
    <time>2026-04-09T04:40:41Z</time>
   </trkpt>
   <trkpt lat="10.3163310" lon="123.8611980">
    <ele>226.4</ele>
    <time>2026-04-09T04:41:07Z</time>
   </trkpt>
   <trkpt lat="10.3162910" lon="123.8612030">
    <ele>224.6</ele>
    <time>2026-04-09T04:41:13Z</time>
   </trkpt>
   <trkpt lat="10.3161670" lon="123.8612760">
    <ele>218.4</ele>
    <time>2026-04-09T04:41:38Z</time>
   </trkpt>
   <trkpt lat="10.3161380" lon="123.8613210">
    <ele>216.1</ele>
    <time>2026-04-09T04:41:47Z</time>
   </trkpt>
   <trkpt lat="10.3161150" lon="123.8613200">
    <ele>215.1</ele>
    <time>2026-04-09T04:41:52Z</time>
   </trkpt>
   <trkpt lat="10.3160530" lon="123.8613610">
    <ele>212.0</ele>
    <time>2026-04-09T04:42:04Z</time>
   </trkpt>
   <trkpt lat="10.3159810" lon="123.8614300">
    <ele>207.8</ele>
    <time>2026-04-09T04:42:17Z</time>
   </trkpt>
   <trkpt lat="10.3159770" lon="123.8614570">
    <ele>206.6</ele>
    <time>2026-04-09T04:42:22Z</time>
   </trkpt>
   <trkpt lat="10.3159440" lon="123.8614750">
    <ele>205.0</ele>
    <time>2026-04-09T04:42:28Z</time>
   </trkpt>
   <trkpt lat="10.3158470" lon="123.8616210">
    <ele>197.6</ele>
    <time>2026-04-09T04:42:57Z</time>
   </trkpt>
   <trkpt lat="10.3157740" lon="123.8616740">
    <ele>193.7</ele>
    <time>2026-04-09T04:43:10Z</time>
   </trkpt>
   <trkpt lat="10.3156680" lon="123.8617240">
    <ele>191.4</ele>
    <time>2026-04-09T04:43:22Z</time>
   </trkpt>
   <trkpt lat="10.3155360" lon="123.8617530">
    <ele>189.3</ele>
    <time>2026-04-09T04:43:35Z</time>
   </trkpt>
   <trkpt lat="10.3154520" lon="123.8618020">
    <ele>187.8</ele>
    <time>2026-04-09T04:43:44Z</time>
   </trkpt>
   <trkpt lat="10.3154030" lon="123.8618140">
    <ele>187.0</ele>
    <time>2026-04-09T04:43:50Z</time>
   </trkpt>
   <trkpt lat="10.3153310" lon="123.8618090">
    <ele>185.8</ele>
    <time>2026-04-09T04:44:02Z</time>
   </trkpt>
   <trkpt lat="10.3152000" lon="123.8618440">
    <ele>183.7</ele>
    <time>2026-04-09T04:44:21Z</time>
   </trkpt>
   <trkpt lat="10.3150790" lon="123.8619400">
    <ele>181.3</ele>
    <time>2026-04-09T04:44:34Z</time>
   </trkpt>
   <trkpt lat="10.3150530" lon="123.8619780">
    <ele>180.6</ele>
    <time>2026-04-09T04:44:38Z</time>
   </trkpt>
   <trkpt lat="10.3149990" lon="123.8620070">
    <ele>179.6</ele>
    <time>2026-04-09T04:44:45Z</time>
   </trkpt>
   <trkpt lat="10.3149030" lon="123.8619880">
    <ele>178.1</ele>
    <time>2026-04-09T04:44:56Z</time>
   </trkpt>
   <trkpt lat="10.3147930" lon="123.8620120">
    <ele>176.3</ele>
    <time>2026-04-09T04:45:08Z</time>
   </trkpt>
   <trkpt lat="10.3146690" lon="123.8620100">
    <ele>174.3</ele>
    <time>2026-04-09T04:45:23Z</time>
   </trkpt>
   <trkpt lat="10.3145320" lon="123.8620560">
    <ele>172.1</ele>
    <time>2026-04-09T04:45:35Z</time>
   </trkpt>
   <trkpt lat="10.3144670" lon="123.8620960">
    <ele>170.9</ele>
    <time>2026-04-09T04:45:42Z</time>
   </trkpt>
   <trkpt lat="10.3143180" lon="123.8620910">
    <ele>168.5</ele>
    <time>2026-04-09T04:45:58Z</time>
   </trkpt>
   <trkpt lat="10.3142310" lon="123.8621080">
    <ele>167.1</ele>
    <time>2026-04-09T04:46:08Z</time>
   </trkpt>
   <trkpt lat="10.3141830" lon="123.8621400">
    <ele>166.2</ele>
    <time>2026-04-09T04:46:16Z</time>
   </trkpt>
   <trkpt lat="10.3141750" lon="123.8621270">
    <ele>166.0</ele>
    <time>2026-04-09T04:46:23Z</time>
   </trkpt>
   <trkpt lat="10.3141200" lon="123.8621970">
    <ele>165.0</ele>
    <time>2026-04-09T04:49:44Z</time>
   </trkpt>
   <trkpt lat="10.3141520" lon="123.8622800">
    <ele>164.0</ele>
    <time>2026-04-09T04:50:00Z</time>
   </trkpt>
   <trkpt lat="10.3141520" lon="123.8623580">
    <ele>163.2</ele>
    <time>2026-04-09T04:50:09Z</time>
   </trkpt>
   <trkpt lat="10.3141280" lon="123.8624190">
    <ele>162.5</ele>
    <time>2026-04-09T04:50:20Z</time>
   </trkpt>
   <trkpt lat="10.3141380" lon="123.8624860">
    <ele>161.8</ele>
    <time>2026-04-09T04:50:28Z</time>
   </trkpt>
   <trkpt lat="10.3141610" lon="123.8625280">
    <ele>161.3</ele>
    <time>2026-04-09T04:50:33Z</time>
   </trkpt>
   <trkpt lat="10.3141980" lon="123.8625570">
    <ele>160.8</ele>
    <time>2026-04-09T04:50:40Z</time>
   </trkpt>
   <trkpt lat="10.3142400" lon="123.8627400">
    <ele>158.9</ele>
    <time>2026-04-09T04:50:57Z</time>
   </trkpt>
   <trkpt lat="10.3142360" lon="123.8629800">
    <ele>156.4</ele>
    <time>2026-04-09T04:51:20Z</time>
   </trkpt>
   <trkpt lat="10.3141960" lon="123.8630830">
    <ele>155.2</ele>
    <time>2026-04-09T04:51:32Z</time>
   </trkpt>
   <trkpt lat="10.3141100" lon="123.8631690">
    <ele>153.9</ele>
    <time>2026-04-09T04:51:49Z</time>
   </trkpt>
   <trkpt lat="10.3141110" lon="123.8632530">
    <ele>153.1</ele>
    <time>2026-04-09T04:52:01Z</time>
   </trkpt>
   <trkpt lat="10.3140310" lon="123.8633760">
    <ele>151.5</ele>
    <time>2026-04-09T04:52:17Z</time>
   </trkpt>
   <trkpt lat="10.3140250" lon="123.8634170">
    <ele>151.1</ele>
    <time>2026-04-09T04:52:24Z</time>
   </trkpt>
   <trkpt lat="10.3139410" lon="123.8635240">
    <ele>149.6</ele>
    <time>2026-04-09T04:52:39Z</time>
   </trkpt>
   <trkpt lat="10.3138770" lon="123.8635530">
    <ele>148.9</ele>
    <time>2026-04-09T04:52:50Z</time>
   </trkpt>
   <trkpt lat="10.3138600" lon="123.8635760">
    <ele>148.6</ele>
    <time>2026-04-09T04:52:54Z</time>
   </trkpt>
   <trkpt lat="10.3138200" lon="123.8636780">
    <ele>147.5</ele>
    <time>2026-04-09T04:53:04Z</time>
   </trkpt>
   <trkpt lat="10.3137850" lon="123.8637270">
    <ele>146.8</ele>
    <time>2026-04-09T04:53:10Z</time>
   </trkpt>
   <trkpt lat="10.3137930" lon="123.8637770">
    <ele>146.3</ele>
    <time>2026-04-09T04:53:14Z</time>
   </trkpt>
   <trkpt lat="10.3137720" lon="123.8638320">
    <ele>145.7</ele>
    <time>2026-04-09T04:53:19Z</time>
   </trkpt>
   <trkpt lat="10.3137210" lon="123.8639170">
    <ele>144.7</ele>
    <time>2026-04-09T04:53:27Z</time>
   </trkpt>
   <trkpt lat="10.3136780" lon="123.8639460">
    <ele>144.1</ele>
    <time>2026-04-09T04:53:32Z</time>
   </trkpt>
   <trkpt lat="10.3136660" lon="123.8639780">
    <ele>143.8</ele>
    <time>2026-04-09T04:53:35Z</time>
   </trkpt>
   <trkpt lat="10.3136880" lon="123.8640440">
    <ele>142.9</ele>
    <time>2026-04-09T04:53:52Z</time>
   </trkpt>
   <trkpt lat="10.3137480" lon="123.8641090">
    <ele>142.0</ele>
    <time>2026-04-09T04:54:06Z</time>
   </trkpt>
   <trkpt lat="10.3137670" lon="123.8641640">
    <ele>141.4</ele>
    <time>2026-04-09T04:54:17Z</time>
   </trkpt>
   <trkpt lat="10.3137040" lon="123.8642690">
    <ele>140.1</ele>
    <time>2026-04-09T04:54:29Z</time>
   </trkpt>
   <trkpt lat="10.3137090" lon="123.8643040">
    <ele>139.7</ele>
    <time>2026-04-09T04:54:36Z</time>
   </trkpt>
   <trkpt lat="10.3137560" lon="123.8643090">
    <ele>139.2</ele>
    <time>2026-04-09T04:54:43Z</time>
   </trkpt>
   <trkpt lat="10.3137870" lon="123.8642900">
    <ele>138.8</ele>
    <time>2026-04-09T04:54:49Z</time>
   </trkpt>
   <trkpt lat="10.3138980" lon="123.8642820">
    <ele>137.6</ele>
    <time>2026-04-09T04:55:07Z</time>
   </trkpt>
   <trkpt lat="10.3139380" lon="123.8642570">
    <ele>137.1</ele>
    <time>2026-04-09T04:55:12Z</time>
   </trkpt>
   <trkpt lat="10.3139540" lon="123.8642610">
    <ele>137.0</ele>
    <time>2026-04-09T04:55:16Z</time>
   </trkpt>
   <trkpt lat="10.3139350" lon="123.8643820">
    <ele>135.7</ele>
    <time>2026-04-09T04:55:34Z</time>
   </trkpt>
   <trkpt lat="10.3139080" lon="123.8644260">
    <ele>135.1</ele>
    <time>2026-04-09T04:55:41Z</time>
   </trkpt>
   <trkpt lat="10.3139160" lon="123.8645060">
    <ele>134.2</ele>
    <time>2026-04-09T04:55:56Z</time>
   </trkpt>
   <trkpt lat="10.3138870" lon="123.8645720">
    <ele>133.5</ele>
    <time>2026-04-09T04:56:04Z</time>
   </trkpt>
   <trkpt lat="10.3138840" lon="123.8646160">
    <ele>133.0</ele>
    <time>2026-04-09T04:56:10Z</time>
   </trkpt>
   <trkpt lat="10.3138510" lon="123.8646540">
    <ele>132.5</ele>
    <time>2026-04-09T04:56:17Z</time>
   </trkpt>
   <trkpt lat="10.3138560" lon="123.8646740">
    <ele>132.2</ele>
    <time>2026-04-09T04:56:21Z</time>
   </trkpt>
   <trkpt lat="10.3138850" lon="123.8646870">
    <ele>131.9</ele>
    <time>2026-04-09T04:56:26Z</time>
   </trkpt>
   <trkpt lat="10.3138740" lon="123.8647360">
    <ele>131.3</ele>
    <time>2026-04-09T04:56:37Z</time>
   </trkpt>
   <trkpt lat="10.3138310" lon="123.8648050">
    <ele>130.5</ele>
    <time>2026-04-09T04:56:46Z</time>
   </trkpt>
   <trkpt lat="10.3138560" lon="123.8648770">
    <ele>129.7</ele>
    <time>2026-04-09T04:56:54Z</time>
   </trkpt>
   <trkpt lat="10.3138570" lon="123.8649300">
    <ele>129.1</ele>
    <time>2026-04-09T04:57:01Z</time>
   </trkpt>
   <trkpt lat="10.3138890" lon="123.8649610">
    <ele>128.6</ele>
    <time>2026-04-09T04:57:07Z</time>
   </trkpt>
   <trkpt lat="10.3139380" lon="123.8650720">
    <ele>127.4</ele>
    <time>2026-04-09T04:57:17Z</time>
   </trkpt>
   <trkpt lat="10.3140890" lon="123.8651570">
    <ele>125.5</ele>
    <time>2026-04-09T04:57:34Z</time>
   </trkpt>
   <trkpt lat="10.3140950" lon="123.8651820">
    <ele>125.3</ele>
    <time>2026-04-09T04:57:38Z</time>
   </trkpt>
   <trkpt lat="10.3140550" lon="123.8652950">
    <ele>124.0</ele>
    <time>2026-04-09T04:57:52Z</time>
   </trkpt>
   <trkpt lat="10.3140630" lon="123.8653250">
    <ele>123.6</ele>
    <time>2026-04-09T04:58:02Z</time>
   </trkpt>
   <trkpt lat="10.3140510" lon="123.8653130">
    <ele>123.5</ele>
    <time>2026-04-09T04:59:57Z</time>
   </trkpt>
   <trkpt lat="10.3140600" lon="123.8653340">
    <ele>123.2</ele>
    <time>2026-04-09T05:00:00Z</time>
   </trkpt>
   <trkpt lat="10.3140860" lon="123.8653590">
    <ele>122.8</ele>
    <time>2026-04-09T05:00:04Z</time>
   </trkpt>
   <trkpt lat="10.3141770" lon="123.8653930">
    <ele>121.8</ele>
    <time>2026-04-09T05:00:15Z</time>
   </trkpt>
   <trkpt lat="10.3142570" lon="123.8654850">
    <ele>120.5</ele>
    <time>2026-04-09T05:00:26Z</time>
   </trkpt>
   <trkpt lat="10.3143090" lon="123.8654990">
    <ele>119.9</ele>
    <time>2026-04-09T05:00:32Z</time>
   </trkpt>
   <trkpt lat="10.3143550" lon="123.8655310">
    <ele>119.4</ele>
    <time>2026-04-09T05:00:37Z</time>
   </trkpt>
   <trkpt lat="10.3144510" lon="123.8656310">
    <ele>117.9</ele>
    <time>2026-04-09T05:00:50Z</time>
   </trkpt>
   <trkpt lat="10.3144650" lon="123.8657100">
    <ele>117.1</ele>
    <time>2026-04-09T05:00:57Z</time>
   </trkpt>
   <trkpt lat="10.3144430" lon="123.8658160">
    <ele>115.9</ele>
    <time>2026-04-09T05:01:05Z</time>
   </trkpt>
   <trkpt lat="10.3144480" lon="123.8659530">
    <ele>114.5</ele>
    <time>2026-04-09T05:01:21Z</time>
   </trkpt>
   <trkpt lat="10.3144100" lon="123.8659840">
    <ele>114.0</ele>
    <time>2026-04-09T05:01:26Z</time>
   </trkpt>
   <trkpt lat="10.3143910" lon="123.8659720">
    <ele>113.7</ele>
    <time>2026-04-09T05:01:32Z</time>
   </trkpt>
   <trkpt lat="10.3144000" lon="123.8659220">
    <ele>113.1</ele>
    <time>2026-04-09T05:01:49Z</time>
   </trkpt>
   <trkpt lat="10.3143670" lon="123.8659790">
    <ele>112.2</ele>
    <time>2026-04-09T05:02:08Z</time>
   </trkpt>
   <trkpt lat="10.3144020" lon="123.8659470">
    <ele>111.6</ele>
    <time>2026-04-09T05:02:13Z</time>
   </trkpt>
   <trkpt lat="10.3144030" lon="123.8659230">
    <ele>111.3</ele>
    <time>2026-04-09T05:02:19Z</time>
   </trkpt>
   <trkpt lat="10.3144000" lon="123.8659930">
    <ele>110.5</ele>
    <time>2026-04-09T05:02:35Z</time>
   </trkpt>
   <trkpt lat="10.3144090" lon="123.8659840">
    <ele>110.4</ele>
    <time>2026-04-09T05:02:38Z</time>
   </trkpt>
   <trkpt lat="10.3144160" lon="123.8659950">
    <ele>110.3</ele>
    <time>2026-04-09T05:02:40Z</time>
   </trkpt>
   <trkpt lat="10.3143970" lon="123.8660810">
    <ele>109.3</ele>
    <time>2026-04-09T05:02:51Z</time>
   </trkpt>
   <trkpt lat="10.3144370" lon="123.8661260">
    <ele>108.7</ele>
    <time>2026-04-09T05:02:58Z</time>
   </trkpt>
   <trkpt lat="10.3145700" lon="123.8663630">
    <ele>107.6</ele>
    <time>2026-04-09T05:03:24Z</time>
   </trkpt>
   <trkpt lat="10.3145740" lon="123.8664210">
    <ele>107.9</ele>
    <time>2026-04-09T05:03:33Z</time>
   </trkpt>
   <trkpt lat="10.3146400" lon="123.8665640">
    <ele>108.6</ele>
    <time>2026-04-09T05:03:51Z</time>
   </trkpt>
   <trkpt lat="10.3146340" lon="123.8666180">
    <ele>108.9</ele>
    <time>2026-04-09T05:03:57Z</time>
   </trkpt>
   <trkpt lat="10.3145810" lon="123.8667070">
    <ele>108.4</ele>
    <time>2026-04-09T05:04:07Z</time>
   </trkpt>
   <trkpt lat="10.3144830" lon="123.8668140">
    <ele>107.6</ele>
    <time>2026-04-09T05:04:21Z</time>
   </trkpt>
   <trkpt lat="10.3143420" lon="123.8668870">
    <ele>106.7</ele>
    <time>2026-04-09T05:04:38Z</time>
   </trkpt>
   <trkpt lat="10.3141960" lon="123.8670010">
    <ele>105.7</ele>
    <time>2026-04-09T05:04:56Z</time>
   </trkpt>
   <trkpt lat="10.3140760" lon="123.8670700">
    <ele>105.0</ele>
    <time>2026-04-09T05:05:10Z</time>
   </trkpt>
   <trkpt lat="10.3139420" lon="123.8671200">
    <ele>104.2</ele>
    <time>2026-04-09T05:05:24Z</time>
   </trkpt>
   <trkpt lat="10.3136650" lon="123.8672870">
    <ele>99.8</ele>
    <time>2026-04-09T05:05:54Z</time>
   </trkpt>
   <trkpt lat="10.3135900" lon="123.8673110">
    <ele>98.6</ele>
    <time>2026-04-09T05:06:01Z</time>
   </trkpt>
   <trkpt lat="10.3135140" lon="123.8673960">
    <ele>97.0</ele>
    <time>2026-04-09T05:06:12Z</time>
   </trkpt>
   <trkpt lat="10.3134710" lon="123.8674990">
    <ele>95.7</ele>
    <time>2026-04-09T05:06:24Z</time>
   </trkpt>
   <trkpt lat="10.3133670" lon="123.8675910">
    <ele>94.7</ele>
    <time>2026-04-09T05:06:38Z</time>
   </trkpt>
   <trkpt lat="10.3133250" lon="123.8676670">
    <ele>94.2</ele>
    <time>2026-04-09T05:06:52Z</time>
   </trkpt>
   <trkpt lat="10.3132240" lon="123.8677290">
    <ele>93.4</ele>
    <time>2026-04-09T05:07:05Z</time>
   </trkpt>
   <trkpt lat="10.3131090" lon="123.8678550">
    <ele>92.2</ele>
    <time>2026-04-09T05:07:22Z</time>
   </trkpt>
   <trkpt lat="10.3130360" lon="123.8679060">
    <ele>91.6</ele>
    <time>2026-04-09T05:07:31Z</time>
   </trkpt>
   <trkpt lat="10.3129470" lon="123.8680120">
    <ele>89.8</ele>
    <time>2026-04-09T05:07:48Z</time>
   </trkpt>
   <trkpt lat="10.3128800" lon="123.8681230">
    <ele>86.9</ele>
    <time>2026-04-09T05:08:05Z</time>
   </trkpt>
   <trkpt lat="10.3128320" lon="123.8681650">
    <ele>85.5</ele>
    <time>2026-04-09T05:08:12Z</time>
   </trkpt>
   <trkpt lat="10.3126230" lon="123.8682720">
    <ele>80.3</ele>
    <time>2026-04-09T05:08:38Z</time>
   </trkpt>
   <trkpt lat="10.3125210" lon="123.8683090">
    <ele>76.7</ele>
    <time>2026-04-09T05:08:52Z</time>
   </trkpt>
   <trkpt lat="10.3123340" lon="123.8683130">
    <ele>70.4</ele>
    <time>2026-04-09T05:09:12Z</time>
   </trkpt>
   <trkpt lat="10.3122860" lon="123.8683270">
    <ele>68.7</ele>
    <time>2026-04-09T05:09:16Z</time>
   </trkpt>
   <trkpt lat="10.3122110" lon="123.8683820">
    <ele>65.6</ele>
    <time>2026-04-09T05:09:26Z</time>
   </trkpt>
   <trkpt lat="10.3121340" lon="123.8684810">
    <ele>61.8</ele>
    <time>2026-04-09T05:09:37Z</time>
   </trkpt>
   <trkpt lat="10.3120950" lon="123.8684960">
    <ele>61.6</ele>
    <time>2026-04-09T05:09:42Z</time>
   </trkpt>
   <trkpt lat="10.3120580" lon="123.8685330">
    <ele>61.4</ele>
    <time>2026-04-09T05:09:49Z</time>
   </trkpt>
   <trkpt lat="10.3118740" lon="123.8685930">
    <ele>60.7</ele>
    <time>2026-04-09T05:10:15Z</time>
   </trkpt>
   <trkpt lat="10.3115840" lon="123.8687330">
    <ele>58.3</ele>
    <time>2026-04-09T05:10:44Z</time>
   </trkpt>
   <trkpt lat="10.3114710" lon="123.8687380">
    <ele>57.1</ele>
    <time>2026-04-09T05:10:56Z</time>
   </trkpt>
   <trkpt lat="10.3112630" lon="123.8686470">
    <ele>54.6</ele>
    <time>2026-04-09T05:11:17Z</time>
   </trkpt>
   <trkpt lat="10.3111280" lon="123.8686330">
    <ele>53.2</ele>
    <time>2026-04-09T05:11:29Z</time>
   </trkpt>
   <trkpt lat="10.3110610" lon="123.8686070">
    <ele>52.4</ele>
    <time>2026-04-09T05:11:36Z</time>
   </trkpt>
   <trkpt lat="10.3109800" lon="123.8686200">
    <ele>51.5</ele>
    <time>2026-04-09T05:11:43Z</time>
   </trkpt>
   <trkpt lat="10.3108810" lon="123.8686890">
    <ele>50.2</ele>
    <time>2026-04-09T05:11:54Z</time>
   </trkpt>
   <trkpt lat="10.3107640" lon="123.8687970">
    <ele>48.5</ele>
    <time>2026-04-09T05:12:12Z</time>
   </trkpt>
   <trkpt lat="10.3106910" lon="123.8688290">
    <ele>47.7</ele>
    <time>2026-04-09T05:12:21Z</time>
   </trkpt>
   <trkpt lat="10.3105500" lon="123.8689360">
    <ele>46.1</ele>
    <time>2026-04-09T05:12:40Z</time>
   </trkpt>
   <trkpt lat="10.3105370" lon="123.8690000">
    <ele>46.2</ele>
    <time>2026-04-09T05:12:46Z</time>
   </trkpt>
   <trkpt lat="10.3105530" lon="123.8691970">
    <ele>46.4</ele>
    <time>2026-04-09T05:13:03Z</time>
   </trkpt>
   <trkpt lat="10.3105320" lon="123.8693080">
    <ele>46.5</ele>
    <time>2026-04-09T05:13:13Z</time>
   </trkpt>
   <trkpt lat="10.3105330" lon="123.8694070">
    <ele>46.6</ele>
    <time>2026-04-09T05:13:24Z</time>
   </trkpt>
   <trkpt lat="10.3105090" lon="123.8694860">
    <ele>46.7</ele>
    <time>2026-04-09T05:13:30Z</time>
   </trkpt>
   <trkpt lat="10.3104420" lon="123.8696050">
    <ele>46.9</ele>
    <time>2026-04-09T05:13:44Z</time>
   </trkpt>
   <trkpt lat="10.3103870" lon="123.8696470">
    <ele>47.0</ele>
    <time>2026-04-09T05:13:49Z</time>
   </trkpt>
   <trkpt lat="10.3101930" lon="123.8699060">
    <ele>45.7</ele>
    <time>2026-04-09T05:14:20Z</time>
   </trkpt>
   <trkpt lat="10.3100480" lon="123.8700170">
    <ele>44.8</ele>
    <time>2026-04-09T05:14:35Z</time>
   </trkpt>
   <trkpt lat="10.3099900" lon="123.8700910">
    <ele>44.3</ele>
    <time>2026-04-09T05:14:43Z</time>
   </trkpt>
   <trkpt lat="10.3097550" lon="123.8701860">
    <ele>42.9</ele>
    <time>2026-04-09T05:15:07Z</time>
   </trkpt>
   <trkpt lat="10.3097040" lon="123.8702350">
    <ele>42.5</ele>
    <time>2026-04-09T05:15:13Z</time>
   </trkpt>
   <trkpt lat="10.3095900" lon="123.8702960">
    <ele>41.8</ele>
    <time>2026-04-09T05:15:27Z</time>
   </trkpt>
   <trkpt lat="10.3095390" lon="123.8703500">
    <ele>41.4</ele>
    <time>2026-04-09T05:15:33Z</time>
   </trkpt>
   <trkpt lat="10.3094990" lon="123.8703510">
    <ele>41.2</ele>
    <time>2026-04-09T05:15:37Z</time>
   </trkpt>
   <trkpt lat="10.3093670" lon="123.8704260">
    <ele>40.4</ele>
    <time>2026-04-09T05:15:51Z</time>
   </trkpt>
   <trkpt lat="10.3091970" lon="123.8704600">
    <ele>39.6</ele>
    <time>2026-04-09T05:16:06Z</time>
   </trkpt>
   <trkpt lat="10.3091120" lon="123.8705070">
    <ele>40.2</ele>
    <time>2026-04-09T05:16:16Z</time>
   </trkpt>
   <trkpt lat="10.3090590" lon="123.8705880">
    <ele>40.2</ele>
    <time>2026-04-09T05:16:26Z</time>
   </trkpt>
   <trkpt lat="10.3089870" lon="123.8707330">
    <ele>39.6</ele>
    <time>2026-04-09T05:16:45Z</time>
   </trkpt>
   <trkpt lat="10.3089640" lon="123.8708580">
    <ele>39.1</ele>
    <time>2026-04-09T05:16:57Z</time>
   </trkpt>
   <trkpt lat="10.3089240" lon="123.8711710">
    <ele>37.9</ele>
    <time>2026-04-09T05:17:27Z</time>
   </trkpt>
   <trkpt lat="10.3089460" lon="123.8714670">
    <ele>36.7</ele>
    <time>2026-04-09T05:17:57Z</time>
   </trkpt>
   <trkpt lat="10.3089670" lon="123.8715380">
    <ele>36.4</ele>
    <time>2026-04-09T05:18:05Z</time>
   </trkpt>
   <trkpt lat="10.3091070" lon="123.8717500">
    <ele>35.4</ele>
    <time>2026-04-09T05:18:29Z</time>
   </trkpt>
   <trkpt lat="10.3092160" lon="123.8718290">
    <ele>34.0</ele>
    <time>2026-04-09T05:18:43Z</time>
   </trkpt>
   <trkpt lat="10.3093140" lon="123.8719850">
    <ele>33.1</ele>
    <time>2026-04-09T05:19:02Z</time>
   </trkpt>
   <trkpt lat="10.3093380" lon="123.8720510">
    <ele>33.0</ele>
    <time>2026-04-09T05:19:08Z</time>
   </trkpt>
   <trkpt lat="10.3093190" lon="123.8721900">
    <ele>33.0</ele>
    <time>2026-04-09T05:19:21Z</time>
   </trkpt>
   <trkpt lat="10.3093180" lon="123.8723520">
    <ele>32.6</ele>
    <time>2026-04-09T05:19:37Z</time>
   </trkpt>
   <trkpt lat="10.3092240" lon="123.8727680">
    <ele>31.5</ele>
    <time>2026-04-09T05:20:18Z</time>
   </trkpt>
   <trkpt lat="10.3092240" lon="123.8728610">
    <ele>31.3</ele>
    <time>2026-04-09T05:20:27Z</time>
   </trkpt>
   <trkpt lat="10.3091860" lon="123.8730030">
    <ele>30.9</ele>
    <time>2026-04-09T05:20:43Z</time>
   </trkpt>
   <trkpt lat="10.3091820" lon="123.8731240">
    <ele>30.6</ele>
    <time>2026-04-09T05:20:56Z</time>
   </trkpt>
   <trkpt lat="10.3091440" lon="123.8732920">
    <ele>30.1</ele>
    <time>2026-04-09T05:21:12Z</time>
   </trkpt>
   <trkpt lat="10.3091620" lon="123.8734900">
    <ele>29.8</ele>
    <time>2026-04-09T05:21:29Z</time>
   </trkpt>
   <trkpt lat="10.3092230" lon="123.8737250">
    <ele>27.5</ele>
    <time>2026-04-09T05:21:54Z</time>
   </trkpt>
   <trkpt lat="10.3092180" lon="123.8737760">
    <ele>26.8</ele>
    <time>2026-04-09T05:21:58Z</time>
   </trkpt>
   <trkpt lat="10.3092370" lon="123.8738940">
    <ele>25.2</ele>
    <time>2026-04-09T05:22:10Z</time>
   </trkpt>
   <trkpt lat="10.3092250" lon="123.8739830">
    <ele>24.1</ele>
    <time>2026-04-09T05:22:19Z</time>
   </trkpt>
   <trkpt lat="10.3092580" lon="123.8741900">
    <ele>22.9</ele>
    <time>2026-04-09T05:22:40Z</time>
   </trkpt>
   <trkpt lat="10.3092380" lon="123.8742760">
    <ele>22.7</ele>
    <time>2026-04-09T05:22:47Z</time>
   </trkpt>
   <trkpt lat="10.3092380" lon="123.8745050">
    <ele>22.1</ele>
    <time>2026-04-09T05:23:08Z</time>
   </trkpt>
   <trkpt lat="10.3092030" lon="123.8745980">
    <ele>21.8</ele>
    <time>2026-04-09T05:23:19Z</time>
   </trkpt>
   <trkpt lat="10.3092030" lon="123.8746790">
    <ele>21.6</ele>
    <time>2026-04-09T05:23:26Z</time>
   </trkpt>
   <trkpt lat="10.3092290" lon="123.8747680">
    <ele>21.3</ele>
    <time>2026-04-09T05:23:34Z</time>
   </trkpt>
   <trkpt lat="10.3092480" lon="123.8749200">
    <ele>22.1</ele>
    <time>2026-04-09T05:23:49Z</time>
   </trkpt>
   <trkpt lat="10.3093140" lon="123.8751340">
    <ele>24.2</ele>
    <time>2026-04-09T05:24:08Z</time>
   </trkpt>
   <trkpt lat="10.3092930" lon="123.8752060">
    <ele>24.7</ele>
    <time>2026-04-09T05:24:16Z</time>
   </trkpt>
   <trkpt lat="10.3093130" lon="123.8752480">
    <ele>25.0</ele>
    <time>2026-04-09T05:24:22Z</time>
   </trkpt>
   <trkpt lat="10.3093000" lon="123.8753670">
    <ele>25.9</ele>
    <time>2026-04-09T05:24:34Z</time>
   </trkpt>
   <trkpt lat="10.3093170" lon="123.8754290">
    <ele>25.9</ele>
    <time>2026-04-09T05:24:42Z</time>
   </trkpt>
   <trkpt lat="10.3093610" lon="123.8754830">
    <ele>25.9</ele>
    <time>2026-04-09T05:24:47Z</time>
   </trkpt>
   <trkpt lat="10.3093360" lon="123.8755240">
    <ele>25.9</ele>
    <time>2026-04-09T05:24:53Z</time>
   </trkpt>
   <trkpt lat="10.3093840" lon="123.8757330">
    <ele>26.0</ele>
    <time>2026-04-09T05:25:08Z</time>
   </trkpt>
   <trkpt lat="10.3093640" lon="123.8757800">
    <ele>26.0</ele>
    <time>2026-04-09T05:25:15Z</time>
   </trkpt>
   <trkpt lat="10.3093840" lon="123.8758400">
    <ele>25.7</ele>
    <time>2026-04-09T05:25:25Z</time>
   </trkpt>
   <trkpt lat="10.3093780" lon="123.8758620">
    <ele>25.5</ele>
    <time>2026-04-09T05:25:27Z</time>
   </trkpt>
  </trkseg>
 </trk>
</gpx>