<?xml version='1.0' encoding='UTF-8'?>
<gpx xmlns="http://www.topografix.com/GPX/1/1" xmlns:xsi="http://www.w3.org/2001/XMLSchema-instance" creator="StravaGPX" version="1.1" xsi:schemaLocation="http://www.topografix.com/GPX/1/1 http://www.topografix.com/GPX/1/1/gpx.xsd">
 <metadata>
  <time>2026-09-06T08:00:41Z</time>
 </metadata>
 <trk>
  <name>Testing My Powers at the Six Towers</name>
  <type>hiking</type>
  <trkseg>
   <trkpt lat="10.3443840" lon="123.8632210">
    <ele>124.8</ele>
    <time>2026-09-06T08:00:41Z</time>
   </trkpt>
   <trkpt lat="10.3444210" lon="123.8632140">
    <ele>125.3</ele>
    <time>2026-09-06T08:00:47Z</time>
   </trkpt>
   <trkpt lat="10.3445210" lon="123.8632820">
    <ele>127.6</ele>
    <time>2026-09-06T08:01:12Z</time>
   </trkpt>
   <trkpt lat="10.3445250" lon="123.8632700">
    <ele>127.8</ele>
    <time>2026-09-06T08:01:15Z</time>
   </trkpt>
   <trkpt lat="10.3445130" lon="123.8632690">
    <ele>127.9</ele>
    <time>2026-09-06T08:01:16Z</time>
   </trkpt>
   <trkpt lat="10.3445510" lon="123.8632520">
    <ele>128.4</ele>
    <time>2026-09-06T08:01:20Z</time>
   </trkpt>
   <trkpt lat="10.3445350" lon="123.8632290">
    <ele>128.7</ele>
    <time>2026-09-06T08:01:22Z</time>
   </trkpt>
   <trkpt lat="10.3445890" lon="123.8632140">
    <ele>129.2</ele>
    <time>2026-09-06T08:01:27Z</time>
   </trkpt>
   <trkpt lat="10.3446260" lon="123.8632200">
    <ele>129.5</ele>
    <time>2026-09-06T08:01:32Z</time>
   </trkpt>
   <trkpt lat="10.3446310" lon="123.8632100">
    <ele>129.5</ele>
    <time>2026-09-06T08:01:33Z</time>
   </trkpt>
   <trkpt lat="10.3446150" lon="123.8631990">
    <ele>129.7</ele>
    <time>2026-09-06T08:01:37Z</time>
   </trkpt>
   <trkpt lat="10.3446640" lon="123.8632500">
    <ele>130.2</ele>
    <time>2026-09-06T08:01:43Z</time>
   </trkpt>
   <trkpt lat="10.3449900" lon="123.8632820">
    <ele>133.7</ele>
    <time>2026-09-06T08:02:15Z</time>
   </trkpt>
   <trkpt lat="10.3450730" lon="123.8633340">
    <ele>134.6</ele>
    <time>2026-09-06T08:02:27Z</time>
   </trkpt>
   <trkpt lat="10.3451010" lon="123.8633330">
    <ele>134.0</ele>
    <time>2026-09-06T08:02:31Z</time>
   </trkpt>
   <trkpt lat="10.3451120" lon="123.8633410">
    <ele>133.7</ele>
    <time>2026-09-06T08:02:32Z</time>
   </trkpt>
   <trkpt lat="10.3451000" lon="123.8633480">
    <ele>133.3</ele>
    <time>2026-09-06T08:02:33Z</time>
   </trkpt>
   <trkpt lat="10.3451270" lon="123.8633410">
    <ele>132.5</ele>
    <time>2026-09-06T08:02:36Z</time>
   </trkpt>
   <trkpt lat="10.3451260" lon="123.8633600">
    <ele>132.0</ele>
    <time>2026-09-06T08:02:38Z</time>
   </trkpt>
   <trkpt lat="10.3451870" lon="123.8633650">
    <ele>133.4</ele>
    <time>2026-09-06T08:02:44Z</time>
   </trkpt>
   <trkpt lat="10.3451810" lon="123.8633490">
    <ele>133.9</ele>
    <time>2026-09-06T08:02:47Z</time>
   </trkpt>
   <trkpt lat="10.3452090" lon="123.8633300">
    <ele>134.9</ele>
    <time>2026-09-06T08:02:52Z</time>
   </trkpt>
   <trkpt lat="10.3452280" lon="123.8633520">
    <ele>135.1</ele>
    <time>2026-09-06T08:02:54Z</time>
   </trkpt>
   <trkpt lat="10.3452590" lon="123.8633500">
    <ele>135.4</ele>
    <time>2026-09-06T08:02:57Z</time>
   </trkpt>
   <trkpt lat="10.3452660" lon="123.8633890">
    <ele>135.8</ele>
    <time>2026-09-06T08:03:01Z</time>
   </trkpt>
   <trkpt lat="10.3452820" lon="123.8633680">
    <ele>136.0</ele>
    <time>2026-09-06T08:03:05Z</time>
   </trkpt>
   <trkpt lat="10.3452680" lon="123.8633720">
    <ele>136.2</ele>
    <time>2026-09-06T08:03:08Z</time>
   </trkpt>
   <trkpt lat="10.3452560" lon="123.8633390">
    <ele>136.5</ele>
    <time>2026-09-06T08:03:09Z</time>
   </trkpt>
   <trkpt lat="10.3452620" lon="123.8633670">
    <ele>136.7</ele>
    <time>2026-09-06T08:03:15Z</time>
   </trkpt>
   <trkpt lat="10.3452770" lon="123.8633620">
    <ele>136.8</ele>
    <time>2026-09-06T08:03:17Z</time>
   </trkpt>
   <trkpt lat="10.3453000" lon="123.8633900">
    <ele>137.0</ele>
    <time>2026-09-06T08:03:19Z</time>
   </trkpt>
   <trkpt lat="10.3452820" lon="123.8634990">
    <ele>137.4</ele>
    <time>2026-09-06T08:03:29Z</time>
   </trkpt>
   <trkpt lat="10.3453190" lon="123.8635440">
    <ele>137.6</ele>
    <time>2026-09-06T08:03:36Z</time>
   </trkpt>
   <trkpt lat="10.3453460" lon="123.8635240">
    <ele>137.7</ele>
    <time>2026-09-06T08:03:38Z</time>
   </trkpt>
   <trkpt lat="10.3453530" lon="123.8636070">
    <ele>138.0</ele>
    <time>2026-09-06T08:03:41Z</time>
   </trkpt>
   <trkpt lat="10.3453880" lon="123.8635970">
    <ele>138.1</ele>
    <time>2026-09-06T08:03:43Z</time>
   </trkpt>
   <trkpt lat="10.3453860" lon="123.8635810">
    <ele>138.1</ele>
    <time>2026-09-06T08:03:45Z</time>
   </trkpt>
   <trkpt lat="10.3454110" lon="123.8635720">
    <ele>138.2</ele>
    <time>2026-09-06T08:03:47Z</time>
   </trkpt>
   <trkpt lat="10.3454340" lon="123.8635860">
    <ele>138.2</ele>
    <time>2026-09-06T08:03:48Z</time>
   </trkpt>
   <trkpt lat="10.3454290" lon="123.8636080">
    <ele>138.3</ele>
    <time>2026-09-06T08:03:49Z</time>
   </trkpt>
   <trkpt lat="10.3454480" lon="123.8636090">
    <ele>138.3</ele>
    <time>2026-09-06T08:03:51Z</time>
   </trkpt>
   <trkpt lat="10.3454600" lon="123.8636300">
    <ele>138.4</ele>
    <time>2026-09-06T08:03:54Z</time>
   </trkpt>
   <trkpt lat="10.3456580" lon="123.8636880">
    <ele>138.7</ele>
    <time>2026-09-06T08:04:11Z</time>
   </trkpt>
   <trkpt lat="10.3457100" lon="123.8637290">
    <ele>138.7</ele>
    <time>2026-09-06T08:04:16Z</time>
   </trkpt>
   <trkpt lat="10.3456870" lon="123.8637490">
    <ele>138.7</ele>
    <time>2026-09-06T08:04:21Z</time>
   </trkpt>
   <trkpt lat="10.3457300" lon="123.8637930">
    <ele>138.7</ele>
    <time>2026-09-06T08:04:26Z</time>
   </trkpt>
   <trkpt lat="10.3457060" lon="123.8638350">
    <ele>138.6</ele>
    <time>2026-09-06T08:04:33Z</time>
   </trkpt>
   <trkpt lat="10.3457160" lon="123.8638290">
    <ele>138.6</ele>
    <time>2026-09-06T08:04:35Z</time>
   </trkpt>
   <trkpt lat="10.3456750" lon="123.8637610">
    <ele>138.6</ele>
    <time>2026-09-06T08:04:40Z</time>
   </trkpt>
   <trkpt lat="10.3456100" lon="123.8637450">
    <ele>138.6</ele>
    <time>2026-09-06T08:04:42Z</time>
   </trkpt>
   <trkpt lat="10.3455660" lon="123.8636700">
    <ele>138.6</ele>
    <time>2026-09-06T08:04:45Z</time>
   </trkpt>
   <trkpt lat="10.3455960" lon="123.8636620">
    <ele>138.6</ele>
    <time>2026-09-06T08:04:48Z</time>
   </trkpt>
   <trkpt lat="10.3456540" lon="123.8636740">
    <ele>138.6</ele>
    <time>2026-09-06T08:04:52Z</time>
   </trkpt>
   <trkpt lat="10.3457020" lon="123.8637010">
    <ele>138.7</ele>
    <time>2026-09-06T08:04:56Z</time>
   </trkpt>
   <trkpt lat="10.3457360" lon="123.8637570">
    <ele>138.8</ele>
    <time>2026-09-06T08:05:00Z</time>
   </trkpt>
   <trkpt lat="10.3457810" lon="123.8637840">
    <ele>138.9</ele>
    <time>2026-09-06T08:05:03Z</time>
   </trkpt>
   <trkpt lat="10.3458240" lon="123.8638950">
    <ele>138.9</ele>
    <time>2026-09-06T08:05:10Z</time>
   </trkpt>
   <trkpt lat="10.3458920" lon="123.8638550">
    <ele>138.7</ele>
    <time>2026-09-06T08:05:14Z</time>
   </trkpt>
   <trkpt lat="10.3459180" lon="123.8637780">
    <ele>138.5</ele>
    <time>2026-09-06T08:05:17Z</time>
   </trkpt>
   <trkpt lat="10.3459340" lon="123.8636490">
    <ele>136.5</ele>
    <time>2026-09-06T08:05:23Z</time>
   </trkpt>
   <trkpt lat="10.3459900" lon="123.8635580">
    <ele>134.6</ele>
    <time>2026-09-06T08:05:27Z</time>
   </trkpt>
   <trkpt lat="10.3460340" lon="123.8635330">
    <ele>133.8</ele>
    <time>2026-09-06T08:05:29Z</time>
   </trkpt>
   <trkpt lat="10.3461460" lon="123.8635260">
    <ele>132.6</ele>
    <time>2026-09-06T08:05:34Z</time>
   </trkpt>
   <trkpt lat="10.3462620" lon="123.8635840">
    <ele>132.1</ele>
    <time>2026-09-06T08:05:43Z</time>
   </trkpt>
   <trkpt lat="10.3462900" lon="123.8636420">
    <ele>132.2</ele>
    <time>2026-09-06T08:05:47Z</time>
   </trkpt>
   <trkpt lat="10.3463920" lon="123.8637600">
    <ele>133.2</ele>
    <time>2026-09-06T08:05:58Z</time>
   </trkpt>
   <trkpt lat="10.3464090" lon="123.8637640">
    <ele>133.4</ele>
    <time>2026-09-06T08:06:01Z</time>
   </trkpt>
   <trkpt lat="10.3464420" lon="123.8638810">
    <ele>135.0</ele>
    <time>2026-09-06T08:06:11Z</time>
   </trkpt>
   <trkpt lat="10.3464790" lon="123.8639160">
    <ele>135.8</ele>
    <time>2026-09-06T08:06:14Z</time>
   </trkpt>
   <trkpt lat="10.3465700" lon="123.8638880">
    <ele>137.1</ele>
    <time>2026-09-06T08:06:17Z</time>
   </trkpt>
   <trkpt lat="10.3466060" lon="123.8638900">
    <ele>137.6</ele>
    <time>2026-09-06T08:06:19Z</time>
   </trkpt>
   <trkpt lat="10.3466590" lon="123.8638230">
    <ele>138.5</ele>
    <time>2026-09-06T08:06:25Z</time>
   </trkpt>
   <trkpt lat="10.3467260" lon="123.8637830">
    <ele>139.0</ele>
    <time>2026-09-06T08:06:31Z</time>
   </trkpt>
   <trkpt lat="10.3467550" lon="123.8637900">
    <ele>139.2</ele>
    <time>2026-09-06T08:06:35Z</time>
   </trkpt>
   <trkpt lat="10.3467410" lon="123.8637820">
    <ele>139.2</ele>
    <time>2026-09-06T08:06:38Z</time>
   </trkpt>
   <trkpt lat="10.3466930" lon="123.8637970">
    <ele>139.5</ele>
    <time>2026-09-06T08:06:54Z</time>
   </trkpt>
   <trkpt lat="10.3467420" lon="123.8637450">
    <ele>139.8</ele>
    <time>2026-09-06T08:06:58Z</time>
   </trkpt>
   <trkpt lat="10.3467530" lon="123.8637580">
    <ele>140.0</ele>
    <time>2026-09-06T08:07:00Z</time>
   </trkpt>
   <trkpt lat="10.3467700" lon="123.8637300">
    <ele>140.2</ele>
    <time>2026-09-06T08:07:06Z</time>
   </trkpt>
   <trkpt lat="10.3468040" lon="123.8637160">
    <ele>140.6</ele>
    <time>2026-09-06T08:07:12Z</time>
   </trkpt>
   <trkpt lat="10.3468520" lon="123.8636390">
    <ele>141.4</ele>
    <time>2026-09-06T08:07:19Z</time>
   </trkpt>
   <trkpt lat="10.3468790" lon="123.8636280">
    <ele>141.7</ele>
    <time>2026-09-06T08:07:21Z</time>
   </trkpt>
   <trkpt lat="10.3469120" lon="123.8636350">
    <ele>142.0</ele>
    <time>2026-09-06T08:07:24Z</time>
   </trkpt>
   <trkpt lat="10.3469950" lon="123.8635950">
    <ele>142.8</ele>
    <time>2026-09-06T08:07:31Z</time>
   </trkpt>
   <trkpt lat="10.3470840" lon="123.8635190">
    <ele>143.6</ele>
    <time>2026-09-06T08:07:42Z</time>
   </trkpt>
   <trkpt lat="10.3471990" lon="123.8635180">
    <ele>143.8</ele>
    <time>2026-09-06T08:07:50Z</time>
   </trkpt>
   <trkpt lat="10.3472780" lon="123.8634700">
    <ele>143.8</ele>
    <time>2026-09-06T08:07:57Z</time>
   </trkpt>
   <trkpt lat="10.3472880" lon="123.8634840">
    <ele>143.8</ele>
    <time>2026-09-06T08:07:58Z</time>
   </trkpt>
   <trkpt lat="10.3474200" lon="123.8634870">
    <ele>144.2</ele>
    <time>2026-09-06T08:08:06Z</time>
   </trkpt>
   <trkpt lat="10.3474390" lon="123.8634520">
    <ele>144.3</ele>
    <time>2026-09-06T08:08:09Z</time>
   </trkpt>
   <trkpt lat="10.3474920" lon="123.8634900">
    <ele>144.4</ele>
    <time>2026-09-06T08:08:13Z</time>
   </trkpt>
   <trkpt lat="10.3475360" lon="123.8634940">
    <ele>144.3</ele>
    <time>2026-09-06T08:08:15Z</time>
   </trkpt>
   <trkpt lat="10.3476750" lon="123.8634060">
    <ele>143.3</ele>
    <time>2026-09-06T08:08:26Z</time>
   </trkpt>
   <trkpt lat="10.3478610" lon="123.8634570">
    <ele>142.8</ele>
    <time>2026-09-06T08:08:48Z</time>
   </trkpt>
   <trkpt lat="10.3481320" lon="123.8634780">
    <ele>142.4</ele>
    <time>2026-09-06T08:09:06Z</time>
   </trkpt>
   <trkpt lat="10.3481830" lon="123.8634570">
    <ele>142.5</ele>
    <time>2026-09-06T08:09:10Z</time>
   </trkpt>
   <trkpt lat="10.3481890" lon="123.8634050">
    <ele>142.7</ele>
    <time>2026-09-06T08:09:14Z</time>
   </trkpt>
   <trkpt lat="10.3482270" lon="123.8634060">
    <ele>142.9</ele>
    <time>2026-09-06T08:09:16Z</time>
   </trkpt>
   <trkpt lat="10.3482570" lon="123.8634180">
    <ele>143.1</ele>
    <time>2026-09-06T08:09:18Z</time>
   </trkpt>
   <trkpt lat="10.3483090" lon="123.8634860">
    <ele>143.9</ele>
    <time>2026-09-06T08:09:23Z</time>
   </trkpt>
   <trkpt lat="10.3484620" lon="123.8635110">
    <ele>145.7</ele>
    <time>2026-09-06T08:09:35Z</time>
   </trkpt>
   <trkpt lat="10.3485260" lon="123.8636350">
    <ele>147.4</ele>
    <time>2026-09-06T08:09:46Z</time>
   </trkpt>
   <trkpt lat="10.3485380" lon="123.8636370">
    <ele>147.5</ele>
    <time>2026-09-06T08:09:47Z</time>
   </trkpt>
   <trkpt lat="10.3486090" lon="123.8635990">
    <ele>148.5</ele>
    <time>2026-09-06T08:09:52Z</time>
   </trkpt>
   <trkpt lat="10.3489180" lon="123.8635410">
    <ele>153.8</ele>
    <time>2026-09-06T08:10:20Z</time>
   </trkpt>
   <trkpt lat="10.3490850" lon="123.8635530">
    <ele>157.4</ele>
    <time>2026-09-06T08:10:37Z</time>
   </trkpt>
   <trkpt lat="10.3491850" lon="123.8635960">
    <ele>159.8</ele>
    <time>2026-09-06T08:10:48Z</time>
   </trkpt>
   <trkpt lat="10.3492780" lon="123.8635880">
    <ele>161.7</ele>
    <time>2026-09-06T08:10:58Z</time>
   </trkpt>
   <trkpt lat="10.3493400" lon="123.8635650">
    <ele>162.7</ele>
    <time>2026-09-06T08:11:03Z</time>
   </trkpt>
   <trkpt lat="10.3493800" lon="123.8635070">
    <ele>163.3</ele>
    <time>2026-09-06T08:11:09Z</time>
   </trkpt>
   <trkpt lat="10.3494050" lon="123.8634980">
    <ele>163.4</ele>
    <time>2026-09-06T08:11:12Z</time>
   </trkpt>
   <trkpt lat="10.3494080" lon="123.8634790">
    <ele>163.4</ele>
    <time>2026-09-06T08:11:14Z</time>
   </trkpt>
   <trkpt lat="10.3494710" lon="123.8634320">
    <ele>163.5</ele>
    <time>2026-09-06T08:11:22Z</time>
   </trkpt>
   <trkpt lat="10.3494870" lon="123.8634030">
    <ele>163.6</ele>
    <time>2026-09-06T08:11:26Z</time>
   </trkpt>
   <trkpt lat="10.3495280" lon="123.8634040">
    <ele>163.7</ele>
    <time>2026-09-06T08:11:28Z</time>
   </trkpt>
   <trkpt lat="10.3496220" lon="123.8635100">
    <ele>164.9</ele>
    <time>2026-09-06T08:11:46Z</time>
   </trkpt>
   <trkpt lat="10.3496520" lon="123.8635250">
    <ele>165.2</ele>
    <time>2026-09-06T08:11:47Z</time>
   </trkpt>
   <trkpt lat="10.3496510" lon="123.8635090">
    <ele>165.3</ele>
    <time>2026-09-06T08:11:48Z</time>
   </trkpt>
   <trkpt lat="10.3496640" lon="123.8635260">
    <ele>165.4</ele>
    <time>2026-09-06T08:11:49Z</time>
   </trkpt>
   <trkpt lat="10.3497180" lon="123.8635280">
    <ele>165.6</ele>
    <time>2026-09-06T08:11:53Z</time>
   </trkpt>
   <trkpt lat="10.3497250" lon="123.8635470">
    <ele>165.6</ele>
    <time>2026-09-06T08:11:55Z</time>
   </trkpt>
   <trkpt lat="10.3497730" lon="123.8635640">
    <ele>165.5</ele>
    <time>2026-09-06T08:11:58Z</time>
   </trkpt>
   <trkpt lat="10.3498700" lon="123.8635740">
    <ele>164.8</ele>
    <time>2026-09-06T08:12:07Z</time>
   </trkpt>
   <trkpt lat="10.3499000" lon="123.8635990">
    <ele>164.6</ele>
    <time>2026-09-06T08:12:13Z</time>
   </trkpt>
   <trkpt lat="10.3499150" lon="123.8636530">
    <ele>164.3</ele>
    <time>2026-09-06T08:12:19Z</time>
   </trkpt>
   <trkpt lat="10.3499500" lon="123.8636750">
    <ele>164.3</ele>
    <time>2026-09-06T08:12:23Z</time>
   </trkpt>
   <trkpt lat="10.3501030" lon="123.8637160">
    <ele>165.2</ele>
    <time>2026-09-06T08:12:39Z</time>
   </trkpt>
   <trkpt lat="10.3502370" lon="123.8636670">
    <ele>167.3</ele>
    <time>2026-09-06T08:12:47Z</time>
   </trkpt>
   <trkpt lat="10.3502930" lon="123.8636130">
    <ele>168.4</ele>
    <time>2026-09-06T08:12:53Z</time>
   </trkpt>
   <trkpt lat="10.3503330" lon="123.8635050">
    <ele>169.8</ele>
    <time>2026-09-06T08:13:04Z</time>
   </trkpt>
   <trkpt lat="10.3503400" lon="123.8634200">
    <ele>170.7</ele>
    <time>2026-09-06T08:13:12Z</time>
   </trkpt>
   <trkpt lat="10.3503780" lon="123.8633070">
    <ele>171.8</ele>
    <time>2026-09-06T08:13:22Z</time>
   </trkpt>
   <trkpt lat="10.3503760" lon="123.8630420">
    <ele>173.9</ele>
    <time>2026-09-06T08:13:45Z</time>
   </trkpt>
   <trkpt lat="10.3504310" lon="123.8630180">
    <ele>174.3</ele>
    <time>2026-09-06T08:13:50Z</time>
   </trkpt>
   <trkpt lat="10.3504670" lon="123.8629100">
    <ele>174.3</ele>
    <time>2026-09-06T08:14:01Z</time>
   </trkpt>
   <trkpt lat="10.3505070" lon="123.8629000">
    <ele>174.2</ele>
    <time>2026-09-06T08:14:06Z</time>
   </trkpt>
   <trkpt lat="10.3505440" lon="123.8628590">
    <ele>173.9</ele>
    <time>2026-09-06T08:14:11Z</time>
   </trkpt>
   <trkpt lat="10.3505770" lon="123.8628550">
    <ele>173.6</ele>
    <time>2026-09-06T08:14:15Z</time>
   </trkpt>
   <trkpt lat="10.3506610" lon="123.8627720">
    <ele>173.5</ele>
    <time>2026-09-06T08:14:25Z</time>
   </trkpt>
   <trkpt lat="10.3506970" lon="123.8627790">
    <ele>173.6</ele>
    <time>2026-09-06T08:14:28Z</time>
   </trkpt>
   <trkpt lat="10.3508050" lon="123.8627500">
    <ele>174.9</ele>
    <time>2026-09-06T08:14:40Z</time>
   </trkpt>
   <trkpt lat="10.3510200" lon="123.8627980">
    <ele>178.9</ele>
    <time>2026-09-06T08:15:04Z</time>
   </trkpt>
   <trkpt lat="10.3511060" lon="123.8627670">
    <ele>180.1</ele>
    <time>2026-09-06T08:15:13Z</time>
   </trkpt>
   <trkpt lat="10.3512440" lon="123.8627820">
    <ele>181.4</ele>
    <time>2026-09-06T08:15:26Z</time>
   </trkpt>
   <trkpt lat="10.3513050" lon="123.8627580">
    <ele>182.0</ele>
    <time>2026-09-06T08:15:31Z</time>
   </trkpt>
   <trkpt lat="10.3513460" lon="123.8627160">
    <ele>182.8</ele>
    <time>2026-09-06T08:15:39Z</time>
   </trkpt>
   <trkpt lat="10.3513820" lon="123.8627170">
    <ele>183.2</ele>
    <time>2026-09-06T08:15:42Z</time>
   </trkpt>
   <trkpt lat="10.3514310" lon="123.8626920">
    <ele>183.9</ele>
    <time>2026-09-06T08:15:48Z</time>
   </trkpt>
   <trkpt lat="10.3515070" lon="123.8626890">
    <ele>184.8</ele>
    <time>2026-09-06T08:15:54Z</time>
   </trkpt>
   <trkpt lat="10.3515500" lon="123.8626680">
    <ele>185.4</ele>
    <time>2026-09-06T08:15:59Z</time>
   </trkpt>
   <trkpt lat="10.3516690" lon="123.8625140">
    <ele>187.2</ele>
    <time>2026-09-06T08:16:19Z</time>
   </trkpt>
   <trkpt lat="10.3517370" lon="123.8624790">
    <ele>187.6</ele>
    <time>2026-09-06T08:16:27Z</time>
   </trkpt>
   <trkpt lat="10.3518210" lon="123.8623880">
    <ele>187.9</ele>
    <time>2026-09-06T08:16:39Z</time>
   </trkpt>
   <trkpt lat="10.3519410" lon="123.8623550">
    <ele>188.1</ele>
    <time>2026-09-06T08:16:49Z</time>
   </trkpt>
   <trkpt lat="10.3519840" lon="123.8622780">
    <ele>188.3</ele>
    <time>2026-09-06T08:16:56Z</time>
   </trkpt>
   <trkpt lat="10.3519800" lon="123.8622640">
    <ele>188.3</ele>
    <time>2026-09-06T08:16:57Z</time>
   </trkpt>
   <trkpt lat="10.3520290" lon="123.8622050">
    <ele>188.5</ele>
    <time>2026-09-06T08:17:04Z</time>
   </trkpt>
   <trkpt lat="10.3519500" lon="123.8621180">
    <ele>188.5</ele>
    <time>2026-09-06T08:17:13Z</time>
   </trkpt>
   <trkpt lat="10.3519330" lon="123.8620710">
    <ele>188.2</ele>
    <time>2026-09-06T08:17:17Z</time>
   </trkpt>
   <trkpt lat="10.3518910" lon="123.8620190">
    <ele>187.5</ele>
    <time>2026-09-06T08:17:23Z</time>
   </trkpt>
   <trkpt lat="10.3519310" lon="123.8618970">
    <ele>185.8</ele>
    <time>2026-09-06T08:17:34Z</time>
   </trkpt>
   <trkpt lat="10.3519040" lon="123.8617500">
    <ele>184.3</ele>
    <time>2026-09-06T08:17:48Z</time>
   </trkpt>
   <trkpt lat="10.3518860" lon="123.8617370">
    <ele>184.1</ele>
    <time>2026-09-06T08:17:50Z</time>
   </trkpt>
   <trkpt lat="10.3518910" lon="123.8616900">
    <ele>184.1</ele>
    <time>2026-09-06T08:17:55Z</time>
   </trkpt>
   <trkpt lat="10.3519250" lon="123.8616940">
    <ele>184.2</ele>
    <time>2026-09-06T08:17:59Z</time>
   </trkpt>
   <trkpt lat="10.3519190" lon="123.8617380">
    <ele>184.6</ele>
    <time>2026-09-06T08:18:01Z</time>
   </trkpt>
   <trkpt lat="10.3519780" lon="123.8617710">
    <ele>185.3</ele>
    <time>2026-09-06T08:18:07Z</time>
   </trkpt>
   <trkpt lat="10.3519660" lon="123.8617890">
    <ele>185.6</ele>
    <time>2026-09-06T08:18:09Z</time>
   </trkpt>
   <trkpt lat="10.3519790" lon="123.8618190">
    <ele>186.0</ele>
    <time>2026-09-06T08:18:12Z</time>
   </trkpt>
   <trkpt lat="10.3520480" lon="123.8618190">
    <ele>186.9</ele>
    <time>2026-09-06T08:18:17Z</time>
   </trkpt>
   <trkpt lat="10.3520860" lon="123.8618440">
    <ele>187.3</ele>
    <time>2026-09-06T08:18:21Z</time>
   </trkpt>
   <trkpt lat="10.3521870" lon="123.8617930">
    <ele>188.3</ele>
    <time>2026-09-06T08:18:28Z</time>
   </trkpt>
   <trkpt lat="10.3522310" lon="123.8617540">
    <ele>188.7</ele>
    <time>2026-09-06T08:18:33Z</time>
   </trkpt>
   <trkpt lat="10.3522980" lon="123.8617440">
    <ele>189.1</ele>
    <time>2026-09-06T08:18:38Z</time>
   </trkpt>
   <trkpt lat="10.3523830" lon="123.8617070">
    <ele>189.6</ele>
    <time>2026-09-06T08:18:44Z</time>
   </trkpt>
   <trkpt lat="10.3524240" lon="123.8616590">
    <ele>190.0</ele>
    <time>2026-09-06T08:18:49Z</time>
   </trkpt>
   <trkpt lat="10.3525440" lon="123.8615860">
    <ele>191.1</ele>
    <time>2026-09-06T08:18:58Z</time>
   </trkpt>
   <trkpt lat="10.3525560" lon="123.8615980">
    <ele>191.3</ele>
    <time>2026-09-06T08:18:59Z</time>
   </trkpt>
   <trkpt lat="10.3525840" lon="123.8615930">
    <ele>191.6</ele>
    <time>2026-09-06T08:19:01Z</time>
   </trkpt>
   <trkpt lat="10.3525900" lon="123.8615700">
    <ele>191.8</ele>
    <time>2026-09-06T08:19:02Z</time>
   </trkpt>
   <trkpt lat="10.3526070" lon="123.8615810">
    <ele>192.0</ele>
    <time>2026-09-06T08:19:03Z</time>
   </trkpt>
   <trkpt lat="10.3526130" lon="123.8615650">
    <ele>192.1</ele>
    <time>2026-09-06T08:19:05Z</time>
   </trkpt>
   <trkpt lat="10.3526790" lon="123.8615570">
    <ele>192.7</ele>
    <time>2026-09-06T08:19:09Z</time>
   </trkpt>
   <trkpt lat="10.3527250" lon="123.8615220">
    <ele>192.9</ele>
    <time>2026-09-06T08:19:13Z</time>
   </trkpt>
   <trkpt lat="10.3527470" lon="123.8615290">
    <ele>193.0</ele>
    <time>2026-09-06T08:19:14Z</time>
   </trkpt>
   <trkpt lat="10.3528080" lon="123.8614530">
    <ele>193.6</ele>
    <time>2026-09-06T08:19:21Z</time>
   </trkpt>
   <trkpt lat="10.3529580" lon="123.8613600">
    <ele>195.0</ele>
    <time>2026-09-06T08:19:36Z</time>
   </trkpt>
   <trkpt lat="10.3530600" lon="123.8613390">
    <ele>196.2</ele>
    <time>2026-09-06T08:19:44Z</time>
   </trkpt>
   <trkpt lat="10.3531010" lon="123.8613160">
    <ele>196.9</ele>
    <time>2026-09-06T08:19:47Z</time>
   </trkpt>
   <trkpt lat="10.3531090" lon="123.8612900">
    <ele>197.2</ele>
    <time>2026-09-06T08:19:49Z</time>
   </trkpt>
   <trkpt lat="10.3531760" lon="123.8612190">
    <ele>197.9</ele>
    <time>2026-09-06T08:19:56Z</time>
   </trkpt>
   <trkpt lat="10.3531990" lon="123.8611240">
    <ele>198.2</ele>
    <time>2026-09-06T08:20:03Z</time>
   </trkpt>
   <trkpt lat="10.3532980" lon="123.8610000">
    <ele>198.9</ele>
    <time>2026-09-06T08:20:15Z</time>
   </trkpt>
   <trkpt lat="10.3533220" lon="123.8609310">
    <ele>199.2</ele>
    <time>2026-09-06T08:20:21Z</time>
   </trkpt>
   <trkpt lat="10.3533210" lon="123.8608790">
    <ele>199.3</ele>
    <time>2026-09-06T08:20:25Z</time>
   </trkpt>
   <trkpt lat="10.3533510" lon="123.8608230">
    <ele>199.2</ele>
    <time>2026-09-06T08:20:29Z</time>
   </trkpt>
   <trkpt lat="10.3533540" lon="123.8607030">
    <ele>199.1</ele>
    <time>2026-09-06T08:20:38Z</time>
   </trkpt>
   <trkpt lat="10.3534120" lon="123.8607120">
    <ele>199.3</ele>
    <time>2026-09-06T08:20:44Z</time>
   </trkpt>
   <trkpt lat="10.3534460" lon="123.8607470">
    <ele>199.7</ele>
    <time>2026-09-06T08:20:49Z</time>
   </trkpt>
   <trkpt lat="10.3535080" lon="123.8607650">
    <ele>200.5</ele>
    <time>2026-09-06T08:20:54Z</time>
   </trkpt>
   <trkpt lat="10.3536650" lon="123.8607230">
    <ele>202.8</ele>
    <time>2026-09-06T08:21:07Z</time>
   </trkpt>
   <trkpt lat="10.3537120" lon="123.8607230">
    <ele>203.4</ele>
    <time>2026-09-06T08:21:10Z</time>
   </trkpt>
   <trkpt lat="10.3537620" lon="123.8606970">
    <ele>203.9</ele>
    <time>2026-09-06T08:21:15Z</time>
   </trkpt>
   <trkpt lat="10.3539460" lon="123.8606980">
    <ele>205.8</ele>
    <time>2026-09-06T08:21:29Z</time>
   </trkpt>
   <trkpt lat="10.3539800" lon="123.8606850">
    <ele>206.1</ele>
    <time>2026-09-06T08:21:32Z</time>
   </trkpt>
   <trkpt lat="10.3540820" lon="123.8607060">
    <ele>207.2</ele>
    <time>2026-09-06T08:21:42Z</time>
   </trkpt>
   <trkpt lat="10.3541350" lon="123.8607360">
    <ele>207.8</ele>
    <time>2026-09-06T08:21:47Z</time>
   </trkpt>
   <trkpt lat="10.3542010" lon="123.8607140">
    <ele>208.5</ele>
    <time>2026-09-06T08:21:52Z</time>
   </trkpt>
   <trkpt lat="10.3543290" lon="123.8607280">
    <ele>211.1</ele>
    <time>2026-09-06T08:22:03Z</time>
   </trkpt>
   <trkpt lat="10.3543770" lon="123.8607120">
    <ele>212.4</ele>
    <time>2026-09-06T08:22:08Z</time>
   </trkpt>
   <trkpt lat="10.3543970" lon="123.8606880">
    <ele>213.2</ele>
    <time>2026-09-06T08:22:11Z</time>
   </trkpt>
   <trkpt lat="10.3543870" lon="123.8606690">
    <ele>214.0</ele>
    <time>2026-09-06T08:22:17Z</time>
   </trkpt>
   <trkpt lat="10.3543860" lon="123.8606840">
    <ele>214.6</ele>
    <time>2026-09-06T08:22:24Z</time>
   </trkpt>
   <trkpt lat="10.3543720" lon="123.8606740">
    <ele>215.1</ele>
    <time>2026-09-06T08:22:29Z</time>
   </trkpt>
   <trkpt lat="10.3543890" lon="123.8606610">
    <ele>215.9</ele>
    <time>2026-09-06T08:22:40Z</time>
   </trkpt>
   <trkpt lat="10.3543940" lon="123.8606900">
    <ele>217.3</ele>
    <time>2026-09-06T08:22:53Z</time>
   </trkpt>
   <trkpt lat="10.3544090" lon="123.8606710">
    <ele>217.9</ele>
    <time>2026-09-06T08:23:05Z</time>
   </trkpt>
   <trkpt lat="10.3543920" lon="123.8606450">
    <ele>219.2</ele>
    <time>2026-09-06T08:23:13Z</time>
   </trkpt>
   <trkpt lat="10.3544050" lon="123.8606250">
    <ele>219.9</ele>
    <time>2026-09-06T08:23:20Z</time>
   </trkpt>
   <trkpt lat="10.3544660" lon="123.8606180">
    <ele>222.2</ele>
    <time>2026-09-06T08:23:34Z</time>
   </trkpt>
   <trkpt lat="10.3545500" lon="123.8605670">
    <ele>225.9</ele>
    <time>2026-09-06T08:23:54Z</time>
   </trkpt>
   <trkpt lat="10.3545580" lon="123.8605340">
    <ele>227.0</ele>
    <time>2026-09-06T08:23:58Z</time>
   </trkpt>
   <trkpt lat="10.3545390" lon="123.8605090">
    <ele>228.1</ele>
    <time>2026-09-06T08:24:03Z</time>
   </trkpt>
   <trkpt lat="10.3544990" lon="123.8605080">
    <ele>229.9</ele>
    <time>2026-09-06T08:24:14Z</time>
   </trkpt>
   <trkpt lat="10.3544600" lon="123.8604440">
    <ele>232.3</ele>
    <time>2026-09-06T08:24:26Z</time>
   </trkpt>
   <trkpt lat="10.3543940" lon="123.8604120">
    <ele>234.4</ele>
    <time>2026-09-06T08:24:37Z</time>
   </trkpt>
   <trkpt lat="10.3543690" lon="123.8603840">
    <ele>235.5</ele>
    <time>2026-09-06T08:24:42Z</time>
   </trkpt>
   <trkpt lat="10.3543790" lon="123.8603560">
    <ele>236.4</ele>
    <time>2026-09-06T08:24:45Z</time>
   </trkpt>
   <trkpt lat="10.3543590" lon="123.8603250">
    <ele>237.7</ele>
    <time>2026-09-06T08:24:51Z</time>
   </trkpt>
   <trkpt lat="10.3543550" lon="123.8602050">
    <ele>241.2</ele>
    <time>2026-09-06T08:25:07Z</time>
   </trkpt>
   <trkpt lat="10.3543350" lon="123.8601530">
    <ele>243.5</ele>
    <time>2026-09-06T08:25:23Z</time>
   </trkpt>
   <trkpt lat="10.3543150" lon="123.8601260">
    <ele>244.5</ele>
    <time>2026-09-06T08:25:28Z</time>
   </trkpt>
   <trkpt lat="10.3543180" lon="123.8601430">
    <ele>245.1</ele>
    <time>2026-09-06T08:25:37Z</time>
   </trkpt>
   <trkpt lat="10.3543020" lon="123.8600610">
    <ele>247.7</ele>
    <time>2026-09-06T08:26:03Z</time>
   </trkpt>
   <trkpt lat="10.3542590" lon="123.8600330">
    <ele>249.1</ele>
    <time>2026-09-06T08:26:10Z</time>
   </trkpt>
   <trkpt lat="10.3542460" lon="123.8600510">
    <ele>249.7</ele>
    <time>2026-09-06T08:26:14Z</time>
   </trkpt>
   <trkpt lat="10.3542210" lon="123.8600530">
    <ele>250.3</ele>
    <time>2026-09-06T08:26:19Z</time>
   </trkpt>
   <trkpt lat="10.3541390" lon="123.8600260">
    <ele>252.1</ele>
    <time>2026-09-06T08:26:28Z</time>
   </trkpt>
   <trkpt lat="10.3540740" lon="123.8599690">
    <ele>254.0</ele>
    <time>2026-09-06T08:26:39Z</time>
   </trkpt>
   <trkpt lat="10.3539880" lon="123.8598480">
    <ele>257.4</ele>
    <time>2026-09-06T08:26:58Z</time>
   </trkpt>
   <trkpt lat="10.3538960" lon="123.8598170">
    <ele>259.6</ele>
    <time>2026-09-06T08:27:09Z</time>
   </trkpt>
   <trkpt lat="10.3538460" lon="123.8597460">
    <ele>261.4</ele>
    <time>2026-09-06T08:27:19Z</time>
   </trkpt>
   <trkpt lat="10.3538670" lon="123.8597290">
    <ele>262.2</ele>
    <time>2026-09-06T08:27:31Z</time>
   </trkpt>
   <trkpt lat="10.3538730" lon="123.8597530">
    <ele>263.0</ele>
    <time>2026-09-06T08:27:43Z</time>
   </trkpt>
   <trkpt lat="10.3538690" lon="123.8597270">
    <ele>263.9</ele>
    <time>2026-09-06T08:28:03Z</time>
   </trkpt>
   <trkpt lat="10.3537920" lon="123.8596490">
    <ele>266.4</ele>
    <time>2026-09-06T08:28:15Z</time>
   </trkpt>
   <trkpt lat="10.3537840" lon="123.8595450">
    <ele>269.0</ele>
    <time>2026-09-06T08:28:27Z</time>
   </trkpt>
   <trkpt lat="10.3537520" lon="123.8594910">
    <ele>271.0</ele>
    <time>2026-09-06T08:28:40Z</time>
   </trkpt>
   <trkpt lat="10.3536650" lon="123.8594380">
    <ele>274.8</ele>
    <time>2026-09-06T08:28:57Z</time>
   </trkpt>
   <trkpt lat="10.3536640" lon="123.8593360">
    <ele>278.7</ele>
    <time>2026-09-06T08:29:14Z</time>
   </trkpt>
   <trkpt lat="10.3536410" lon="123.8593040">
    <ele>280.2</ele>
    <time>2026-09-06T08:29:19Z</time>
   </trkpt>
   <trkpt lat="10.3536400" lon="123.8592400">
    <ele>282.3</ele>
    <time>2026-09-06T08:29:29Z</time>
   </trkpt>
   <trkpt lat="10.3536170" lon="123.8592090">
    <ele>283.7</ele>
    <time>2026-09-06T08:29:36Z</time>
   </trkpt>
   <trkpt lat="10.3536630" lon="123.8592040">
    <ele>285.0</ele>
    <time>2026-09-06T08:29:45Z</time>
   </trkpt>
   <trkpt lat="10.3536880" lon="123.8591820">
    <ele>286.1</ele>
    <time>2026-09-06T08:29:55Z</time>
   </trkpt>
   <trkpt lat="10.3536810" lon="123.8590910">
    <ele>288.5</ele>
    <time>2026-09-06T08:30:11Z</time>
   </trkpt>
   <trkpt lat="10.3536650" lon="123.8590480">
    <ele>289.6</ele>
    <time>2026-09-06T08:30:18Z</time>
   </trkpt>
   <trkpt lat="10.3536680" lon="123.8590580">
    <ele>289.9</ele>
    <time>2026-09-06T08:30:20Z</time>
   </trkpt>
   <trkpt lat="10.3536440" lon="123.8590520">
    <ele>290.6</ele>
    <time>2026-09-06T08:30:30Z</time>
   </trkpt>
   <trkpt lat="10.3536590" lon="123.8590220">
    <ele>291.7</ele>
    <time>2026-09-06T08:30:36Z</time>
   </trkpt>
   <trkpt lat="10.3536520" lon="123.8590000">
    <ele>292.4</ele>
    <time>2026-09-06T08:30:41Z</time>
   </trkpt>
   <trkpt lat="10.3536180" lon="123.8589490">
    <ele>294.6</ele>
    <time>2026-09-06T08:30:52Z</time>
   </trkpt>
   <trkpt lat="10.3535820" lon="123.8589270">
    <ele>295.8</ele>
    <time>2026-09-06T08:30:58Z</time>
   </trkpt>
   <trkpt lat="10.3535970" lon="123.8589300">
    <ele>296.3</ele>
    <time>2026-09-06T08:31:02Z</time>
   </trkpt>
   <trkpt lat="10.3535320" lon="123.8588970">
    <ele>299.0</ele>
    <time>2026-09-06T08:31:14Z</time>
   </trkpt>
   <trkpt lat="10.3534720" lon="123.8588980">
    <ele>301.0</ele>
    <time>2026-09-06T08:31:26Z</time>
   </trkpt>
   <trkpt lat="10.3534740" lon="123.8588810">
    <ele>301.5</ele>
    <time>2026-09-06T08:31:29Z</time>
   </trkpt>
   <trkpt lat="10.3535240" lon="123.8589310">
    <ele>304.1</ele>
    <time>2026-09-06T08:32:02Z</time>
   </trkpt>
   <trkpt lat="10.3535270" lon="123.8588940">
    <ele>305.2</ele>
    <time>2026-09-06T08:32:54Z</time>
   </trkpt>
   <trkpt lat="10.3535470" lon="123.8589160">
    <ele>306.3</ele>
    <time>2026-09-06T08:33:10Z</time>
   </trkpt>
   <trkpt lat="10.3533810" lon="123.8589090">
    <ele>310.8</ele>
    <time>2026-09-06T08:33:24Z</time>
   </trkpt>
   <trkpt lat="10.3533770" lon="123.8589320">
    <ele>311.4</ele>
    <time>2026-09-06T08:33:27Z</time>
   </trkpt>
   <trkpt lat="10.3533660" lon="123.8589280">
    <ele>311.6</ele>
    <time>2026-09-06T08:33:28Z</time>
   </trkpt>
   <trkpt lat="10.3533540" lon="123.8590100">
    <ele>314.0</ele>
    <time>2026-09-06T08:33:37Z</time>
   </trkpt>
   <trkpt lat="10.3533300" lon="123.8590210">
    <ele>314.6</ele>
    <time>2026-09-06T08:33:40Z</time>
   </trkpt>
   <trkpt lat="10.3532520" lon="123.8590420">
    <ele>316.7</ele>
    <time>2026-09-06T08:33:52Z</time>
   </trkpt>
   <trkpt lat="10.3532110" lon="123.8590280">
    <ele>317.7</ele>
    <time>2026-09-06T08:33:58Z</time>
   </trkpt>
   <trkpt lat="10.3531180" lon="123.8590600">
    <ele>320.1</ele>
    <time>2026-09-06T08:34:10Z</time>
   </trkpt>
   <trkpt lat="10.3530540" lon="123.8590600">
    <ele>321.5</ele>
    <time>2026-09-06T08:34:21Z</time>
   </trkpt>
   <trkpt lat="10.3530230" lon="123.8590260">
    <ele>322.5</ele>
    <time>2026-09-06T08:34:28Z</time>
   </trkpt>
   <trkpt lat="10.3529330" lon="123.8590140">
    <ele>324.2</ele>
    <time>2026-09-06T08:34:38Z</time>
   </trkpt>
   <trkpt lat="10.3528950" lon="123.8589640">
    <ele>325.5</ele>
    <time>2026-09-06T08:34:57Z</time>
   </trkpt>
   <trkpt lat="10.3528660" lon="123.8589780">
    <ele>326.0</ele>
    <time>2026-09-06T08:35:14Z</time>
   </trkpt>
   <trkpt lat="10.3528510" lon="123.8589750">
    <ele>326.3</ele>
    <time>2026-09-06T08:35:39Z</time>
   </trkpt>
   <trkpt lat="10.3528620" lon="123.8589580">
    <ele>326.9</ele>
    <time>2026-09-06T08:36:23Z</time>
   </trkpt>
   <trkpt lat="10.3528630" lon="123.8589690">
    <ele>327.0</ele>
    <time>2026-09-06T08:36:34Z</time>
   </trkpt>
   <trkpt lat="10.3528070" lon="123.8589730">
    <ele>327.8</ele>
    <time>2026-09-06T08:36:46Z</time>
   </trkpt>
   <trkpt lat="10.3527030" lon="123.8589320">
    <ele>329.3</ele>
    <time>2026-09-06T08:36:59Z</time>
   </trkpt>
   <trkpt lat="10.3526320" lon="123.8588570">
    <ele>331.1</ele>
    <time>2026-09-06T08:37:13Z</time>
   </trkpt>
   <trkpt lat="10.3524740" lon="123.8587770">
    <ele>335.6</ele>
    <time>2026-09-06T08:37:45Z</time>
   </trkpt>
   <trkpt lat="10.3524060" lon="123.8587640">
    <ele>337.6</ele>
    <time>2026-09-06T08:37:55Z</time>
   </trkpt>
   <trkpt lat="10.3523500" lon="123.8587060">
    <ele>340.2</ele>
    <time>2026-09-06T08:38:10Z</time>
   </trkpt>
   <trkpt lat="10.3523160" lon="123.8587060">
    <ele>342.1</ele>
    <time>2026-09-06T08:38:33Z</time>
   </trkpt>
   <trkpt lat="10.3523230" lon="123.8586990">
    <ele>342.5</ele>
    <time>2026-09-06T08:38:40Z</time>
   </trkpt>
   <trkpt lat="10.3522810" lon="123.8586780">
    <ele>345.0</ele>
    <time>2026-09-06T08:39:01Z</time>
   </trkpt>
   <trkpt lat="10.3522800" lon="123.8586880">
    <ele>345.4</ele>
    <time>2026-09-06T08:39:05Z</time>
   </trkpt>
   <trkpt lat="10.3522450" lon="123.8586720">
    <ele>347.0</ele>
    <time>2026-09-06T08:39:13Z</time>
   </trkpt>
   <trkpt lat="10.3521900" lon="123.8586800">
    <ele>349.2</ele>
    <time>2026-09-06T08:39:26Z</time>
   </trkpt>
   <trkpt lat="10.3521160" lon="123.8586650">
    <ele>351.4</ele>
    <time>2026-09-06T08:39:39Z</time>
   </trkpt>
   <trkpt lat="10.3520140" lon="123.8585580">
    <ele>355.1</ele>
    <time>2026-09-06T08:40:00Z</time>
   </trkpt>
   <trkpt lat="10.3520040" lon="123.8585300">
    <ele>355.9</ele>
    <time>2026-09-06T08:40:05Z</time>
   </trkpt>
   <trkpt lat="10.3519710" lon="123.8585030">
    <ele>356.8</ele>
    <time>2026-09-06T08:40:09Z</time>
   </trkpt>
   <trkpt lat="10.3519710" lon="123.8584740">
    <ele>357.4</ele>
    <time>2026-09-06T08:40:13Z</time>
   </trkpt>
   <trkpt lat="10.3518720" lon="123.8583430">
    <ele>361.7</ele>
    <time>2026-09-06T08:40:46Z</time>
   </trkpt>
   <trkpt lat="10.3518770" lon="123.8583130">
    <ele>362.6</ele>
    <time>2026-09-06T08:40:53Z</time>
   </trkpt>
   <trkpt lat="10.3518380" lon="123.8582970">
    <ele>363.8</ele>
    <time>2026-09-06T08:41:00Z</time>
   </trkpt>
   <trkpt lat="10.3518470" lon="123.8582930">
    <ele>364.1</ele>
    <time>2026-09-06T08:41:01Z</time>
   </trkpt>
   <trkpt lat="10.3518300" lon="123.8582660">
    <ele>365.0</ele>
    <time>2026-09-06T08:41:07Z</time>
   </trkpt>
   <trkpt lat="10.3518600" lon="123.8582490">
    <ele>366.1</ele>
    <time>2026-09-06T08:41:23Z</time>
   </trkpt>
   <trkpt lat="10.3518510" lon="123.8582600">
    <ele>366.5</ele>
    <time>2026-09-06T08:41:27Z</time>
   </trkpt>
   <trkpt lat="10.3518400" lon="123.8582490">
    <ele>367.1</ele>
    <time>2026-09-06T08:41:34Z</time>
   </trkpt>
   <trkpt lat="10.3518580" lon="123.8582340">
    <ele>367.6</ele>
    <time>2026-09-06T08:41:56Z</time>
   </trkpt>
   <trkpt lat="10.3518470" lon="123.8582400">
    <ele>367.9</ele>
    <time>2026-09-06T08:42:10Z</time>
   </trkpt>
   <trkpt lat="10.3518380" lon="123.8582260">
    <ele>368.2</ele>
    <time>2026-09-06T08:42:12Z</time>
   </trkpt>
   <trkpt lat="10.3518580" lon="123.8582150">
    <ele>368.6</ele>
    <time>2026-09-06T08:42:17Z</time>
   </trkpt>
   <trkpt lat="10.3518330" lon="123.8581600">
    <ele>369.5</ele>
    <time>2026-09-06T08:42:22Z</time>
   </trkpt>
   <trkpt lat="10.3518480" lon="123.8580740">
    <ele>370.4</ele>
    <time>2026-09-06T08:42:30Z</time>
   </trkpt>
   <trkpt lat="10.3518360" lon="123.8580300">
    <ele>370.7</ele>
    <time>2026-09-06T08:42:36Z</time>
   </trkpt>
   <trkpt lat="10.3518470" lon="123.8579540">
    <ele>371.1</ele>
    <time>2026-09-06T08:42:45Z</time>
   </trkpt>
   <trkpt lat="10.3519040" lon="123.8577980">
    <ele>370.8</ele>
    <time>2026-09-06T08:43:03Z</time>
   </trkpt>
   <trkpt lat="10.3518920" lon="123.8577470">
    <ele>370.5</ele>
    <time>2026-09-06T08:43:06Z</time>
   </trkpt>
   <trkpt lat="10.3518630" lon="123.8577190">
    <ele>370.2</ele>
    <time>2026-09-06T08:43:09Z</time>
   </trkpt>
   <trkpt lat="10.3518380" lon="123.8576600">
    <ele>369.7</ele>
    <time>2026-09-06T08:43:16Z</time>
   </trkpt>
   <trkpt lat="10.3517900" lon="123.8576740">
    <ele>369.5</ele>
    <time>2026-09-06T08:43:20Z</time>
   </trkpt>
   <trkpt lat="10.3517970" lon="123.8576450">
    <ele>369.5</ele>
    <time>2026-09-06T08:43:24Z</time>
   </trkpt>
   <trkpt lat="10.3517740" lon="123.8575950">
    <ele>369.7</ele>
    <time>2026-09-06T08:43:30Z</time>
   </trkpt>
   <trkpt lat="10.3516950" lon="123.8575240">
    <ele>371.5</ele>
    <time>2026-09-06T08:43:47Z</time>
   </trkpt>
   <trkpt lat="10.3516830" lon="123.8574900">
    <ele>372.2</ele>
    <time>2026-09-06T08:43:53Z</time>
   </trkpt>
   <trkpt lat="10.3516300" lon="123.8574690">
    <ele>373.6</ele>
    <time>2026-09-06T08:44:01Z</time>
   </trkpt>
   <trkpt lat="10.3516110" lon="123.8574260">
    <ele>374.9</ele>
    <time>2026-09-06T08:44:09Z</time>
   </trkpt>
   <trkpt lat="10.3515350" lon="123.8573920">
    <ele>378.0</ele>
    <time>2026-09-06T08:44:29Z</time>
   </trkpt>
   <trkpt lat="10.3515430" lon="123.8573640">
    <ele>378.8</ele>
    <time>2026-09-06T08:45:11Z</time>
   </trkpt>
   <trkpt lat="10.3515030" lon="123.8573560">
    <ele>379.8</ele>
    <time>2026-09-06T08:45:15Z</time>
   </trkpt>
   <trkpt lat="10.3514760" lon="123.8573110">
    <ele>381.1</ele>
    <time>2026-09-06T08:45:24Z</time>
   </trkpt>
   <trkpt lat="10.3514250" lon="123.8572710">
    <ele>383.5</ele>
    <time>2026-09-06T08:45:40Z</time>
   </trkpt>
   <trkpt lat="10.3514260" lon="123.8572530">
    <ele>384.2</ele>
    <time>2026-09-06T08:45:43Z</time>
   </trkpt>
   <trkpt lat="10.3514080" lon="123.8572520">
    <ele>385.4</ele>
    <time>2026-09-06T08:45:51Z</time>
   </trkpt>
   <trkpt lat="10.3513930" lon="123.8572220">
    <ele>386.4</ele>
    <time>2026-09-06T08:45:55Z</time>
   </trkpt>
   <trkpt lat="10.3514030" lon="123.8572380">
    <ele>386.9</ele>
    <time>2026-09-06T08:45:56Z</time>
   </trkpt>
   <trkpt lat="10.3513680" lon="123.8572310">
    <ele>388.9</ele>
    <time>2026-09-06T08:46:05Z</time>
   </trkpt>
   <trkpt lat="10.3513130" lon="123.8571440">
    <ele>393.5</ele>
    <time>2026-09-06T08:46:27Z</time>
   </trkpt>
   <trkpt lat="10.3512950" lon="123.8571420">
    <ele>394.0</ele>
    <time>2026-09-06T08:46:29Z</time>
   </trkpt>
   <trkpt lat="10.3512200" lon="123.8570690">
    <ele>397.2</ele>
    <time>2026-09-06T08:46:41Z</time>
   </trkpt>
   <trkpt lat="10.3512080" lon="123.8569910">
    <ele>399.1</ele>
    <time>2026-09-06T08:46:50Z</time>
   </trkpt>
   <trkpt lat="10.3512250" lon="123.8569870">
    <ele>399.4</ele>
    <time>2026-09-06T08:46:51Z</time>
   </trkpt>
   <trkpt lat="10.3512420" lon="123.8570080">
    <ele>400.1</ele>
    <time>2026-09-06T08:47:01Z</time>
   </trkpt>
   <trkpt lat="10.3511200" lon="123.8569270">
    <ele>403.6</ele>
    <time>2026-09-06T08:47:28Z</time>
   </trkpt>
   <trkpt lat="10.3510990" lon="123.8568940">
    <ele>404.4</ele>
    <time>2026-09-06T08:47:33Z</time>
   </trkpt>
   <trkpt lat="10.3510990" lon="123.8568430">
    <ele>404.8</ele>
    <time>2026-09-06T08:48:07Z</time>
   </trkpt>
   <trkpt lat="10.3510800" lon="123.8568390">
    <ele>404.8</ele>
    <time>2026-09-06T08:48:20Z</time>
   </trkpt>
   <trkpt lat="10.3510880" lon="123.8567820">
    <ele>404.6</ele>
    <time>2026-09-06T08:48:30Z</time>
   </trkpt>
   <trkpt lat="10.3511070" lon="123.8567690">
    <ele>404.5</ele>
    <time>2026-09-06T08:48:33Z</time>
   </trkpt>
   <trkpt lat="10.3511190" lon="123.8567240">
    <ele>404.3</ele>
    <time>2026-09-06T08:48:41Z</time>
   </trkpt>
   <trkpt lat="10.3511430" lon="123.8567140">
    <ele>404.2</ele>
    <time>2026-09-06T08:48:43Z</time>
   </trkpt>
   <trkpt lat="10.3511320" lon="123.8565990">
    <ele>403.9</ele>
    <time>2026-09-06T08:48:50Z</time>
   </trkpt>
   <trkpt lat="10.3511560" lon="123.8565260">
    <ele>403.9</ele>
    <time>2026-09-06T08:48:55Z</time>
   </trkpt>
   <trkpt lat="10.3511450" lon="123.8564960">
    <ele>403.9</ele>
    <time>2026-09-06T08:48:58Z</time>
   </trkpt>
   <trkpt lat="10.3511680" lon="123.8564540">
    <ele>404.1</ele>
    <time>2026-09-06T08:49:01Z</time>
   </trkpt>
   <trkpt lat="10.3511600" lon="123.8563340">
    <ele>404.0</ele>
    <time>2026-09-06T08:49:14Z</time>
   </trkpt>
   <trkpt lat="10.3511300" lon="123.8562730">
    <ele>403.8</ele>
    <time>2026-09-06T08:49:18Z</time>
   </trkpt>
   <trkpt lat="10.3511790" lon="123.8562590">
    <ele>403.7</ele>
    <time>2026-09-06T08:49:23Z</time>
   </trkpt>
   <trkpt lat="10.3512000" lon="123.8562040">
    <ele>403.6</ele>
    <time>2026-09-06T08:49:30Z</time>
   </trkpt>
   <trkpt lat="10.3511940" lon="123.8561690">
    <ele>403.7</ele>
    <time>2026-09-06T08:49:33Z</time>
   </trkpt>
   <trkpt lat="10.3512190" lon="123.8561440">
    <ele>403.9</ele>
    <time>2026-09-06T08:49:35Z</time>
   </trkpt>
   <trkpt lat="10.3512230" lon="123.8561070">
    <ele>404.2</ele>
    <time>2026-09-06T08:49:39Z</time>
   </trkpt>
   <trkpt lat="10.3512490" lon="123.8561400">
    <ele>404.6</ele>
    <time>2026-09-06T08:49:54Z</time>
   </trkpt>
   <trkpt lat="10.3512500" lon="123.8560470">
    <ele>406.7</ele>
    <time>2026-09-06T08:50:04Z</time>
   </trkpt>
   <trkpt lat="10.3512350" lon="123.8560380">
    <ele>407.1</ele>
    <time>2026-09-06T08:50:06Z</time>
   </trkpt>
   <trkpt lat="10.3512790" lon="123.8560160">
    <ele>408.7</ele>
    <time>2026-09-06T08:50:14Z</time>
   </trkpt>
   <trkpt lat="10.3512700" lon="123.8560090">
    <ele>409.2</ele>
    <time>2026-09-06T08:50:18Z</time>
   </trkpt>
   <trkpt lat="10.3512850" lon="123.8560140">
    <ele>409.6</ele>
    <time>2026-09-06T08:50:19Z</time>
   </trkpt>
   <trkpt lat="10.3512770" lon="123.8560030">
    <ele>409.9</ele>
    <time>2026-09-06T08:50:20Z</time>
   </trkpt>
   <trkpt lat="10.3512910" lon="123.8559890">
    <ele>410.4</ele>
    <time>2026-09-06T08:50:23Z</time>
   </trkpt>
   <trkpt lat="10.3512760" lon="123.8559400">
    <ele>411.6</ele>
    <time>2026-09-06T08:50:29Z</time>
   </trkpt>
   <trkpt lat="10.3512610" lon="123.8559420">
    <ele>412.1</ele>
    <time>2026-09-06T08:50:31Z</time>
   </trkpt>
   <trkpt lat="10.3512380" lon="123.8559180">
    <ele>413.0</ele>
    <time>2026-09-06T08:50:36Z</time>
   </trkpt>
   <trkpt lat="10.3512500" lon="123.8559010">
    <ele>413.4</ele>
    <time>2026-09-06T08:50:38Z</time>
   </trkpt>
   <trkpt lat="10.3512570" lon="123.8557980">
    <ele>415.3</ele>
    <time>2026-09-06T08:50:49Z</time>
   </trkpt>
   <trkpt lat="10.3512370" lon="123.8557570">
    <ele>416.0</ele>
    <time>2026-09-06T08:50:53Z</time>
   </trkpt>
   <trkpt lat="10.3512620" lon="123.8557570">
    <ele>416.5</ele>
    <time>2026-09-06T08:50:57Z</time>
   </trkpt>
   <trkpt lat="10.3512440" lon="123.8557150">
    <ele>417.1</ele>
    <time>2026-09-06T08:51:00Z</time>
   </trkpt>
   <trkpt lat="10.3512590" lon="123.8557100">
    <ele>417.4</ele>
    <time>2026-09-06T08:51:01Z</time>
   </trkpt>
   <trkpt lat="10.3512450" lon="123.8556930">
    <ele>417.7</ele>
    <time>2026-09-06T08:51:03Z</time>
   </trkpt>
   <trkpt lat="10.3512350" lon="123.8555490">
    <ele>419.8</ele>
    <time>2026-09-06T08:51:17Z</time>
   </trkpt>
   <trkpt lat="10.3512210" lon="123.8555630">
    <ele>420.2</ele>
    <time>2026-09-06T08:51:19Z</time>
   </trkpt>
   <trkpt lat="10.3512130" lon="123.8555490">
    <ele>420.4</ele>
    <time>2026-09-06T08:51:20Z</time>
   </trkpt>
   <trkpt lat="10.3512100" lon="123.8554720">
    <ele>422.0</ele>
    <time>2026-09-06T08:51:27Z</time>
   </trkpt>
   <trkpt lat="10.3512020" lon="123.8554820">
    <ele>422.4</ele>
    <time>2026-09-06T08:51:29Z</time>
   </trkpt>
   <trkpt lat="10.3512020" lon="123.8554580">
    <ele>423.0</ele>
    <time>2026-09-06T08:51:40Z</time>
   </trkpt>
   <trkpt lat="10.3511310" lon="123.8553750">
    <ele>425.9</ele>
    <time>2026-09-06T08:52:36Z</time>
   </trkpt>
   <trkpt lat="10.3511240" lon="123.8553470">
    <ele>426.9</ele>
    <time>2026-09-06T08:52:46Z</time>
   </trkpt>
   <trkpt lat="10.3511290" lon="123.8553780">
    <ele>427.8</ele>
    <time>2026-09-06T08:52:55Z</time>
   </trkpt>
   <trkpt lat="10.3511160" lon="123.8553840">
    <ele>428.5</ele>
    <time>2026-09-06T08:52:58Z</time>
   </trkpt>
   <trkpt lat="10.3511420" lon="123.8553650">
    <ele>429.6</ele>
    <time>2026-09-06T08:53:01Z</time>
   </trkpt>
   <trkpt lat="10.3511220" lon="123.8553170">
    <ele>431.5</ele>
    <time>2026-09-06T08:53:09Z</time>
   </trkpt>
   <trkpt lat="10.3511280" lon="123.8553060">
    <ele>432.1</ele>
    <time>2026-09-06T08:53:11Z</time>
   </trkpt>
   <trkpt lat="10.3511440" lon="123.8553120">
    <ele>432.7</ele>
    <time>2026-09-06T08:53:14Z</time>
   </trkpt>
   <trkpt lat="10.3511150" lon="123.8552860">
    <ele>434.2</ele>
    <time>2026-09-06T08:53:20Z</time>
   </trkpt>
   <trkpt lat="10.3511050" lon="123.8552220">
    <ele>437.1</ele>
    <time>2026-09-06T08:53:37Z</time>
   </trkpt>
   <trkpt lat="10.3511210" lon="123.8552160">
    <ele>437.8</ele>
    <time>2026-09-06T08:53:43Z</time>
   </trkpt>
   <trkpt lat="10.3511040" lon="123.8552080">
    <ele>438.4</ele>
    <time>2026-09-06T08:53:48Z</time>
   </trkpt>
   <trkpt lat="10.3510940" lon="123.8551640">
    <ele>439.6</ele>
    <time>2026-09-06T08:53:56Z</time>
   </trkpt>
   <trkpt lat="10.3510900" lon="123.8551760">
    <ele>440.3</ele>
    <time>2026-09-06T08:54:01Z</time>
   </trkpt>
   <trkpt lat="10.3510720" lon="123.8551590">
    <ele>440.8</ele>
    <time>2026-09-06T08:54:03Z</time>
   </trkpt>
   <trkpt lat="10.3510700" lon="123.8551470">
    <ele>441.0</ele>
    <time>2026-09-06T08:54:04Z</time>
   </trkpt>
   <trkpt lat="10.3511000" lon="123.8551540">
    <ele>441.7</ele>
    <time>2026-09-06T08:54:13Z</time>
   </trkpt>
   <trkpt lat="10.3510700" lon="123.8551300">
    <ele>442.5</ele>
    <time>2026-09-06T08:54:19Z</time>
   </trkpt>
   <trkpt lat="10.3510630" lon="123.8550130">
    <ele>445.5</ele>
    <time>2026-09-06T08:54:39Z</time>
   </trkpt>
   <trkpt lat="10.3510320" lon="123.8550320">
    <ele>446.9</ele>
    <time>2026-09-06T08:54:50Z</time>
   </trkpt>
   <trkpt lat="10.3509840" lon="123.8550050">
    <ele>448.3</ele>
    <time>2026-09-06T08:54:56Z</time>
   </trkpt>
   <trkpt lat="10.3509370" lon="123.8550240">
    <ele>449.5</ele>
    <time>2026-09-06T08:55:02Z</time>
   </trkpt>
   <trkpt lat="10.3508980" lon="123.8550210">
    <ele>450.3</ele>
    <time>2026-09-06T08:55:05Z</time>
   </trkpt>
   <trkpt lat="10.3508910" lon="123.8550050">
    <ele>450.6</ele>
    <time>2026-09-06T08:55:06Z</time>
   </trkpt>
   <trkpt lat="10.3509110" lon="123.8549630">
    <ele>451.4</ele>
    <time>2026-09-06T08:55:12Z</time>
   </trkpt>
   <trkpt lat="10.3508850" lon="123.8549330">
    <ele>452.1</ele>
    <time>2026-09-06T08:55:15Z</time>
   </trkpt>
   <trkpt lat="10.3508790" lon="123.8549450">
    <ele>452.2</ele>
    <time>2026-09-06T08:55:18Z</time>
   </trkpt>
   <trkpt lat="10.3509050" lon="123.8549630">
    <ele>452.6</ele>
    <time>2026-09-06T08:55:40Z</time>
   </trkpt>
   <trkpt lat="10.3509060" lon="123.8549050">
    <ele>452.9</ele>
    <time>2026-09-06T08:55:53Z</time>
   </trkpt>
   <trkpt lat="10.3509230" lon="123.8548710">
    <ele>453.0</ele>
    <time>2026-09-06T08:56:00Z</time>
   </trkpt>
   <trkpt lat="10.3509070" lon="123.8548610">
    <ele>453.0</ele>
    <time>2026-09-06T08:56:02Z</time>
   </trkpt>
   <trkpt lat="10.3509290" lon="123.8548240">
    <ele>452.9</ele>
    <time>2026-09-06T08:56:09Z</time>
   </trkpt>
   <trkpt lat="10.3509260" lon="123.8548030">
    <ele>452.9</ele>
    <time>2026-09-06T08:56:13Z</time>
   </trkpt>
   <trkpt lat="10.3509080" lon="123.8548000">
    <ele>452.8</ele>
    <time>2026-09-06T08:56:15Z</time>
   </trkpt>
   <trkpt lat="10.3509670" lon="123.8547160">
    <ele>452.7</ele>
    <time>2026-09-06T08:56:26Z</time>
   </trkpt>
   <trkpt lat="10.3509780" lon="123.8545300">
    <ele>453.6</ele>
    <time>2026-09-06T08:56:44Z</time>
   </trkpt>
   <trkpt lat="10.3509990" lon="123.8545110">
    <ele>453.9</ele>
    <time>2026-09-06T08:56:46Z</time>
   </trkpt>
   <trkpt lat="10.3510020" lon="123.8544690">
    <ele>454.4</ele>
    <time>2026-09-06T08:56:50Z</time>
   </trkpt>
   <trkpt lat="10.3510300" lon="123.8544300">
    <ele>455.3</ele>
    <time>2026-09-06T08:56:59Z</time>
   </trkpt>
   <trkpt lat="10.3509870" lon="123.8542750">
    <ele>459.0</ele>
    <time>2026-09-06T08:57:13Z</time>
   </trkpt>
   <trkpt lat="10.3509990" lon="123.8542640">
    <ele>459.5</ele>
    <time>2026-09-06T08:57:15Z</time>
   </trkpt>
   <trkpt lat="10.3509990" lon="123.8542040">
    <ele>461.2</ele>
    <time>2026-09-06T08:57:21Z</time>
   </trkpt>
   <trkpt lat="10.3509780" lon="123.8540860">
    <ele>465.3</ele>
    <time>2026-09-06T08:57:36Z</time>
   </trkpt>
   <trkpt lat="10.3509970" lon="123.8540580">
    <ele>467.2</ele>
    <time>2026-09-06T08:58:18Z</time>
   </trkpt>
   <trkpt lat="10.3509930" lon="123.8540140">
    <ele>468.5</ele>
    <time>2026-09-06T08:58:21Z</time>
   </trkpt>
   <trkpt lat="10.3510110" lon="123.8539550">
    <ele>470.5</ele>
    <time>2026-09-06T08:58:30Z</time>
   </trkpt>
   <trkpt lat="10.3509800" lon="123.8539230">
    <ele>472.1</ele>
    <time>2026-09-06T08:58:39Z</time>
   </trkpt>
   <trkpt lat="10.3509750" lon="123.8538900">
    <ele>473.3</ele>
    <time>2026-09-06T08:58:46Z</time>
   </trkpt>
   <trkpt lat="10.3510050" lon="123.8538660">
    <ele>475.2</ele>
    <time>2026-09-06T08:58:54Z</time>
   </trkpt>
   <trkpt lat="10.3509910" lon="123.8538580">
    <ele>475.7</ele>
    <time>2026-09-06T08:58:56Z</time>
   </trkpt>
   <trkpt lat="10.3510110" lon="123.8538200">
    <ele>477.2</ele>
    <time>2026-09-06T08:59:08Z</time>
   </trkpt>
   <trkpt lat="10.3509930" lon="123.8538240">
    <ele>477.7</ele>
    <time>2026-09-06T08:59:11Z</time>
   </trkpt>
   <trkpt lat="10.3509820" lon="123.8538100">
    <ele>478.4</ele>
    <time>2026-09-06T08:59:20Z</time>
   </trkpt>
   <trkpt lat="10.3510050" lon="123.8537710">
    <ele>479.9</ele>
    <time>2026-09-06T08:59:31Z</time>
   </trkpt>
   <trkpt lat="10.3509970" lon="123.8537580">
    <ele>480.5</ele>
    <time>2026-09-06T08:59:34Z</time>
   </trkpt>
   <trkpt lat="10.3510400" lon="123.8537180">
    <ele>482.0</ele>
    <time>2026-09-06T08:59:44Z</time>
   </trkpt>
   <trkpt lat="10.3510180" lon="123.8536420">
    <ele>483.7</ele>
    <time>2026-09-06T08:59:56Z</time>
   </trkpt>
   <trkpt lat="10.3510430" lon="123.8534990">
    <ele>485.5</ele>
    <time>2026-09-06T09:00:22Z</time>
   </trkpt>
   <trkpt lat="10.3510270" lon="123.8534900">
    <ele>485.7</ele>
    <time>2026-09-06T09:00:25Z</time>
   </trkpt>
   <trkpt lat="10.3510350" lon="123.8534720">
    <ele>485.9</ele>
    <time>2026-09-06T09:00:29Z</time>
   </trkpt>
   <trkpt lat="10.3510170" lon="123.8534770">
    <ele>486.0</ele>
    <time>2026-09-06T09:00:30Z</time>
   </trkpt>
   <trkpt lat="10.3510180" lon="123.8534430">
    <ele>486.3</ele>
    <time>2026-09-06T09:00:35Z</time>
   </trkpt>
   <trkpt lat="10.3510730" lon="123.8533800">
    <ele>487.1</ele>
    <time>2026-09-06T09:00:46Z</time>
   </trkpt>
   <trkpt lat="10.3510570" lon="123.8533420">
    <ele>487.7</ele>
    <time>2026-09-06T09:00:54Z</time>
   </trkpt>
   <trkpt lat="10.3510630" lon="123.8532670">
    <ele>488.7</ele>
    <time>2026-09-06T09:01:02Z</time>
   </trkpt>
   <trkpt lat="10.3510390" lon="123.8532290">
    <ele>489.3</ele>
    <time>2026-09-06T09:01:07Z</time>
   </trkpt>
   <trkpt lat="10.3510320" lon="123.8531610">
    <ele>490.3</ele>
    <time>2026-09-06T09:01:13Z</time>
   </trkpt>
   <trkpt lat="10.3510650" lon="123.8531280">
    <ele>491.0</ele>
    <time>2026-09-06T09:01:18Z</time>
   </trkpt>
   <trkpt lat="10.3510790" lon="123.8530660">
    <ele>492.1</ele>
    <time>2026-09-06T09:01:25Z</time>
   </trkpt>
   <trkpt lat="10.3510660" lon="123.8530270">
    <ele>492.8</ele>
    <time>2026-09-06T09:01:31Z</time>
   </trkpt>
   <trkpt lat="10.3510390" lon="123.8530020">
    <ele>493.5</ele>
    <time>2026-09-06T09:01:35Z</time>
   </trkpt>
   <trkpt lat="10.3510100" lon="123.8528740">
    <ele>496.1</ele>
    <time>2026-09-06T09:01:50Z</time>
   </trkpt>
   <trkpt lat="10.3509630" lon="123.8527470">
    <ele>499.1</ele>
    <time>2026-09-06T09:02:08Z</time>
   </trkpt>
   <trkpt lat="10.3509480" lon="123.8527470">
    <ele>499.4</ele>
    <time>2026-09-06T09:02:11Z</time>
   </trkpt>
   <trkpt lat="10.3509630" lon="123.8527410">
    <ele>500.7</ele>
    <time>2026-09-06T09:02:29Z</time>
   </trkpt>
   <trkpt lat="10.3509520" lon="123.8527490">
    <ele>501.1</ele>
    <time>2026-09-06T09:02:31Z</time>
   </trkpt>
   <trkpt lat="10.3509410" lon="123.8527350">
    <ele>502.2</ele>
    <time>2026-09-06T09:02:48Z</time>
   </trkpt>
   <trkpt lat="10.3509270" lon="123.8526240">
    <ele>505.5</ele>
    <time>2026-09-06T09:04:21Z</time>
   </trkpt>
   <trkpt lat="10.3509540" lon="123.8525860">
    <ele>507.2</ele>
    <time>2026-09-06T09:04:26Z</time>
   </trkpt>
   <trkpt lat="10.3509000" lon="123.8524280">
    <ele>514.2</ele>
    <time>2026-09-06T09:04:51Z</time>
   </trkpt>
   <trkpt lat="10.3509150" lon="123.8524230">
    <ele>514.9</ele>
    <time>2026-09-06T09:04:54Z</time>
   </trkpt>
   <trkpt lat="10.3509060" lon="123.8523920">
    <ele>516.2</ele>
    <time>2026-09-06T09:05:01Z</time>
   </trkpt>
   <trkpt lat="10.3509140" lon="123.8523970">
    <ele>516.5</ele>
    <time>2026-09-06T09:05:02Z</time>
   </trkpt>
   <trkpt lat="10.3509330" lon="123.8523090">
    <ele>521.2</ele>
    <time>2026-09-06T09:05:35Z</time>
   </trkpt>
   <trkpt lat="10.3508910" lon="123.8522010">
    <ele>524.2</ele>
    <time>2026-09-06T09:05:57Z</time>
   </trkpt>
   <trkpt lat="10.3508950" lon="123.8521700">
    <ele>525.4</ele>
    <time>2026-09-06T09:06:07Z</time>
   </trkpt>
   <trkpt lat="10.3508860" lon="123.8521480">
    <ele>525.8</ele>
    <time>2026-09-06T09:06:09Z</time>
   </trkpt>
   <trkpt lat="10.3508680" lon="123.8521440">
    <ele>526.3</ele>
    <time>2026-09-06T09:06:14Z</time>
   </trkpt>
   <trkpt lat="10.3508790" lon="123.8521250">
    <ele>526.9</ele>
    <time>2026-09-06T09:06:17Z</time>
   </trkpt>
   <trkpt lat="10.3508870" lon="123.8521310">
    <ele>527.2</ele>
    <time>2026-09-06T09:06:20Z</time>
   </trkpt>
   <trkpt lat="10.3508710" lon="123.8521040">
    <ele>528.1</ele>
    <time>2026-09-06T09:06:25Z</time>
   </trkpt>
   <trkpt lat="10.3508850" lon="123.8520820">
    <ele>528.7</ele>
    <time>2026-09-06T09:06:29Z</time>
   </trkpt>
   <trkpt lat="10.3509030" lon="123.8520800">
    <ele>529.2</ele>
    <time>2026-09-06T09:06:33Z</time>
   </trkpt>
   <trkpt lat="10.3509030" lon="123.8520900">
    <ele>529.4</ele>
    <time>2026-09-06T09:06:38Z</time>
   </trkpt>
   <trkpt lat="10.3508990" lon="123.8520700">
    <ele>529.9</ele>
    <time>2026-09-06T09:06:48Z</time>
   </trkpt>
   <trkpt lat="10.3509240" lon="123.8520150">
    <ele>531.3</ele>
    <time>2026-09-06T09:07:03Z</time>
   </trkpt>
   <trkpt lat="10.3509780" lon="123.8519480">
    <ele>533.5</ele>
    <time>2026-09-06T09:07:15Z</time>
   </trkpt>
   <trkpt lat="10.3509820" lon="123.8518920">
    <ele>535.0</ele>
    <time>2026-09-06T09:07:25Z</time>
   </trkpt>
   <trkpt lat="10.3510580" lon="123.8517800">
    <ele>538.4</ele>
    <time>2026-09-06T09:07:38Z</time>
   </trkpt>
   <trkpt lat="10.3511070" lon="123.8517510">
    <ele>539.9</ele>
    <time>2026-09-06T09:07:43Z</time>
   </trkpt>
   <trkpt lat="10.3510960" lon="123.8517590">
    <ele>540.3</ele>
    <time>2026-09-06T09:07:45Z</time>
   </trkpt>
   <trkpt lat="10.3510820" lon="123.8517410">
    <ele>540.9</ele>
    <time>2026-09-06T09:07:49Z</time>
   </trkpt>
   <trkpt lat="10.3511340" lon="123.8516660">
    <ele>543.6</ele>
    <time>2026-09-06T09:08:02Z</time>
   </trkpt>
   <trkpt lat="10.3511270" lon="123.8516420">
    <ele>544.5</ele>
    <time>2026-09-06T09:08:09Z</time>
   </trkpt>
   <trkpt lat="10.3511480" lon="123.8515970">
    <ele>545.5</ele>
    <time>2026-09-06T09:08:12Z</time>
   </trkpt>
   <trkpt lat="10.3511340" lon="123.8516060">
    <ele>545.9</ele>
    <time>2026-09-06T09:08:13Z</time>
   </trkpt>
   <trkpt lat="10.3511470" lon="123.8515900">
    <ele>546.3</ele>
    <time>2026-09-06T09:08:14Z</time>
   </trkpt>
   <trkpt lat="10.3511370" lon="123.8515930">
    <ele>546.5</ele>
    <time>2026-09-06T09:08:15Z</time>
   </trkpt>
   <trkpt lat="10.3511680" lon="123.8515100">
    <ele>548.5</ele>
    <time>2026-09-06T09:08:31Z</time>
   </trkpt>
   <trkpt lat="10.3511940" lon="123.8514780">
    <ele>549.3</ele>
    <time>2026-09-06T09:08:39Z</time>
   </trkpt>
   <trkpt lat="10.3511760" lon="123.8514560">
    <ele>549.8</ele>
    <time>2026-09-06T09:08:43Z</time>
   </trkpt>
   <trkpt lat="10.3511850" lon="123.8514290">
    <ele>550.3</ele>
    <time>2026-09-06T09:08:46Z</time>
   </trkpt>
   <trkpt lat="10.3511740" lon="123.8513590">
    <ele>551.4</ele>
    <time>2026-09-06T09:08:54Z</time>
   </trkpt>
   <trkpt lat="10.3511530" lon="123.8513370">
    <ele>551.9</ele>
    <time>2026-09-06T09:08:59Z</time>
   </trkpt>
   <trkpt lat="10.3511640" lon="123.8512160">
    <ele>553.2</ele>
    <time>2026-09-06T09:09:14Z</time>
   </trkpt>
   <trkpt lat="10.3512200" lon="123.8510610">
    <ele>554.0</ele>
    <time>2026-09-06T09:09:34Z</time>
   </trkpt>
   <trkpt lat="10.3511970" lon="123.8510770">
    <ele>554.1</ele>
    <time>2026-09-06T09:09:48Z</time>
   </trkpt>
   <trkpt lat="10.3511820" lon="123.8510370">
    <ele>554.3</ele>
    <time>2026-09-06T09:09:53Z</time>
   </trkpt>
   <trkpt lat="10.3511910" lon="123.8510300">
    <ele>554.3</ele>
    <time>2026-09-06T09:09:56Z</time>
   </trkpt>
   <trkpt lat="10.3511800" lon="123.8510290">
    <ele>554.3</ele>
    <time>2026-09-06T09:09:57Z</time>
   </trkpt>
   <trkpt lat="10.3511990" lon="123.8510200">
    <ele>554.4</ele>
    <time>2026-09-06T09:10:11Z</time>
   </trkpt>
   <trkpt lat="10.3512030" lon="123.8510310">
    <ele>554.4</ele>
    <time>2026-09-06T09:10:18Z</time>
   </trkpt>
   <trkpt lat="10.3511960" lon="123.8509670">
    <ele>554.4</ele>
    <time>2026-09-06T09:10:25Z</time>
   </trkpt>
   <trkpt lat="10.3511650" lon="123.8509070">
    <ele>554.4</ele>
    <time>2026-09-06T09:10:32Z</time>
   </trkpt>
   <trkpt lat="10.3511460" lon="123.8509010">
    <ele>554.4</ele>
    <time>2026-09-06T09:10:44Z</time>
   </trkpt>
   <trkpt lat="10.3511590" lon="123.8508910">
    <ele>554.5</ele>
    <time>2026-09-06T09:10:50Z</time>
   </trkpt>
   <trkpt lat="10.3511430" lon="123.8508390">
    <ele>554.7</ele>
    <time>2026-09-06T09:11:02Z</time>
   </trkpt>
   <trkpt lat="10.3511300" lon="123.8505970">
    <ele>555.8</ele>
    <time>2026-09-06T09:11:24Z</time>
   </trkpt>
   <trkpt lat="10.3511040" lon="123.8505070">
    <ele>555.7</ele>
    <time>2026-09-06T09:11:33Z</time>
   </trkpt>
   <trkpt lat="10.3510450" lon="123.8504340">
    <ele>555.2</ele>
    <time>2026-09-06T09:11:43Z</time>
   </trkpt>
   <trkpt lat="10.3510160" lon="123.8503610">
    <ele>554.6</ele>
    <time>2026-09-06T09:11:51Z</time>
   </trkpt>
   <trkpt lat="10.3509560" lon="123.8503270">
    <ele>554.1</ele>
    <time>2026-09-06T09:11:58Z</time>
   </trkpt>
   <trkpt lat="10.3508660" lon="123.8502370">
    <ele>553.7</ele>
    <time>2026-09-06T09:12:08Z</time>
   </trkpt>
   <trkpt lat="10.3508050" lon="123.8501270">
    <ele>553.5</ele>
    <time>2026-09-06T09:12:18Z</time>
   </trkpt>
   <trkpt lat="10.3506850" lon="123.8500910">
    <ele>554.1</ele>
    <time>2026-09-06T09:12:30Z</time>
   </trkpt>
   <trkpt lat="10.3506390" lon="123.8499760">
    <ele>555.6</ele>
    <time>2026-09-06T09:12:44Z</time>
   </trkpt>
   <trkpt lat="10.3505940" lon="123.8499500">
    <ele>556.4</ele>
    <time>2026-09-06T09:12:51Z</time>
   </trkpt>
   <trkpt lat="10.3505630" lon="123.8498990">
    <ele>557.3</ele>
    <time>2026-09-06T09:12:57Z</time>
   </trkpt>
   <trkpt lat="10.3504820" lon="123.8498380">
    <ele>558.9</ele>
    <time>2026-09-06T09:13:08Z</time>
   </trkpt>
   <trkpt lat="10.3504190" lon="123.8498240">
    <ele>560.0</ele>
    <time>2026-09-06T09:13:15Z</time>
   </trkpt>
   <trkpt lat="10.3503540" lon="123.8497750">
    <ele>561.6</ele>
    <time>2026-09-06T09:13:25Z</time>
   </trkpt>
   <trkpt lat="10.3502140" lon="123.8496030">
    <ele>566.2</ele>
    <time>2026-09-06T09:13:54Z</time>
   </trkpt>
   <trkpt lat="10.3502010" lon="123.8494430">
    <ele>567.2</ele>
    <time>2026-09-06T09:14:10Z</time>
   </trkpt>
   <trkpt lat="10.3501920" lon="123.8494270">
    <ele>567.1</ele>
    <time>2026-09-06T09:14:15Z</time>
   </trkpt>
   <trkpt lat="10.3501870" lon="123.8494540">
    <ele>567.0</ele>
    <time>2026-09-06T09:14:19Z</time>
   </trkpt>
   <trkpt lat="10.3502050" lon="123.8494890">
    <ele>566.8</ele>
    <time>2026-09-06T09:31:08Z</time>
   </trkpt>
   <trkpt lat="10.3502070" lon="123.8494720">
    <ele>566.7</ele>
    <time>2026-09-06T09:31:14Z</time>
   </trkpt>
   <trkpt lat="10.3501900" lon="123.8494670">
    <ele>566.6</ele>
    <time>2026-09-06T09:31:23Z</time>
   </trkpt>
   <trkpt lat="10.3502030" lon="123.8494950">
    <ele>566.4</ele>
    <time>2026-09-06T09:32:42Z</time>
   </trkpt>
   <trkpt lat="10.3502050" lon="123.8494840">
    <ele>566.4</ele>
    <time>2026-09-06T09:32:44Z</time>
   </trkpt>
   <trkpt lat="10.3502010" lon="123.8494930">
    <ele>566.4</ele>
    <time>2026-09-06T09:32:45Z</time>
   </trkpt>
   <trkpt lat="10.3501880" lon="123.8494760">
    <ele>566.3</ele>
    <time>2026-09-06T09:32:51Z</time>
   </trkpt>
   <trkpt lat="10.3501590" lon="123.8494720">
    <ele>566.3</ele>
    <time>2026-09-06T09:33:05Z</time>
   </trkpt>
   <trkpt lat="10.3501760" lon="123.8494690">
    <ele>566.3</ele>
    <time>2026-09-06T09:33:11Z</time>
   </trkpt>
   <trkpt lat="10.3501580" lon="123.8494770">
    <ele>566.4</ele>
    <time>2026-09-06T09:33:22Z</time>
   </trkpt>
   <trkpt lat="10.3502020" lon="123.8494760">
    <ele>566.6</ele>
    <time>2026-09-06T09:33:32Z</time>
   </trkpt>
   <trkpt lat="10.3501970" lon="123.8494350">
    <ele>567.0</ele>
    <time>2026-09-06T09:33:40Z</time>
   </trkpt>
   <trkpt lat="10.3502120" lon="123.8494150">
    <ele>567.5</ele>
    <time>2026-09-06T09:33:43Z</time>
   </trkpt>
   <trkpt lat="10.3502020" lon="123.8493800">
    <ele>568.0</ele>
    <time>2026-09-06T09:33:46Z</time>
   </trkpt>
   <trkpt lat="10.3501730" lon="123.8493580">
    <ele>568.7</ele>
    <time>2026-09-06T09:33:52Z</time>
   </trkpt>
   <trkpt lat="10.3501720" lon="123.8493250">
    <ele>569.4</ele>
    <time>2026-09-06T09:33:56Z</time>
   </trkpt>
   <trkpt lat="10.3501310" lon="123.8492070">
    <ele>572.3</ele>
    <time>2026-09-06T09:34:06Z</time>
   </trkpt>
   <trkpt lat="10.3500920" lon="123.8491430">
    <ele>573.9</ele>
    <time>2026-09-06T09:34:14Z</time>
   </trkpt>
   <trkpt lat="10.3500690" lon="123.8490570">
    <ele>575.8</ele>
    <time>2026-09-06T09:34:27Z</time>
   </trkpt>
   <trkpt lat="10.3500850" lon="123.8489590">
    <ele>577.2</ele>
    <time>2026-09-06T09:34:43Z</time>
   </trkpt>
   <trkpt lat="10.3501060" lon="123.8489180">
    <ele>577.7</ele>
    <time>2026-09-06T09:34:49Z</time>
   </trkpt>
   <trkpt lat="10.3500890" lon="123.8488960">
    <ele>577.9</ele>
    <time>2026-09-06T09:34:53Z</time>
   </trkpt>
   <trkpt lat="10.3500810" lon="123.8488440">
    <ele>578.2</ele>
    <time>2026-09-06T09:34:58Z</time>
   </trkpt>
   <trkpt lat="10.3500930" lon="123.8488060">
    <ele>578.4</ele>
    <time>2026-09-06T09:35:02Z</time>
   </trkpt>
   <trkpt lat="10.3500690" lon="123.8487930">
    <ele>578.6</ele>
    <time>2026-09-06T09:35:04Z</time>
   </trkpt>
   <trkpt lat="10.3500730" lon="123.8487640">
    <ele>578.8</ele>
    <time>2026-09-06T09:35:08Z</time>
   </trkpt>
   <trkpt lat="10.3500500" lon="123.8487310">
    <ele>579.1</ele>
    <time>2026-09-06T09:35:11Z</time>
   </trkpt>
   <trkpt lat="10.3500290" lon="123.8484790">
    <ele>582.3</ele>
    <time>2026-09-06T09:35:34Z</time>
   </trkpt>
   <trkpt lat="10.3500000" lon="123.8483220">
    <ele>585.1</ele>
    <time>2026-09-06T09:35:48Z</time>
   </trkpt>
   <trkpt lat="10.3499750" lon="123.8483040">
    <ele>585.8</ele>
    <time>2026-09-06T09:35:52Z</time>
   </trkpt>
   <trkpt lat="10.3499200" lon="123.8481600">
    <ele>589.4</ele>
    <time>2026-09-06T09:36:09Z</time>
   </trkpt>
   <trkpt lat="10.3499180" lon="123.8481200">
    <ele>590.4</ele>
    <time>2026-09-06T09:36:14Z</time>
   </trkpt>
   <trkpt lat="10.3499440" lon="123.8480440">
    <ele>592.6</ele>
    <time>2026-09-06T09:36:24Z</time>
   </trkpt>
   <trkpt lat="10.3499310" lon="123.8479290">
    <ele>595.8</ele>
    <time>2026-09-06T09:36:49Z</time>
   </trkpt>
   <trkpt lat="10.3498930" lon="123.8479130">
    <ele>597.0</ele>
    <time>2026-09-06T09:36:58Z</time>
   </trkpt>
   <trkpt lat="10.3498610" lon="123.8478540">
    <ele>598.2</ele>
    <time>2026-09-06T09:37:06Z</time>
   </trkpt>
   <trkpt lat="10.3498100" lon="123.8478030">
    <ele>599.5</ele>
    <time>2026-09-06T09:37:13Z</time>
   </trkpt>
   <trkpt lat="10.3497980" lon="123.8477520">
    <ele>600.6</ele>
    <time>2026-09-06T09:37:19Z</time>
   </trkpt>
   <trkpt lat="10.3497240" lon="123.8476400">
    <ele>603.9</ele>
    <time>2026-09-06T09:37:37Z</time>
   </trkpt>
   <trkpt lat="10.3496660" lon="123.8475830">
    <ele>606.3</ele>
    <time>2026-09-06T09:38:00Z</time>
   </trkpt>
   <trkpt lat="10.3495960" lon="123.8474410">
    <ele>610.6</ele>
    <time>2026-09-06T09:38:28Z</time>
   </trkpt>
   <trkpt lat="10.3495290" lon="123.8473540">
    <ele>613.2</ele>
    <time>2026-09-06T09:38:46Z</time>
   </trkpt>
   <trkpt lat="10.3495500" lon="123.8473060">
    <ele>614.5</ele>
    <time>2026-09-06T09:38:54Z</time>
   </trkpt>
   <trkpt lat="10.3495390" lon="123.8472460">
    <ele>615.8</ele>
    <time>2026-09-06T09:39:01Z</time>
   </trkpt>
   <trkpt lat="10.3495770" lon="123.8471960">
    <ele>617.4</ele>
    <time>2026-09-06T09:39:09Z</time>
   </trkpt>
   <trkpt lat="10.3495650" lon="123.8470490">
    <ele>620.7</ele>
    <time>2026-09-06T09:39:29Z</time>
   </trkpt>
   <trkpt lat="10.3495440" lon="123.8470350">
    <ele>620.9</ele>
    <time>2026-09-06T09:39:31Z</time>
   </trkpt>
   <trkpt lat="10.3495280" lon="123.8469920">
    <ele>621.4</ele>
    <time>2026-09-06T09:39:36Z</time>
   </trkpt>
   <trkpt lat="10.3494810" lon="123.8469680">
    <ele>621.7</ele>
    <time>2026-09-06T09:39:45Z</time>
   </trkpt>
   <trkpt lat="10.3494970" lon="123.8469570">
    <ele>621.8</ele>
    <time>2026-09-06T09:40:09Z</time>
   </trkpt>
   <trkpt lat="10.3494220" lon="123.8469050">
    <ele>621.8</ele>
    <time>2026-09-06T09:40:50Z</time>
   </trkpt>
   <trkpt lat="10.3492700" lon="123.8466860">
    <ele>621.4</ele>
    <time>2026-09-06T09:41:17Z</time>
   </trkpt>
   <trkpt lat="10.3492120" lon="123.8466260">
    <ele>621.3</ele>
    <time>2026-09-06T09:41:23Z</time>
   </trkpt>
   <trkpt lat="10.3491180" lon="123.8465770">
    <ele>621.3</ele>
    <time>2026-09-06T09:41:31Z</time>
   </trkpt>
   <trkpt lat="10.3490350" lon="123.8465130">
    <ele>621.2</ele>
    <time>2026-09-06T09:41:39Z</time>
   </trkpt>
   <trkpt lat="10.3489260" lon="123.8463830">
    <ele>621.0</ele>
    <time>2026-09-06T09:41:52Z</time>
   </trkpt>
   <trkpt lat="10.3488210" lon="123.8462950">
    <ele>621.1</ele>
    <time>2026-09-06T09:42:04Z</time>
   </trkpt>
   <trkpt lat="10.3487450" lon="123.8462950">
    <ele>621.2</ele>
    <time>2026-09-06T09:42:10Z</time>
   </trkpt>
   <trkpt lat="10.3486440" lon="123.8463270">
    <ele>621.2</ele>
    <time>2026-09-06T09:42:19Z</time>
   </trkpt>
   <trkpt lat="10.3485580" lon="123.8463180">
    <ele>621.0</ele>
    <time>2026-09-06T09:42:26Z</time>
   </trkpt>
   <trkpt lat="10.3484560" lon="123.8462540">
    <ele>620.1</ele>
    <time>2026-09-06T09:42:36Z</time>
   </trkpt>
   <trkpt lat="10.3484120" lon="123.8462090">
    <ele>619.2</ele>
    <time>2026-09-06T09:42:43Z</time>
   </trkpt>
   <trkpt lat="10.3483990" lon="123.8462120">
    <ele>618.8</ele>
    <time>2026-09-06T09:42:56Z</time>
   </trkpt>
   <trkpt lat="10.3482920" lon="123.8461150">
    <ele>615.9</ele>
    <time>2026-09-06T09:43:06Z</time>
   </trkpt>
   <trkpt lat="10.3481990" lon="123.8460940">
    <ele>613.9</ele>
    <time>2026-09-06T09:43:11Z</time>
   </trkpt>
   <trkpt lat="10.3481090" lon="123.8461150">
    <ele>612.0</ele>
    <time>2026-09-06T09:43:16Z</time>
   </trkpt>
   <trkpt lat="10.3480180" lon="123.8461920">
    <ele>610.0</ele>
    <time>2026-09-06T09:43:31Z</time>
   </trkpt>
   <trkpt lat="10.3479380" lon="123.8462310">
    <ele>609.0</ele>
    <time>2026-09-06T09:43:38Z</time>
   </trkpt>
   <trkpt lat="10.3478340" lon="123.8462120">
    <ele>607.9</ele>
    <time>2026-09-06T09:43:45Z</time>
   </trkpt>
   <trkpt lat="10.3477960" lon="123.8462180">
    <ele>607.5</ele>
    <time>2026-09-06T09:43:48Z</time>
   </trkpt>
   <trkpt lat="10.3477100" lon="123.8461860">
    <ele>606.4</ele>
    <time>2026-09-06T09:43:55Z</time>
   </trkpt>
   <trkpt lat="10.3476490" lon="123.8462040">
    <ele>605.6</ele>
    <time>2026-09-06T09:44:00Z</time>
   </trkpt>
   <trkpt lat="10.3476240" lon="123.8461900">
    <ele>605.2</ele>
    <time>2026-09-06T09:44:02Z</time>
   </trkpt>
   <trkpt lat="10.3474380" lon="123.8461960">
    <ele>603.8</ele>
    <time>2026-09-06T09:44:18Z</time>
   </trkpt>
   <trkpt lat="10.3473480" lon="123.8461820">
    <ele>603.8</ele>
    <time>2026-09-06T09:44:26Z</time>
   </trkpt>
   <trkpt lat="10.3472830" lon="123.8461520">
    <ele>604.0</ele>
    <time>2026-09-06T09:44:32Z</time>
   </trkpt>
   <trkpt lat="10.3471140" lon="123.8459800">
    <ele>606.8</ele>
    <time>2026-09-06T09:44:58Z</time>
   </trkpt>
   <trkpt lat="10.3470840" lon="123.8459230">
    <ele>607.2</ele>
    <time>2026-09-06T09:45:04Z</time>
   </trkpt>
   <trkpt lat="10.3470280" lon="123.8458870">
    <ele>607.1</ele>
    <time>2026-09-06T09:45:10Z</time>
   </trkpt>
   <trkpt lat="10.3469260" lon="123.8458760">
    <ele>606.3</ele>
    <time>2026-09-06T09:45:19Z</time>
   </trkpt>
   <trkpt lat="10.3467570" lon="123.8458110">
    <ele>605.3</ele>
    <time>2026-09-06T09:45:33Z</time>
   </trkpt>
   <trkpt lat="10.3466590" lon="123.8457490">
    <ele>604.7</ele>
    <time>2026-09-06T09:45:43Z</time>
   </trkpt>
   <trkpt lat="10.3464620" lon="123.8456590">
    <ele>603.7</ele>
    <time>2026-09-06T09:45:59Z</time>
   </trkpt>
   <trkpt lat="10.3464000" lon="123.8456110">
    <ele>603.8</ele>
    <time>2026-09-06T09:46:06Z</time>
   </trkpt>
   <trkpt lat="10.3464290" lon="123.8456330">
    <ele>603.9</ele>
    <time>2026-09-06T09:46:08Z</time>
   </trkpt>
   <trkpt lat="10.3464150" lon="123.8456620">
    <ele>604.0</ele>
    <time>2026-09-06T09:46:10Z</time>
   </trkpt>
   <trkpt lat="10.3463950" lon="123.8456650">
    <ele>604.1</ele>
    <time>2026-09-06T09:46:14Z</time>
   </trkpt>
   <trkpt lat="10.3464060" lon="123.8456770">
    <ele>604.3</ele>
    <time>2026-09-06T09:46:36Z</time>
   </trkpt>
   <trkpt lat="10.3464230" lon="123.8456410">
    <ele>604.5</ele>
    <time>2026-09-06T09:46:41Z</time>
   </trkpt>
   <trkpt lat="10.3464160" lon="123.8456210">
    <ele>604.6</ele>
    <time>2026-09-06T09:46:43Z</time>
   </trkpt>
   <trkpt lat="10.3463130" lon="123.8455700">
    <ele>604.7</ele>
    <time>2026-09-06T09:46:52Z</time>
   </trkpt>
   <trkpt lat="10.3462390" lon="123.8454750">
    <ele>604.5</ele>
    <time>2026-09-06T09:47:04Z</time>
   </trkpt>
   <trkpt lat="10.3461180" lon="123.8453560">
    <ele>604.3</ele>
    <time>2026-09-06T09:47:18Z</time>
   </trkpt>
   <trkpt lat="10.3460530" lon="123.8452660">
    <ele>604.2</ele>
    <time>2026-09-06T09:47:27Z</time>
   </trkpt>
   <trkpt lat="10.3460390" lon="123.8452090">
    <ele>604.2</ele>
    <time>2026-09-06T09:47:32Z</time>
   </trkpt>
   <trkpt lat="10.3459600" lon="123.8450550">
    <ele>604.6</ele>
    <time>2026-09-06T09:47:47Z</time>
   </trkpt>
   <trkpt lat="10.3459550" lon="123.8449640">
    <ele>605.0</ele>
    <time>2026-09-06T09:47:54Z</time>
   </trkpt>
   <trkpt lat="10.3459270" lon="123.8449080">
    <ele>605.5</ele>
    <time>2026-09-06T09:47:59Z</time>
   </trkpt>
   <trkpt lat="10.3459250" lon="123.8448360">
    <ele>606.1</ele>
    <time>2026-09-06T09:48:04Z</time>
   </trkpt>
   <trkpt lat="10.3458890" lon="123.8447370">
    <ele>606.8</ele>
    <time>2026-09-06T09:48:13Z</time>
   </trkpt>
   <trkpt lat="10.3458540" lon="123.8446720">
    <ele>606.9</ele>
    <time>2026-09-06T09:48:19Z</time>
   </trkpt>
   <trkpt lat="10.3457640" lon="123.8445850">
    <ele>606.2</ele>
    <time>2026-09-06T09:48:30Z</time>
   </trkpt>
   <trkpt lat="10.3456710" lon="123.8444540">
    <ele>605.4</ele>
    <time>2026-09-06T09:48:42Z</time>
   </trkpt>
   <trkpt lat="10.3456230" lon="123.8443540">
    <ele>604.9</ele>
    <time>2026-09-06T09:48:51Z</time>
   </trkpt>
   <trkpt lat="10.3456250" lon="123.8443070">
    <ele>604.6</ele>
    <time>2026-09-06T09:48:55Z</time>
   </trkpt>
   <trkpt lat="10.3456070" lon="123.8442590">
    <ele>604.2</ele>
    <time>2026-09-06T09:48:59Z</time>
   </trkpt>
   <trkpt lat="10.3455860" lon="123.8442350">
    <ele>603.9</ele>
    <time>2026-09-06T09:49:01Z</time>
   </trkpt>
   <trkpt lat="10.3455570" lon="123.8442320">
    <ele>603.6</ele>
    <time>2026-09-06T09:49:04Z</time>
   </trkpt>
   <trkpt lat="10.3454830" lon="123.8441880">
    <ele>602.8</ele>
    <time>2026-09-06T09:49:10Z</time>
   </trkpt>
   <trkpt lat="10.3453730" lon="123.8440950">
    <ele>601.5</ele>
    <time>2026-09-06T09:49:21Z</time>
   </trkpt>
   <trkpt lat="10.3452470" lon="123.8438430">
    <ele>600.2</ele>
    <time>2026-09-06T09:49:42Z</time>
   </trkpt>
   <trkpt lat="10.3452110" lon="123.8438250">
    <ele>600.0</ele>
    <time>2026-09-06T09:49:47Z</time>
   </trkpt>
   <trkpt lat="10.3450750" lon="123.8436710">
    <ele>598.4</ele>
    <time>2026-09-06T09:50:05Z</time>
   </trkpt>
   <trkpt lat="10.3449450" lon="123.8435860">
    <ele>597.0</ele>
    <time>2026-09-06T09:50:19Z</time>
   </trkpt>
   <trkpt lat="10.3449440" lon="123.8435540">
    <ele>596.7</ele>
    <time>2026-09-06T09:50:23Z</time>
   </trkpt>
   <trkpt lat="10.3448950" lon="123.8435300">
    <ele>596.1</ele>
    <time>2026-09-06T09:50:30Z</time>
   </trkpt>
   <trkpt lat="10.3447710" lon="123.8434290">
    <ele>594.3</ele>
    <time>2026-09-06T09:50:44Z</time>
   </trkpt>
   <trkpt lat="10.3447120" lon="123.8433390">
    <ele>593.3</ele>
    <time>2026-09-06T09:50:52Z</time>
   </trkpt>
   <trkpt lat="10.3446820" lon="123.8433240">
    <ele>593.0</ele>
    <time>2026-09-06T09:50:54Z</time>
   </trkpt>
   <trkpt lat="10.3446670" lon="123.8432680">
    <ele>592.8</ele>
    <time>2026-09-06T09:50:59Z</time>
   </trkpt>
   <trkpt lat="10.3446080" lon="123.8431950">
    <ele>592.8</ele>
    <time>2026-09-06T09:51:11Z</time>
   </trkpt>
   <trkpt lat="10.3445910" lon="123.8431330">
    <ele>593.1</ele>
    <time>2026-09-06T09:51:18Z</time>
   </trkpt>
   <trkpt lat="10.3445120" lon="123.8430400">
    <ele>594.3</ele>
    <time>2026-09-06T09:51:34Z</time>
   </trkpt>
   <trkpt lat="10.3444540" lon="123.8429970">
    <ele>595.2</ele>
    <time>2026-09-06T09:51:42Z</time>
   </trkpt>
   <trkpt lat="10.3444690" lon="123.8429330">
    <ele>596.2</ele>
    <time>2026-09-06T09:51:48Z</time>
   </trkpt>
   <trkpt lat="10.3444220" lon="123.8428750">
    <ele>597.2</ele>
    <time>2026-09-06T09:51:56Z</time>
   </trkpt>
   <trkpt lat="10.3443810" lon="123.8427610">
    <ele>598.7</ele>
    <time>2026-09-06T09:52:07Z</time>
   </trkpt>
   <trkpt lat="10.3443180" lon="123.8426770">
    <ele>599.5</ele>
    <time>2026-09-06T09:52:19Z</time>
   </trkpt>
   <trkpt lat="10.3442980" lon="123.8426260">
    <ele>599.9</ele>
    <time>2026-09-06T09:52:26Z</time>
   </trkpt>
   <trkpt lat="10.3441730" lon="123.8424610">
    <ele>601.5</ele>
    <time>2026-09-06T09:52:45Z</time>
   </trkpt>
   <trkpt lat="10.3441320" lon="123.8424260">
    <ele>602.1</ele>
    <time>2026-09-06T09:52:54Z</time>
   </trkpt>
   <trkpt lat="10.3441170" lon="123.8423820">
    <ele>602.6</ele>
    <time>2026-09-06T09:52:59Z</time>
   </trkpt>
   <trkpt lat="10.3440090" lon="123.8422340">
    <ele>605.3</ele>
    <time>2026-09-06T09:53:17Z</time>
   </trkpt>
   <trkpt lat="10.3439310" lon="123.8422880">
    <ele>606.8</ele>
    <time>2026-09-06T09:53:32Z</time>
   </trkpt>
   <trkpt lat="10.3439280" lon="123.8422790">
    <ele>606.9</ele>
    <time>2026-09-06T09:53:35Z</time>
   </trkpt>
   <trkpt lat="10.3438980" lon="123.8423130">
    <ele>607.2</ele>
    <time>2026-09-06T09:53:41Z</time>
   </trkpt>
   <trkpt lat="10.3438730" lon="123.8423130">
    <ele>607.2</ele>
    <time>2026-09-06T09:53:45Z</time>
   </trkpt>
   <trkpt lat="10.3438480" lon="123.8423410">
    <ele>607.1</ele>
    <time>2026-09-06T09:53:49Z</time>
   </trkpt>
   <trkpt lat="10.3438160" lon="123.8423260">
    <ele>606.5</ele>
    <time>2026-09-06T09:53:58Z</time>
   </trkpt>
   <trkpt lat="10.3437660" lon="123.8423830">
    <ele>604.5</ele>
    <time>2026-09-06T09:54:13Z</time>
   </trkpt>
   <trkpt lat="10.3437440" lon="123.8423890">
    <ele>603.8</ele>
    <time>2026-09-06T09:54:18Z</time>
   </trkpt>
   <trkpt lat="10.3437390" lon="123.8423690">
    <ele>602.8</ele>
    <time>2026-09-06T09:54:25Z</time>
   </trkpt>
   <trkpt lat="10.3437390" lon="123.8423840">
    <ele>601.9</ele>
    <time>2026-09-06T09:54:35Z</time>
   </trkpt>
   <trkpt lat="10.3437260" lon="123.8423860">
    <ele>601.4</ele>
    <time>2026-09-06T09:54:40Z</time>
   </trkpt>
   <trkpt lat="10.3437390" lon="123.8424240">
    <ele>599.5</ele>
    <time>2026-09-06T09:54:50Z</time>
   </trkpt>
   <trkpt lat="10.3436830" lon="123.8424710">
    <ele>595.6</ele>
    <time>2026-09-06T09:55:09Z</time>
   </trkpt>
   <trkpt lat="10.3436810" lon="123.8425130">
    <ele>593.3</ele>
    <time>2026-09-06T09:55:50Z</time>
   </trkpt>
   <trkpt lat="10.3436930" lon="123.8424740">
    <ele>591.0</ele>
    <time>2026-09-06T09:56:20Z</time>
   </trkpt>
   <trkpt lat="10.3436710" lon="123.8425050">
    <ele>589.4</ele>
    <time>2026-09-06T09:56:24Z</time>
   </trkpt>
   <trkpt lat="10.3436400" lon="123.8425040">
    <ele>588.0</ele>
    <time>2026-09-06T09:56:29Z</time>
   </trkpt>
   <trkpt lat="10.3435890" lon="123.8425490">
    <ele>584.6</ele>
    <time>2026-09-06T09:56:42Z</time>
   </trkpt>
   <trkpt lat="10.3435740" lon="123.8425380">
    <ele>583.8</ele>
    <time>2026-09-06T09:56:46Z</time>
   </trkpt>
   <trkpt lat="10.3435600" lon="123.8425650">
    <ele>582.5</ele>
    <time>2026-09-06T09:56:51Z</time>
   </trkpt>
   <trkpt lat="10.3435150" lon="123.8425970">
    <ele>580.4</ele>
    <time>2026-09-06T09:56:55Z</time>
   </trkpt>
   <trkpt lat="10.3434860" lon="123.8425890">
    <ele>578.3</ele>
    <time>2026-09-06T09:57:05Z</time>
   </trkpt>
   <trkpt lat="10.3433990" lon="123.8426470">
    <ele>573.6</ele>
    <time>2026-09-06T09:57:23Z</time>
   </trkpt>
   <trkpt lat="10.3433120" lon="123.8426620">
    <ele>570.9</ele>
    <time>2026-09-06T09:57:32Z</time>
   </trkpt>
   <trkpt lat="10.3432520" lon="123.8427090">
    <ele>568.7</ele>
    <time>2026-09-06T09:57:39Z</time>
   </trkpt>
   <trkpt lat="10.3431580" lon="123.8427360">
    <ele>565.8</ele>
    <time>2026-09-06T09:57:50Z</time>
   </trkpt>
   <trkpt lat="10.3431360" lon="123.8427660">
    <ele>564.8</ele>
    <time>2026-09-06T09:57:54Z</time>
   </trkpt>
   <trkpt lat="10.3431000" lon="123.8427700">
    <ele>563.7</ele>
    <time>2026-09-06T09:57:59Z</time>
   </trkpt>
   <trkpt lat="10.3430740" lon="123.8428010">
    <ele>562.6</ele>
    <time>2026-09-06T09:58:03Z</time>
   </trkpt>
   <trkpt lat="10.3430720" lon="123.8428290">
    <ele>561.9</ele>
    <time>2026-09-06T09:58:05Z</time>
   </trkpt>
   <trkpt lat="10.3429360" lon="123.8428330">
    <ele>558.8</ele>
    <time>2026-09-06T09:58:18Z</time>
   </trkpt>
   <trkpt lat="10.3428640" lon="123.8428610">
    <ele>557.1</ele>
    <time>2026-09-06T09:58:25Z</time>
   </trkpt>
   <trkpt lat="10.3427880" lon="123.8428280">
    <ele>555.4</ele>
    <time>2026-09-06T09:58:30Z</time>
   </trkpt>
   <trkpt lat="10.3427190" lon="123.8428990">
    <ele>554.6</ele>
    <time>2026-09-06T09:58:37Z</time>
   </trkpt>
   <trkpt lat="10.3426820" lon="123.8429050">
    <ele>554.3</ele>
    <time>2026-09-06T09:58:40Z</time>
   </trkpt>
   <trkpt lat="10.3426250" lon="123.8429510">
    <ele>553.8</ele>
    <time>2026-09-06T09:58:45Z</time>
   </trkpt>
   <trkpt lat="10.3425960" lon="123.8429510">
    <ele>553.6</ele>
    <time>2026-09-06T09:58:47Z</time>
   </trkpt>
   <trkpt lat="10.3425080" lon="123.8430220">
    <ele>552.8</ele>
    <time>2026-09-06T09:58:55Z</time>
   </trkpt>
   <trkpt lat="10.3424390" lon="123.8430520">
    <ele>552.4</ele>
    <time>2026-09-06T09:59:00Z</time>
   </trkpt>
   <trkpt lat="10.3424120" lon="123.8430850">
    <ele>552.1</ele>
    <time>2026-09-06T09:59:03Z</time>
   </trkpt>
   <trkpt lat="10.3423490" lon="123.8431000">
    <ele>551.6</ele>
    <time>2026-09-06T09:59:07Z</time>
   </trkpt>
   <trkpt lat="10.3422150" lon="123.8431870">
    <ele>550.1</ele>
    <time>2026-09-06T09:59:18Z</time>
   </trkpt>
   <trkpt lat="10.3421380" lon="123.8433010">
    <ele>548.4</ele>
    <time>2026-09-06T09:59:28Z</time>
   </trkpt>
   <trkpt lat="10.3420820" lon="123.8434290">
    <ele>546.3</ele>
    <time>2026-09-06T09:59:38Z</time>
   </trkpt>
   <trkpt lat="10.3420720" lon="123.8434860">
    <ele>545.4</ele>
    <time>2026-09-06T09:59:42Z</time>
   </trkpt>
   <trkpt lat="10.3420630" lon="123.8436650">
    <ele>542.5</ele>
    <time>2026-09-06T09:59:55Z</time>
   </trkpt>
   <trkpt lat="10.3421000" lon="123.8438440">
    <ele>539.9</ele>
    <time>2026-09-06T10:00:03Z</time>
   </trkpt>
   <trkpt lat="10.3420900" lon="123.8439730">
    <ele>538.8</ele>
    <time>2026-09-06T10:00:07Z</time>
   </trkpt>
   <trkpt lat="10.3420700" lon="123.8440190">
    <ele>538.5</ele>
    <time>2026-09-06T10:00:09Z</time>
   </trkpt>
   <trkpt lat="10.3420750" lon="123.8440630">
    <ele>538.4</ele>
    <time>2026-09-06T10:00:12Z</time>
   </trkpt>
   <trkpt lat="10.3420330" lon="123.8441580">
    <ele>538.4</ele>
    <time>2026-09-06T10:00:19Z</time>
   </trkpt>
   <trkpt lat="10.3418040" lon="123.8444030">
    <ele>538.8</ele>
    <time>2026-09-06T10:00:40Z</time>
   </trkpt>
   <trkpt lat="10.3417010" lon="123.8445660">
    <ele>538.9</ele>
    <time>2026-09-06T10:00:54Z</time>
   </trkpt>
   <trkpt lat="10.3415770" lon="123.8447140">
    <ele>539.2</ele>
    <time>2026-09-06T10:01:08Z</time>
   </trkpt>
   <trkpt lat="10.3415110" lon="123.8447490">
    <ele>539.4</ele>
    <time>2026-09-06T10:01:13Z</time>
   </trkpt>
   <trkpt lat="10.3413640" lon="123.8447880">
    <ele>540.3</ele>
    <time>2026-09-06T10:01:24Z</time>
   </trkpt>
   <trkpt lat="10.3412180" lon="123.8448850">
    <ele>541.3</ele>
    <time>2026-09-06T10:01:35Z</time>
   </trkpt>
   <trkpt lat="10.3411320" lon="123.8449230">
    <ele>541.9</ele>
    <time>2026-09-06T10:01:42Z</time>
   </trkpt>
   <trkpt lat="10.3409530" lon="123.8449550">
    <ele>542.8</ele>
    <time>2026-09-06T10:01:56Z</time>
   </trkpt>
   <trkpt lat="10.3407760" lon="123.8450230">
    <ele>543.1</ele>
    <time>2026-09-06T10:02:10Z</time>
   </trkpt>
   <trkpt lat="10.3406440" lon="123.8451320">
    <ele>542.7</ele>
    <time>2026-09-06T10:02:24Z</time>
   </trkpt>
   <trkpt lat="10.3405630" lon="123.8452230">
    <ele>542.3</ele>
    <time>2026-09-06T10:02:32Z</time>
   </trkpt>
   <trkpt lat="10.3404670" lon="123.8453680">
    <ele>542.1</ele>
    <time>2026-09-06T10:02:43Z</time>
   </trkpt>
   <trkpt lat="10.3403830" lon="123.8455400">
    <ele>541.9</ele>
    <time>2026-09-06T10:02:57Z</time>
   </trkpt>
   <trkpt lat="10.3402900" lon="123.8455970">
    <ele>541.8</ele>
    <time>2026-09-06T10:03:05Z</time>
   </trkpt>
   <trkpt lat="10.3401430" lon="123.8456390">
    <ele>541.3</ele>
    <time>2026-09-06T10:03:16Z</time>
   </trkpt>
   <trkpt lat="10.3400030" lon="123.8456340">
    <ele>540.6</ele>
    <time>2026-09-06T10:03:25Z</time>
   </trkpt>
   <trkpt lat="10.3398710" lon="123.8456500">
    <ele>539.9</ele>
    <time>2026-09-06T10:03:34Z</time>
   </trkpt>
   <trkpt lat="10.3398370" lon="123.8456360">
    <ele>539.8</ele>
    <time>2026-09-06T10:03:36Z</time>
   </trkpt>
   <trkpt lat="10.3397610" lon="123.8456680">
    <ele>539.5</ele>
    <time>2026-09-06T10:03:41Z</time>
   </trkpt>
   <trkpt lat="10.3395670" lon="123.8456900">
    <ele>539.3</ele>
    <time>2026-09-06T10:03:55Z</time>
   </trkpt>
   <trkpt lat="10.3395010" lon="123.8457200">
    <ele>539.4</ele>
    <time>2026-09-06T10:04:00Z</time>
   </trkpt>
   <trkpt lat="10.3394740" lon="123.8457160">
    <ele>539.4</ele>
    <time>2026-09-06T10:04:02Z</time>
   </trkpt>
   <trkpt lat="10.3393090" lon="123.8457600">
    <ele>540.0</ele>
    <time>2026-09-06T10:04:14Z</time>
   </trkpt>
   <trkpt lat="10.3392240" lon="123.8457500">
    <ele>540.4</ele>
    <time>2026-09-06T10:04:21Z</time>
   </trkpt>
   <trkpt lat="10.3391580" lon="123.8457220">
    <ele>540.9</ele>
    <time>2026-09-06T10:04:26Z</time>
   </trkpt>
   <trkpt lat="10.3390690" lon="123.8456200">
    <ele>541.4</ele>
    <time>2026-09-06T10:04:36Z</time>
   </trkpt>
   <trkpt lat="10.3389360" lon="123.8454090">
    <ele>541.4</ele>
    <time>2026-09-06T10:04:52Z</time>
   </trkpt>
   <trkpt lat="10.3389020" lon="123.8452650">
    <ele>540.8</ele>
    <time>2026-09-06T10:05:01Z</time>
   </trkpt>
   <trkpt lat="10.3388970" lon="123.8451710">
    <ele>540.3</ele>
    <time>2026-09-06T10:05:07Z</time>
   </trkpt>
   <trkpt lat="10.3388780" lon="123.8451280">
    <ele>539.9</ele>
    <time>2026-09-06T10:05:10Z</time>
   </trkpt>
   <trkpt lat="10.3387450" lon="123.8450040">
    <ele>537.7</ele>
    <time>2026-09-06T10:05:19Z</time>
   </trkpt>
   <trkpt lat="10.3386460" lon="123.8448000">
    <ele>534.8</ele>
    <time>2026-09-06T10:05:28Z</time>
   </trkpt>
   <trkpt lat="10.3386180" lon="123.8447990">
    <ele>534.5</ele>
    <time>2026-09-06T10:05:29Z</time>
   </trkpt>
   <trkpt lat="10.3386060" lon="123.8447610">
    <ele>534.1</ele>
    <time>2026-09-06T10:05:31Z</time>
   </trkpt>
   <trkpt lat="10.3385510" lon="123.8447390">
    <ele>533.6</ele>
    <time>2026-09-06T10:05:36Z</time>
   </trkpt>
   <trkpt lat="10.3384890" lon="123.8446660">
    <ele>532.7</ele>
    <time>2026-09-06T10:05:43Z</time>
   </trkpt>
   <trkpt lat="10.3384210" lon="123.8446130">
    <ele>531.9</ele>
    <time>2026-09-06T10:05:49Z</time>
   </trkpt>
   <trkpt lat="10.3384210" lon="123.8445890">
    <ele>531.7</ele>
    <time>2026-09-06T10:05:51Z</time>
   </trkpt>
   <trkpt lat="10.3383870" lon="123.8445430">
    <ele>531.2</ele>
    <time>2026-09-06T10:05:56Z</time>
   </trkpt>
   <trkpt lat="10.3383620" lon="123.8444400">
    <ele>530.2</ele>
    <time>2026-09-06T10:06:03Z</time>
   </trkpt>
   <trkpt lat="10.3383210" lon="123.8443970">
    <ele>529.6</ele>
    <time>2026-09-06T10:06:07Z</time>
   </trkpt>
   <trkpt lat="10.3382790" lon="123.8443150">
    <ele>528.7</ele>
    <time>2026-09-06T10:06:14Z</time>
   </trkpt>
   <trkpt lat="10.3381560" lon="123.8441600">
    <ele>526.5</ele>
    <time>2026-09-06T10:06:29Z</time>
   </trkpt>
   <trkpt lat="10.3381290" lon="123.8441490">
    <ele>526.2</ele>
    <time>2026-09-06T10:06:31Z</time>
   </trkpt>
   <trkpt lat="10.3380860" lon="123.8440500">
    <ele>525.0</ele>
    <time>2026-09-06T10:06:40Z</time>
   </trkpt>
   <trkpt lat="10.3380470" lon="123.8440260">
    <ele>524.9</ele>
    <time>2026-09-06T10:06:43Z</time>
   </trkpt>
   <trkpt lat="10.3380360" lon="123.8439980">
    <ele>524.9</ele>
    <time>2026-09-06T10:06:45Z</time>
   </trkpt>
   <trkpt lat="10.3380130" lon="123.8439890">
    <ele>524.9</ele>
    <time>2026-09-06T10:06:47Z</time>
   </trkpt>
   <trkpt lat="10.3378620" lon="123.8438210">
    <ele>523.4</ele>
    <time>2026-09-06T10:07:02Z</time>
   </trkpt>
   <trkpt lat="10.3377430" lon="123.8436590">
    <ele>521.3</ele>
    <time>2026-09-06T10:07:16Z</time>
   </trkpt>
   <trkpt lat="10.3377080" lon="123.8435850">
    <ele>520.3</ele>
    <time>2026-09-06T10:07:22Z</time>
   </trkpt>
   <trkpt lat="10.3376600" lon="123.8435650">
    <ele>519.7</ele>
    <time>2026-09-06T10:07:26Z</time>
   </trkpt>
   <trkpt lat="10.3376370" lon="123.8435350">
    <ele>519.2</ele>
    <time>2026-09-06T10:07:28Z</time>
   </trkpt>
   <trkpt lat="10.3376270" lon="123.8434810">
    <ele>518.4</ele>
    <time>2026-09-06T10:07:31Z</time>
   </trkpt>
   <trkpt lat="10.3376060" lon="123.8434730">
    <ele>518.1</ele>
    <time>2026-09-06T10:07:32Z</time>
   </trkpt>
   <trkpt lat="10.3375500" lon="123.8433800">
    <ele>516.7</ele>
    <time>2026-09-06T10:07:37Z</time>
   </trkpt>
   <trkpt lat="10.3374760" lon="123.8433100">
    <ele>515.4</ele>
    <time>2026-09-06T10:07:41Z</time>
   </trkpt>
   <trkpt lat="10.3373720" lon="123.8431280">
    <ele>512.8</ele>
    <time>2026-09-06T10:07:49Z</time>
   </trkpt>
   <trkpt lat="10.3372310" lon="123.8429700">
    <ele>510.2</ele>
    <time>2026-09-06T10:07:59Z</time>
   </trkpt>
   <trkpt lat="10.3370200" lon="123.8427970">
    <ele>506.1</ele>
    <time>2026-09-06T10:08:16Z</time>
   </trkpt>
   <trkpt lat="10.3369890" lon="123.8427510">
    <ele>505.0</ele>
    <time>2026-09-06T10:08:20Z</time>
   </trkpt>
   <trkpt lat="10.3369280" lon="123.8427220">
    <ele>503.7</ele>
    <time>2026-09-06T10:08:25Z</time>
   </trkpt>
   <trkpt lat="10.3368750" lon="123.8426640">
    <ele>502.0</ele>
    <time>2026-09-06T10:08:31Z</time>
   </trkpt>
   <trkpt lat="10.3368140" lon="123.8426740">
    <ele>501.5</ele>
    <time>2026-09-06T10:08:35Z</time>
   </trkpt>
   <trkpt lat="10.3367650" lon="123.8426370">
    <ele>500.9</ele>
    <time>2026-09-06T10:08:41Z</time>
   </trkpt>
   <trkpt lat="10.3367420" lon="123.8426390">
    <ele>500.9</ele>
    <time>2026-09-06T10:08:43Z</time>
   </trkpt>
   <trkpt lat="10.3367360" lon="123.8426600">
    <ele>501.3</ele>
    <time>2026-09-06T10:08:45Z</time>
   </trkpt>
   <trkpt lat="10.3367660" lon="123.8427000">
    <ele>501.3</ele>
    <time>2026-09-06T10:08:48Z</time>
   </trkpt>
   <trkpt lat="10.3369210" lon="123.8427960">
    <ele>500.8</ele>
    <time>2026-09-06T10:09:00Z</time>
   </trkpt>
   <trkpt lat="10.3370270" lon="123.8429040">
    <ele>500.2</ele>
    <time>2026-09-06T10:09:10Z</time>
   </trkpt>
   <trkpt lat="10.3370210" lon="123.8429260">
    <ele>500.1</ele>
    <time>2026-09-06T10:09:11Z</time>
   </trkpt>
   <trkpt lat="10.3370920" lon="123.8429970">
    <ele>499.7</ele>
    <time>2026-09-06T10:09:18Z</time>
   </trkpt>
   <trkpt lat="10.3371220" lon="123.8430630">
    <ele>499.3</ele>
    <time>2026-09-06T10:09:23Z</time>
   </trkpt>
   <trkpt lat="10.3371850" lon="123.8431130">
    <ele>498.9</ele>
    <time>2026-09-06T10:09:28Z</time>
   </trkpt>
   <trkpt lat="10.3371870" lon="123.8431710">
    <ele>498.5</ele>
    <time>2026-09-06T10:09:31Z</time>
   </trkpt>
   <trkpt lat="10.3372090" lon="123.8431830">
    <ele>498.4</ele>
    <time>2026-09-06T10:09:32Z</time>
   </trkpt>
   <trkpt lat="10.3372980" lon="123.8433110">
    <ele>497.2</ele>
    <time>2026-09-06T10:09:40Z</time>
   </trkpt>
   <trkpt lat="10.3373550" lon="123.8433410">
    <ele>496.6</ele>
    <time>2026-09-06T10:09:42Z</time>
   </trkpt>
   <trkpt lat="10.3374180" lon="123.8435040">
    <ele>495.0</ele>
    <time>2026-09-06T10:09:48Z</time>
   </trkpt>
   <trkpt lat="10.3375110" lon="123.8436380">
    <ele>493.5</ele>
    <time>2026-09-06T10:09:54Z</time>
   </trkpt>
   <trkpt lat="10.3375550" lon="123.8436670">
    <ele>492.9</ele>
    <time>2026-09-06T10:09:56Z</time>
   </trkpt>
   <trkpt lat="10.3375750" lon="123.8437280">
    <ele>492.3</ele>
    <time>2026-09-06T10:09:58Z</time>
   </trkpt>
   <trkpt lat="10.3375630" lon="123.8437900">
    <ele>491.5</ele>
    <time>2026-09-06T10:10:00Z</time>
   </trkpt>
   <trkpt lat="10.3375800" lon="123.8438410">
    <ele>490.9</ele>
    <time>2026-09-06T10:10:02Z</time>
   </trkpt>
   <trkpt lat="10.3376440" lon="123.8439250">
    <ele>489.6</ele>
    <time>2026-09-06T10:10:06Z</time>
   </trkpt>
   <trkpt lat="10.3376570" lon="123.8440310">
    <ele>488.2</ele>
    <time>2026-09-06T10:10:10Z</time>
   </trkpt>
   <trkpt lat="10.3377460" lon="123.8441130">
    <ele>486.5</ele>
    <time>2026-09-06T10:10:15Z</time>
   </trkpt>
   <trkpt lat="10.3377420" lon="123.8441820">
    <ele>485.5</ele>
    <time>2026-09-06T10:10:18Z</time>
   </trkpt>
   <trkpt lat="10.3377650" lon="123.8441960">
    <ele>485.2</ele>
    <time>2026-09-06T10:10:19Z</time>
   </trkpt>
   <trkpt lat="10.3378340" lon="123.8443400">
    <ele>483.1</ele>
    <time>2026-09-06T10:10:25Z</time>
   </trkpt>
   <trkpt lat="10.3378300" lon="123.8444640">
    <ele>481.7</ele>
    <time>2026-09-06T10:10:30Z</time>
   </trkpt>
   <trkpt lat="10.3378070" lon="123.8445230">
    <ele>481.0</ele>
    <time>2026-09-06T10:10:33Z</time>
   </trkpt>
   <trkpt lat="10.3378570" lon="123.8447520">
    <ele>478.5</ele>
    <time>2026-09-06T10:10:43Z</time>
   </trkpt>
   <trkpt lat="10.3378440" lon="123.8449010">
    <ele>476.8</ele>
    <time>2026-09-06T10:10:49Z</time>
   </trkpt>
   <trkpt lat="10.3379040" lon="123.8449800">
    <ele>475.6</ele>
    <time>2026-09-06T10:10:52Z</time>
   </trkpt>
   <trkpt lat="10.3379070" lon="123.8450070">
    <ele>475.3</ele>
    <time>2026-09-06T10:10:53Z</time>
   </trkpt>
   <trkpt lat="10.3379510" lon="123.8450510">
    <ele>474.6</ele>
    <time>2026-09-06T10:10:55Z</time>
   </trkpt>
   <trkpt lat="10.3379350" lon="123.8451410">
    <ele>473.4</ele>
    <time>2026-09-06T10:10:58Z</time>
   </trkpt>
   <trkpt lat="10.3380380" lon="123.8452320">
    <ele>471.5</ele>
    <time>2026-09-06T10:11:04Z</time>
   </trkpt>
   <trkpt lat="10.3380150" lon="123.8452580">
    <ele>471.0</ele>
    <time>2026-09-06T10:11:05Z</time>
   </trkpt>
   <trkpt lat="10.3380250" lon="123.8453240">
    <ele>470.1</ele>
    <time>2026-09-06T10:11:08Z</time>
   </trkpt>
   <trkpt lat="10.3380550" lon="123.8453690">
    <ele>469.3</ele>
    <time>2026-09-06T10:11:11Z</time>
   </trkpt>
   <trkpt lat="10.3380490" lon="123.8453830">
    <ele>469.0</ele>
    <time>2026-09-06T10:11:12Z</time>
   </trkpt>
   <trkpt lat="10.3381240" lon="123.8454930">
    <ele>467.1</ele>
    <time>2026-09-06T10:11:19Z</time>
   </trkpt>
   <trkpt lat="10.3381950" lon="123.8455210">
    <ele>465.9</ele>
    <time>2026-09-06T10:11:24Z</time>
   </trkpt>
   <trkpt lat="10.3381500" lon="123.8456140">
    <ele>464.4</ele>
    <time>2026-09-06T10:11:31Z</time>
   </trkpt>
   <trkpt lat="10.3381250" lon="123.8456320">
    <ele>464.0</ele>
    <time>2026-09-06T10:11:32Z</time>
   </trkpt>
   <trkpt lat="10.3381130" lon="123.8456700">
    <ele>463.4</ele>
    <time>2026-09-06T10:11:34Z</time>
   </trkpt>
   <trkpt lat="10.3380770" lon="123.8457120">
    <ele>462.6</ele>
    <time>2026-09-06T10:11:36Z</time>
   </trkpt>
   <trkpt lat="10.3380790" lon="123.8457600">
    <ele>461.9</ele>
    <time>2026-09-06T10:11:39Z</time>
   </trkpt>
   <trkpt lat="10.3380580" lon="123.8457820">
    <ele>461.4</ele>
    <time>2026-09-06T10:11:41Z</time>
   </trkpt>
   <trkpt lat="10.3380530" lon="123.8458370">
    <ele>460.6</ele>
    <time>2026-09-06T10:11:44Z</time>
   </trkpt>
   <trkpt lat="10.3380650" lon="123.8458780">
    <ele>459.9</ele>
    <time>2026-09-06T10:11:46Z</time>
   </trkpt>
   <trkpt lat="10.3380420" lon="123.8458860">
    <ele>459.6</ele>
    <time>2026-09-06T10:11:47Z</time>
   </trkpt>
   <trkpt lat="10.3380430" lon="123.8459040">
    <ele>459.3</ele>
    <time>2026-09-06T10:11:48Z</time>
   </trkpt>
   <trkpt lat="10.3380080" lon="123.8459300">
    <ele>458.6</ele>
    <time>2026-09-06T10:11:51Z</time>
   </trkpt>
   <trkpt lat="10.3379960" lon="123.8459960">
    <ele>457.6</ele>
    <time>2026-09-06T10:11:56Z</time>
   </trkpt>
   <trkpt lat="10.3379820" lon="123.8459950">
    <ele>457.3</ele>
    <time>2026-09-06T10:11:57Z</time>
   </trkpt>
   <trkpt lat="10.3379710" lon="123.8460170">
    <ele>457.0</ele>
    <time>2026-09-06T10:11:59Z</time>
   </trkpt>
   <trkpt lat="10.3379300" lon="123.8461020">
    <ele>455.6</ele>
    <time>2026-09-06T10:12:05Z</time>
   </trkpt>
   <trkpt lat="10.3379270" lon="123.8461370">
    <ele>455.0</ele>
    <time>2026-09-06T10:12:10Z</time>
   </trkpt>
   <trkpt lat="10.3378150" lon="123.8462290">
    <ele>452.8</ele>
    <time>2026-09-06T10:12:19Z</time>
   </trkpt>
   <trkpt lat="10.3376930" lon="123.8462840">
    <ele>450.6</ele>
    <time>2026-09-06T10:12:30Z</time>
   </trkpt>
   <trkpt lat="10.3376980" lon="123.8463320">
    <ele>449.7</ele>
    <time>2026-09-06T10:12:34Z</time>
   </trkpt>
   <trkpt lat="10.3376600" lon="123.8463430">
    <ele>449.0</ele>
    <time>2026-09-06T10:12:38Z</time>
   </trkpt>
   <trkpt lat="10.3376250" lon="123.8464240">
    <ele>447.4</ele>
    <time>2026-09-06T10:12:45Z</time>
   </trkpt>
   <trkpt lat="10.3376540" lon="123.8465180">
    <ele>445.6</ele>
    <time>2026-09-06T10:12:53Z</time>
   </trkpt>
   <trkpt lat="10.3377140" lon="123.8465850">
    <ele>444.1</ele>
    <time>2026-09-06T10:13:03Z</time>
   </trkpt>
   <trkpt lat="10.3378300" lon="123.8466190">
    <ele>442.1</ele>
    <time>2026-09-06T10:13:11Z</time>
   </trkpt>
   <trkpt lat="10.3379390" lon="123.8467190">
    <ele>439.8</ele>
    <time>2026-09-06T10:13:19Z</time>
   </trkpt>
   <trkpt lat="10.3379520" lon="123.8468520">
    <ele>437.5</ele>
    <time>2026-09-06T10:13:24Z</time>
   </trkpt>
   <trkpt lat="10.3380470" lon="123.8470120">
    <ele>434.2</ele>
    <time>2026-09-06T10:13:30Z</time>
   </trkpt>
   <trkpt lat="10.3380380" lon="123.8470470">
    <ele>433.5</ele>
    <time>2026-09-06T10:13:31Z</time>
   </trkpt>
   <trkpt lat="10.3380680" lon="123.8470980">
    <ele>432.5</ele>
    <time>2026-09-06T10:13:33Z</time>
   </trkpt>
   <trkpt lat="10.3380530" lon="123.8471300">
    <ele>431.9</ele>
    <time>2026-09-06T10:13:34Z</time>
   </trkpt>
   <trkpt lat="10.3380900" lon="123.8472830">
    <ele>429.3</ele>
    <time>2026-09-06T10:13:40Z</time>
   </trkpt>
   <trkpt lat="10.3380510" lon="123.8474040">
    <ele>427.2</ele>
    <time>2026-09-06T10:13:45Z</time>
   </trkpt>
   <trkpt lat="10.3380880" lon="123.8475710">
    <ele>424.1</ele>
    <time>2026-09-06T10:13:52Z</time>
   </trkpt>
   <trkpt lat="10.3380350" lon="123.8477640">
    <ele>421.0</ele>
    <time>2026-09-06T10:14:00Z</time>
   </trkpt>
   <trkpt lat="10.3380710" lon="123.8480310">
    <ele>417.7</ele>
    <time>2026-09-06T10:14:10Z</time>
   </trkpt>
   <trkpt lat="10.3380660" lon="123.8481540">
    <ele>416.0</ele>
    <time>2026-09-06T10:14:15Z</time>
   </trkpt>
   <trkpt lat="10.3380820" lon="123.8481860">
    <ele>415.5</ele>
    <time>2026-09-06T10:14:16Z</time>
   </trkpt>
   <trkpt lat="10.3380660" lon="123.8482180">
    <ele>415.0</ele>
    <time>2026-09-06T10:14:17Z</time>
   </trkpt>
   <trkpt lat="10.3380740" lon="123.8482710">
    <ele>414.2</ele>
    <time>2026-09-06T10:14:19Z</time>
   </trkpt>
   <trkpt lat="10.3380610" lon="123.8483210">
    <ele>413.5</ele>
    <time>2026-09-06T10:14:21Z</time>
   </trkpt>
   <trkpt lat="10.3380830" lon="123.8484210">
    <ele>412.0</ele>
    <time>2026-09-06T10:14:25Z</time>
   </trkpt>
   <trkpt lat="10.3380570" lon="123.8484950">
    <ele>410.7</ele>
    <time>2026-09-06T10:14:29Z</time>
   </trkpt>
   <trkpt lat="10.3380510" lon="123.8486250">
    <ele>408.6</ele>
    <time>2026-09-06T10:14:34Z</time>
   </trkpt>
   <trkpt lat="10.3380380" lon="123.8486520">
    <ele>408.2</ele>
    <time>2026-09-06T10:14:35Z</time>
   </trkpt>
   <trkpt lat="10.3380650" lon="123.8486760">
    <ele>407.6</ele>
    <time>2026-09-06T10:14:36Z</time>
   </trkpt>
   <trkpt lat="10.3380700" lon="123.8487110">
    <ele>407.1</ele>
    <time>2026-09-06T10:14:38Z</time>
   </trkpt>
   <trkpt lat="10.3379600" lon="123.8489050">
    <ele>403.9</ele>
    <time>2026-09-06T10:14:51Z</time>
   </trkpt>
   <trkpt lat="10.3378580" lon="123.8489760">
    <ele>402.4</ele>
    <time>2026-09-06T10:14:59Z</time>
   </trkpt>
   <trkpt lat="10.3377330" lon="123.8489780">
    <ele>401.0</ele>
    <time>2026-09-06T10:15:07Z</time>
   </trkpt>
   <trkpt lat="10.3376590" lon="123.8489470">
    <ele>400.4</ele>
    <time>2026-09-06T10:15:12Z</time>
   </trkpt>
   <trkpt lat="10.3375830" lon="123.8489410">
    <ele>399.7</ele>
    <time>2026-09-06T10:15:17Z</time>
   </trkpt>
   <trkpt lat="10.3375740" lon="123.8489250">
    <ele>399.5</ele>
    <time>2026-09-06T10:15:18Z</time>
   </trkpt>
   <trkpt lat="10.3374900" lon="123.8489080">
    <ele>398.7</ele>
    <time>2026-09-06T10:15:25Z</time>
   </trkpt>
   <trkpt lat="10.3373980" lon="123.8489290">
    <ele>397.7</ele>
    <time>2026-09-06T10:15:31Z</time>
   </trkpt>
   <trkpt lat="10.3372290" lon="123.8490360">
    <ele>395.2</ele>
    <time>2026-09-06T10:15:41Z</time>
   </trkpt>
   <trkpt lat="10.3370930" lon="123.8491950">
    <ele>392.5</ele>
    <time>2026-09-06T10:15:49Z</time>
   </trkpt>
   <trkpt lat="10.3370820" lon="123.8493070">
    <ele>390.8</ele>
    <time>2026-09-06T10:15:53Z</time>
   </trkpt>
   <trkpt lat="10.3370670" lon="123.8493320">
    <ele>390.3</ele>
    <time>2026-09-06T10:15:54Z</time>
   </trkpt>
   <trkpt lat="10.3370680" lon="123.8494210">
    <ele>388.8</ele>
    <time>2026-09-06T10:15:57Z</time>
   </trkpt>
   <trkpt lat="10.3370250" lon="123.8494590">
    <ele>387.9</ele>
    <time>2026-09-06T10:16:01Z</time>
   </trkpt>
   <trkpt lat="10.3369570" lon="123.8496160">
    <ele>385.0</ele>
    <time>2026-09-06T10:16:13Z</time>
   </trkpt>
   <trkpt lat="10.3367670" lon="123.8499110">
    <ele>379.1</ele>
    <time>2026-09-06T10:16:39Z</time>
   </trkpt>
   <trkpt lat="10.3366570" lon="123.8500390">
    <ele>376.7</ele>
    <time>2026-09-06T10:16:51Z</time>
   </trkpt>
   <trkpt lat="10.3366260" lon="123.8502050">
    <ele>374.3</ele>
    <time>2026-09-06T10:17:02Z</time>
   </trkpt>
   <trkpt lat="10.3366340" lon="123.8503110">
    <ele>372.8</ele>
    <time>2026-09-06T10:17:12Z</time>
   </trkpt>
   <trkpt lat="10.3366630" lon="123.8503530">
    <ele>372.1</ele>
    <time>2026-09-06T10:17:16Z</time>
   </trkpt>
   <trkpt lat="10.3366830" lon="123.8504700">
    <ele>370.8</ele>
    <time>2026-09-06T10:17:27Z</time>
   </trkpt>
   <trkpt lat="10.3367110" lon="123.8505120">
    <ele>370.4</ele>
    <time>2026-09-06T10:17:32Z</time>
   </trkpt>
   <trkpt lat="10.3367160" lon="123.8505590">
    <ele>370.0</ele>
    <time>2026-09-06T10:17:35Z</time>
   </trkpt>
   <trkpt lat="10.3367980" lon="123.8507080">
    <ele>368.6</ele>
    <time>2026-09-06T10:17:47Z</time>
   </trkpt>
   <trkpt lat="10.3368000" lon="123.8507870">
    <ele>367.7</ele>
    <time>2026-09-06T10:17:53Z</time>
   </trkpt>
   <trkpt lat="10.3368330" lon="123.8508610">
    <ele>366.7</ele>
    <time>2026-09-06T10:17:59Z</time>
   </trkpt>
   <trkpt lat="10.3368360" lon="123.8509050">
    <ele>366.1</ele>
    <time>2026-09-06T10:18:02Z</time>
   </trkpt>
   <trkpt lat="10.3368620" lon="123.8509320">
    <ele>365.6</ele>
    <time>2026-09-06T10:18:04Z</time>
   </trkpt>
   <trkpt lat="10.3368670" lon="123.8510100">
    <ele>364.4</ele>
    <time>2026-09-06T10:18:10Z</time>
   </trkpt>
   <trkpt lat="10.3368910" lon="123.8510820">
    <ele>363.2</ele>
    <time>2026-09-06T10:18:16Z</time>
   </trkpt>
   <trkpt lat="10.3368890" lon="123.8511820">
    <ele>361.6</ele>
    <time>2026-09-06T10:18:23Z</time>
   </trkpt>
   <trkpt lat="10.3368540" lon="123.8512900">
    <ele>359.6</ele>
    <time>2026-09-06T10:18:30Z</time>
   </trkpt>
   <trkpt lat="10.3368190" lon="123.8513500">
    <ele>358.3</ele>
    <time>2026-09-06T10:18:35Z</time>
   </trkpt>
   <trkpt lat="10.3368350" lon="123.8514140">
    <ele>357.2</ele>
    <time>2026-09-06T10:18:39Z</time>
   </trkpt>
   <trkpt lat="10.3368240" lon="123.8515070">
    <ele>355.6</ele>
    <time>2026-09-06T10:18:45Z</time>
   </trkpt>
   <trkpt lat="10.3368460" lon="123.8515610">
    <ele>354.7</ele>
    <time>2026-09-06T10:18:49Z</time>
   </trkpt>
   <trkpt lat="10.3368640" lon="123.8517380">
    <ele>352.3</ele>
    <time>2026-09-06T10:19:02Z</time>
   </trkpt>
   <trkpt lat="10.3368370" lon="123.8517950">
    <ele>351.5</ele>
    <time>2026-09-06T10:19:07Z</time>
   </trkpt>
   <trkpt lat="10.3367930" lon="123.8518330">
    <ele>350.7</ele>
    <time>2026-09-06T10:19:11Z</time>
   </trkpt>
   <trkpt lat="10.3367240" lon="123.8518530">
    <ele>349.6</ele>
    <time>2026-09-06T10:19:17Z</time>
   </trkpt>
   <trkpt lat="10.3364000" lon="123.8518070">
    <ele>344.3</ele>
    <time>2026-09-06T10:19:42Z</time>
   </trkpt>
   <trkpt lat="10.3362760" lon="123.8518340">
    <ele>342.1</ele>
    <time>2026-09-06T10:19:51Z</time>
   </trkpt>
   <trkpt lat="10.3362510" lon="123.8518440">
    <ele>341.6</ele>
    <time>2026-09-06T10:19:53Z</time>
   </trkpt>
   <trkpt lat="10.3362310" lon="123.8518750">
    <ele>341.0</ele>
    <time>2026-09-06T10:19:56Z</time>
   </trkpt>
   <trkpt lat="10.3361470" lon="123.8518950">
    <ele>339.5</ele>
    <time>2026-09-06T10:20:02Z</time>
   </trkpt>
   <trkpt lat="10.3360360" lon="123.8519730">
    <ele>337.3</ele>
    <time>2026-09-06T10:20:12Z</time>
   </trkpt>
   <trkpt lat="10.3358930" lon="123.8520330">
    <ele>334.9</ele>
    <time>2026-09-06T10:20:23Z</time>
   </trkpt>
   <trkpt lat="10.3358630" lon="123.8520580">
    <ele>334.3</ele>
    <time>2026-09-06T10:20:26Z</time>
   </trkpt>
   <trkpt lat="10.3358140" lon="123.8521520">
    <ele>332.6</ele>
    <time>2026-09-06T10:20:34Z</time>
   </trkpt>
   <trkpt lat="10.3357990" lon="123.8522140">
    <ele>331.3</ele>
    <time>2026-09-06T10:20:41Z</time>
   </trkpt>
   <trkpt lat="10.3358110" lon="123.8522600">
    <ele>330.3</ele>
    <time>2026-09-06T10:20:45Z</time>
   </trkpt>
   <trkpt lat="10.3357790" lon="123.8523010">
    <ele>329.2</ele>
    <time>2026-09-06T10:20:49Z</time>
   </trkpt>
   <trkpt lat="10.3357650" lon="123.8523730">
    <ele>327.7</ele>
    <time>2026-09-06T10:20:55Z</time>
   </trkpt>
   <trkpt lat="10.3357320" lon="123.8524060">
    <ele>326.6</ele>
    <time>2026-09-06T10:20:59Z</time>
   </trkpt>
   <trkpt lat="10.3357390" lon="123.8524180">
    <ele>326.3</ele>
    <time>2026-09-06T10:21:00Z</time>
   </trkpt>
   <trkpt lat="10.3357110" lon="123.8524870">
    <ele>324.8</ele>
    <time>2026-09-06T10:21:06Z</time>
   </trkpt>
   <trkpt lat="10.3357560" lon="123.8526030">
    <ele>322.6</ele>
    <time>2026-09-06T10:21:14Z</time>
   </trkpt>
   <trkpt lat="10.3357040" lon="123.8527050">
    <ele>320.7</ele>
    <time>2026-09-06T10:21:21Z</time>
   </trkpt>
   <trkpt lat="10.3357140" lon="123.8527760">
    <ele>319.6</ele>
    <time>2026-09-06T10:21:26Z</time>
   </trkpt>
   <trkpt lat="10.3357470" lon="123.8528420">
    <ele>318.5</ele>
    <time>2026-09-06T10:21:33Z</time>
   </trkpt>
   <trkpt lat="10.3357430" lon="123.8528670">
    <ele>318.2</ele>
    <time>2026-09-06T10:21:34Z</time>
   </trkpt>
   <trkpt lat="10.3358700" lon="123.8530310">
    <ele>315.6</ele>
    <time>2026-09-06T10:21:50Z</time>
   </trkpt>
   <trkpt lat="10.3359500" lon="123.8530750">
    <ele>314.9</ele>
    <time>2026-09-06T10:21:57Z</time>
   </trkpt>
   <trkpt lat="10.3359570" lon="123.8531040">
    <ele>314.7</ele>
    <time>2026-09-06T10:21:59Z</time>
   </trkpt>
   <trkpt lat="10.3360170" lon="123.8531300">
    <ele>314.3</ele>
    <time>2026-09-06T10:22:04Z</time>
   </trkpt>
   <trkpt lat="10.3360470" lon="123.8531620">
    <ele>314.1</ele>
    <time>2026-09-06T10:22:07Z</time>
   </trkpt>
   <trkpt lat="10.3360990" lon="123.8532700">
    <ele>313.8</ele>
    <time>2026-09-06T10:22:16Z</time>
   </trkpt>
   <trkpt lat="10.3361140" lon="123.8533610">
    <ele>314.0</ele>
    <time>2026-09-06T10:22:22Z</time>
   </trkpt>
   <trkpt lat="10.3361050" lon="123.8533870">
    <ele>314.1</ele>
    <time>2026-09-06T10:22:25Z</time>
   </trkpt>
   <trkpt lat="10.3361470" lon="123.8534430">
    <ele>314.5</ele>
    <time>2026-09-06T10:22:30Z</time>
   </trkpt>
   <trkpt lat="10.3362080" lon="123.8536180">
    <ele>315.1</ele>
    <time>2026-09-06T10:22:43Z</time>
   </trkpt>
   <trkpt lat="10.3361810" lon="123.8537160">
    <ele>314.8</ele>
    <time>2026-09-06T10:22:50Z</time>
   </trkpt>
   <trkpt lat="10.3361400" lon="123.8537660">
    <ele>314.4</ele>
    <time>2026-09-06T10:22:54Z</time>
   </trkpt>
   <trkpt lat="10.3360960" lon="123.8538850">
    <ele>313.0</ele>
    <time>2026-09-06T10:23:03Z</time>
   </trkpt>
   <trkpt lat="10.3358720" lon="123.8543080">
    <ele>307.0</ele>
    <time>2026-09-06T10:23:36Z</time>
   </trkpt>
   <trkpt lat="10.3358450" lon="123.8543910">
    <ele>306.7</ele>
    <time>2026-09-06T10:23:42Z</time>
   </trkpt>
   <trkpt lat="10.3358540" lon="123.8544170">
    <ele>306.7</ele>
    <time>2026-09-06T10:23:44Z</time>
   </trkpt>
   <trkpt lat="10.3358330" lon="123.8545170">
    <ele>306.8</ele>
    <time>2026-09-06T10:23:51Z</time>
   </trkpt>
   <trkpt lat="10.3358440" lon="123.8546160">
    <ele>307.0</ele>
    <time>2026-09-06T10:23:58Z</time>
   </trkpt>
   <trkpt lat="10.3359270" lon="123.8547400">
    <ele>307.8</ele>
    <time>2026-09-06T10:24:11Z</time>
   </trkpt>
   <trkpt lat="10.3359550" lon="123.8548370">
    <ele>308.7</ele>
    <time>2026-09-06T10:24:20Z</time>
   </trkpt>
   <trkpt lat="10.3359440" lon="123.8548610">
    <ele>308.9</ele>
    <time>2026-09-06T10:24:21Z</time>
   </trkpt>
   <trkpt lat="10.3359580" lon="123.8549600">
    <ele>310.2</ele>
    <time>2026-09-06T10:24:30Z</time>
   </trkpt>
   <trkpt lat="10.3359890" lon="123.8550210">
    <ele>311.2</ele>
    <time>2026-09-06T10:24:34Z</time>
   </trkpt>
   <trkpt lat="10.3359940" lon="123.8550950">
    <ele>312.4</ele>
    <time>2026-09-06T10:24:40Z</time>
   </trkpt>
   <trkpt lat="10.3360390" lon="123.8552020">
    <ele>314.4</ele>
    <time>2026-09-06T10:24:49Z</time>
   </trkpt>
   <trkpt lat="10.3360520" lon="123.8553120">
    <ele>316.1</ele>
    <time>2026-09-06T10:24:56Z</time>
   </trkpt>
   <trkpt lat="10.3360510" lon="123.8553590">
    <ele>316.8</ele>
    <time>2026-09-06T10:25:00Z</time>
   </trkpt>
   <trkpt lat="10.3360370" lon="123.8553640">
    <ele>317.0</ele>
    <time>2026-09-06T10:25:01Z</time>
   </trkpt>
   <trkpt lat="10.3360840" lon="123.8554960">
    <ele>318.6</ele>
    <time>2026-09-06T10:25:11Z</time>
   </trkpt>
   <trkpt lat="10.3360940" lon="123.8555800">
    <ele>319.2</ele>
    <time>2026-09-06T10:25:16Z</time>
   </trkpt>
   <trkpt lat="10.3360340" lon="123.8556770">
    <ele>319.8</ele>
    <time>2026-09-06T10:25:22Z</time>
   </trkpt>
   <trkpt lat="10.3359620" lon="123.8557280">
    <ele>320.1</ele>
    <time>2026-09-06T10:25:30Z</time>
   </trkpt>
   <trkpt lat="10.3359240" lon="123.8557770">
    <ele>320.2</ele>
    <time>2026-09-06T10:25:34Z</time>
   </trkpt>
   <trkpt lat="10.3358020" lon="123.8558090">
    <ele>320.2</ele>
    <time>2026-09-06T10:25:42Z</time>
   </trkpt>
   <trkpt lat="10.3356770" lon="123.8558050">
    <ele>320.0</ele>
    <time>2026-09-06T10:25:52Z</time>
   </trkpt>
   <trkpt lat="10.3356310" lon="123.8558400">
    <ele>319.6</ele>
    <time>2026-09-06T10:25:56Z</time>
   </trkpt>
   <trkpt lat="10.3355960" lon="123.8559500">
    <ele>318.1</ele>
    <time>2026-09-06T10:26:04Z</time>
   </trkpt>
   <trkpt lat="10.3356090" lon="123.8559580">
    <ele>317.9</ele>
    <time>2026-09-06T10:26:05Z</time>
   </trkpt>
   <trkpt lat="10.3355550" lon="123.8560450">
    <ele>315.9</ele>
    <time>2026-09-06T10:26:14Z</time>
   </trkpt>
   <trkpt lat="10.3355240" lon="123.8561780">
    <ele>313.2</ele>
    <time>2026-09-06T10:26:22Z</time>
   </trkpt>
   <trkpt lat="10.3353370" lon="123.8563910">
    <ele>308.2</ele>
    <time>2026-09-06T10:26:43Z</time>
   </trkpt>
   <trkpt lat="10.3352650" lon="123.8565130">
    <ele>306.3</ele>
    <time>2026-09-06T10:26:52Z</time>
   </trkpt>
   <trkpt lat="10.3351320" lon="123.8565970">
    <ele>304.5</ele>
    <time>2026-09-06T10:27:02Z</time>
   </trkpt>
   <trkpt lat="10.3347930" lon="123.8566890">
    <ele>302.5</ele>
    <time>2026-09-06T10:27:25Z</time>
   </trkpt>
   <trkpt lat="10.3347480" lon="123.8567220">
    <ele>302.5</ele>
    <time>2026-09-06T10:27:29Z</time>
   </trkpt>
   <trkpt lat="10.3346780" lon="123.8567450">
    <ele>302.5</ele>
    <time>2026-09-06T10:27:35Z</time>
   </trkpt>
   <trkpt lat="10.3346290" lon="123.8568030">
    <ele>302.7</ele>
    <time>2026-09-06T10:27:40Z</time>
   </trkpt>
   <trkpt lat="10.3345250" lon="123.8568620">
    <ele>303.3</ele>
    <time>2026-09-06T10:27:48Z</time>
   </trkpt>
   <trkpt lat="10.3344650" lon="123.8568640">
    <ele>303.8</ele>
    <time>2026-09-06T10:27:52Z</time>
   </trkpt>
   <trkpt lat="10.3343510" lon="123.8569190">
    <ele>305.0</ele>
    <time>2026-09-06T10:28:03Z</time>
   </trkpt>
   <trkpt lat="10.3343380" lon="123.8570410">
    <ele>306.4</ele>
    <time>2026-09-06T10:28:16Z</time>
   </trkpt>
   <trkpt lat="10.3342830" lon="123.8572770">
    <ele>309.1</ele>
    <time>2026-09-06T10:28:35Z</time>
   </trkpt>
   <trkpt lat="10.3342580" lon="123.8573570">
    <ele>310.0</ele>
    <time>2026-09-06T10:28:41Z</time>
   </trkpt>
   <trkpt lat="10.3341880" lon="123.8574910">
    <ele>311.3</ele>
    <time>2026-09-06T10:28:51Z</time>
   </trkpt>
   <trkpt lat="10.3341990" lon="123.8575040">
    <ele>311.4</ele>
    <time>2026-09-06T10:28:52Z</time>
   </trkpt>
   <trkpt lat="10.3341510" lon="123.8575680">
    <ele>312.0</ele>
    <time>2026-09-06T10:28:57Z</time>
   </trkpt>
   <trkpt lat="10.3341550" lon="123.8576020">
    <ele>312.3</ele>
    <time>2026-09-06T10:29:01Z</time>
   </trkpt>
   <trkpt lat="10.3341190" lon="123.8577300">
    <ele>313.1</ele>
    <time>2026-09-06T10:29:10Z</time>
   </trkpt>
   <trkpt lat="10.3341010" lon="123.8578850">
    <ele>313.8</ele>
    <time>2026-09-06T10:29:22Z</time>
   </trkpt>
   <trkpt lat="10.3340290" lon="123.8580500">
    <ele>314.2</ele>
    <time>2026-09-06T10:29:35Z</time>
   </trkpt>
   <trkpt lat="10.3340110" lon="123.8580520">
    <ele>314.2</ele>
    <time>2026-09-06T10:29:36Z</time>
   </trkpt>
   <trkpt lat="10.3340280" lon="123.8581100">
    <ele>314.3</ele>
    <time>2026-09-06T10:29:40Z</time>
   </trkpt>
   <trkpt lat="10.3339540" lon="123.8581700">
    <ele>314.3</ele>
    <time>2026-09-06T10:29:45Z</time>
   </trkpt>
   <trkpt lat="10.3339130" lon="123.8581840">
    <ele>314.4</ele>
    <time>2026-09-06T10:29:48Z</time>
   </trkpt>
   <trkpt lat="10.3337910" lon="123.8581480">
    <ele>314.5</ele>
    <time>2026-09-06T10:29:55Z</time>
   </trkpt>
   <trkpt lat="10.3336660" lon="123.8581370">
    <ele>314.7</ele>
    <time>2026-09-06T10:30:04Z</time>
   </trkpt>
   <trkpt lat="10.3335750" lon="123.8581610">
    <ele>314.9</ele>
    <time>2026-09-06T10:30:12Z</time>
   </trkpt>
   <trkpt lat="10.3335650" lon="123.8581750">
    <ele>315.0</ele>
    <time>2026-09-06T10:30:14Z</time>
   </trkpt>
   <trkpt lat="10.3334560" lon="123.8581780">
    <ele>315.1</ele>
    <time>2026-09-06T10:30:20Z</time>
   </trkpt>
   <trkpt lat="10.3333420" lon="123.8581280">
    <ele>315.0</ele>
    <time>2026-09-06T10:30:27Z</time>
   </trkpt>
   <trkpt lat="10.3332880" lon="123.8581300">
    <ele>314.8</ele>
    <time>2026-09-06T10:30:30Z</time>
   </trkpt>
   <trkpt lat="10.3332910" lon="123.8581060">
    <ele>314.7</ele>
    <time>2026-09-06T10:30:31Z</time>
   </trkpt>
   <trkpt lat="10.3332720" lon="123.8581010">
    <ele>314.6</ele>
    <time>2026-09-06T10:30:33Z</time>
   </trkpt>
   <trkpt lat="10.3332440" lon="123.8580460">
    <ele>314.3</ele>
    <time>2026-09-06T10:30:36Z</time>
   </trkpt>
   <trkpt lat="10.3331590" lon="123.8580010">
    <ele>313.5</ele>
    <time>2026-09-06T10:30:42Z</time>
   </trkpt>
   <trkpt lat="10.3331570" lon="123.8580150">
    <ele>313.4</ele>
    <time>2026-09-06T10:30:43Z</time>
   </trkpt>
   <trkpt lat="10.3331160" lon="123.8579840">
    <ele>312.9</ele>
    <time>2026-09-06T10:30:46Z</time>
   </trkpt>
   <trkpt lat="10.3330750" lon="123.8578950">
    <ele>311.9</ele>
    <time>2026-09-06T10:30:51Z</time>
   </trkpt>
   <trkpt lat="10.3330480" lon="123.8578870">
    <ele>311.6</ele>
    <time>2026-09-06T10:30:52Z</time>
   </trkpt>
   <trkpt lat="10.3330410" lon="123.8578470">
    <ele>311.2</ele>
    <time>2026-09-06T10:30:55Z</time>
   </trkpt>
   <trkpt lat="10.3329900" lon="123.8577620">
    <ele>310.2</ele>
    <time>2026-09-06T10:31:02Z</time>
   </trkpt>
   <trkpt lat="10.3329520" lon="123.8577270">
    <ele>309.6</ele>
    <time>2026-09-06T10:31:06Z</time>
   </trkpt>
   <trkpt lat="10.3329340" lon="123.8577370">
    <ele>309.4</ele>
    <time>2026-09-06T10:31:07Z</time>
   </trkpt>
   <trkpt lat="10.3329500" lon="123.8576650">
    <ele>308.4</ele>
    <time>2026-09-06T10:31:11Z</time>
   </trkpt>
   <trkpt lat="10.3329020" lon="123.8575780">
    <ele>307.0</ele>
    <time>2026-09-06T10:31:17Z</time>
   </trkpt>
   <trkpt lat="10.3328790" lon="123.8575740">
    <ele>306.6</ele>
    <time>2026-09-06T10:31:19Z</time>
   </trkpt>
   <trkpt lat="10.3328800" lon="123.8575450">
    <ele>306.1</ele>
    <time>2026-09-06T10:31:22Z</time>
   </trkpt>
   <trkpt lat="10.3328660" lon="123.8575330">
    <ele>305.9</ele>
    <time>2026-09-06T10:31:24Z</time>
   </trkpt>
   <trkpt lat="10.3328740" lon="123.8574990">
    <ele>305.3</ele>
    <time>2026-09-06T10:31:26Z</time>
   </trkpt>
   <trkpt lat="10.3328600" lon="123.8574740">
    <ele>304.9</ele>
    <time>2026-09-06T10:31:28Z</time>
   </trkpt>
   <trkpt lat="10.3328100" lon="123.8574600">
    <ele>304.1</ele>
    <time>2026-09-06T10:31:32Z</time>
   </trkpt>
   <trkpt lat="10.3327860" lon="123.8574210">
    <ele>303.3</ele>
    <time>2026-09-06T10:31:37Z</time>
   </trkpt>
   <trkpt lat="10.3327420" lon="123.8574040">
    <ele>302.6</ele>
    <time>2026-09-06T10:31:40Z</time>
   </trkpt>
   <trkpt lat="10.3327120" lon="123.8573550">
    <ele>301.7</ele>
    <time>2026-09-06T10:31:46Z</time>
   </trkpt>
   <trkpt lat="10.3327080" lon="123.8573250">
    <ele>301.2</ele>
    <time>2026-09-06T10:31:48Z</time>
   </trkpt>
   <trkpt lat="10.3327280" lon="123.8572770">
    <ele>300.4</ele>
    <time>2026-09-06T10:31:51Z</time>
   </trkpt>
   <trkpt lat="10.3327040" lon="123.8572400">
    <ele>299.8</ele>
    <time>2026-09-06T10:31:53Z</time>
   </trkpt>
   <trkpt lat="10.3326320" lon="123.8572210">
    <ele>298.6</ele>
    <time>2026-09-06T10:31:58Z</time>
   </trkpt>
   <trkpt lat="10.3325680" lon="123.8571570">
    <ele>297.4</ele>
    <time>2026-09-06T10:32:03Z</time>
   </trkpt>
   <trkpt lat="10.3325690" lon="123.8571330">
    <ele>297.0</ele>
    <time>2026-09-06T10:32:05Z</time>
   </trkpt>
   <trkpt lat="10.3325080" lon="123.8570990">
    <ele>296.1</ele>
    <time>2026-09-06T10:32:10Z</time>
   </trkpt>
   <trkpt lat="10.3323650" lon="123.8570730">
    <ele>294.0</ele>
    <time>2026-09-06T10:32:21Z</time>
   </trkpt>
   <trkpt lat="10.3323540" lon="123.8570550">
    <ele>293.7</ele>
    <time>2026-09-06T10:32:22Z</time>
   </trkpt>
   <trkpt lat="10.3323030" lon="123.8570350">
    <ele>293.0</ele>
    <time>2026-09-06T10:32:26Z</time>
   </trkpt>
   <trkpt lat="10.3322710" lon="123.8570630">
    <ele>292.4</ele>
    <time>2026-09-06T10:32:29Z</time>
   </trkpt>
   <trkpt lat="10.3322580" lon="123.8570660">
    <ele>292.2</ele>
    <time>2026-09-06T10:32:31Z</time>
   </trkpt>
   <trkpt lat="10.3322450" lon="123.8570460">
    <ele>291.9</ele>
    <time>2026-09-06T10:32:32Z</time>
   </trkpt>
   <trkpt lat="10.3322120" lon="123.8570470">
    <ele>291.5</ele>
    <time>2026-09-06T10:32:34Z</time>
   </trkpt>
   <trkpt lat="10.3321230" lon="123.8570880">
    <ele>290.5</ele>
    <time>2026-09-06T10:32:40Z</time>
   </trkpt>
   <trkpt lat="10.3320730" lon="123.8570950">
    <ele>290.0</ele>
    <time>2026-09-06T10:32:43Z</time>
   </trkpt>
   <trkpt lat="10.3320130" lon="123.8570710">
    <ele>289.5</ele>
    <time>2026-09-06T10:32:48Z</time>
   </trkpt>
   <trkpt lat="10.3318990" lon="123.8570940">
    <ele>288.6</ele>
    <time>2026-09-06T10:32:56Z</time>
   </trkpt>
   <trkpt lat="10.3317600" lon="123.8571510">
    <ele>287.5</ele>
    <time>2026-09-06T10:33:09Z</time>
   </trkpt>
   <trkpt lat="10.3316850" lon="123.8571460">
    <ele>286.9</ele>
    <time>2026-09-06T10:33:14Z</time>
   </trkpt>
   <trkpt lat="10.3316600" lon="123.8571630">
    <ele>286.7</ele>
    <time>2026-09-06T10:33:16Z</time>
   </trkpt>
   <trkpt lat="10.3316170" lon="123.8571490">
    <ele>286.3</ele>
    <time>2026-09-06T10:33:19Z</time>
   </trkpt>
   <trkpt lat="10.3315290" lon="123.8571520">
    <ele>285.4</ele>
    <time>2026-09-06T10:33:25Z</time>
   </trkpt>
   <trkpt lat="10.3314840" lon="123.8571690">
    <ele>284.9</ele>
    <time>2026-09-06T10:33:30Z</time>
   </trkpt>
   <trkpt lat="10.3315120" lon="123.8571880">
    <ele>284.3</ele>
    <time>2026-09-06T10:33:37Z</time>
   </trkpt>
   <trkpt lat="10.3314580" lon="123.8572360">
    <ele>283.1</ele>
    <time>2026-09-06T10:33:43Z</time>
   </trkpt>
   <trkpt lat="10.3314190" lon="123.8573280">
    <ele>281.4</ele>
    <time>2026-09-06T10:33:51Z</time>
   </trkpt>
   <trkpt lat="10.3313820" lon="123.8573750">
    <ele>280.2</ele>
    <time>2026-09-06T10:33:56Z</time>
   </trkpt>
   <trkpt lat="10.3312450" lon="123.8574160">
    <ele>277.5</ele>
    <time>2026-09-06T10:34:06Z</time>
   </trkpt>
   <trkpt lat="10.3311180" lon="123.8574210">
    <ele>275.1</ele>
    <time>2026-09-06T10:34:15Z</time>
   </trkpt>
   <trkpt lat="10.3310450" lon="123.8574530">
    <ele>273.6</ele>
    <time>2026-09-06T10:34:21Z</time>
   </trkpt>
   <trkpt lat="10.3309690" lon="123.8575000">
    <ele>271.8</ele>
    <time>2026-09-06T10:34:28Z</time>
   </trkpt>
   <trkpt lat="10.3308850" lon="123.8575830">
    <ele>269.4</ele>
    <time>2026-09-06T10:34:37Z</time>
   </trkpt>
   <trkpt lat="10.3308410" lon="123.8576000">
    <ele>268.5</ele>
    <time>2026-09-06T10:34:41Z</time>
   </trkpt>
   <trkpt lat="10.3308050" lon="123.8576670">
    <ele>266.9</ele>
    <time>2026-09-06T10:34:47Z</time>
   </trkpt>
   <trkpt lat="10.3307100" lon="123.8577520">
    <ele>264.4</ele>
    <time>2026-09-06T10:34:57Z</time>
   </trkpt>
   <trkpt lat="10.3306490" lon="123.8577730">
    <ele>263.1</ele>
    <time>2026-09-06T10:35:02Z</time>
   </trkpt>
   <trkpt lat="10.3306210" lon="123.8578020">
    <ele>262.3</ele>
    <time>2026-09-06T10:35:05Z</time>
   </trkpt>
   <trkpt lat="10.3306300" lon="123.8578320">
    <ele>261.6</ele>
    <time>2026-09-06T10:35:07Z</time>
   </trkpt>
   <trkpt lat="10.3305910" lon="123.8578460">
    <ele>260.8</ele>
    <time>2026-09-06T10:35:09Z</time>
   </trkpt>
   <trkpt lat="10.3305870" lon="123.8578650">
    <ele>260.5</ele>
    <time>2026-09-06T10:35:10Z</time>
   </trkpt>
   <trkpt lat="10.3305530" lon="123.8578460">
    <ele>259.7</ele>
    <time>2026-09-06T10:35:12Z</time>
   </trkpt>
   <trkpt lat="10.3305020" lon="123.8578540">
    <ele>258.7</ele>
    <time>2026-09-06T10:35:15Z</time>
   </trkpt>
   <trkpt lat="10.3305000" lon="123.8578740">
    <ele>258.3</ele>
    <time>2026-09-06T10:35:16Z</time>
   </trkpt>
   <trkpt lat="10.3304150" lon="123.8579280">
    <ele>256.5</ele>
    <time>2026-09-06T10:35:23Z</time>
   </trkpt>
   <trkpt lat="10.3304010" lon="123.8579920">
    <ele>255.3</ele>
    <time>2026-09-06T10:35:29Z</time>
   </trkpt>
   <trkpt lat="10.3304210" lon="123.8580450">
    <ele>254.2</ele>
    <time>2026-09-06T10:35:32Z</time>
   </trkpt>
   <trkpt lat="10.3304050" lon="123.8581040">
    <ele>253.0</ele>
    <time>2026-09-06T10:35:37Z</time>
   </trkpt>
   <trkpt lat="10.3303310" lon="123.8581790">
    <ele>251.1</ele>
    <time>2026-09-06T10:35:43Z</time>
   </trkpt>
   <trkpt lat="10.3302960" lon="123.8581840">
    <ele>250.5</ele>
    <time>2026-09-06T10:35:45Z</time>
   </trkpt>
   <trkpt lat="10.3302290" lon="123.8582230">
    <ele>249.3</ele>
    <time>2026-09-06T10:35:49Z</time>
   </trkpt>
   <trkpt lat="10.3300510" lon="123.8582370">
    <ele>246.6</ele>
    <time>2026-09-06T10:36:00Z</time>
   </trkpt>
   <trkpt lat="10.3300290" lon="123.8582160">
    <ele>246.1</ele>
    <time>2026-09-06T10:36:02Z</time>
   </trkpt>
   <trkpt lat="10.3300120" lon="123.8581180">
    <ele>244.4</ele>
    <time>2026-09-06T10:36:08Z</time>
   </trkpt>
   <trkpt lat="10.3299620" lon="123.8580870">
    <ele>243.4</ele>
    <time>2026-09-06T10:36:14Z</time>
   </trkpt>
   <trkpt lat="10.3299360" lon="123.8580450">
    <ele>242.8</ele>
    <time>2026-09-06T10:36:18Z</time>
   </trkpt>
   <trkpt lat="10.3299040" lon="123.8580380">
    <ele>242.5</ele>
    <time>2026-09-06T10:36:21Z</time>
   </trkpt>
   <trkpt lat="10.3298150" lon="123.8579480">
    <ele>242.7</ele>
    <time>2026-09-06T10:36:33Z</time>
   </trkpt>
   <trkpt lat="10.3298010" lon="123.8579200">
    <ele>243.2</ele>
    <time>2026-09-06T10:36:37Z</time>
   </trkpt>
   <trkpt lat="10.3298100" lon="123.8579020">
    <ele>243.5</ele>
    <time>2026-09-06T10:36:39Z</time>
   </trkpt>
   <trkpt lat="10.3297840" lon="123.8578660">
    <ele>244.3</ele>
    <time>2026-09-06T10:36:43Z</time>
   </trkpt>
   <trkpt lat="10.3297570" lon="123.8577780">
    <ele>245.8</ele>
    <time>2026-09-06T10:36:49Z</time>
   </trkpt>
   <trkpt lat="10.3297100" lon="123.8577530">
    <ele>246.6</ele>
    <time>2026-09-06T10:36:53Z</time>
   </trkpt>
   <trkpt lat="10.3296850" lon="123.8577070">
    <ele>247.5</ele>
    <time>2026-09-06T10:36:59Z</time>
   </trkpt>
   <trkpt lat="10.3296260" lon="123.8577280">
    <ele>247.8</ele>
    <time>2026-09-06T10:37:06Z</time>
   </trkpt>
   <trkpt lat="10.3295970" lon="123.8577180">
    <ele>247.9</ele>
    <time>2026-09-06T10:37:09Z</time>
   </trkpt>
   <trkpt lat="10.3294970" lon="123.8577260">
    <ele>247.8</ele>
    <time>2026-09-06T10:37:17Z</time>
   </trkpt>
   <trkpt lat="10.3294200" lon="123.8577650">
    <ele>247.7</ele>
    <time>2026-09-06T10:37:23Z</time>
   </trkpt>
   <trkpt lat="10.3293740" lon="123.8577670">
    <ele>247.4</ele>
    <time>2026-09-06T10:37:30Z</time>
   </trkpt>
   <trkpt lat="10.3292720" lon="123.8579200">
    <ele>244.9</ele>
    <time>2026-09-06T10:37:47Z</time>
   </trkpt>
   <trkpt lat="10.3291700" lon="123.8579820">
    <ele>243.0</ele>
    <time>2026-09-06T10:37:53Z</time>
   </trkpt>
   <trkpt lat="10.3290650" lon="123.8579790">
    <ele>242.0</ele>
    <time>2026-09-06T10:38:01Z</time>
   </trkpt>
   <trkpt lat="10.3290260" lon="123.8579470">
    <ele>241.7</ele>
    <time>2026-09-06T10:38:05Z</time>
   </trkpt>
   <trkpt lat="10.3289730" lon="123.8579540">
    <ele>241.6</ele>
    <time>2026-09-06T10:38:09Z</time>
   </trkpt>
   <trkpt lat="10.3288980" lon="123.8580360">
    <ele>241.8</ele>
    <time>2026-09-06T10:38:18Z</time>
   </trkpt>
   <trkpt lat="10.3288710" lon="123.8580870">
    <ele>242.3</ele>
    <time>2026-09-06T10:38:23Z</time>
   </trkpt>
   <trkpt lat="10.3287770" lon="123.8581720">
    <ele>243.8</ele>
    <time>2026-09-06T10:38:32Z</time>
   </trkpt>
   <trkpt lat="10.3287140" lon="123.8582690">
    <ele>244.9</ele>
    <time>2026-09-06T10:38:41Z</time>
   </trkpt>
   <trkpt lat="10.3287410" lon="123.8583700">
    <ele>245.9</ele>
    <time>2026-09-06T10:38:49Z</time>
   </trkpt>
   <trkpt lat="10.3287340" lon="123.8584260">
    <ele>246.6</ele>
    <time>2026-09-06T10:38:54Z</time>
   </trkpt>
   <trkpt lat="10.3287100" lon="123.8584370">
    <ele>246.9</ele>
    <time>2026-09-06T10:38:56Z</time>
   </trkpt>
   <trkpt lat="10.3286350" lon="123.8585690">
    <ele>248.9</ele>
    <time>2026-09-06T10:39:08Z</time>
   </trkpt>
   <trkpt lat="10.3285520" lon="123.8585830">
    <ele>250.0</ele>
    <time>2026-09-06T10:39:14Z</time>
   </trkpt>
   <trkpt lat="10.3285330" lon="123.8585630">
    <ele>250.3</ele>
    <time>2026-09-06T10:39:16Z</time>
   </trkpt>
   <trkpt lat="10.3284790" lon="123.8585750">
    <ele>250.7</ele>
    <time>2026-09-06T10:39:20Z</time>
   </trkpt>
   <trkpt lat="10.3284100" lon="123.8586600">
    <ele>250.9</ele>
    <time>2026-09-06T10:39:27Z</time>
   </trkpt>
   <trkpt lat="10.3283290" lon="123.8587150">
    <ele>250.7</ele>
    <time>2026-09-06T10:39:35Z</time>
   </trkpt>
   <trkpt lat="10.3283020" lon="123.8588050">
    <ele>250.7</ele>
    <time>2026-09-06T10:39:43Z</time>
   </trkpt>
   <trkpt lat="10.3282420" lon="123.8588850">
    <ele>250.9</ele>
    <time>2026-09-06T10:39:52Z</time>
   </trkpt>
   <trkpt lat="10.3282070" lon="123.8590130">
    <ele>250.8</ele>
    <time>2026-09-06T10:40:01Z</time>
   </trkpt>
   <trkpt lat="10.3281850" lon="123.8590420">
    <ele>250.7</ele>
    <time>2026-09-06T10:40:04Z</time>
   </trkpt>
   <trkpt lat="10.3281430" lon="123.8590710">
    <ele>250.4</ele>
    <time>2026-09-06T10:40:07Z</time>
   </trkpt>
   <trkpt lat="10.3280190" lon="123.8590610">
    <ele>249.6</ele>
    <time>2026-09-06T10:40:16Z</time>
   </trkpt>
   <trkpt lat="10.3279730" lon="123.8590800">
    <ele>249.3</ele>
    <time>2026-09-06T10:40:19Z</time>
   </trkpt>
   <trkpt lat="10.3279150" lon="123.8590800">
    <ele>248.9</ele>
    <time>2026-09-06T10:40:23Z</time>
   </trkpt>
   <trkpt lat="10.3278340" lon="123.8591460">
    <ele>247.8</ele>
    <time>2026-09-06T10:40:32Z</time>
   </trkpt>
   <trkpt lat="10.3276800" lon="123.8591710">
    <ele>246.3</ele>
    <time>2026-09-06T10:40:42Z</time>
   </trkpt>
   <trkpt lat="10.3275950" lon="123.8592160">
    <ele>245.8</ele>
    <time>2026-09-06T10:40:49Z</time>
   </trkpt>
   <trkpt lat="10.3275160" lon="123.8592150">
    <ele>245.4</ele>
    <time>2026-09-06T10:40:55Z</time>
   </trkpt>
   <trkpt lat="10.3274900" lon="123.8592440">
    <ele>245.1</ele>
    <time>2026-09-06T10:40:58Z</time>
   </trkpt>
   <trkpt lat="10.3274090" lon="123.8592770">
    <ele>244.2</ele>
    <time>2026-09-06T10:41:06Z</time>
   </trkpt>
   <trkpt lat="10.3273550" lon="123.8593180">
    <ele>243.2</ele>
    <time>2026-09-06T10:41:11Z</time>
   </trkpt>
   <trkpt lat="10.3273370" lon="123.8593500">
    <ele>242.7</ele>
    <time>2026-09-06T10:41:13Z</time>
   </trkpt>
   <trkpt lat="10.3272950" lon="123.8593720">
    <ele>241.9</ele>
    <time>2026-09-06T10:41:18Z</time>
   </trkpt>
   <trkpt lat="10.3272230" lon="123.8593790">
    <ele>240.7</ele>
    <time>2026-09-06T10:41:24Z</time>
   </trkpt>
   <trkpt lat="10.3271710" lon="123.8594080">
    <ele>239.8</ele>
    <time>2026-09-06T10:41:28Z</time>
   </trkpt>
   <trkpt lat="10.3269080" lon="123.8594480">
    <ele>235.7</ele>
    <time>2026-09-06T10:41:48Z</time>
   </trkpt>
   <trkpt lat="10.3267680" lon="123.8595060">
    <ele>233.3</ele>
    <time>2026-09-06T10:41:59Z</time>
   </trkpt>
   <trkpt lat="10.3266960" lon="123.8595000">
    <ele>232.7</ele>
    <time>2026-09-06T10:42:04Z</time>
   </trkpt>
   <trkpt lat="10.3266140" lon="123.8594480">
    <ele>232.8</ele>
    <time>2026-09-06T10:42:10Z</time>
   </trkpt>
   <trkpt lat="10.3265370" lon="123.8594770">
    <ele>233.4</ele>
    <time>2026-09-06T10:42:16Z</time>
   </trkpt>
   <trkpt lat="10.3264780" lon="123.8594630">
    <ele>233.7</ele>
    <time>2026-09-06T10:42:21Z</time>
   </trkpt>
   <trkpt lat="10.3264410" lon="123.8594700">
    <ele>233.7</ele>
    <time>2026-09-06T10:42:25Z</time>
   </trkpt>
   <trkpt lat="10.3263870" lon="123.8594510">
    <ele>233.7</ele>
    <time>2026-09-06T10:42:30Z</time>
   </trkpt>
   <trkpt lat="10.3262940" lon="123.8593720">
    <ele>233.6</ele>
    <time>2026-09-06T10:42:39Z</time>
   </trkpt>
   <trkpt lat="10.3262510" lon="123.8592630">
    <ele>234.0</ele>
    <time>2026-09-06T10:42:48Z</time>
   </trkpt>
   <trkpt lat="10.3260900" lon="123.8590680">
    <ele>236.1</ele>
    <time>2026-09-06T10:43:08Z</time>
   </trkpt>
   <trkpt lat="10.3259370" lon="123.8590960">
    <ele>237.3</ele>
    <time>2026-09-06T10:43:22Z</time>
   </trkpt>
   <trkpt lat="10.3258740" lon="123.8590510">
    <ele>237.7</ele>
    <time>2026-09-06T10:43:29Z</time>
   </trkpt>
   <trkpt lat="10.3258410" lon="123.8589990">
    <ele>237.9</ele>
    <time>2026-09-06T10:43:34Z</time>
   </trkpt>
   <trkpt lat="10.3258150" lon="123.8589960">
    <ele>238.0</ele>
    <time>2026-09-06T10:43:36Z</time>
   </trkpt>
   <trkpt lat="10.3257200" lon="123.8590430">
    <ele>238.7</ele>
    <time>2026-09-06T10:43:46Z</time>
   </trkpt>
   <trkpt lat="10.3256220" lon="123.8590290">
    <ele>239.3</ele>
    <time>2026-09-06T10:43:54Z</time>
   </trkpt>
   <trkpt lat="10.3255300" lon="123.8590410">
    <ele>239.8</ele>
    <time>2026-09-06T10:44:00Z</time>
   </trkpt>
   <trkpt lat="10.3252220" lon="123.8589440">
    <ele>241.3</ele>
    <time>2026-09-06T10:44:26Z</time>
   </trkpt>
   <trkpt lat="10.3250410" lon="123.8589690">
    <ele>243.9</ele>
    <time>2026-09-06T10:44:41Z</time>
   </trkpt>
   <trkpt lat="10.3249760" lon="123.8589450">
    <ele>245.4</ele>
    <time>2026-09-06T10:44:49Z</time>
   </trkpt>
   <trkpt lat="10.3249560" lon="123.8589240">
    <ele>246.0</ele>
    <time>2026-09-06T10:44:53Z</time>
   </trkpt>
   <trkpt lat="10.3248560" lon="123.8589830">
    <ele>248.0</ele>
    <time>2026-09-06T10:45:04Z</time>
   </trkpt>
   <trkpt lat="10.3247670" lon="123.8589920">
    <ele>249.1</ele>
    <time>2026-09-06T10:45:15Z</time>
   </trkpt>
   <trkpt lat="10.3246820" lon="123.8590420">
    <ele>249.7</ele>
    <time>2026-09-06T10:45:25Z</time>
   </trkpt>
   <trkpt lat="10.3245470" lon="123.8589930">
    <ele>249.9</ele>
    <time>2026-09-06T10:45:37Z</time>
   </trkpt>
   <trkpt lat="10.3245060" lon="123.8589970">
    <ele>249.9</ele>
    <time>2026-09-06T10:45:41Z</time>
   </trkpt>
   <trkpt lat="10.3243390" lon="123.8591530">
    <ele>249.1</ele>
    <time>2026-09-06T10:45:59Z</time>
   </trkpt>
   <trkpt lat="10.3242500" lon="123.8592080">
    <ele>248.7</ele>
    <time>2026-09-06T10:46:06Z</time>
   </trkpt>
   <trkpt lat="10.3241940" lon="123.8592340">
    <ele>248.5</ele>
    <time>2026-09-06T10:46:11Z</time>
   </trkpt>
   <trkpt lat="10.3240840" lon="123.8592430">
    <ele>248.3</ele>
    <time>2026-09-06T10:46:19Z</time>
   </trkpt>
   <trkpt lat="10.3240820" lon="123.8592540">
    <ele>248.2</ele>
    <time>2026-09-06T10:46:21Z</time>
   </trkpt>
   <trkpt lat="10.3239520" lon="123.8592000">
    <ele>248.0</ele>
    <time>2026-09-06T10:46:32Z</time>
   </trkpt>
   <trkpt lat="10.3238630" lon="123.8591020">
    <ele>248.1</ele>
    <time>2026-09-06T10:46:41Z</time>
   </trkpt>
   <trkpt lat="10.3237370" lon="123.8590270">
    <ele>248.6</ele>
    <time>2026-09-06T10:46:53Z</time>
   </trkpt>
   <trkpt lat="10.3236640" lon="123.8590290">
    <ele>248.8</ele>
    <time>2026-09-06T10:46:59Z</time>
   </trkpt>
   <trkpt lat="10.3234400" lon="123.8590970">
    <ele>248.9</ele>
    <time>2026-09-06T10:47:18Z</time>
   </trkpt>
   <trkpt lat="10.3233800" lon="123.8590840">
    <ele>249.0</ele>
    <time>2026-09-06T10:47:23Z</time>
   </trkpt>
   <trkpt lat="10.3232940" lon="123.8590040">
    <ele>249.1</ele>
    <time>2026-09-06T10:47:32Z</time>
   </trkpt>
   <trkpt lat="10.3231970" lon="123.8589670">
    <ele>249.4</ele>
    <time>2026-09-06T10:47:41Z</time>
   </trkpt>
   <trkpt lat="10.3230960" lon="123.8589680">
    <ele>249.4</ele>
    <time>2026-09-06T10:47:49Z</time>
   </trkpt>
   <trkpt lat="10.3230500" lon="123.8589990">
    <ele>249.3</ele>
    <time>2026-09-06T10:47:55Z</time>
   </trkpt>
   <trkpt lat="10.3230440" lon="123.8590820">
    <ele>249.0</ele>
    <time>2026-09-06T10:48:02Z</time>
   </trkpt>
   <trkpt lat="10.3230210" lon="123.8591130">
    <ele>248.7</ele>
    <time>2026-09-06T10:48:04Z</time>
   </trkpt>
   <trkpt lat="10.3230150" lon="123.8591630">
    <ele>248.2</ele>
    <time>2026-09-06T10:48:08Z</time>
   </trkpt>
   <trkpt lat="10.3229610" lon="123.8591990">
    <ele>247.5</ele>
    <time>2026-09-06T10:48:13Z</time>
   </trkpt>
   <trkpt lat="10.3229400" lon="123.8592410">
    <ele>246.9</ele>
    <time>2026-09-06T10:48:17Z</time>
   </trkpt>
   <trkpt lat="10.3228850" lon="123.8591760">
    <ele>246.3</ele>
    <time>2026-09-06T10:48:24Z</time>
   </trkpt>
   <trkpt lat="10.3228010" lon="123.8591940">
    <ele>246.0</ele>
    <time>2026-09-06T10:48:31Z</time>
   </trkpt>
   <trkpt lat="10.3227630" lon="123.8591310">
    <ele>246.1</ele>
    <time>2026-09-06T10:48:38Z</time>
   </trkpt>
   <trkpt lat="10.3226230" lon="123.8591380">
    <ele>245.9</ele>
    <time>2026-09-06T10:48:49Z</time>
   </trkpt>
   <trkpt lat="10.3225500" lon="123.8591000">
    <ele>245.3</ele>
    <time>2026-09-06T10:48:58Z</time>
   </trkpt>
   <trkpt lat="10.3225090" lon="123.8589960">
    <ele>244.1</ele>
    <time>2026-09-06T10:49:06Z</time>
   </trkpt>
   <trkpt lat="10.3224640" lon="123.8589370">
    <ele>243.2</ele>
    <time>2026-09-06T10:49:14Z</time>
   </trkpt>
   <trkpt lat="10.3224260" lon="123.8589270">
    <ele>242.8</ele>
    <time>2026-09-06T10:49:20Z</time>
   </trkpt>
   <trkpt lat="10.3224270" lon="123.8588920">
    <ele>242.6</ele>
    <time>2026-09-06T10:49:21Z</time>
   </trkpt>
   <trkpt lat="10.3224530" lon="123.8588580">
    <ele>242.3</ele>
    <time>2026-09-06T10:49:24Z</time>
   </trkpt>
   <trkpt lat="10.3224520" lon="123.8587760">
    <ele>242.0</ele>
    <time>2026-09-06T10:49:30Z</time>
   </trkpt>
   <trkpt lat="10.3223270" lon="123.8586810">
    <ele>241.4</ele>
    <time>2026-09-06T10:49:43Z</time>
   </trkpt>
   <trkpt lat="10.3223450" lon="123.8586720">
    <ele>241.3</ele>
    <time>2026-09-06T10:49:46Z</time>
   </trkpt>
   <trkpt lat="10.3223320" lon="123.8586770">
    <ele>241.3</ele>
    <time>2026-09-06T10:49:48Z</time>
   </trkpt>
   <trkpt lat="10.3222990" lon="123.8586170">
    <ele>241.0</ele>
    <time>2026-09-06T10:49:52Z</time>
   </trkpt>
   <trkpt lat="10.3222460" lon="123.8585730">
    <ele>240.7</ele>
    <time>2026-09-06T10:49:58Z</time>
   </trkpt>
   <trkpt lat="10.3221540" lon="123.8583710">
    <ele>240.6</ele>
    <time>2026-09-06T10:50:13Z</time>
   </trkpt>
   <trkpt lat="10.3220620" lon="123.8579620">
    <ele>242.6</ele>
    <time>2026-09-06T10:50:45Z</time>
   </trkpt>
   <trkpt lat="10.3219730" lon="123.8577910">
    <ele>243.0</ele>
    <time>2026-09-06T10:51:01Z</time>
   </trkpt>
   <trkpt lat="10.3218210" lon="123.8576460">
    <ele>243.8</ele>
    <time>2026-09-06T10:51:16Z</time>
   </trkpt>
   <trkpt lat="10.3217460" lon="123.8576070">
    <ele>244.2</ele>
    <time>2026-09-06T10:51:22Z</time>
   </trkpt>
   <trkpt lat="10.3216490" lon="123.8577120">
    <ele>245.0</ele>
    <time>2026-09-06T10:51:33Z</time>
   </trkpt>
   <trkpt lat="10.3216360" lon="123.8577430">
    <ele>245.2</ele>
    <time>2026-09-06T10:51:35Z</time>
   </trkpt>
   <trkpt lat="10.3214650" lon="123.8578320">
    <ele>246.1</ele>
    <time>2026-09-06T10:51:52Z</time>
   </trkpt>
   <trkpt lat="10.3214360" lon="123.8578260">
    <ele>246.3</ele>
    <time>2026-09-06T10:51:54Z</time>
   </trkpt>
   <trkpt lat="10.3214390" lon="123.8578130">
    <ele>246.3</ele>
    <time>2026-09-06T10:51:55Z</time>
   </trkpt>
   <trkpt lat="10.3214150" lon="123.8578330">
    <ele>246.4</ele>
    <time>2026-09-06T10:51:58Z</time>
   </trkpt>
   <trkpt lat="10.3213990" lon="123.8578280">
    <ele>246.5</ele>
    <time>2026-09-06T10:51:59Z</time>
   </trkpt>
   <trkpt lat="10.3213670" lon="123.8577710">
    <ele>246.8</ele>
    <time>2026-09-06T10:52:03Z</time>
   </trkpt>
   <trkpt lat="10.3212990" lon="123.8577320">
    <ele>247.0</ele>
    <time>2026-09-06T10:52:30Z</time>
   </trkpt>
   <trkpt lat="10.3212850" lon="123.8577500">
    <ele>247.1</ele>
    <time>2026-09-06T10:52:36Z</time>
   </trkpt>
   <trkpt lat="10.3212770" lon="123.8577320">
    <ele>247.2</ele>
    <time>2026-09-06T10:52:41Z</time>
   </trkpt>
   <trkpt lat="10.3212020" lon="123.8577110">
    <ele>247.6</ele>
    <time>2026-09-06T10:52:51Z</time>
   </trkpt>
   <trkpt lat="10.3211330" lon="123.8577160">
    <ele>247.8</ele>
    <time>2026-09-06T10:52:57Z</time>
   </trkpt>
   <trkpt lat="10.3210350" lon="123.8576950">
    <ele>248.2</ele>
    <time>2026-09-06T10:53:04Z</time>
   </trkpt>
   <trkpt lat="10.3210080" lon="123.8577100">
    <ele>248.3</ele>
    <time>2026-09-06T10:53:07Z</time>
   </trkpt>
   <trkpt lat="10.3209270" lon="123.8577010">
    <ele>248.6</ele>
    <time>2026-09-06T10:53:13Z</time>
   </trkpt>
   <trkpt lat="10.3208480" lon="123.8577330">
    <ele>248.8</ele>
    <time>2026-09-06T10:53:18Z</time>
   </trkpt>
   <trkpt lat="10.3208270" lon="123.8577100">
    <ele>248.8</ele>
    <time>2026-09-06T10:53:20Z</time>
   </trkpt>
   <trkpt lat="10.3207900" lon="123.8575570">
    <ele>248.3</ele>
    <time>2026-09-06T10:53:32Z</time>
   </trkpt>
   <trkpt lat="10.3207310" lon="123.8574890">
    <ele>247.5</ele>
    <time>2026-09-06T10:53:38Z</time>
   </trkpt>
   <trkpt lat="10.3206930" lon="123.8574750">
    <ele>247.0</ele>
    <time>2026-09-06T10:53:41Z</time>
   </trkpt>
   <trkpt lat="10.3206640" lon="123.8574160">
    <ele>246.1</ele>
    <time>2026-09-06T10:53:46Z</time>
   </trkpt>
   <trkpt lat="10.3205710" lon="123.8573210">
    <ele>244.4</ele>
    <time>2026-09-06T10:53:57Z</time>
   </trkpt>
   <trkpt lat="10.3205220" lon="123.8572450">
    <ele>243.5</ele>
    <time>2026-09-06T10:54:04Z</time>
   </trkpt>
   <trkpt lat="10.3204360" lon="123.8571990">
    <ele>242.5</ele>
    <time>2026-09-06T10:54:12Z</time>
   </trkpt>
   <trkpt lat="10.3203940" lon="123.8571950">
    <ele>242.1</ele>
    <time>2026-09-06T10:54:15Z</time>
   </trkpt>
   <trkpt lat="10.3203600" lon="123.8571550">
    <ele>241.5</ele>
    <time>2026-09-06T10:54:19Z</time>
   </trkpt>
   <trkpt lat="10.3203670" lon="123.8571340">
    <ele>241.2</ele>
    <time>2026-09-06T10:54:20Z</time>
   </trkpt>
   <trkpt lat="10.3202920" lon="123.8571330">
    <ele>240.3</ele>
    <time>2026-09-06T10:54:27Z</time>
   </trkpt>
   <trkpt lat="10.3202370" lon="123.8570740">
    <ele>239.4</ele>
    <time>2026-09-06T10:54:34Z</time>
   </trkpt>
   <trkpt lat="10.3202030" lon="123.8570820">
    <ele>239.2</ele>
    <time>2026-09-06T10:54:38Z</time>
   </trkpt>
   <trkpt lat="10.3201790" lon="123.8570540">
    <ele>239.0</ele>
    <time>2026-09-06T10:54:41Z</time>
   </trkpt>
   <trkpt lat="10.3201810" lon="123.8570030">
    <ele>238.9</ele>
    <time>2026-09-06T10:54:46Z</time>
   </trkpt>
   <trkpt lat="10.3201650" lon="123.8570030">
    <ele>238.9</ele>
    <time>2026-09-06T10:54:47Z</time>
   </trkpt>
   <trkpt lat="10.3201510" lon="123.8570360">
    <ele>239.5</ele>
    <time>2026-09-06T10:54:50Z</time>
   </trkpt>
   <trkpt lat="10.3201180" lon="123.8570570">
    <ele>240.7</ele>
    <time>2026-09-06T10:54:56Z</time>
   </trkpt>
   <trkpt lat="10.3200510" lon="123.8570380">
    <ele>242.5</ele>
    <time>2026-09-06T10:55:01Z</time>
   </trkpt>
   <trkpt lat="10.3200570" lon="123.8570880">
    <ele>244.1</ele>
    <time>2026-09-06T10:55:09Z</time>
   </trkpt>
   <trkpt lat="10.3200400" lon="123.8571380">
    <ele>245.5</ele>
    <time>2026-09-06T10:55:14Z</time>
   </trkpt>
   <trkpt lat="10.3199970" lon="123.8571700">
    <ele>246.9</ele>
    <time>2026-09-06T10:55:21Z</time>
   </trkpt>
   <trkpt lat="10.3199730" lon="123.8571630">
    <ele>247.6</ele>
    <time>2026-09-06T10:55:24Z</time>
   </trkpt>
   <trkpt lat="10.3199630" lon="123.8572160">
    <ele>249.5</ele>
    <time>2026-09-06T10:55:33Z</time>
   </trkpt>
   <trkpt lat="10.3199290" lon="123.8572380">
    <ele>250.8</ele>
    <time>2026-09-06T10:55:39Z</time>
   </trkpt>
   <trkpt lat="10.3198910" lon="123.8573190">
    <ele>254.1</ele>
    <time>2026-09-06T10:55:56Z</time>
   </trkpt>
   <trkpt lat="10.3198520" lon="123.8573220">
    <ele>255.4</ele>
    <time>2026-09-06T10:56:02Z</time>
   </trkpt>
   <trkpt lat="10.3198410" lon="123.8573670">
    <ele>257.0</ele>
    <time>2026-09-06T10:56:09Z</time>
   </trkpt>
   <trkpt lat="10.3198000" lon="123.8573490">
    <ele>258.7</ele>
    <time>2026-09-06T10:56:17Z</time>
   </trkpt>
   <trkpt lat="10.3197820" lon="123.8573150">
    <ele>260.0</ele>
    <time>2026-09-06T10:56:25Z</time>
   </trkpt>
   <trkpt lat="10.3197410" lon="123.8573050">
    <ele>261.4</ele>
    <time>2026-09-06T10:56:33Z</time>
   </trkpt>
   <trkpt lat="10.3197190" lon="123.8571780">
    <ele>265.9</ele>
    <time>2026-09-06T10:57:00Z</time>
   </trkpt>
   <trkpt lat="10.3197050" lon="123.8571460">
    <ele>266.8</ele>
    <time>2026-09-06T10:57:04Z</time>
   </trkpt>
   <trkpt lat="10.3196790" lon="123.8571570">
    <ele>267.5</ele>
    <time>2026-09-06T10:57:07Z</time>
   </trkpt>
   <trkpt lat="10.3196910" lon="123.8572090">
    <ele>269.1</ele>
    <time>2026-09-06T10:57:16Z</time>
   </trkpt>
   <trkpt lat="10.3196730" lon="123.8572670">
    <ele>270.8</ele>
    <time>2026-09-06T10:57:23Z</time>
   </trkpt>
   <trkpt lat="10.3196090" lon="123.8573410">
    <ele>273.5</ele>
    <time>2026-09-06T10:57:35Z</time>
   </trkpt>
   <trkpt lat="10.3195970" lon="123.8574060">
    <ele>275.5</ele>
    <time>2026-09-06T10:57:43Z</time>
   </trkpt>
   <trkpt lat="10.3195540" lon="123.8574830">
    <ele>278.5</ele>
    <time>2026-09-06T10:57:58Z</time>
   </trkpt>
   <trkpt lat="10.3195070" lon="123.8575290">
    <ele>280.8</ele>
    <time>2026-09-06T10:58:08Z</time>
   </trkpt>
   <trkpt lat="10.3194540" lon="123.8576470">
    <ele>285.4</ele>
    <time>2026-09-06T10:58:33Z</time>
   </trkpt>
   <trkpt lat="10.3194510" lon="123.8577170">
    <ele>287.7</ele>
    <time>2026-09-06T10:58:43Z</time>
   </trkpt>
   <trkpt lat="10.3194140" lon="123.8578650">
    <ele>292.7</ele>
    <time>2026-09-06T10:59:06Z</time>
   </trkpt>
   <trkpt lat="10.3193640" lon="123.8579450">
    <ele>296.1</ele>
    <time>2026-09-06T10:59:21Z</time>
   </trkpt>
   <trkpt lat="10.3193620" lon="123.8579730">
    <ele>297.0</ele>
    <time>2026-09-06T10:59:24Z</time>
   </trkpt>
   <trkpt lat="10.3193830" lon="123.8579940">
    <ele>298.1</ele>
    <time>2026-09-06T10:59:29Z</time>
   </trkpt>
   <trkpt lat="10.3193680" lon="123.8580070">
    <ele>298.7</ele>
    <time>2026-09-06T10:59:32Z</time>
   </trkpt>
   <trkpt lat="10.3192950" lon="123.8579760">
    <ele>301.3</ele>
    <time>2026-09-06T10:59:40Z</time>
   </trkpt>
   <trkpt lat="10.3191870" lon="123.8579880">
    <ele>304.1</ele>
    <time>2026-09-06T10:59:53Z</time>
   </trkpt>
   <trkpt lat="10.3191120" lon="123.8579750">
    <ele>305.7</ele>
    <time>2026-09-06T11:00:03Z</time>
   </trkpt>
   <trkpt lat="10.3190720" lon="123.8580020">
    <ele>305.6</ele>
    <time>2026-09-06T11:00:07Z</time>
   </trkpt>
   <trkpt lat="10.3189440" lon="123.8579960">
    <ele>305.2</ele>
    <time>2026-09-06T11:00:19Z</time>
   </trkpt>
   <trkpt lat="10.3189150" lon="123.8580170">
    <ele>305.1</ele>
    <time>2026-09-06T11:00:23Z</time>
   </trkpt>
   <trkpt lat="10.3189170" lon="123.8580370">
    <ele>305.5</ele>
    <time>2026-09-06T11:00:25Z</time>
   </trkpt>
   <trkpt lat="10.3189620" lon="123.8580880">
    <ele>306.7</ele>
    <time>2026-09-06T11:00:34Z</time>
   </trkpt>
   <trkpt lat="10.3189770" lon="123.8582060">
    <ele>310.2</ele>
    <time>2026-09-06T11:01:12Z</time>
   </trkpt>
   <trkpt lat="10.3190840" lon="123.8582690">
    <ele>313.0</ele>
    <time>2026-09-06T11:01:25Z</time>
   </trkpt>
   <trkpt lat="10.3190990" lon="123.8583110">
    <ele>314.1</ele>
    <time>2026-09-06T11:01:29Z</time>
   </trkpt>
   <trkpt lat="10.3191580" lon="123.8583690">
    <ele>315.5</ele>
    <time>2026-09-06T11:01:39Z</time>
   </trkpt>
   <trkpt lat="10.3191970" lon="123.8584550">
    <ele>316.8</ele>
    <time>2026-09-06T11:01:49Z</time>
   </trkpt>
   <trkpt lat="10.3192340" lon="123.8584840">
    <ele>317.3</ele>
    <time>2026-09-06T11:01:54Z</time>
   </trkpt>
   <trkpt lat="10.3191810" lon="123.8584620">
    <ele>316.1</ele>
    <time>2026-09-06T11:02:01Z</time>
   </trkpt>
   <trkpt lat="10.3190790" lon="123.8585290">
    <ele>314.0</ele>
    <time>2026-09-06T11:02:16Z</time>
   </trkpt>
   <trkpt lat="10.3189760" lon="123.8586260">
    <ele>311.4</ele>
    <time>2026-09-06T11:02:54Z</time>
   </trkpt>
   <trkpt lat="10.3189460" lon="123.8586750">
    <ele>310.5</ele>
    <time>2026-09-06T11:03:00Z</time>
   </trkpt>
   <trkpt lat="10.3189180" lon="123.8586930">
    <ele>309.9</ele>
    <time>2026-09-06T11:03:04Z</time>
   </trkpt>
   <trkpt lat="10.3189050" lon="123.8587410">
    <ele>309.1</ele>
    <time>2026-09-06T11:03:10Z</time>
   </trkpt>
   <trkpt lat="10.3188470" lon="123.8588360">
    <ele>307.2</ele>
    <time>2026-09-06T11:03:23Z</time>
   </trkpt>
   <trkpt lat="10.3188430" lon="123.8588770">
    <ele>306.6</ele>
    <time>2026-09-06T11:03:27Z</time>
   </trkpt>
   <trkpt lat="10.3187810" lon="123.8589650">
    <ele>305.2</ele>
    <time>2026-09-06T11:03:40Z</time>
   </trkpt>
   <trkpt lat="10.3187640" lon="123.8590390">
    <ele>304.8</ele>
    <time>2026-09-06T11:03:49Z</time>
   </trkpt>
   <trkpt lat="10.3187340" lon="123.8590790">
    <ele>304.9</ele>
    <time>2026-09-06T11:03:56Z</time>
   </trkpt>
   <trkpt lat="10.3187460" lon="123.8591190">
    <ele>305.4</ele>
    <time>2026-09-06T11:04:08Z</time>
   </trkpt>
   <trkpt lat="10.3187340" lon="123.8591850">
    <ele>306.3</ele>
    <time>2026-09-06T11:04:17Z</time>
   </trkpt>
   <trkpt lat="10.3187500" lon="123.8592210">
    <ele>306.9</ele>
    <time>2026-09-06T11:04:22Z</time>
   </trkpt>
   <trkpt lat="10.3187530" lon="123.8593430">
    <ele>308.8</ele>
    <time>2026-09-06T11:04:34Z</time>
   </trkpt>
   <trkpt lat="10.3187360" lon="123.8593930">
    <ele>309.5</ele>
    <time>2026-09-06T11:04:40Z</time>
   </trkpt>
   <trkpt lat="10.3187540" lon="123.8594030">
    <ele>309.8</ele>
    <time>2026-09-06T11:04:44Z</time>
   </trkpt>
   <trkpt lat="10.3186440" lon="123.8595960">
    <ele>311.7</ele>
    <time>2026-09-06T11:05:08Z</time>
   </trkpt>
   <trkpt lat="10.3186290" lon="123.8597070">
    <ele>312.2</ele>
    <time>2026-09-06T11:05:23Z</time>
   </trkpt>
   <trkpt lat="10.3185480" lon="123.8597500">
    <ele>311.1</ele>
    <time>2026-09-06T11:05:32Z</time>
   </trkpt>
   <trkpt lat="10.3184630" lon="123.8598420">
    <ele>309.8</ele>
    <time>2026-09-06T11:05:43Z</time>
   </trkpt>
   <trkpt lat="10.3184290" lon="123.8598600">
    <ele>309.5</ele>
    <time>2026-09-06T11:05:47Z</time>
   </trkpt>
   <trkpt lat="10.3183850" lon="123.8599380">
    <ele>309.0</ele>
    <time>2026-09-06T11:05:55Z</time>
   </trkpt>
   <trkpt lat="10.3183300" lon="123.8599880">
    <ele>308.8</ele>
    <time>2026-09-06T11:06:02Z</time>
   </trkpt>
   <trkpt lat="10.3182840" lon="123.8600030">
    <ele>308.7</ele>
    <time>2026-09-06T11:06:06Z</time>
   </trkpt>
   <trkpt lat="10.3182340" lon="123.8600660">
    <ele>308.6</ele>
    <time>2026-09-06T11:06:13Z</time>
   </trkpt>
   <trkpt lat="10.3181820" lon="123.8601050">
    <ele>308.6</ele>
    <time>2026-09-06T11:06:26Z</time>
   </trkpt>
   <trkpt lat="10.3181020" lon="123.8602110">
    <ele>308.5</ele>
    <time>2026-09-06T11:06:43Z</time>
   </trkpt>
   <trkpt lat="10.3180850" lon="123.8602160">
    <ele>308.5</ele>
    <time>2026-09-06T11:06:47Z</time>
   </trkpt>
   <trkpt lat="10.3180620" lon="123.8601990">
    <ele>308.5</ele>
    <time>2026-09-06T11:06:56Z</time>
   </trkpt>
   <trkpt lat="10.3180890" lon="123.8602130">
    <ele>308.4</ele>
    <time>2026-09-06T11:08:00Z</time>
   </trkpt>
   <trkpt lat="10.3180710" lon="123.8602470">
    <ele>308.4</ele>
    <time>2026-09-06T11:08:05Z</time>
   </trkpt>
   <trkpt lat="10.3180490" lon="123.8602520">
    <ele>308.3</ele>
    <time>2026-09-06T11:08:06Z</time>
   </trkpt>
   <trkpt lat="10.3179870" lon="123.8603240">
    <ele>307.9</ele>
    <time>2026-09-06T11:08:15Z</time>
   </trkpt>
   <trkpt lat="10.3179430" lon="123.8604000">
    <ele>307.3</ele>
    <time>2026-09-06T11:08:22Z</time>
   </trkpt>
   <trkpt lat="10.3178040" lon="123.8605180">
    <ele>305.2</ele>
    <time>2026-09-06T11:08:36Z</time>
   </trkpt>
   <trkpt lat="10.3177990" lon="123.8605790">
    <ele>304.2</ele>
    <time>2026-09-06T11:08:41Z</time>
   </trkpt>
   <trkpt lat="10.3177830" lon="123.8605990">
    <ele>303.8</ele>
    <time>2026-09-06T11:08:43Z</time>
   </trkpt>
   <trkpt lat="10.3177260" lon="123.8606480">
    <ele>302.2</ele>
    <time>2026-09-06T11:08:50Z</time>
   </trkpt>
   <trkpt lat="10.3176980" lon="123.8606530">
    <ele>301.5</ele>
    <time>2026-09-06T11:08:53Z</time>
   </trkpt>
   <trkpt lat="10.3176960" lon="123.8606900">
    <ele>300.6</ele>
    <time>2026-09-06T11:08:56Z</time>
   </trkpt>
   <trkpt lat="10.3176650" lon="123.8607030">
    <ele>299.7</ele>
    <time>2026-09-06T11:08:59Z</time>
   </trkpt>
   <trkpt lat="10.3176610" lon="123.8607330">
    <ele>298.9</ele>
    <time>2026-09-06T11:09:02Z</time>
   </trkpt>
   <trkpt lat="10.3176240" lon="123.8607400">
    <ele>297.8</ele>
    <time>2026-09-06T11:09:07Z</time>
   </trkpt>
   <trkpt lat="10.3176380" lon="123.8607700">
    <ele>296.8</ele>
    <time>2026-09-06T11:09:11Z</time>
   </trkpt>
   <trkpt lat="10.3176160" lon="123.8607790">
    <ele>296.2</ele>
    <time>2026-09-06T11:09:13Z</time>
   </trkpt>
   <trkpt lat="10.3175910" lon="123.8608380">
    <ele>294.5</ele>
    <time>2026-09-06T11:09:21Z</time>
   </trkpt>
   <trkpt lat="10.3176220" lon="123.8608600">
    <ele>293.5</ele>
    <time>2026-09-06T11:09:25Z</time>
   </trkpt>
   <trkpt lat="10.3176360" lon="123.8609000">
    <ele>292.0</ele>
    <time>2026-09-06T11:09:34Z</time>
   </trkpt>
   <trkpt lat="10.3175950" lon="123.8609650">
    <ele>288.7</ele>
    <time>2026-09-06T11:10:07Z</time>
   </trkpt>
   <trkpt lat="10.3175900" lon="123.8610070">
    <ele>287.2</ele>
    <time>2026-09-06T11:10:19Z</time>
   </trkpt>
   <trkpt lat="10.3175510" lon="123.8610290">
    <ele>285.5</ele>
    <time>2026-09-06T11:10:37Z</time>
   </trkpt>
   <trkpt lat="10.3175600" lon="123.8610670">
    <ele>284.2</ele>
    <time>2026-09-06T11:10:42Z</time>
   </trkpt>
   <trkpt lat="10.3175150" lon="123.8610660">
    <ele>282.6</ele>
    <time>2026-09-06T11:10:47Z</time>
   </trkpt>
   <trkpt lat="10.3175060" lon="123.8611230">
    <ele>279.4</ele>
    <time>2026-09-06T11:11:10Z</time>
   </trkpt>
   <trkpt lat="10.3174860" lon="123.8611330">
    <ele>278.6</ele>
    <time>2026-09-06T11:11:12Z</time>
   </trkpt>
   <trkpt lat="10.3174870" lon="123.8611660">
    <ele>277.5</ele>
    <time>2026-09-06T11:11:18Z</time>
   </trkpt>
   <trkpt lat="10.3174690" lon="123.8611870">
    <ele>276.5</ele>
    <time>2026-09-06T11:11:23Z</time>
   </trkpt>
   <trkpt lat="10.3174770" lon="123.8612150">
    <ele>275.6</ele>
    <time>2026-09-06T11:11:27Z</time>
   </trkpt>
   <trkpt lat="10.3174610" lon="123.8612770">
    <ele>273.5</ele>
    <time>2026-09-06T11:11:37Z</time>
   </trkpt>
   <trkpt lat="10.3174060" lon="123.8613060">
    <ele>271.7</ele>
    <time>2026-09-06T11:11:49Z</time>
   </trkpt>
   <trkpt lat="10.3173530" lon="123.8612900">
    <ele>270.1</ele>
    <time>2026-09-06T11:11:57Z</time>
   </trkpt>
   <trkpt lat="10.3172940" lon="123.8612460">
    <ele>268.1</ele>
    <time>2026-09-06T11:12:03Z</time>
   </trkpt>
   <trkpt lat="10.3172390" lon="123.8612350">
    <ele>266.7</ele>
    <time>2026-09-06T11:12:08Z</time>
   </trkpt>
   <trkpt lat="10.3171920" lon="123.8612600">
    <ele>265.4</ele>
    <time>2026-09-06T11:12:13Z</time>
   </trkpt>
   <trkpt lat="10.3171100" lon="123.8612380">
    <ele>263.5</ele>
    <time>2026-09-06T11:12:21Z</time>
   </trkpt>
   <trkpt lat="10.3170750" lon="123.8612570">
    <ele>262.6</ele>
    <time>2026-09-06T11:12:26Z</time>
   </trkpt>
   <trkpt lat="10.3168310" lon="123.8610960">
    <ele>254.9</ele>
    <time>2026-09-06T11:13:03Z</time>
   </trkpt>
   <trkpt lat="10.3167940" lon="123.8610880">
    <ele>253.8</ele>
    <time>2026-09-06T11:13:09Z</time>
   </trkpt>
   <trkpt lat="10.3167740" lon="123.8610990">
    <ele>253.0</ele>
    <time>2026-09-06T11:13:14Z</time>
   </trkpt>
   <trkpt lat="10.3167060" lon="123.8610630">
    <ele>250.4</ele>
    <time>2026-09-06T11:13:27Z</time>
   </trkpt>
   <trkpt lat="10.3167010" lon="123.8610860">
    <ele>249.4</ele>
    <time>2026-09-06T11:13:33Z</time>
   </trkpt>
   <trkpt lat="10.3166570" lon="123.8610990">
    <ele>247.5</ele>
    <time>2026-09-06T11:13:42Z</time>
   </trkpt>
   <trkpt lat="10.3166440" lon="123.8611280">
    <ele>246.3</ele>
    <time>2026-09-06T11:13:47Z</time>
   </trkpt>
   <trkpt lat="10.3165990" lon="123.8611260">
    <ele>244.6</ele>
    <time>2026-09-06T11:13:54Z</time>
   </trkpt>
   <trkpt lat="10.3165840" lon="123.8611470">
    <ele>243.6</ele>
    <time>2026-09-06T11:13:59Z</time>
   </trkpt>
   <trkpt lat="10.3165350" lon="123.8611640">
    <ele>241.4</ele>
    <time>2026-09-06T11:14:09Z</time>
   </trkpt>
   <trkpt lat="10.3165160" lon="123.8611560">
    <ele>240.6</ele>
    <time>2026-09-06T11:14:12Z</time>
   </trkpt>
   <trkpt lat="10.3164040" lon="123.8612410">
    <ele>235.5</ele>
    <time>2026-09-06T11:14:32Z</time>
   </trkpt>
   <trkpt lat="10.3163760" lon="123.8613080">
    <ele>232.7</ele>
    <time>2026-09-06T11:14:47Z</time>
   </trkpt>
   <trkpt lat="10.3163530" lon="123.8613130">
    <ele>231.8</ele>
    <time>2026-09-06T11:14:52Z</time>
   </trkpt>
   <trkpt lat="10.3163450" lon="123.8613690">
    <ele>229.7</ele>
    <time>2026-09-06T11:14:59Z</time>
   </trkpt>
   <trkpt lat="10.3162310" lon="123.8614350">
    <ele>225.0</ele>
    <time>2026-09-06T11:15:13Z</time>
   </trkpt>
   <trkpt lat="10.3162190" lon="123.8614560">
    <ele>224.2</ele>
    <time>2026-09-06T11:15:16Z</time>
   </trkpt>
   <trkpt lat="10.3161620" lon="123.8614480">
    <ele>222.1</ele>
    <time>2026-09-06T11:15:23Z</time>
   </trkpt>
   <trkpt lat="10.3161320" lon="123.8614720">
    <ele>220.8</ele>
    <time>2026-09-06T11:15:27Z</time>
   </trkpt>
   <trkpt lat="10.3160720" lon="123.8614720">
    <ele>218.6</ele>
    <time>2026-09-06T11:15:34Z</time>
   </trkpt>
   <trkpt lat="10.3160390" lon="123.8615170">
    <ele>216.7</ele>
    <time>2026-09-06T11:15:41Z</time>
   </trkpt>
   <trkpt lat="10.3159870" lon="123.8615320">
    <ele>215.0</ele>
    <time>2026-09-06T11:15:48Z</time>
   </trkpt>
   <trkpt lat="10.3159240" lon="123.8615080">
    <ele>212.8</ele>
    <time>2026-09-06T11:15:58Z</time>
   </trkpt>
   <trkpt lat="10.3158290" lon="123.8616280">
    <ele>208.7</ele>
    <time>2026-09-06T11:16:14Z</time>
   </trkpt>
   <trkpt lat="10.3157330" lon="123.8617010">
    <ele>206.2</ele>
    <time>2026-09-06T11:16:25Z</time>
   </trkpt>
   <trkpt lat="10.3156780" lon="123.8616950">
    <ele>205.1</ele>
    <time>2026-09-06T11:16:30Z</time>
   </trkpt>
   <trkpt lat="10.3155870" lon="123.8617690">
    <ele>203.1</ele>
    <time>2026-09-06T11:16:39Z</time>
   </trkpt>
   <trkpt lat="10.3155170" lon="123.8617550">
    <ele>202.0</ele>
    <time>2026-09-06T11:16:45Z</time>
   </trkpt>
   <trkpt lat="10.3154210" lon="123.8618170">
    <ele>200.4</ele>
    <time>2026-09-06T11:16:52Z</time>
   </trkpt>
   <trkpt lat="10.3153390" lon="123.8618410">
    <ele>199.1</ele>
    <time>2026-09-06T11:16:59Z</time>
   </trkpt>
   <trkpt lat="10.3152810" lon="123.8618200">
    <ele>197.8</ele>
    <time>2026-09-06T11:17:09Z</time>
   </trkpt>
   <trkpt lat="10.3152330" lon="123.8618360">
    <ele>196.8</ele>
    <time>2026-09-06T11:17:17Z</time>
   </trkpt>
   <trkpt lat="10.3152170" lon="123.8618590">
    <ele>196.2</ele>
    <time>2026-09-06T11:17:20Z</time>
   </trkpt>
   <trkpt lat="10.3151660" lon="123.8618610">
    <ele>195.2</ele>
    <time>2026-09-06T11:17:26Z</time>
   </trkpt>
   <trkpt lat="10.3150620" lon="123.8619260">
    <ele>193.2</ele>
    <time>2026-09-06T11:17:35Z</time>
   </trkpt>
   <trkpt lat="10.3150370" lon="123.8619870">
    <ele>192.3</ele>
    <time>2026-09-06T11:17:40Z</time>
   </trkpt>
   <trkpt lat="10.3149860" lon="123.8620070">
    <ele>191.5</ele>
    <time>2026-09-06T11:17:44Z</time>
   </trkpt>
   <trkpt lat="10.3149370" lon="123.8620520">
    <ele>190.4</ele>
    <time>2026-09-06T11:17:49Z</time>
   </trkpt>
   <trkpt lat="10.3149020" lon="123.8620470">
    <ele>189.7</ele>
    <time>2026-09-06T11:17:52Z</time>
   </trkpt>
   <trkpt lat="10.3148690" lon="123.8619970">
    <ele>188.4</ele>
    <time>2026-09-06T11:17:56Z</time>
   </trkpt>
   <trkpt lat="10.3148450" lon="123.8619980">
    <ele>187.9</ele>
    <time>2026-09-06T11:17:58Z</time>
   </trkpt>
   <trkpt lat="10.3147850" lon="123.8620530">
    <ele>185.8</ele>
    <time>2026-09-06T11:18:06Z</time>
   </trkpt>
   <trkpt lat="10.3147510" lon="123.8620380">
    <ele>184.9</ele>
    <time>2026-09-06T11:18:09Z</time>
   </trkpt>
   <trkpt lat="10.3146930" lon="123.8620470">
    <ele>183.6</ele>
    <time>2026-09-06T11:18:15Z</time>
   </trkpt>
   <trkpt lat="10.3146530" lon="123.8620180">
    <ele>182.4</ele>
    <time>2026-09-06T11:18:20Z</time>
   </trkpt>
   <trkpt lat="10.3145620" lon="123.8620400">
    <ele>180.6</ele>
    <time>2026-09-06T11:18:29Z</time>
   </trkpt>
   <trkpt lat="10.3144340" lon="123.8621160">
    <ele>178.1</ele>
    <time>2026-09-06T11:18:41Z</time>
   </trkpt>
   <trkpt lat="10.3143480" lon="123.8621090">
    <ele>176.7</ele>
    <time>2026-09-06T11:18:48Z</time>
   </trkpt>
   <trkpt lat="10.3143260" lon="123.8621410">
    <ele>176.1</ele>
    <time>2026-09-06T11:18:51Z</time>
   </trkpt>
   <trkpt lat="10.3142140" lon="123.8621160">
    <ele>174.3</ele>
    <time>2026-09-06T11:19:00Z</time>
   </trkpt>
   <trkpt lat="10.3141600" lon="123.8621200">
    <ele>173.6</ele>
    <time>2026-09-06T11:19:05Z</time>
   </trkpt>
   <trkpt lat="10.3141430" lon="123.8620870">
    <ele>173.0</ele>
    <time>2026-09-06T11:19:08Z</time>
   </trkpt>
   <trkpt lat="10.3141630" lon="123.8620880">
    <ele>172.6</ele>
    <time>2026-09-06T11:19:10Z</time>
   </trkpt>
   <trkpt lat="10.3141650" lon="123.8621030">
    <ele>172.2</ele>
    <time>2026-09-06T11:19:17Z</time>
   </trkpt>
   <trkpt lat="10.3141710" lon="123.8620900">
    <ele>171.8</ele>
    <time>2026-09-06T11:19:26Z</time>
   </trkpt>
   <trkpt lat="10.3141750" lon="123.8621160">
    <ele>171.1</ele>
    <time>2026-09-06T11:19:35Z</time>
   </trkpt>
   <trkpt lat="10.3141870" lon="123.8621100">
    <ele>170.6</ele>
    <time>2026-09-06T11:19:42Z</time>
   </trkpt>
   <trkpt lat="10.3141160" lon="123.8621870">
    <ele>167.9</ele>
    <time>2026-09-06T11:19:55Z</time>
   </trkpt>
   <trkpt lat="10.3141280" lon="123.8622660">
    <ele>166.0</ele>
    <time>2026-09-06T11:20:02Z</time>
   </trkpt>
   <trkpt lat="10.3141450" lon="123.8622680">
    <ele>165.6</ele>
    <time>2026-09-06T11:20:05Z</time>
   </trkpt>
   <trkpt lat="10.3141510" lon="123.8622880">
    <ele>165.2</ele>
    <time>2026-09-06T11:20:09Z</time>
   </trkpt>
   <trkpt lat="10.3141450" lon="123.8623540">
    <ele>164.1</ele>
    <time>2026-09-06T11:20:20Z</time>
   </trkpt>
   <trkpt lat="10.3141140" lon="123.8624330">
    <ele>163.0</ele>
    <time>2026-09-06T11:20:26Z</time>
   </trkpt>
   <trkpt lat="10.3141190" lon="123.8624440">
    <ele>162.8</ele>
    <time>2026-09-06T11:20:28Z</time>
   </trkpt>
   <trkpt lat="10.3141530" lon="123.8624420">
    <ele>162.5</ele>
    <time>2026-09-06T11:20:31Z</time>
   </trkpt>
   <trkpt lat="10.3141310" lon="123.8624250">
    <ele>162.1</ele>
    <time>2026-09-06T11:20:33Z</time>
   </trkpt>
   <trkpt lat="10.3141070" lon="123.8624390">
    <ele>161.8</ele>
    <time>2026-09-06T11:20:35Z</time>
   </trkpt>
   <trkpt lat="10.3142070" lon="123.8625780">
    <ele>159.6</ele>
    <time>2026-09-06T11:20:51Z</time>
   </trkpt>
   <trkpt lat="10.3142110" lon="123.8626680">
    <ele>158.0</ele>
    <time>2026-09-06T11:21:02Z</time>
   </trkpt>
   <trkpt lat="10.3142470" lon="123.8628370">
    <ele>155.0</ele>
    <time>2026-09-06T11:21:18Z</time>
   </trkpt>
   <trkpt lat="10.3142450" lon="123.8629490">
    <ele>152.5</ele>
    <time>2026-09-06T11:21:27Z</time>
   </trkpt>
   <trkpt lat="10.3141950" lon="123.8630360">
    <ele>149.9</ele>
    <time>2026-09-06T11:21:36Z</time>
   </trkpt>
   <trkpt lat="10.3141820" lon="123.8630960">
    <ele>148.2</ele>
    <time>2026-09-06T11:21:42Z</time>
   </trkpt>
   <trkpt lat="10.3141440" lon="123.8631150">
    <ele>147.1</ele>
    <time>2026-09-06T11:21:47Z</time>
   </trkpt>
   <trkpt lat="10.3141000" lon="123.8631810">
    <ele>145.1</ele>
    <time>2026-09-06T11:21:56Z</time>
   </trkpt>
   <trkpt lat="10.3141110" lon="123.8632680">
    <ele>143.1</ele>
    <time>2026-09-06T11:22:04Z</time>
   </trkpt>
   <trkpt lat="10.3140540" lon="123.8633380">
    <ele>141.0</ele>
    <time>2026-09-06T11:22:12Z</time>
   </trkpt>
   <trkpt lat="10.3140210" lon="123.8634260">
    <ele>138.9</ele>
    <time>2026-09-06T11:22:19Z</time>
   </trkpt>
   <trkpt lat="10.3139450" lon="123.8635180">
    <ele>136.4</ele>
    <time>2026-09-06T11:22:28Z</time>
   </trkpt>
   <trkpt lat="10.3138370" lon="123.8635900">
    <ele>134.3</ele>
    <time>2026-09-06T11:22:37Z</time>
   </trkpt>
   <trkpt lat="10.3138090" lon="123.8636940">
    <ele>132.9</ele>
    <time>2026-09-06T11:22:45Z</time>
   </trkpt>
   <trkpt lat="10.3137720" lon="123.8637390">
    <ele>132.2</ele>
    <time>2026-09-06T11:22:49Z</time>
   </trkpt>
   <trkpt lat="10.3137760" lon="123.8637980">
    <ele>131.4</ele>
    <time>2026-09-06T11:22:53Z</time>
   </trkpt>
   <trkpt lat="10.3137290" lon="123.8639130">
    <ele>129.7</ele>
    <time>2026-09-06T11:23:02Z</time>
   </trkpt>
   <trkpt lat="10.3136570" lon="123.8639680">
    <ele>127.8</ele>
    <time>2026-09-06T11:23:09Z</time>
   </trkpt>
   <trkpt lat="10.3136420" lon="123.8640060">
    <ele>126.7</ele>
    <time>2026-09-06T11:23:12Z</time>
   </trkpt>
   <trkpt lat="10.3137830" lon="123.8641340">
    <ele>121.7</ele>
    <time>2026-09-06T11:23:28Z</time>
   </trkpt>
   <trkpt lat="10.3137840" lon="123.8641700">
    <ele>120.8</ele>
    <time>2026-09-06T11:23:31Z</time>
   </trkpt>
   <trkpt lat="10.3136900" lon="123.8642830">
    <ele>117.1</ele>
    <time>2026-09-06T11:23:41Z</time>
   </trkpt>
   <trkpt lat="10.3136950" lon="123.8643130">
    <ele>116.3</ele>
    <time>2026-09-06T11:23:43Z</time>
   </trkpt>
   <trkpt lat="10.3137770" lon="123.8643240">
    <ele>114.0</ele>
    <time>2026-09-06T11:23:50Z</time>
   </trkpt>
   <trkpt lat="10.3138200" lon="123.8642940">
    <ele>112.6</ele>
    <time>2026-09-06T11:23:55Z</time>
   </trkpt>
   <trkpt lat="10.3139180" lon="123.8642850">
    <ele>109.9</ele>
    <time>2026-09-06T11:24:03Z</time>
   </trkpt>
   <trkpt lat="10.3139640" lon="123.8642410">
    <ele>108.2</ele>
    <time>2026-09-06T11:24:08Z</time>
   </trkpt>
   <trkpt lat="10.3139790" lon="123.8642510">
    <ele>107.8</ele>
    <time>2026-09-06T11:24:09Z</time>
   </trkpt>
   <trkpt lat="10.3139840" lon="123.8642750">
    <ele>107.1</ele>
    <time>2026-09-06T11:24:10Z</time>
   </trkpt>
   <trkpt lat="10.3139280" lon="123.8644060">
    <ele>103.3</ele>
    <time>2026-09-06T11:24:19Z</time>
   </trkpt>
   <trkpt lat="10.3139280" lon="123.8644700">
    <ele>101.6</ele>
    <time>2026-09-06T11:24:26Z</time>
   </trkpt>
   <trkpt lat="10.3139100" lon="123.8645170">
    <ele>100.3</ele>
    <time>2026-09-06T11:24:32Z</time>
   </trkpt>
   <trkpt lat="10.3139190" lon="123.8645410">
    <ele>99.6</ele>
    <time>2026-09-06T11:24:34Z</time>
   </trkpt>
   <trkpt lat="10.3138530" lon="123.8646500">
    <ele>96.0</ele>
    <time>2026-09-06T11:24:47Z</time>
   </trkpt>
   <trkpt lat="10.3138580" lon="123.8646840">
    <ele>95.1</ele>
    <time>2026-09-06T11:24:50Z</time>
   </trkpt>
   <trkpt lat="10.3138900" lon="123.8646830">
    <ele>94.2</ele>
    <time>2026-09-06T11:24:53Z</time>
   </trkpt>
   <trkpt lat="10.3138990" lon="123.8646970">
    <ele>93.8</ele>
    <time>2026-09-06T11:24:55Z</time>
   </trkpt>
   <trkpt lat="10.3138790" lon="123.8647250">
    <ele>93.1</ele>
    <time>2026-09-06T11:24:59Z</time>
   </trkpt>
   <trkpt lat="10.3138790" lon="123.8647550">
    <ele>92.7</ele>
    <time>2026-09-06T11:25:01Z</time>
   </trkpt>
   <trkpt lat="10.3138420" lon="123.8647810">
    <ele>92.2</ele>
    <time>2026-09-06T11:25:04Z</time>
   </trkpt>
   <trkpt lat="10.3138250" lon="123.8648360">
    <ele>91.9</ele>
    <time>2026-09-06T11:25:08Z</time>
   </trkpt>
   <trkpt lat="10.3138110" lon="123.8648160">
    <ele>91.9</ele>
    <time>2026-09-06T11:25:12Z</time>
   </trkpt>
   <trkpt lat="10.3138030" lon="123.8648260">
    <ele>91.9</ele>
    <time>2026-09-06T11:25:13Z</time>
   </trkpt>
   <trkpt lat="10.3138020" lon="123.8648640">
    <ele>92.0</ele>
    <time>2026-09-06T11:25:15Z</time>
   </trkpt>
   <trkpt lat="10.3138470" lon="123.8649670">
    <ele>92.7</ele>
    <time>2026-09-06T11:25:24Z</time>
   </trkpt>
   <trkpt lat="10.3139000" lon="123.8650380">
    <ele>93.3</ele>
    <time>2026-09-06T11:25:30Z</time>
   </trkpt>
   <trkpt lat="10.3138980" lon="123.8650860">
    <ele>93.6</ele>
    <time>2026-09-06T11:25:33Z</time>
   </trkpt>
   <trkpt lat="10.3139150" lon="123.8651100">
    <ele>93.8</ele>
    <time>2026-09-06T11:25:35Z</time>
   </trkpt>
   <trkpt lat="10.3140110" lon="123.8651510">
    <ele>94.7</ele>
    <time>2026-09-06T11:25:44Z</time>
   </trkpt>
   <trkpt lat="10.3140610" lon="123.8651480">
    <ele>95.4</ele>
    <time>2026-09-06T11:25:48Z</time>
   </trkpt>
   <trkpt lat="10.3141000" lon="123.8651830">
    <ele>96.3</ele>
    <time>2026-09-06T11:25:53Z</time>
   </trkpt>
   <trkpt lat="10.3140900" lon="123.8652440">
    <ele>97.6</ele>
    <time>2026-09-06T11:25:59Z</time>
   </trkpt>
   <trkpt lat="10.3140710" lon="123.8652680">
    <ele>98.3</ele>
    <time>2026-09-06T11:26:04Z</time>
   </trkpt>
   <trkpt lat="10.3140620" lon="123.8652560">
    <ele>98.8</ele>
    <time>2026-09-06T11:26:16Z</time>
   </trkpt>
   <trkpt lat="10.3140440" lon="123.8652640">
    <ele>99.2</ele>
    <time>2026-09-06T11:26:17Z</time>
   </trkpt>
   <trkpt lat="10.3140240" lon="123.8653220">
    <ele>100.7</ele>
    <time>2026-09-06T11:26:23Z</time>
   </trkpt>
   <trkpt lat="10.3140370" lon="123.8653580">
    <ele>101.5</ele>
    <time>2026-09-06T11:26:27Z</time>
   </trkpt>
   <trkpt lat="10.3141130" lon="123.8654110">
    <ele>103.3</ele>
    <time>2026-09-06T11:26:36Z</time>
   </trkpt>
   <trkpt lat="10.3142110" lon="123.8654240">
    <ele>104.6</ele>
    <time>2026-09-06T11:26:47Z</time>
   </trkpt>
   <trkpt lat="10.3142500" lon="123.8654610">
    <ele>105.1</ele>
    <time>2026-09-06T11:26:51Z</time>
   </trkpt>
   <trkpt lat="10.3142890" lon="123.8655460">
    <ele>106.0</ele>
    <time>2026-09-06T11:26:58Z</time>
   </trkpt>
   <trkpt lat="10.3143750" lon="123.8655830">
    <ele>107.0</ele>
    <time>2026-09-06T11:27:06Z</time>
   </trkpt>
   <trkpt lat="10.3144550" lon="123.8656990">
    <ele>108.7</ele>
    <time>2026-09-06T11:27:18Z</time>
   </trkpt>
   <trkpt lat="10.3144140" lon="123.8657800">
    <ele>109.6</ele>
    <time>2026-09-06T11:27:26Z</time>
   </trkpt>
   <trkpt lat="10.3144160" lon="123.8659170">
    <ele>110.1</ele>
    <time>2026-09-06T11:27:40Z</time>
   </trkpt>
   <trkpt lat="10.3143810" lon="123.8659520">
    <ele>110.1</ele>
    <time>2026-09-06T11:27:43Z</time>
   </trkpt>
   <trkpt lat="10.3143740" lon="123.8660210">
    <ele>110.0</ele>
    <time>2026-09-06T11:27:48Z</time>
   </trkpt>
   <trkpt lat="10.3143910" lon="123.8660850">
    <ele>109.9</ele>
    <time>2026-09-06T11:27:52Z</time>
   </trkpt>
   <trkpt lat="10.3144730" lon="123.8662360">
    <ele>109.5</ele>
    <time>2026-09-06T11:28:05Z</time>
   </trkpt>
   <trkpt lat="10.3145400" lon="123.8663140">
    <ele>108.7</ele>
    <time>2026-09-06T11:28:14Z</time>
   </trkpt>
   <trkpt lat="10.3145580" lon="123.8663560">
    <ele>108.2</ele>
    <time>2026-09-06T11:28:18Z</time>
   </trkpt>
   <trkpt lat="10.3145590" lon="123.8664150">
    <ele>107.6</ele>
    <time>2026-09-06T11:28:22Z</time>
   </trkpt>
   <trkpt lat="10.3145960" lon="123.8664720">
    <ele>107.3</ele>
    <time>2026-09-06T11:28:28Z</time>
   </trkpt>
   <trkpt lat="10.3146450" lon="123.8666220">
    <ele>109.1</ele>
    <time>2026-09-06T11:28:41Z</time>
   </trkpt>
   <trkpt lat="10.3146470" lon="123.8666630">
    <ele>109.4</ele>
    <time>2026-09-06T11:28:44Z</time>
   </trkpt>
   <trkpt lat="10.3146310" lon="123.8666870">
    <ele>109.5</ele>
    <time>2026-09-06T11:28:45Z</time>
   </trkpt>
   <trkpt lat="10.3145130" lon="123.8668130">
    <ele>109.6</ele>
    <time>2026-09-06T11:28:59Z</time>
   </trkpt>
   <trkpt lat="10.3142940" lon="123.8669270">
    <ele>109.9</ele>
    <time>2026-09-06T11:29:20Z</time>
   </trkpt>
   <trkpt lat="10.3141600" lon="123.8670260">
    <ele>110.0</ele>
    <time>2026-09-06T11:29:34Z</time>
   </trkpt>
   <trkpt lat="10.3140510" lon="123.8670820">
    <ele>109.7</ele>
    <time>2026-09-06T11:29:44Z</time>
   </trkpt>
   <trkpt lat="10.3139660" lon="123.8670970">
    <ele>109.4</ele>
    <time>2026-09-06T11:29:51Z</time>
   </trkpt>
   <trkpt lat="10.3138940" lon="123.8671540">
    <ele>109.0</ele>
    <time>2026-09-06T11:29:58Z</time>
   </trkpt>
   <trkpt lat="10.3138200" lon="123.8671750">
    <ele>108.6</ele>
    <time>2026-09-06T11:30:04Z</time>
   </trkpt>
   <trkpt lat="10.3135510" lon="123.8673030">
    <ele>105.9</ele>
    <time>2026-09-06T11:30:27Z</time>
   </trkpt>
   <trkpt lat="10.3135030" lon="123.8673580">
    <ele>105.1</ele>
    <time>2026-09-06T11:30:34Z</time>
   </trkpt>
   <trkpt lat="10.3134490" lon="123.8675260">
    <ele>103.2</ele>
    <time>2026-09-06T11:30:50Z</time>
   </trkpt>
   <trkpt lat="10.3134150" lon="123.8675500">
    <ele>102.6</ele>
    <time>2026-09-06T11:30:53Z</time>
   </trkpt>
   <trkpt lat="10.3133920" lon="123.8675980">
    <ele>101.7</ele>
    <time>2026-09-06T11:30:56Z</time>
   </trkpt>
   <trkpt lat="10.3133090" lon="123.8676910">
    <ele>99.6</ele>
    <time>2026-09-06T11:31:05Z</time>
   </trkpt>
   <trkpt lat="10.3131830" lon="123.8677950">
    <ele>96.8</ele>
    <time>2026-09-06T11:31:17Z</time>
   </trkpt>
   <trkpt lat="10.3130690" lon="123.8679130">
    <ele>93.7</ele>
    <time>2026-09-06T11:31:29Z</time>
   </trkpt>
   <trkpt lat="10.3130120" lon="123.8679580">
    <ele>92.4</ele>
    <time>2026-09-06T11:31:34Z</time>
   </trkpt>
   <trkpt lat="10.3129570" lon="123.8679800">
    <ele>91.3</ele>
    <time>2026-09-06T11:31:38Z</time>
   </trkpt>
   <trkpt lat="10.3129210" lon="123.8680360">
    <ele>90.0</ele>
    <time>2026-09-06T11:31:43Z</time>
   </trkpt>
   <trkpt lat="10.3128300" lon="123.8681220">
    <ele>87.5</ele>
    <time>2026-09-06T11:31:53Z</time>
   </trkpt>
   <trkpt lat="10.3126960" lon="123.8682110">
    <ele>84.6</ele>
    <time>2026-09-06T11:32:01Z</time>
   </trkpt>
   <trkpt lat="10.3126230" lon="123.8682790">
    <ele>82.6</ele>
    <time>2026-09-06T11:32:09Z</time>
   </trkpt>
   <trkpt lat="10.3125590" lon="123.8683100">
    <ele>81.4</ele>
    <time>2026-09-06T11:32:15Z</time>
   </trkpt>
   <trkpt lat="10.3124700" lon="123.8683300">
    <ele>79.8</ele>
    <time>2026-09-06T11:32:23Z</time>
   </trkpt>
   <trkpt lat="10.3123810" lon="123.8683310">
    <ele>78.3</ele>
    <time>2026-09-06T11:32:30Z</time>
   </trkpt>
   <trkpt lat="10.3122530" lon="123.8683780">
    <ele>75.7</ele>
    <time>2026-09-06T11:32:43Z</time>
   </trkpt>
   <trkpt lat="10.3122310" lon="123.8683720">
    <ele>75.2</ele>
    <time>2026-09-06T11:32:45Z</time>
   </trkpt>
   <trkpt lat="10.3122010" lon="123.8683960">
    <ele>74.5</ele>
    <time>2026-09-06T11:32:48Z</time>
   </trkpt>
   <trkpt lat="10.3121810" lon="123.8684410">
    <ele>73.5</ele>
    <time>2026-09-06T11:32:52Z</time>
   </trkpt>
   <trkpt lat="10.3120650" lon="123.8685390">
    <ele>70.9</ele>
    <time>2026-09-06T11:33:04Z</time>
   </trkpt>
   <trkpt lat="10.3120100" lon="123.8685500">
    <ele>70.0</ele>
    <time>2026-09-06T11:33:10Z</time>
   </trkpt>
   <trkpt lat="10.3119210" lon="123.8685950">
    <ele>68.5</ele>
    <time>2026-09-06T11:33:17Z</time>
   </trkpt>
   <trkpt lat="10.3118640" lon="123.8686020">
    <ele>67.7</ele>
    <time>2026-09-06T11:33:21Z</time>
   </trkpt>
   <trkpt lat="10.3118170" lon="123.8686410">
    <ele>66.9</ele>
    <time>2026-09-06T11:33:25Z</time>
   </trkpt>
   <trkpt lat="10.3117070" lon="123.8686690">
    <ele>65.5</ele>
    <time>2026-09-06T11:33:33Z</time>
   </trkpt>
   <trkpt lat="10.3116110" lon="123.8687180">
    <ele>64.1</ele>
    <time>2026-09-06T11:33:39Z</time>
   </trkpt>
   <trkpt lat="10.3115500" lon="123.8687300">
    <ele>63.3</ele>
    <time>2026-09-06T11:33:43Z</time>
   </trkpt>
   <trkpt lat="10.3114450" lon="123.8687250">
    <ele>62.0</ele>
    <time>2026-09-06T11:33:48Z</time>
   </trkpt>
   <trkpt lat="10.3112680" lon="123.8686760">
    <ele>59.8</ele>
    <time>2026-09-06T11:33:57Z</time>
   </trkpt>
   <trkpt lat="10.3112230" lon="123.8686920">
    <ele>59.3</ele>
    <time>2026-09-06T11:34:00Z</time>
   </trkpt>
   <trkpt lat="10.3111410" lon="123.8686450">
    <ele>58.5</ele>
    <time>2026-09-06T11:34:07Z</time>
   </trkpt>
   <trkpt lat="10.3110390" lon="123.8686100">
    <ele>57.9</ele>
    <time>2026-09-06T11:34:15Z</time>
   </trkpt>
   <trkpt lat="10.3109900" lon="123.8686140">
    <ele>57.6</ele>
    <time>2026-09-06T11:34:18Z</time>
   </trkpt>
   <trkpt lat="10.3108300" lon="123.8687090">
    <ele>55.9</ele>
    <time>2026-09-06T11:34:28Z</time>
   </trkpt>
   <trkpt lat="10.3107400" lon="123.8688270">
    <ele>53.5</ele>
    <time>2026-09-06T11:34:38Z</time>
   </trkpt>
   <trkpt lat="10.3105760" lon="123.8689020">
    <ele>50.9</ele>
    <time>2026-09-06T11:34:48Z</time>
   </trkpt>
   <trkpt lat="10.3105220" lon="123.8689590">
    <ele>50.6</ele>
    <time>2026-09-06T11:34:53Z</time>
   </trkpt>
   <trkpt lat="10.3105340" lon="123.8690810">
    <ele>50.3</ele>
    <time>2026-09-06T11:35:01Z</time>
   </trkpt>
   <trkpt lat="10.3104950" lon="123.8692740">
    <ele>49.5</ele>
    <time>2026-09-06T11:35:13Z</time>
   </trkpt>
   <trkpt lat="10.3105040" lon="123.8694690">
    <ele>48.1</ele>
    <time>2026-09-06T11:35:28Z</time>
   </trkpt>
   <trkpt lat="10.3104510" lon="123.8696250">
    <ele>46.8</ele>
    <time>2026-09-06T11:35:40Z</time>
   </trkpt>
   <trkpt lat="10.3103510" lon="123.8696880">
    <ele>46.4</ele>
    <time>2026-09-06T11:35:50Z</time>
   </trkpt>
   <trkpt lat="10.3101310" lon="123.8699460">
    <ele>44.7</ele>
    <time>2026-09-06T11:36:13Z</time>
   </trkpt>
   <trkpt lat="10.3100890" lon="123.8699670">
    <ele>44.4</ele>
    <time>2026-09-06T11:36:16Z</time>
   </trkpt>
   <trkpt lat="10.3100360" lon="123.8700250">
    <ele>44.0</ele>
    <time>2026-09-06T11:36:21Z</time>
   </trkpt>
   <trkpt lat="10.3099880" lon="123.8700370">
    <ele>43.8</ele>
    <time>2026-09-06T11:36:24Z</time>
   </trkpt>
   <trkpt lat="10.3099290" lon="123.8700800">
    <ele>43.4</ele>
    <time>2026-09-06T11:36:29Z</time>
   </trkpt>
   <trkpt lat="10.3097780" lon="123.8701500">
    <ele>42.6</ele>
    <time>2026-09-06T11:36:41Z</time>
   </trkpt>
   <trkpt lat="10.3092980" lon="123.8704290">
    <ele>40.4</ele>
    <time>2026-09-06T11:37:21Z</time>
   </trkpt>
   <trkpt lat="10.3089990" lon="123.8705170">
    <ele>40.5</ele>
    <time>2026-09-06T11:37:45Z</time>
   </trkpt>
   <trkpt lat="10.3089580" lon="123.8704880">
    <ele>40.7</ele>
    <time>2026-09-06T11:37:49Z</time>
   </trkpt>
   <trkpt lat="10.3089060" lon="123.8704930">
    <ele>40.9</ele>
    <time>2026-09-06T11:37:53Z</time>
   </trkpt>
   <trkpt lat="10.3088590" lon="123.8706860">
    <ele>42.0</ele>
    <time>2026-09-06T11:38:09Z</time>
   </trkpt>
   <trkpt lat="10.3087760" lon="123.8706940">
    <ele>42.4</ele>
    <time>2026-09-06T11:38:15Z</time>
   </trkpt>
   <trkpt lat="10.3087770" lon="123.8707690">
    <ele>42.6</ele>
    <time>2026-09-06T11:38:20Z</time>
   </trkpt>
   <trkpt lat="10.3087140" lon="123.8710790">
    <ele>42.4</ele>
    <time>2026-09-06T11:38:33Z</time>
   </trkpt>
   <trkpt lat="10.3087620" lon="123.8712640">
    <ele>41.9</ele>
    <time>2026-09-06T11:38:44Z</time>
   </trkpt>
   <trkpt lat="10.3088140" lon="123.8713970">
    <ele>41.6</ele>
    <time>2026-09-06T11:38:50Z</time>
   </trkpt>
   <trkpt lat="10.3088700" lon="123.8717040">
    <ele>40.8</ele>
    <time>2026-09-06T11:39:09Z</time>
   </trkpt>
   <trkpt lat="10.3089190" lon="123.8717340">
    <ele>40.8</ele>
    <time>2026-09-06T11:39:13Z</time>
   </trkpt>
   <trkpt lat="10.3090140" lon="123.8716840">
    <ele>40.7</ele>
    <time>2026-09-06T11:39:20Z</time>
   </trkpt>
   <trkpt lat="10.3090640" lon="123.8716920">
    <ele>40.7</ele>
    <time>2026-09-06T11:39:23Z</time>
   </trkpt>
   <trkpt lat="10.3091210" lon="123.8717750">
    <ele>40.3</ele>
    <time>2026-09-06T11:39:30Z</time>
   </trkpt>
   <trkpt lat="10.3093390" lon="123.8719580">
    <ele>39.1</ele>
    <time>2026-09-06T11:39:53Z</time>
   </trkpt>
   <trkpt lat="10.3093350" lon="123.8719970">
    <ele>38.9</ele>
    <time>2026-09-06T11:39:57Z</time>
   </trkpt>
   <trkpt lat="10.3093550" lon="123.8720150">
    <ele>38.8</ele>
    <time>2026-09-06T11:39:59Z</time>
   </trkpt>
   <trkpt lat="10.3093610" lon="123.8720460">
    <ele>38.6</ele>
    <time>2026-09-06T11:40:01Z</time>
   </trkpt>
   <trkpt lat="10.3093320" lon="123.8721990">
    <ele>38.0</ele>
    <time>2026-09-06T11:40:11Z</time>
   </trkpt>
   <trkpt lat="10.3093220" lon="123.8723710">
    <ele>37.1</ele>
    <time>2026-09-06T11:40:22Z</time>
   </trkpt>
   <trkpt lat="10.3093270" lon="123.8724990">
    <ele>36.4</ele>
    <time>2026-09-06T11:40:30Z</time>
   </trkpt>
   <trkpt lat="10.3093400" lon="123.8725330">
    <ele>36.2</ele>
    <time>2026-09-06T11:40:32Z</time>
   </trkpt>
   <trkpt lat="10.3092960" lon="123.8726670">
    <ele>35.3</ele>
    <time>2026-09-06T11:40:42Z</time>
   </trkpt>
   <trkpt lat="10.3092880" lon="123.8727630">
    <ele>34.7</ele>
    <time>2026-09-06T11:40:49Z</time>
   </trkpt>
   <trkpt lat="10.3092990" lon="123.8728070">
    <ele>34.5</ele>
    <time>2026-09-06T11:40:52Z</time>
   </trkpt>
   <trkpt lat="10.3092620" lon="123.8729050">
    <ele>33.9</ele>
    <time>2026-09-06T11:40:59Z</time>
   </trkpt>
   <trkpt lat="10.3092580" lon="123.8729740">
    <ele>33.4</ele>
    <time>2026-09-06T11:41:04Z</time>
   </trkpt>
   <trkpt lat="10.3092320" lon="123.8730260">
    <ele>33.1</ele>
    <time>2026-09-06T11:41:08Z</time>
   </trkpt>
   <trkpt lat="10.3092070" lon="123.8731510">
    <ele>32.3</ele>
    <time>2026-09-06T11:41:17Z</time>
   </trkpt>
   <trkpt lat="10.3091850" lon="123.8733770">
    <ele>31.0</ele>
    <time>2026-09-06T11:41:36Z</time>
   </trkpt>
   <trkpt lat="10.3091990" lon="123.8734290">
    <ele>30.9</ele>
    <time>2026-09-06T11:41:40Z</time>
   </trkpt>
   <trkpt lat="10.3091710" lon="123.8735730">
    <ele>30.6</ele>
    <time>2026-09-06T11:41:51Z</time>
   </trkpt>
   <trkpt lat="10.3091960" lon="123.8736150">
    <ele>30.3</ele>
    <time>2026-09-06T11:41:55Z</time>
   </trkpt>
   <trkpt lat="10.3091940" lon="123.8736640">
    <ele>30.1</ele>
    <time>2026-09-06T11:41:58Z</time>
   </trkpt>
   <trkpt lat="10.3092260" lon="123.8737900">
    <ele>29.3</ele>
    <time>2026-09-06T11:42:07Z</time>
   </trkpt>
   <trkpt lat="10.3092150" lon="123.8738750">
    <ele>28.8</ele>
    <time>2026-09-06T11:42:13Z</time>
   </trkpt>
   <trkpt lat="10.3092560" lon="123.8740100">
    <ele>27.9</ele>
    <time>2026-09-06T11:42:22Z</time>
   </trkpt>
   <trkpt lat="10.3092510" lon="123.8741040">
    <ele>27.4</ele>
    <time>2026-09-06T11:42:29Z</time>
   </trkpt>
   <trkpt lat="10.3092820" lon="123.8741860">
    <ele>27.1</ele>
    <time>2026-09-06T11:42:35Z</time>
   </trkpt>
   <trkpt lat="10.3092600" lon="123.8742610">
    <ele>26.8</ele>
    <time>2026-09-06T11:42:40Z</time>
   </trkpt>
   <trkpt lat="10.3092610" lon="123.8745140">
    <ele>25.9</ele>
    <time>2026-09-06T11:42:57Z</time>
   </trkpt>
   <trkpt lat="10.3092480" lon="123.8746030">
    <ele>25.6</ele>
    <time>2026-09-06T11:43:03Z</time>
   </trkpt>
   <trkpt lat="10.3092750" lon="123.8747660">
    <ele>25.2</ele>
    <time>2026-09-06T11:43:15Z</time>
   </trkpt>
   <trkpt lat="10.3092620" lon="123.8749680">
    <ele>25.0</ele>
    <time>2026-09-06T11:43:30Z</time>
   </trkpt>
   <trkpt lat="10.3092990" lon="123.8751010">
    <ele>25.0</ele>
    <time>2026-09-06T11:43:40Z</time>
   </trkpt>
   <trkpt lat="10.3092940" lon="123.8751810">
    <ele>25.1</ele>
    <time>2026-09-06T11:43:46Z</time>
   </trkpt>
   <trkpt lat="10.3093260" lon="123.8753000">
    <ele>25.4</ele>
    <time>2026-09-06T11:43:56Z</time>
   </trkpt>
   <trkpt lat="10.3094030" lon="123.8753750">
    <ele>25.8</ele>
    <time>2026-09-06T11:44:02Z</time>
   </trkpt>
   <trkpt lat="10.3094300" lon="123.8754290">
    <ele>26.2</ele>
    <time>2026-09-06T11:44:07Z</time>
   </trkpt>
   <trkpt lat="10.3094160" lon="123.8755150">
    <ele>26.8</ele>
    <time>2026-09-06T11:44:14Z</time>
   </trkpt>
   <trkpt lat="10.3094390" lon="123.8756350">
    <ele>27.7</ele>
    <time>2026-09-06T11:44:23Z</time>
   </trkpt>
   <trkpt lat="10.3093800" lon="123.8757280">
    <ele>28.1</ele>
    <time>2026-09-06T11:44:30Z</time>
   </trkpt>
   <trkpt lat="10.3093690" lon="123.8757690">
    <ele>28.3</ele>
    <time>2026-09-06T11:44:33Z</time>
   </trkpt>
   <trkpt lat="10.3093950" lon="123.8759070">
    <ele>29.4</ele>
    <time>2026-09-06T11:44:46Z</time>
   </trkpt>
  </trkseg>
 </trk>
</gpx>