<?xml version='1.0' encoding='UTF-8'?>
<gpx xmlns="http://www.topografix.com/GPX/1/1" xmlns:xsi="http://www.w3.org/2001/XMLSchema-instance" creator="StravaGPX" version="1.1" xsi:schemaLocation="http://www.topografix.com/GPX/1/1 http://www.topografix.com/GPX/1/1/gpx.xsd">
 <metadata>
  <time>2026-03-07T07:35:15Z</time>
 </metadata>
 <trk>
  <name>Spartan Trail</name>
  <type>hiking</type>
  <trkseg>
   <trkpt lat="10.3092430" lon="123.8749170">
    <ele>25.1</ele>
    <time>2026-03-07T07:35:15Z</time>
   </trkpt>
   <trkpt lat="10.3092850" lon="123.8750250">
    <ele>25.1</ele>
    <time>2026-03-07T07:35:17Z</time>
   </trkpt>
   <trkpt lat="10.3092330" lon="123.8749170">
    <ele>25.1</ele>
    <time>2026-03-07T07:35:23Z</time>
   </trkpt>
   <trkpt lat="10.3092530" lon="123.8747900">
    <ele>25.2</ele>
    <time>2026-03-07T07:35:34Z</time>
   </trkpt>
   <trkpt lat="10.3092070" lon="123.8746280">
    <ele>25.5</ele>
    <time>2026-03-07T07:35:52Z</time>
   </trkpt>
   <trkpt lat="10.3092200" lon="123.8745720">
    <ele>25.7</ele>
    <time>2026-03-07T07:35:57Z</time>
   </trkpt>
   <trkpt lat="10.3092040" lon="123.8745200">
    <ele>25.8</ele>
    <time>2026-03-07T07:36:03Z</time>
   </trkpt>
   <trkpt lat="10.3092300" lon="123.8744230">
    <ele>26.1</ele>
    <time>2026-03-07T07:36:11Z</time>
   </trkpt>
   <trkpt lat="10.3092210" lon="123.8743200">
    <ele>26.4</ele>
    <time>2026-03-07T07:36:21Z</time>
   </trkpt>
   <trkpt lat="10.3092440" lon="123.8742520">
    <ele>26.7</ele>
    <time>2026-03-07T07:36:27Z</time>
   </trkpt>
   <trkpt lat="10.3092210" lon="123.8742050">
    <ele>26.9</ele>
    <time>2026-03-07T07:36:33Z</time>
   </trkpt>
   <trkpt lat="10.3092100" lon="123.8740720">
    <ele>27.7</ele>
    <time>2026-03-07T07:36:45Z</time>
   </trkpt>
   <trkpt lat="10.3092460" lon="123.8739430">
    <ele>28.5</ele>
    <time>2026-03-07T07:36:57Z</time>
   </trkpt>
   <trkpt lat="10.3091930" lon="123.8737650">
    <ele>29.6</ele>
    <time>2026-03-07T07:37:14Z</time>
   </trkpt>
   <trkpt lat="10.3092000" lon="123.8736660">
    <ele>30.1</ele>
    <time>2026-03-07T07:37:24Z</time>
   </trkpt>
   <trkpt lat="10.3091810" lon="123.8735590">
    <ele>30.7</ele>
    <time>2026-03-07T07:37:36Z</time>
   </trkpt>
   <trkpt lat="10.3091470" lon="123.8734910">
    <ele>30.8</ele>
    <time>2026-03-07T07:37:43Z</time>
   </trkpt>
   <trkpt lat="10.3091270" lon="123.8733400">
    <ele>31.3</ele>
    <time>2026-03-07T07:37:58Z</time>
   </trkpt>
   <trkpt lat="10.3091520" lon="123.8732210">
    <ele>31.9</ele>
    <time>2026-03-07T07:38:08Z</time>
   </trkpt>
   <trkpt lat="10.3091470" lon="123.8730690">
    <ele>32.8</ele>
    <time>2026-03-07T07:38:25Z</time>
   </trkpt>
   <trkpt lat="10.3091860" lon="123.8729060">
    <ele>33.8</ele>
    <time>2026-03-07T07:38:39Z</time>
   </trkpt>
   <trkpt lat="10.3092220" lon="123.8728210">
    <ele>34.3</ele>
    <time>2026-03-07T07:38:47Z</time>
   </trkpt>
   <trkpt lat="10.3092110" lon="123.8727910">
    <ele>34.4</ele>
    <time>2026-03-07T07:38:51Z</time>
   </trkpt>
   <trkpt lat="10.3092270" lon="123.8726850">
    <ele>35.0</ele>
    <time>2026-03-07T07:39:05Z</time>
   </trkpt>
   <trkpt lat="10.3092920" lon="123.8726480">
    <ele>35.5</ele>
    <time>2026-03-07T07:39:12Z</time>
   </trkpt>
   <trkpt lat="10.3092830" lon="123.8725420">
    <ele>36.1</ele>
    <time>2026-03-07T07:39:23Z</time>
   </trkpt>
   <trkpt lat="10.3093090" lon="123.8724940">
    <ele>36.4</ele>
    <time>2026-03-07T07:39:28Z</time>
   </trkpt>
   <trkpt lat="10.3092810" lon="123.8723760">
    <ele>37.1</ele>
    <time>2026-03-07T07:39:39Z</time>
   </trkpt>
   <trkpt lat="10.3093320" lon="123.8721990">
    <ele>38.1</ele>
    <time>2026-03-07T07:39:57Z</time>
   </trkpt>
   <trkpt lat="10.3093390" lon="123.8720270">
    <ele>38.8</ele>
    <time>2026-03-07T07:40:13Z</time>
   </trkpt>
   <trkpt lat="10.3093270" lon="123.8719970">
    <ele>38.9</ele>
    <time>2026-03-07T07:40:18Z</time>
   </trkpt>
   <trkpt lat="10.3090600" lon="123.8717530">
    <ele>40.5</ele>
    <time>2026-03-07T07:40:54Z</time>
   </trkpt>
   <trkpt lat="10.3090420" lon="123.8717230">
    <ele>40.6</ele>
    <time>2026-03-07T07:40:58Z</time>
   </trkpt>
   <trkpt lat="10.3089960" lon="123.8715200">
    <ele>41.3</ele>
    <time>2026-03-07T07:41:16Z</time>
   </trkpt>
   <trkpt lat="10.3089560" lon="123.8714720">
    <ele>41.5</ele>
    <time>2026-03-07T07:41:22Z</time>
   </trkpt>
   <trkpt lat="10.3089120" lon="123.8713210">
    <ele>42.0</ele>
    <time>2026-03-07T07:41:38Z</time>
   </trkpt>
   <trkpt lat="10.3089240" lon="123.8711870">
    <ele>42.4</ele>
    <time>2026-03-07T07:41:52Z</time>
   </trkpt>
   <trkpt lat="10.3089040" lon="123.8711400">
    <ele>42.5</ele>
    <time>2026-03-07T07:41:57Z</time>
   </trkpt>
   <trkpt lat="10.3089040" lon="123.8710020">
    <ele>42.8</ele>
    <time>2026-03-07T07:42:10Z</time>
   </trkpt>
   <trkpt lat="10.3089250" lon="123.8709050">
    <ele>42.8</ele>
    <time>2026-03-07T07:42:18Z</time>
   </trkpt>
   <trkpt lat="10.3089810" lon="123.8707580">
    <ele>42.0</ele>
    <time>2026-03-07T07:42:33Z</time>
   </trkpt>
   <trkpt lat="10.3089610" lon="123.8706890">
    <ele>41.5</ele>
    <time>2026-03-07T07:42:40Z</time>
   </trkpt>
   <trkpt lat="10.3089640" lon="123.8706410">
    <ele>41.2</ele>
    <time>2026-03-07T07:42:45Z</time>
   </trkpt>
   <trkpt lat="10.3090120" lon="123.8705370">
    <ele>40.5</ele>
    <time>2026-03-07T07:42:54Z</time>
   </trkpt>
   <trkpt lat="10.3091870" lon="123.8704100">
    <ele>40.3</ele>
    <time>2026-03-07T07:43:11Z</time>
   </trkpt>
   <trkpt lat="10.3093050" lon="123.8703830">
    <ele>40.5</ele>
    <time>2026-03-07T07:43:23Z</time>
   </trkpt>
   <trkpt lat="10.3093560" lon="123.8703320">
    <ele>40.7</ele>
    <time>2026-03-07T07:43:29Z</time>
   </trkpt>
   <trkpt lat="10.3094760" lon="123.8702900">
    <ele>41.2</ele>
    <time>2026-03-07T07:43:40Z</time>
   </trkpt>
   <trkpt lat="10.3095880" lon="123.8702100">
    <ele>41.8</ele>
    <time>2026-03-07T07:43:53Z</time>
   </trkpt>
   <trkpt lat="10.3096360" lon="123.8702020">
    <ele>42.0</ele>
    <time>2026-03-07T07:43:58Z</time>
   </trkpt>
   <trkpt lat="10.3097300" lon="123.8701500">
    <ele>42.5</ele>
    <time>2026-03-07T07:44:06Z</time>
   </trkpt>
   <trkpt lat="10.3099350" lon="123.8699570">
    <ele>43.8</ele>
    <time>2026-03-07T07:44:31Z</time>
   </trkpt>
   <trkpt lat="10.3100570" lon="123.8698950">
    <ele>44.6</ele>
    <time>2026-03-07T07:44:43Z</time>
   </trkpt>
   <trkpt lat="10.3101320" lon="123.8698110">
    <ele>45.2</ele>
    <time>2026-03-07T07:44:53Z</time>
   </trkpt>
   <trkpt lat="10.3102230" lon="123.8697530">
    <ele>45.8</ele>
    <time>2026-03-07T07:45:01Z</time>
   </trkpt>
   <trkpt lat="10.3102960" lon="123.8696250">
    <ele>46.4</ele>
    <time>2026-03-07T07:45:14Z</time>
   </trkpt>
   <trkpt lat="10.3103800" lon="123.8695420">
    <ele>47.0</ele>
    <time>2026-03-07T07:45:25Z</time>
   </trkpt>
   <trkpt lat="10.3103760" lon="123.8694890">
    <ele>47.5</ele>
    <time>2026-03-07T07:45:30Z</time>
   </trkpt>
   <trkpt lat="10.3104400" lon="123.8694190">
    <ele>48.3</ele>
    <time>2026-03-07T07:45:38Z</time>
   </trkpt>
   <trkpt lat="10.3104730" lon="123.8693520">
    <ele>48.9</ele>
    <time>2026-03-07T07:45:44Z</time>
   </trkpt>
   <trkpt lat="10.3105080" lon="123.8692210">
    <ele>49.8</ele>
    <time>2026-03-07T07:45:57Z</time>
   </trkpt>
   <trkpt lat="10.3105050" lon="123.8691650">
    <ele>50.1</ele>
    <time>2026-03-07T07:46:01Z</time>
   </trkpt>
   <trkpt lat="10.3105560" lon="123.8690720">
    <ele>50.4</ele>
    <time>2026-03-07T07:46:09Z</time>
   </trkpt>
   <trkpt lat="10.3105660" lon="123.8688490">
    <ele>51.0</ele>
    <time>2026-03-07T07:46:26Z</time>
   </trkpt>
   <trkpt lat="10.3106820" lon="123.8687530">
    <ele>53.2</ele>
    <time>2026-03-07T07:46:43Z</time>
   </trkpt>
   <trkpt lat="10.3107590" lon="123.8687320">
    <ele>54.7</ele>
    <time>2026-03-07T07:46:54Z</time>
   </trkpt>
   <trkpt lat="10.3108880" lon="123.8686390">
    <ele>56.8</ele>
    <time>2026-03-07T07:47:09Z</time>
   </trkpt>
   <trkpt lat="10.3109790" lon="123.8686150">
    <ele>57.5</ele>
    <time>2026-03-07T07:47:19Z</time>
   </trkpt>
   <trkpt lat="10.3110440" lon="123.8686210">
    <ele>57.9</ele>
    <time>2026-03-07T07:47:24Z</time>
   </trkpt>
   <trkpt lat="10.3111090" lon="123.8686470">
    <ele>58.3</ele>
    <time>2026-03-07T07:47:30Z</time>
   </trkpt>
   <trkpt lat="10.3112780" lon="123.8686640">
    <ele>59.7</ele>
    <time>2026-03-07T07:47:46Z</time>
   </trkpt>
   <trkpt lat="10.3114090" lon="123.8687270">
    <ele>61.5</ele>
    <time>2026-03-07T07:48:00Z</time>
   </trkpt>
   <trkpt lat="10.3114890" lon="123.8686690">
    <ele>62.7</ele>
    <time>2026-03-07T07:48:08Z</time>
   </trkpt>
   <trkpt lat="10.3115950" lon="123.8686830">
    <ele>64.1</ele>
    <time>2026-03-07T07:48:18Z</time>
   </trkpt>
   <trkpt lat="10.3117540" lon="123.8686070">
    <ele>66.3</ele>
    <time>2026-03-07T07:48:33Z</time>
   </trkpt>
   <trkpt lat="10.3118160" lon="123.8686080">
    <ele>67.1</ele>
    <time>2026-03-07T07:48:41Z</time>
   </trkpt>
   <trkpt lat="10.3118360" lon="123.8685880">
    <ele>67.5</ele>
    <time>2026-03-07T07:48:45Z</time>
   </trkpt>
   <trkpt lat="10.3119470" lon="123.8685540">
    <ele>69.1</ele>
    <time>2026-03-07T07:48:57Z</time>
   </trkpt>
   <trkpt lat="10.3120170" lon="123.8684920">
    <ele>70.5</ele>
    <time>2026-03-07T07:49:06Z</time>
   </trkpt>
   <trkpt lat="10.3120630" lon="123.8684870">
    <ele>71.2</ele>
    <time>2026-03-07T07:49:10Z</time>
   </trkpt>
   <trkpt lat="10.3122160" lon="123.8683270">
    <ele>75.2</ele>
    <time>2026-03-07T07:49:38Z</time>
   </trkpt>
   <trkpt lat="10.3123000" lon="123.8683060">
    <ele>76.7</ele>
    <time>2026-03-07T07:49:46Z</time>
   </trkpt>
   <trkpt lat="10.3123220" lon="123.8682840">
    <ele>77.2</ele>
    <time>2026-03-07T07:49:51Z</time>
   </trkpt>
   <trkpt lat="10.3123860" lon="123.8682950">
    <ele>78.5</ele>
    <time>2026-03-07T07:50:05Z</time>
   </trkpt>
   <trkpt lat="10.3124510" lon="123.8682790">
    <ele>79.6</ele>
    <time>2026-03-07T07:50:12Z</time>
   </trkpt>
   <trkpt lat="10.3125240" lon="123.8683040">
    <ele>80.9</ele>
    <time>2026-03-07T07:50:22Z</time>
   </trkpt>
   <trkpt lat="10.3125940" lon="123.8682750">
    <ele>82.2</ele>
    <time>2026-03-07T07:50:32Z</time>
   </trkpt>
   <trkpt lat="10.3126730" lon="123.8681970">
    <ele>84.2</ele>
    <time>2026-03-07T07:50:47Z</time>
   </trkpt>
   <trkpt lat="10.3127380" lon="123.8681760">
    <ele>85.5</ele>
    <time>2026-03-07T07:51:01Z</time>
   </trkpt>
   <trkpt lat="10.3127710" lon="123.8681370">
    <ele>86.4</ele>
    <time>2026-03-07T07:51:08Z</time>
   </trkpt>
   <trkpt lat="10.3128320" lon="123.8681020">
    <ele>87.6</ele>
    <time>2026-03-07T07:51:16Z</time>
   </trkpt>
   <trkpt lat="10.3128710" lon="123.8681010">
    <ele>88.3</ele>
    <time>2026-03-07T07:51:22Z</time>
   </trkpt>
   <trkpt lat="10.3128980" lon="123.8680420">
    <ele>89.5</ele>
    <time>2026-03-07T07:51:30Z</time>
   </trkpt>
   <trkpt lat="10.3129860" lon="123.8679530">
    <ele>91.9</ele>
    <time>2026-03-07T07:51:45Z</time>
   </trkpt>
   <trkpt lat="10.3130230" lon="123.8678860">
    <ele>93.1</ele>
    <time>2026-03-07T07:51:53Z</time>
   </trkpt>
   <trkpt lat="10.3131100" lon="123.8678340">
    <ele>94.8</ele>
    <time>2026-03-07T07:52:06Z</time>
   </trkpt>
   <trkpt lat="10.3131470" lon="123.8677540">
    <ele>96.2</ele>
    <time>2026-03-07T07:52:15Z</time>
   </trkpt>
   <trkpt lat="10.3132690" lon="123.8676400">
    <ele>98.9</ele>
    <time>2026-03-07T07:52:37Z</time>
   </trkpt>
   <trkpt lat="10.3133540" lon="123.8675860">
    <ele>100.5</ele>
    <time>2026-03-07T07:52:50Z</time>
   </trkpt>
   <trkpt lat="10.3133650" lon="123.8675600">
    <ele>100.9</ele>
    <time>2026-03-07T07:52:53Z</time>
   </trkpt>
   <trkpt lat="10.3134470" lon="123.8675410">
    <ele>102.2</ele>
    <time>2026-03-07T07:53:04Z</time>
   </trkpt>
   <trkpt lat="10.3135740" lon="123.8674550">
    <ele>104.1</ele>
    <time>2026-03-07T07:53:22Z</time>
   </trkpt>
   <trkpt lat="10.3136330" lon="123.8674660">
    <ele>104.8</ele>
    <time>2026-03-07T07:53:28Z</time>
   </trkpt>
   <trkpt lat="10.3136630" lon="123.8674240">
    <ele>105.4</ele>
    <time>2026-03-07T07:53:35Z</time>
   </trkpt>
   <trkpt lat="10.3137100" lon="123.8674120">
    <ele>105.9</ele>
    <time>2026-03-07T07:53:42Z</time>
   </trkpt>
   <trkpt lat="10.3137490" lon="123.8673780">
    <ele>106.5</ele>
    <time>2026-03-07T07:53:47Z</time>
   </trkpt>
   <trkpt lat="10.3137920" lon="123.8673730">
    <ele>107.0</ele>
    <time>2026-03-07T07:53:53Z</time>
   </trkpt>
   <trkpt lat="10.3138390" lon="123.8673310">
    <ele>107.7</ele>
    <time>2026-03-07T07:54:07Z</time>
   </trkpt>
   <trkpt lat="10.3138530" lon="123.8673390">
    <ele>107.8</ele>
    <time>2026-03-07T07:54:13Z</time>
   </trkpt>
   <trkpt lat="10.3138450" lon="123.8673520">
    <ele>108.0</ele>
    <time>2026-03-07T07:54:21Z</time>
   </trkpt>
   <trkpt lat="10.3138570" lon="123.8672950">
    <ele>108.4</ele>
    <time>2026-03-07T07:54:34Z</time>
   </trkpt>
   <trkpt lat="10.3139170" lon="123.8672230">
    <ele>108.9</ele>
    <time>2026-03-07T07:54:42Z</time>
   </trkpt>
   <trkpt lat="10.3139910" lon="123.8670780">
    <ele>109.6</ele>
    <time>2026-03-07T07:54:58Z</time>
   </trkpt>
   <trkpt lat="10.3141900" lon="123.8669760">
    <ele>110.0</ele>
    <time>2026-03-07T07:55:19Z</time>
   </trkpt>
   <trkpt lat="10.3142260" lon="123.8669430">
    <ele>110.0</ele>
    <time>2026-03-07T07:55:24Z</time>
   </trkpt>
   <trkpt lat="10.3143210" lon="123.8669070">
    <ele>109.9</ele>
    <time>2026-03-07T07:55:34Z</time>
   </trkpt>
   <trkpt lat="10.3144680" lon="123.8667870">
    <ele>109.6</ele>
    <time>2026-03-07T07:55:52Z</time>
   </trkpt>
   <trkpt lat="10.3145500" lon="123.8666870">
    <ele>109.6</ele>
    <time>2026-03-07T07:56:03Z</time>
   </trkpt>
   <trkpt lat="10.3145920" lon="123.8666710">
    <ele>109.5</ele>
    <time>2026-03-07T07:56:07Z</time>
   </trkpt>
   <trkpt lat="10.3146070" lon="123.8666470">
    <ele>109.5</ele>
    <time>2026-03-07T07:56:10Z</time>
   </trkpt>
   <trkpt lat="10.3146220" lon="123.8665740">
    <ele>108.6</ele>
    <time>2026-03-07T07:56:20Z</time>
   </trkpt>
   <trkpt lat="10.3145890" lon="123.8665040">
    <ele>107.6</ele>
    <time>2026-03-07T07:56:26Z</time>
   </trkpt>
   <trkpt lat="10.3145790" lon="123.8664240">
    <ele>107.4</ele>
    <time>2026-03-07T07:56:32Z</time>
   </trkpt>
   <trkpt lat="10.3145340" lon="123.8663590">
    <ele>108.1</ele>
    <time>2026-03-07T07:56:40Z</time>
   </trkpt>
   <trkpt lat="10.3145120" lon="123.8662370">
    <ele>109.5</ele>
    <time>2026-03-07T07:56:53Z</time>
   </trkpt>
   <trkpt lat="10.3144830" lon="123.8661820">
    <ele>109.6</ele>
    <time>2026-03-07T07:56:59Z</time>
   </trkpt>
   <trkpt lat="10.3143910" lon="123.8661010">
    <ele>109.9</ele>
    <time>2026-03-07T07:57:11Z</time>
   </trkpt>
   <trkpt lat="10.3143590" lon="123.8660400">
    <ele>110.0</ele>
    <time>2026-03-07T07:57:17Z</time>
   </trkpt>
   <trkpt lat="10.3143670" lon="123.8659660">
    <ele>110.1</ele>
    <time>2026-03-07T07:57:26Z</time>
   </trkpt>
   <trkpt lat="10.3144370" lon="123.8658740">
    <ele>110.1</ele>
    <time>2026-03-07T07:57:37Z</time>
   </trkpt>
   <trkpt lat="10.3144310" lon="123.8657560">
    <ele>109.4</ele>
    <time>2026-03-07T07:57:48Z</time>
   </trkpt>
   <trkpt lat="10.3144520" lon="123.8657270">
    <ele>109.0</ele>
    <time>2026-03-07T07:57:54Z</time>
   </trkpt>
   <trkpt lat="10.3144500" lon="123.8656840">
    <ele>108.5</ele>
    <time>2026-03-07T07:58:01Z</time>
   </trkpt>
   <trkpt lat="10.3144220" lon="123.8656710">
    <ele>108.1</ele>
    <time>2026-03-07T07:58:05Z</time>
   </trkpt>
   <trkpt lat="10.3143920" lon="123.8655950">
    <ele>107.1</ele>
    <time>2026-03-07T07:58:14Z</time>
   </trkpt>
   <trkpt lat="10.3143260" lon="123.8655840">
    <ele>106.4</ele>
    <time>2026-03-07T07:58:19Z</time>
   </trkpt>
   <trkpt lat="10.3142480" lon="123.8655190">
    <ele>105.3</ele>
    <time>2026-03-07T07:58:28Z</time>
   </trkpt>
   <trkpt lat="10.3141520" lon="123.8653950">
    <ele>103.4</ele>
    <time>2026-03-07T07:58:46Z</time>
   </trkpt>
   <trkpt lat="10.3141120" lon="123.8653790">
    <ele>102.7</ele>
    <time>2026-03-07T07:58:53Z</time>
   </trkpt>
   <trkpt lat="10.3140710" lon="123.8654020">
    <ele>101.7</ele>
    <time>2026-03-07T07:59:11Z</time>
   </trkpt>
   <trkpt lat="10.3140050" lon="123.8652870">
    <ele>98.5</ele>
    <time>2026-03-07T07:59:29Z</time>
   </trkpt>
   <trkpt lat="10.3140290" lon="123.8652310">
    <ele>97.1</ele>
    <time>2026-03-07T07:59:37Z</time>
   </trkpt>
   <trkpt lat="10.3140710" lon="123.8651820">
    <ele>95.9</ele>
    <time>2026-03-07T07:59:45Z</time>
   </trkpt>
   <trkpt lat="10.3140660" lon="123.8651500">
    <ele>95.4</ele>
    <time>2026-03-07T07:59:49Z</time>
   </trkpt>
   <trkpt lat="10.3139860" lon="123.8651500">
    <ele>94.5</ele>
    <time>2026-03-07T07:59:58Z</time>
   </trkpt>
   <trkpt lat="10.3139250" lon="123.8651180">
    <ele>93.9</ele>
    <time>2026-03-07T08:00:08Z</time>
   </trkpt>
   <trkpt lat="10.3138790" lon="123.8650710">
    <ele>93.4</ele>
    <time>2026-03-07T08:00:14Z</time>
   </trkpt>
   <trkpt lat="10.3138230" lon="123.8649490">
    <ele>92.5</ele>
    <time>2026-03-07T08:00:29Z</time>
   </trkpt>
   <trkpt lat="10.3138180" lon="123.8648760">
    <ele>92.0</ele>
    <time>2026-03-07T08:00:36Z</time>
   </trkpt>
   <trkpt lat="10.3138310" lon="123.8648430">
    <ele>91.8</ele>
    <time>2026-03-07T08:00:40Z</time>
   </trkpt>
   <trkpt lat="10.3138170" lon="123.8648100">
    <ele>91.8</ele>
    <time>2026-03-07T08:00:46Z</time>
   </trkpt>
   <trkpt lat="10.3138730" lon="123.8646840">
    <ele>93.6</ele>
    <time>2026-03-07T08:02:36Z</time>
   </trkpt>
   <trkpt lat="10.3138190" lon="123.8646470">
    <ele>95.4</ele>
    <time>2026-03-07T08:02:46Z</time>
   </trkpt>
   <trkpt lat="10.3138440" lon="123.8646110">
    <ele>96.6</ele>
    <time>2026-03-07T08:02:53Z</time>
   </trkpt>
   <trkpt lat="10.3138420" lon="123.8645180">
    <ele>99.3</ele>
    <time>2026-03-07T08:03:08Z</time>
   </trkpt>
   <trkpt lat="10.3138880" lon="123.8644320">
    <ele>102.0</ele>
    <time>2026-03-07T08:03:31Z</time>
   </trkpt>
   <trkpt lat="10.3138850" lon="123.8643540">
    <ele>104.2</ele>
    <time>2026-03-07T08:03:49Z</time>
   </trkpt>
   <trkpt lat="10.3139020" lon="123.8642990">
    <ele>105.7</ele>
    <time>2026-03-07T08:03:57Z</time>
   </trkpt>
   <trkpt lat="10.3139400" lon="123.8642460">
    <ele>107.5</ele>
    <time>2026-03-07T08:04:08Z</time>
   </trkpt>
   <trkpt lat="10.3138820" lon="123.8642760">
    <ele>109.3</ele>
    <time>2026-03-07T08:04:17Z</time>
   </trkpt>
   <trkpt lat="10.3138730" lon="123.8642940">
    <ele>109.9</ele>
    <time>2026-03-07T08:04:21Z</time>
   </trkpt>
   <trkpt lat="10.3138350" lon="123.8642680">
    <ele>111.2</ele>
    <time>2026-03-07T08:04:31Z</time>
   </trkpt>
   <trkpt lat="10.3137340" lon="123.8642930">
    <ele>114.1</ele>
    <time>2026-03-07T08:04:49Z</time>
   </trkpt>
   <trkpt lat="10.3136640" lon="123.8642820">
    <ele>116.1</ele>
    <time>2026-03-07T08:05:03Z</time>
   </trkpt>
   <trkpt lat="10.3137000" lon="123.8642450">
    <ele>117.6</ele>
    <time>2026-03-07T08:06:57Z</time>
   </trkpt>
   <trkpt lat="10.3137700" lon="123.8641060">
    <ele>121.7</ele>
    <time>2026-03-07T08:07:34Z</time>
   </trkpt>
   <trkpt lat="10.3137390" lon="123.8640540">
    <ele>123.5</ele>
    <time>2026-03-07T08:07:41Z</time>
   </trkpt>
   <trkpt lat="10.3136490" lon="123.8640240">
    <ele>126.3</ele>
    <time>2026-03-07T08:07:51Z</time>
   </trkpt>
   <trkpt lat="10.3136450" lon="123.8639740">
    <ele>127.7</ele>
    <time>2026-03-07T08:07:56Z</time>
   </trkpt>
   <trkpt lat="10.3137330" lon="123.8638650">
    <ele>130.5</ele>
    <time>2026-03-07T08:08:14Z</time>
   </trkpt>
   <trkpt lat="10.3137250" lon="123.8638430">
    <ele>131.0</ele>
    <time>2026-03-07T08:08:22Z</time>
   </trkpt>
   <trkpt lat="10.3137460" lon="123.8638290">
    <ele>131.3</ele>
    <time>2026-03-07T08:10:36Z</time>
   </trkpt>
   <trkpt lat="10.3137700" lon="123.8636970">
    <ele>133.0</ele>
    <time>2026-03-07T08:10:50Z</time>
   </trkpt>
   <trkpt lat="10.3138130" lon="123.8636290">
    <ele>134.0</ele>
    <time>2026-03-07T08:10:59Z</time>
   </trkpt>
   <trkpt lat="10.3138220" lon="123.8635610">
    <ele>134.9</ele>
    <time>2026-03-07T08:11:08Z</time>
   </trkpt>
   <trkpt lat="10.3139920" lon="123.8633970">
    <ele>139.9</ele>
    <time>2026-03-07T08:11:39Z</time>
   </trkpt>
   <trkpt lat="10.3140140" lon="123.8633470">
    <ele>141.3</ele>
    <time>2026-03-07T08:11:48Z</time>
   </trkpt>
   <trkpt lat="10.3139970" lon="123.8633230">
    <ele>142.1</ele>
    <time>2026-03-07T08:12:00Z</time>
   </trkpt>
   <trkpt lat="10.3140150" lon="123.8633440">
    <ele>142.8</ele>
    <time>2026-03-07T08:12:40Z</time>
   </trkpt>
   <trkpt lat="10.3140640" lon="123.8633040">
    <ele>144.2</ele>
    <time>2026-03-07T08:12:47Z</time>
   </trkpt>
   <trkpt lat="10.3141040" lon="123.8632170">
    <ele>146.6</ele>
    <time>2026-03-07T08:12:59Z</time>
   </trkpt>
   <trkpt lat="10.3140850" lon="123.8631810">
    <ele>147.8</ele>
    <time>2026-03-07T08:13:09Z</time>
   </trkpt>
   <trkpt lat="10.3141030" lon="123.8631130">
    <ele>149.7</ele>
    <time>2026-03-07T08:13:19Z</time>
   </trkpt>
   <trkpt lat="10.3141730" lon="123.8630570">
    <ele>152.2</ele>
    <time>2026-03-07T08:13:31Z</time>
   </trkpt>
   <trkpt lat="10.3141920" lon="123.8629870">
    <ele>154.0</ele>
    <time>2026-03-07T08:13:41Z</time>
   </trkpt>
   <trkpt lat="10.3142380" lon="123.8629280">
    <ele>155.6</ele>
    <time>2026-03-07T08:13:51Z</time>
   </trkpt>
   <trkpt lat="10.3142350" lon="123.8628140">
    <ele>157.7</ele>
    <time>2026-03-07T08:14:07Z</time>
   </trkpt>
   <trkpt lat="10.3142040" lon="123.8626670">
    <ele>160.2</ele>
    <time>2026-03-07T08:14:26Z</time>
   </trkpt>
   <trkpt lat="10.3142040" lon="123.8625400">
    <ele>161.9</ele>
    <time>2026-03-07T08:14:41Z</time>
   </trkpt>
   <trkpt lat="10.3141410" lon="123.8624680">
    <ele>162.9</ele>
    <time>2026-03-07T08:14:51Z</time>
   </trkpt>
   <trkpt lat="10.3141260" lon="123.8623840">
    <ele>163.8</ele>
    <time>2026-03-07T08:15:02Z</time>
   </trkpt>
   <trkpt lat="10.3141340" lon="123.8623250">
    <ele>164.8</ele>
    <time>2026-03-07T08:15:10Z</time>
   </trkpt>
   <trkpt lat="10.3141150" lon="123.8622820">
    <ele>165.7</ele>
    <time>2026-03-07T08:15:18Z</time>
   </trkpt>
   <trkpt lat="10.3141260" lon="123.8622670">
    <ele>166.2</ele>
    <time>2026-03-07T08:15:23Z</time>
   </trkpt>
   <trkpt lat="10.3141030" lon="123.8622210">
    <ele>167.5</ele>
    <time>2026-03-07T08:15:38Z</time>
   </trkpt>
   <trkpt lat="10.3141230" lon="123.8620860">
    <ele>171.2</ele>
    <time>2026-03-07T08:15:59Z</time>
   </trkpt>
   <trkpt lat="10.3141520" lon="123.8620580">
    <ele>172.3</ele>
    <time>2026-03-07T08:16:47Z</time>
   </trkpt>
   <trkpt lat="10.3141500" lon="123.8620320">
    <ele>173.0</ele>
    <time>2026-03-07T08:16:56Z</time>
   </trkpt>
   <trkpt lat="10.3141420" lon="123.8620370">
    <ele>173.2</ele>
    <time>2026-03-07T08:16:59Z</time>
   </trkpt>
   <trkpt lat="10.3141380" lon="123.8620900">
    <ele>173.9</ele>
    <time>2026-03-07T08:17:08Z</time>
   </trkpt>
   <trkpt lat="10.3141040" lon="123.8621320">
    <ele>174.7</ele>
    <time>2026-03-07T08:18:04Z</time>
   </trkpt>
   <trkpt lat="10.3141240" lon="123.8621080">
    <ele>175.2</ele>
    <time>2026-03-07T08:20:37Z</time>
   </trkpt>
   <trkpt lat="10.3141680" lon="123.8620920">
    <ele>175.8</ele>
    <time>2026-03-07T08:20:40Z</time>
   </trkpt>
   <trkpt lat="10.3143050" lon="123.8621060">
    <ele>178.0</ele>
    <time>2026-03-07T08:20:53Z</time>
   </trkpt>
   <trkpt lat="10.3143630" lon="123.8620940">
    <ele>179.0</ele>
    <time>2026-03-07T08:20:59Z</time>
   </trkpt>
   <trkpt lat="10.3143900" lon="123.8620710">
    <ele>179.6</ele>
    <time>2026-03-07T08:21:05Z</time>
   </trkpt>
   <trkpt lat="10.3144690" lon="123.8620650">
    <ele>180.9</ele>
    <time>2026-03-07T08:21:16Z</time>
   </trkpt>
   <trkpt lat="10.3145540" lon="123.8620170">
    <ele>182.7</ele>
    <time>2026-03-07T08:21:27Z</time>
   </trkpt>
   <trkpt lat="10.3146550" lon="123.8620020">
    <ele>184.9</ele>
    <time>2026-03-07T08:21:41Z</time>
   </trkpt>
   <trkpt lat="10.3147000" lon="123.8620190">
    <ele>185.9</ele>
    <time>2026-03-07T08:21:49Z</time>
   </trkpt>
   <trkpt lat="10.3147500" lon="123.8620140">
    <ele>187.0</ele>
    <time>2026-03-07T08:21:55Z</time>
   </trkpt>
   <trkpt lat="10.3147680" lon="123.8620350">
    <ele>187.7</ele>
    <time>2026-03-07T08:21:59Z</time>
   </trkpt>
   <trkpt lat="10.3148610" lon="123.8620000">
    <ele>189.8</ele>
    <time>2026-03-07T08:22:14Z</time>
   </trkpt>
   <trkpt lat="10.3149350" lon="123.8620220">
    <ele>191.2</ele>
    <time>2026-03-07T08:22:29Z</time>
   </trkpt>
   <trkpt lat="10.3149680" lon="123.8620510">
    <ele>191.8</ele>
    <time>2026-03-07T08:22:34Z</time>
   </trkpt>
   <trkpt lat="10.3150520" lon="123.8620630">
    <ele>193.0</ele>
    <time>2026-03-07T08:22:44Z</time>
   </trkpt>
   <trkpt lat="10.3151980" lon="123.8620350">
    <ele>195.3</ele>
    <time>2026-03-07T08:23:05Z</time>
   </trkpt>
   <trkpt lat="10.3152620" lon="123.8620010">
    <ele>196.5</ele>
    <time>2026-03-07T08:23:13Z</time>
   </trkpt>
   <trkpt lat="10.3153150" lon="123.8620040">
    <ele>197.6</ele>
    <time>2026-03-07T08:23:23Z</time>
   </trkpt>
   <trkpt lat="10.3154510" lon="123.8619510">
    <ele>200.0</ele>
    <time>2026-03-07T08:23:41Z</time>
   </trkpt>
   <trkpt lat="10.3154720" lon="123.8619320">
    <ele>200.4</ele>
    <time>2026-03-07T08:23:47Z</time>
   </trkpt>
   <trkpt lat="10.3154850" lon="123.8618660">
    <ele>201.2</ele>
    <time>2026-03-07T08:23:55Z</time>
   </trkpt>
   <trkpt lat="10.3155570" lon="123.8617440">
    <ele>203.1</ele>
    <time>2026-03-07T08:24:10Z</time>
   </trkpt>
   <trkpt lat="10.3156080" lon="123.8617160">
    <ele>204.0</ele>
    <time>2026-03-07T08:24:18Z</time>
   </trkpt>
   <trkpt lat="10.3156630" lon="123.8617130">
    <ele>205.0</ele>
    <time>2026-03-07T08:24:26Z</time>
   </trkpt>
   <trkpt lat="10.3158020" lon="123.8616440">
    <ele>208.2</ele>
    <time>2026-03-07T08:26:40Z</time>
   </trkpt>
   <trkpt lat="10.3158590" lon="123.8615780">
    <ele>210.3</ele>
    <time>2026-03-07T08:26:50Z</time>
   </trkpt>
   <trkpt lat="10.3158810" lon="123.8615210">
    <ele>212.0</ele>
    <time>2026-03-07T08:27:04Z</time>
   </trkpt>
   <trkpt lat="10.3159010" lon="123.8615080">
    <ele>212.7</ele>
    <time>2026-03-07T08:27:08Z</time>
   </trkpt>
   <trkpt lat="10.3159860" lon="123.8615130">
    <ele>215.5</ele>
    <time>2026-03-07T08:27:20Z</time>
   </trkpt>
   <trkpt lat="10.3160240" lon="123.8614970">
    <ele>216.8</ele>
    <time>2026-03-07T08:27:27Z</time>
   </trkpt>
   <trkpt lat="10.3160180" lon="123.8615070">
    <ele>217.3</ele>
    <time>2026-03-07T08:27:34Z</time>
   </trkpt>
   <trkpt lat="10.3160420" lon="123.8614750">
    <ele>218.7</ele>
    <time>2026-03-07T08:28:48Z</time>
   </trkpt>
   <trkpt lat="10.3161250" lon="123.8614580">
    <ele>221.6</ele>
    <time>2026-03-07T08:29:06Z</time>
   </trkpt>
   <trkpt lat="10.3161650" lon="123.8614250">
    <ele>223.5</ele>
    <time>2026-03-07T08:29:16Z</time>
   </trkpt>
   <trkpt lat="10.3162290" lon="123.8614170">
    <ele>225.9</ele>
    <time>2026-03-07T08:29:35Z</time>
   </trkpt>
   <trkpt lat="10.3162490" lon="123.8613750">
    <ele>227.7</ele>
    <time>2026-03-07T08:29:48Z</time>
   </trkpt>
   <trkpt lat="10.3163170" lon="123.8613220">
    <ele>230.8</ele>
    <time>2026-03-07T08:30:20Z</time>
   </trkpt>
   <trkpt lat="10.3163170" lon="123.8613050">
    <ele>231.5</ele>
    <time>2026-03-07T08:30:25Z</time>
   </trkpt>
   <trkpt lat="10.3163520" lon="123.8612970">
    <ele>232.9</ele>
    <time>2026-03-07T08:30:34Z</time>
   </trkpt>
   <trkpt lat="10.3164030" lon="123.8612570">
    <ele>235.2</ele>
    <time>2026-03-07T08:30:46Z</time>
   </trkpt>
   <trkpt lat="10.3164240" lon="123.8612100">
    <ele>237.0</ele>
    <time>2026-03-07T08:30:57Z</time>
   </trkpt>
   <trkpt lat="10.3164780" lon="123.8611610">
    <ele>239.5</ele>
    <time>2026-03-07T08:31:09Z</time>
   </trkpt>
   <trkpt lat="10.3165830" lon="123.8610970">
    <ele>244.4</ele>
    <time>2026-03-07T08:31:42Z</time>
   </trkpt>
   <trkpt lat="10.3166260" lon="123.8611090">
    <ele>246.5</ele>
    <time>2026-03-07T08:33:15Z</time>
   </trkpt>
   <trkpt lat="10.3166880" lon="123.8610690">
    <ele>249.4</ele>
    <time>2026-03-07T08:33:40Z</time>
   </trkpt>
   <trkpt lat="10.3168470" lon="123.8611080">
    <ele>255.0</ele>
    <time>2026-03-07T08:34:28Z</time>
   </trkpt>
   <trkpt lat="10.3168860" lon="123.8611440">
    <ele>256.6</ele>
    <time>2026-03-07T08:34:39Z</time>
   </trkpt>
   <trkpt lat="10.3169240" lon="123.8611400">
    <ele>257.7</ele>
    <time>2026-03-07T08:34:47Z</time>
   </trkpt>
   <trkpt lat="10.3169630" lon="123.8611840">
    <ele>259.3</ele>
    <time>2026-03-07T08:34:59Z</time>
   </trkpt>
   <trkpt lat="10.3170410" lon="123.8612130">
    <ele>261.5</ele>
    <time>2026-03-07T08:35:27Z</time>
   </trkpt>
   <trkpt lat="10.3171370" lon="123.8612290">
    <ele>264.1</ele>
    <time>2026-03-07T08:35:50Z</time>
   </trkpt>
   <trkpt lat="10.3171950" lon="123.8612200">
    <ele>265.5</ele>
    <time>2026-03-07T08:36:00Z</time>
   </trkpt>
   <trkpt lat="10.3172730" lon="123.8612600">
    <ele>268.0</ele>
    <time>2026-03-07T08:36:15Z</time>
   </trkpt>
   <trkpt lat="10.3173170" lon="123.8612630">
    <ele>269.5</ele>
    <time>2026-03-07T08:36:27Z</time>
   </trkpt>
   <trkpt lat="10.3173570" lon="123.8612910">
    <ele>271.1</ele>
    <time>2026-03-07T08:36:35Z</time>
   </trkpt>
   <trkpt lat="10.3173740" lon="123.8612810">
    <ele>271.7</ele>
    <time>2026-03-07T08:36:40Z</time>
   </trkpt>
   <trkpt lat="10.3174120" lon="123.8612850">
    <ele>273.1</ele>
    <time>2026-03-07T08:36:49Z</time>
   </trkpt>
   <trkpt lat="10.3174150" lon="123.8612970">
    <ele>273.5</ele>
    <time>2026-03-07T08:36:53Z</time>
   </trkpt>
   <trkpt lat="10.3174600" lon="123.8612370">
    <ele>276.2</ele>
    <time>2026-03-07T08:37:22Z</time>
   </trkpt>
   <trkpt lat="10.3174530" lon="123.8611930">
    <ele>277.9</ele>
    <time>2026-03-07T08:37:32Z</time>
   </trkpt>
   <trkpt lat="10.3174930" lon="123.8611050">
    <ele>281.3</ele>
    <time>2026-03-07T08:37:50Z</time>
   </trkpt>
   <trkpt lat="10.3174930" lon="123.8610570">
    <ele>283.2</ele>
    <time>2026-03-07T08:38:01Z</time>
   </trkpt>
   <trkpt lat="10.3175710" lon="123.8609990">
    <ele>287.8</ele>
    <time>2026-03-07T08:38:33Z</time>
   </trkpt>
   <trkpt lat="10.3175650" lon="123.8609760">
    <ele>288.6</ele>
    <time>2026-03-07T08:38:39Z</time>
   </trkpt>
   <trkpt lat="10.3176240" lon="123.8608400">
    <ele>293.2</ele>
    <time>2026-03-07T08:39:02Z</time>
   </trkpt>
   <trkpt lat="10.3176020" lon="123.8608350">
    <ele>293.9</ele>
    <time>2026-03-07T08:39:10Z</time>
   </trkpt>
   <trkpt lat="10.3176280" lon="123.8607280">
    <ele>297.1</ele>
    <time>2026-03-07T08:40:11Z</time>
   </trkpt>
   <trkpt lat="10.3177830" lon="123.8605740">
    <ele>303.0</ele>
    <time>2026-03-07T08:40:49Z</time>
   </trkpt>
   <trkpt lat="10.3178140" lon="123.8604950">
    <ele>304.7</ele>
    <time>2026-03-07T08:41:02Z</time>
   </trkpt>
   <trkpt lat="10.3179270" lon="123.8604150">
    <ele>306.7</ele>
    <time>2026-03-07T08:41:18Z</time>
   </trkpt>
   <trkpt lat="10.3179360" lon="123.8603660">
    <ele>307.2</ele>
    <time>2026-03-07T08:41:25Z</time>
   </trkpt>
   <trkpt lat="10.3180250" lon="123.8602800">
    <ele>308.2</ele>
    <time>2026-03-07T08:41:39Z</time>
   </trkpt>
   <trkpt lat="10.3180250" lon="123.8602450">
    <ele>308.3</ele>
    <time>2026-03-07T08:41:45Z</time>
   </trkpt>
   <trkpt lat="10.3180890" lon="123.8602000">
    <ele>308.5</ele>
    <time>2026-03-07T08:41:51Z</time>
   </trkpt>
   <trkpt lat="10.3182280" lon="123.8600370">
    <ele>308.6</ele>
    <time>2026-03-07T08:42:09Z</time>
   </trkpt>
   <trkpt lat="10.3182670" lon="123.8600040">
    <ele>308.7</ele>
    <time>2026-03-07T08:42:14Z</time>
   </trkpt>
   <trkpt lat="10.3183020" lon="123.8600050">
    <ele>308.7</ele>
    <time>2026-03-07T08:42:18Z</time>
   </trkpt>
   <trkpt lat="10.3183410" lon="123.8599750">
    <ele>308.8</ele>
    <time>2026-03-07T08:42:23Z</time>
   </trkpt>
   <trkpt lat="10.3184160" lon="123.8598620">
    <ele>309.1</ele>
    <time>2026-03-07T08:42:36Z</time>
   </trkpt>
   <trkpt lat="10.3186030" lon="123.8597020">
    <ele>311.6</ele>
    <time>2026-03-07T08:43:00Z</time>
   </trkpt>
   <trkpt lat="10.3186210" lon="123.8596600">
    <ele>312.1</ele>
    <time>2026-03-07T08:43:04Z</time>
   </trkpt>
   <trkpt lat="10.3186220" lon="123.8596480">
    <ele>312.0</ele>
    <time>2026-03-07T08:43:06Z</time>
   </trkpt>
   <trkpt lat="10.3186080" lon="123.8596500">
    <ele>311.9</ele>
    <time>2026-03-07T08:43:10Z</time>
   </trkpt>
   <trkpt lat="10.3186180" lon="123.8596060">
    <ele>311.7</ele>
    <time>2026-03-07T08:43:18Z</time>
   </trkpt>
   <trkpt lat="10.3186720" lon="123.8595030">
    <ele>310.9</ele>
    <time>2026-03-07T08:43:29Z</time>
   </trkpt>
   <trkpt lat="10.3186890" lon="123.8594070">
    <ele>310.2</ele>
    <time>2026-03-07T08:43:39Z</time>
   </trkpt>
   <trkpt lat="10.3187180" lon="123.8593900">
    <ele>309.9</ele>
    <time>2026-03-07T08:43:44Z</time>
   </trkpt>
   <trkpt lat="10.3187060" lon="123.8593750">
    <ele>309.6</ele>
    <time>2026-03-07T08:43:50Z</time>
   </trkpt>
   <trkpt lat="10.3187300" lon="123.8592940">
    <ele>308.5</ele>
    <time>2026-03-07T08:44:02Z</time>
   </trkpt>
   <trkpt lat="10.3187210" lon="123.8592430">
    <ele>307.7</ele>
    <time>2026-03-07T08:44:08Z</time>
   </trkpt>
   <trkpt lat="10.3187330" lon="123.8591500">
    <ele>306.3</ele>
    <time>2026-03-07T08:44:18Z</time>
   </trkpt>
   <trkpt lat="10.3187090" lon="123.8591140">
    <ele>305.7</ele>
    <time>2026-03-07T08:44:22Z</time>
   </trkpt>
   <trkpt lat="10.3187070" lon="123.8590650">
    <ele>305.2</ele>
    <time>2026-03-07T08:44:26Z</time>
   </trkpt>
   <trkpt lat="10.3187120" lon="123.8590860">
    <ele>305.0</ele>
    <time>2026-03-07T08:44:30Z</time>
   </trkpt>
   <trkpt lat="10.3187150" lon="123.8590640">
    <ele>304.9</ele>
    <time>2026-03-07T08:44:33Z</time>
   </trkpt>
   <trkpt lat="10.3187650" lon="123.8590180">
    <ele>305.1</ele>
    <time>2026-03-07T08:44:41Z</time>
   </trkpt>
   <trkpt lat="10.3188010" lon="123.8589080">
    <ele>306.4</ele>
    <time>2026-03-07T08:44:55Z</time>
   </trkpt>
   <trkpt lat="10.3188510" lon="123.8588270">
    <ele>307.9</ele>
    <time>2026-03-07T08:45:05Z</time>
   </trkpt>
   <trkpt lat="10.3188500" lon="123.8587730">
    <ele>308.8</ele>
    <time>2026-03-07T08:45:12Z</time>
   </trkpt>
   <trkpt lat="10.3189480" lon="123.8586360">
    <ele>311.6</ele>
    <time>2026-03-07T08:45:30Z</time>
   </trkpt>
   <trkpt lat="10.3189840" lon="123.8586160">
    <ele>312.2</ele>
    <time>2026-03-07T08:45:35Z</time>
   </trkpt>
   <trkpt lat="10.3190590" lon="123.8585310">
    <ele>313.9</ele>
    <time>2026-03-07T08:45:47Z</time>
   </trkpt>
   <trkpt lat="10.3191900" lon="123.8584460">
    <ele>316.7</ele>
    <time>2026-03-07T08:46:05Z</time>
   </trkpt>
   <trkpt lat="10.3191570" lon="123.8583600">
    <ele>316.3</ele>
    <time>2026-03-07T08:46:17Z</time>
   </trkpt>
   <trkpt lat="10.3190960" lon="123.8583100">
    <ele>314.7</ele>
    <time>2026-03-07T08:46:30Z</time>
   </trkpt>
   <trkpt lat="10.3190870" lon="123.8583160">
    <ele>314.2</ele>
    <time>2026-03-07T08:46:37Z</time>
   </trkpt>
   <trkpt lat="10.3190600" lon="123.8582580">
    <ele>312.4</ele>
    <time>2026-03-07T08:46:53Z</time>
   </trkpt>
   <trkpt lat="10.3189930" lon="123.8582230">
    <ele>310.3</ele>
    <time>2026-03-07T08:47:03Z</time>
   </trkpt>
   <trkpt lat="10.3189480" lon="123.8581680">
    <ele>308.4</ele>
    <time>2026-03-07T08:47:12Z</time>
   </trkpt>
   <trkpt lat="10.3188530" lon="123.8581180">
    <ele>305.8</ele>
    <time>2026-03-07T08:47:26Z</time>
   </trkpt>
   <trkpt lat="10.3187930" lon="123.8580290">
    <ele>305.1</ele>
    <time>2026-03-07T08:47:36Z</time>
   </trkpt>
   <trkpt lat="10.3187320" lon="123.8580050">
    <ele>305.1</ele>
    <time>2026-03-07T08:47:45Z</time>
   </trkpt>
   <trkpt lat="10.3186990" lon="123.8580250">
    <ele>305.2</ele>
    <time>2026-03-07T08:47:50Z</time>
   </trkpt>
   <trkpt lat="10.3186700" lon="123.8580120">
    <ele>305.2</ele>
    <time>2026-03-07T08:47:54Z</time>
   </trkpt>
   <trkpt lat="10.3186500" lon="123.8579720">
    <ele>305.2</ele>
    <time>2026-03-07T08:48:05Z</time>
   </trkpt>
   <trkpt lat="10.3187490" lon="123.8579910">
    <ele>305.3</ele>
    <time>2026-03-07T08:48:42Z</time>
   </trkpt>
   <trkpt lat="10.3187730" lon="123.8580180">
    <ele>305.3</ele>
    <time>2026-03-07T08:48:49Z</time>
   </trkpt>
   <trkpt lat="10.3188110" lon="123.8579740">
    <ele>305.3</ele>
    <time>2026-03-07T08:49:17Z</time>
   </trkpt>
   <trkpt lat="10.3187730" lon="123.8579940">
    <ele>305.3</ele>
    <time>2026-03-07T08:49:38Z</time>
   </trkpt>
   <trkpt lat="10.3186730" lon="123.8580100">
    <ele>305.4</ele>
    <time>2026-03-07T08:49:46Z</time>
   </trkpt>
   <trkpt lat="10.3186510" lon="123.8580050">
    <ele>305.4</ele>
    <time>2026-03-07T08:49:51Z</time>
   </trkpt>
   <trkpt lat="10.3186770" lon="123.8579700">
    <ele>305.4</ele>
    <time>2026-03-07T08:51:50Z</time>
   </trkpt>
   <trkpt lat="10.3186760" lon="123.8579840">
    <ele>305.4</ele>
    <time>2026-03-07T08:52:20Z</time>
   </trkpt>
   <trkpt lat="10.3186550" lon="123.8579750">
    <ele>305.4</ele>
    <time>2026-03-07T08:53:15Z</time>
   </trkpt>
   <trkpt lat="10.3186210" lon="123.8580050">
    <ele>305.5</ele>
    <time>2026-03-07T08:56:03Z</time>
   </trkpt>
   <trkpt lat="10.3186420" lon="123.8579700">
    <ele>305.5</ele>
    <time>2026-03-07T08:56:16Z</time>
   </trkpt>
   <trkpt lat="10.3186450" lon="123.8579800">
    <ele>305.5</ele>
    <time>2026-03-07T08:56:22Z</time>
   </trkpt>
   <trkpt lat="10.3186670" lon="123.8579580">
    <ele>305.5</ele>
    <time>2026-03-07T08:56:39Z</time>
   </trkpt>
   <trkpt lat="10.3186670" lon="123.8580070">
    <ele>305.5</ele>
    <time>2026-03-07T08:57:35Z</time>
   </trkpt>
   <trkpt lat="10.3187010" lon="123.8580270">
    <ele>305.5</ele>
    <time>2026-03-07T08:57:44Z</time>
   </trkpt>
   <trkpt lat="10.3187090" lon="123.8580140">
    <ele>305.5</ele>
    <time>2026-03-07T08:57:55Z</time>
   </trkpt>
   <trkpt lat="10.3188180" lon="123.8580070">
    <ele>305.6</ele>
    <time>2026-03-07T08:58:13Z</time>
   </trkpt>
   <trkpt lat="10.3189080" lon="123.8579730">
    <ele>305.6</ele>
    <time>2026-03-07T08:58:25Z</time>
   </trkpt>
   <trkpt lat="10.3189670" lon="123.8579710">
    <ele>305.6</ele>
    <time>2026-03-07T08:58:30Z</time>
   </trkpt>
   <trkpt lat="10.3190220" lon="123.8579910">
    <ele>305.6</ele>
    <time>2026-03-07T08:58:36Z</time>
   </trkpt>
   <trkpt lat="10.3190990" lon="123.8579630">
    <ele>305.6</ele>
    <time>2026-03-07T08:58:49Z</time>
   </trkpt>
   <trkpt lat="10.3192390" lon="123.8580080">
    <ele>302.4</ele>
    <time>2026-03-07T08:59:15Z</time>
   </trkpt>
   <trkpt lat="10.3193080" lon="123.8580020">
    <ele>300.5</ele>
    <time>2026-03-07T08:59:26Z</time>
   </trkpt>
   <trkpt lat="10.3193420" lon="123.8580160">
    <ele>299.4</ele>
    <time>2026-03-07T08:59:33Z</time>
   </trkpt>
   <trkpt lat="10.3193600" lon="123.8579930">
    <ele>298.5</ele>
    <time>2026-03-07T08:59:38Z</time>
   </trkpt>
   <trkpt lat="10.3193470" lon="123.8579620">
    <ele>297.3</ele>
    <time>2026-03-07T08:59:47Z</time>
   </trkpt>
   <trkpt lat="10.3194290" lon="123.8578170">
    <ele>291.8</ele>
    <time>2026-03-07T09:00:08Z</time>
   </trkpt>
   <trkpt lat="10.3194140" lon="123.8577720">
    <ele>290.3</ele>
    <time>2026-03-07T09:00:16Z</time>
   </trkpt>
   <trkpt lat="10.3194330" lon="123.8576430">
    <ele>286.1</ele>
    <time>2026-03-07T09:00:35Z</time>
   </trkpt>
   <trkpt lat="10.3195290" lon="123.8574520">
    <ele>278.7</ele>
    <time>2026-03-07T09:01:04Z</time>
   </trkpt>
   <trkpt lat="10.3195310" lon="123.8574120">
    <ele>277.3</ele>
    <time>2026-03-07T09:01:10Z</time>
   </trkpt>
   <trkpt lat="10.3195790" lon="123.8573220">
    <ele>274.2</ele>
    <time>2026-03-07T09:01:23Z</time>
   </trkpt>
   <trkpt lat="10.3196190" lon="123.8572930">
    <ele>272.9</ele>
    <time>2026-03-07T09:01:29Z</time>
   </trkpt>
   <trkpt lat="10.3196390" lon="123.8572480">
    <ele>271.5</ele>
    <time>2026-03-07T09:01:36Z</time>
   </trkpt>
   <trkpt lat="10.3196720" lon="123.8572190">
    <ele>270.4</ele>
    <time>2026-03-07T09:01:41Z</time>
   </trkpt>
   <trkpt lat="10.3196780" lon="123.8571740">
    <ele>269.1</ele>
    <time>2026-03-07T09:01:48Z</time>
   </trkpt>
   <trkpt lat="10.3197210" lon="123.8571470">
    <ele>267.7</ele>
    <time>2026-03-07T09:01:57Z</time>
   </trkpt>
   <trkpt lat="10.3197800" lon="123.8573130">
    <ele>262.2</ele>
    <time>2026-03-07T09:02:16Z</time>
   </trkpt>
   <trkpt lat="10.3198440" lon="123.8573210">
    <ele>259.5</ele>
    <time>2026-03-07T09:02:43Z</time>
   </trkpt>
   <trkpt lat="10.3198320" lon="123.8572700">
    <ele>257.5</ele>
    <time>2026-03-07T09:02:55Z</time>
   </trkpt>
   <trkpt lat="10.3198730" lon="123.8572560">
    <ele>255.8</ele>
    <time>2026-03-07T09:03:02Z</time>
   </trkpt>
   <trkpt lat="10.3198860" lon="123.8572060">
    <ele>253.8</ele>
    <time>2026-03-07T09:03:11Z</time>
   </trkpt>
   <trkpt lat="10.3199660" lon="123.8571560">
    <ele>250.4</ele>
    <time>2026-03-07T09:03:25Z</time>
   </trkpt>
   <trkpt lat="10.3199890" lon="123.8571020">
    <ele>248.5</ele>
    <time>2026-03-07T09:03:33Z</time>
   </trkpt>
   <trkpt lat="10.3200200" lon="123.8571010">
    <ele>247.5</ele>
    <time>2026-03-07T09:03:39Z</time>
   </trkpt>
   <trkpt lat="10.3200400" lon="123.8570700">
    <ele>246.3</ele>
    <time>2026-03-07T09:03:45Z</time>
   </trkpt>
   <trkpt lat="10.3200490" lon="123.8570090">
    <ele>244.4</ele>
    <time>2026-03-07T09:03:58Z</time>
   </trkpt>
   <trkpt lat="10.3200720" lon="123.8569970">
    <ele>243.6</ele>
    <time>2026-03-07T09:04:03Z</time>
   </trkpt>
   <trkpt lat="10.3201650" lon="123.8569960">
    <ele>240.9</ele>
    <time>2026-03-07T09:04:17Z</time>
   </trkpt>
   <trkpt lat="10.3202100" lon="123.8569570">
    <ele>239.3</ele>
    <time>2026-03-07T09:04:30Z</time>
   </trkpt>
   <trkpt lat="10.3201990" lon="123.8569180">
    <ele>238.5</ele>
    <time>2026-03-07T09:04:37Z</time>
   </trkpt>
   <trkpt lat="10.3202330" lon="123.8568930">
    <ele>237.8</ele>
    <time>2026-03-07T09:04:43Z</time>
   </trkpt>
   <trkpt lat="10.3202280" lon="123.8568230">
    <ele>236.7</ele>
    <time>2026-03-07T09:04:52Z</time>
   </trkpt>
   <trkpt lat="10.3201370" lon="123.8567620">
    <ele>235.1</ele>
    <time>2026-03-07T09:05:05Z</time>
   </trkpt>
   <trkpt lat="10.3199890" lon="123.8566170">
    <ele>232.0</ele>
    <time>2026-03-07T09:05:28Z</time>
   </trkpt>
   <trkpt lat="10.3199210" lon="123.8565200">
    <ele>230.1</ele>
    <time>2026-03-07T09:05:38Z</time>
   </trkpt>
   <trkpt lat="10.3199240" lon="123.8564810">
    <ele>229.3</ele>
    <time>2026-03-07T09:05:43Z</time>
   </trkpt>
   <trkpt lat="10.3198930" lon="123.8563880">
    <ele>227.4</ele>
    <time>2026-03-07T09:05:54Z</time>
   </trkpt>
   <trkpt lat="10.3198540" lon="123.8563280">
    <ele>225.8</ele>
    <time>2026-03-07T09:06:05Z</time>
   </trkpt>
   <trkpt lat="10.3199490" lon="123.8563240">
    <ele>223.8</ele>
    <time>2026-03-07T09:06:17Z</time>
   </trkpt>
   <trkpt lat="10.3199710" lon="123.8562680">
    <ele>222.5</ele>
    <time>2026-03-07T09:06:25Z</time>
   </trkpt>
   <trkpt lat="10.3199540" lon="123.8562600">
    <ele>222.0</ele>
    <time>2026-03-07T09:06:30Z</time>
   </trkpt>
   <trkpt lat="10.3199970" lon="123.8561650">
    <ele>219.4</ele>
    <time>2026-03-07T09:07:00Z</time>
   </trkpt>
   <trkpt lat="10.3200450" lon="123.8561400">
    <ele>218.0</ele>
    <time>2026-03-07T09:07:11Z</time>
   </trkpt>
   <trkpt lat="10.3200180" lon="123.8561430">
    <ele>217.5</ele>
    <time>2026-03-07T09:07:16Z</time>
   </trkpt>
   <trkpt lat="10.3200390" lon="123.8561030">
    <ele>216.8</ele>
    <time>2026-03-07T09:07:23Z</time>
   </trkpt>
   <trkpt lat="10.3200120" lon="123.8561120">
    <ele>216.3</ele>
    <time>2026-03-07T09:07:30Z</time>
   </trkpt>
   <trkpt lat="10.3200370" lon="123.8560690">
    <ele>215.8</ele>
    <time>2026-03-07T09:07:36Z</time>
   </trkpt>
   <trkpt lat="10.3200400" lon="123.8559800">
    <ele>214.8</ele>
    <time>2026-03-07T09:07:45Z</time>
   </trkpt>
   <trkpt lat="10.3201090" lon="123.8558990">
    <ele>213.7</ele>
    <time>2026-03-07T09:07:56Z</time>
   </trkpt>
   <trkpt lat="10.3201190" lon="123.8558590">
    <ele>213.3</ele>
    <time>2026-03-07T09:08:01Z</time>
   </trkpt>
   <trkpt lat="10.3201450" lon="123.8558380">
    <ele>212.9</ele>
    <time>2026-03-07T09:08:05Z</time>
   </trkpt>
   <trkpt lat="10.3201370" lon="123.8558160">
    <ele>212.7</ele>
    <time>2026-03-07T09:08:09Z</time>
   </trkpt>
   <trkpt lat="10.3201490" lon="123.8557670">
    <ele>212.2</ele>
    <time>2026-03-07T09:08:14Z</time>
   </trkpt>
   <trkpt lat="10.3201750" lon="123.8557240">
    <ele>211.6</ele>
    <time>2026-03-07T09:08:21Z</time>
   </trkpt>
   <trkpt lat="10.3202040" lon="123.8557060">
    <ele>211.3</ele>
    <time>2026-03-07T09:08:25Z</time>
   </trkpt>
   <trkpt lat="10.3202040" lon="123.8556620">
    <ele>210.7</ele>
    <time>2026-03-07T09:08:31Z</time>
   </trkpt>
   <trkpt lat="10.3202270" lon="123.8556130">
    <ele>210.1</ele>
    <time>2026-03-07T09:08:37Z</time>
   </trkpt>
   <trkpt lat="10.3202170" lon="123.8555380">
    <ele>209.2</ele>
    <time>2026-03-07T09:08:48Z</time>
   </trkpt>
   <trkpt lat="10.3202530" lon="123.8555300">
    <ele>208.8</ele>
    <time>2026-03-07T09:08:54Z</time>
   </trkpt>
   <trkpt lat="10.3202880" lon="123.8554860">
    <ele>208.3</ele>
    <time>2026-03-07T09:09:06Z</time>
   </trkpt>
   <trkpt lat="10.3202660" lon="123.8553240">
    <ele>205.8</ele>
    <time>2026-03-07T09:09:24Z</time>
   </trkpt>
   <trkpt lat="10.3203290" lon="123.8551960">
    <ele>201.7</ele>
    <time>2026-03-07T09:09:39Z</time>
   </trkpt>
   <trkpt lat="10.3203020" lon="123.8551140">
    <ele>198.5</ele>
    <time>2026-03-07T09:09:56Z</time>
   </trkpt>
   <trkpt lat="10.3202730" lon="123.8550790">
    <ele>196.9</ele>
    <time>2026-03-07T09:10:06Z</time>
   </trkpt>
   <trkpt lat="10.3202830" lon="123.8549700">
    <ele>192.8</ele>
    <time>2026-03-07T09:10:31Z</time>
   </trkpt>
   <trkpt lat="10.3202470" lon="123.8549120">
    <ele>191.0</ele>
    <time>2026-03-07T09:10:56Z</time>
   </trkpt>
   <trkpt lat="10.3202410" lon="123.8548720">
    <ele>190.1</ele>
    <time>2026-03-07T09:11:04Z</time>
   </trkpt>
   <trkpt lat="10.3202910" lon="123.8548280">
    <ele>188.7</ele>
    <time>2026-03-07T09:11:19Z</time>
   </trkpt>
   <trkpt lat="10.3202790" lon="123.8547360">
    <ele>187.4</ele>
    <time>2026-03-07T09:11:45Z</time>
   </trkpt>
   <trkpt lat="10.3203240" lon="123.8546640">
    <ele>186.3</ele>
    <time>2026-03-07T09:12:01Z</time>
   </trkpt>
   <trkpt lat="10.3202950" lon="123.8545720">
    <ele>184.7</ele>
    <time>2026-03-07T09:12:19Z</time>
   </trkpt>
   <trkpt lat="10.3203100" lon="123.8545300">
    <ele>183.9</ele>
    <time>2026-03-07T09:12:25Z</time>
   </trkpt>
   <trkpt lat="10.3202930" lon="123.8544800">
    <ele>182.8</ele>
    <time>2026-03-07T09:12:51Z</time>
   </trkpt>
   <trkpt lat="10.3203490" lon="123.8542920">
    <ele>179.9</ele>
    <time>2026-03-07T09:13:24Z</time>
   </trkpt>
   <trkpt lat="10.3203110" lon="123.8541970">
    <ele>178.8</ele>
    <time>2026-03-07T09:13:39Z</time>
   </trkpt>
   <trkpt lat="10.3203160" lon="123.8541030">
    <ele>177.4</ele>
    <time>2026-03-07T09:13:50Z</time>
   </trkpt>
   <trkpt lat="10.3203610" lon="123.8539930">
    <ele>175.4</ele>
    <time>2026-03-07T09:14:03Z</time>
   </trkpt>
   <trkpt lat="10.3204610" lon="123.8539300">
    <ele>173.0</ele>
    <time>2026-03-07T09:14:19Z</time>
   </trkpt>
   <trkpt lat="10.3205240" lon="123.8537690">
    <ele>168.7</ele>
    <time>2026-03-07T09:14:40Z</time>
   </trkpt>
   <trkpt lat="10.3205680" lon="123.8537240">
    <ele>166.8</ele>
    <time>2026-03-07T09:14:48Z</time>
   </trkpt>
   <trkpt lat="10.3205880" lon="123.8536510">
    <ele>164.5</ele>
    <time>2026-03-07T09:15:05Z</time>
   </trkpt>
   <trkpt lat="10.3206340" lon="123.8535920">
    <ele>162.3</ele>
    <time>2026-03-07T09:15:16Z</time>
   </trkpt>
   <trkpt lat="10.3206700" lon="123.8534870">
    <ele>159.6</ele>
    <time>2026-03-07T09:15:35Z</time>
   </trkpt>
   <trkpt lat="10.3207800" lon="123.8533680">
    <ele>155.8</ele>
    <time>2026-03-07T09:15:58Z</time>
   </trkpt>
   <trkpt lat="10.3207980" lon="123.8533240">
    <ele>154.6</ele>
    <time>2026-03-07T09:16:04Z</time>
   </trkpt>
   <trkpt lat="10.3207810" lon="123.8532900">
    <ele>153.7</ele>
    <time>2026-03-07T09:16:10Z</time>
   </trkpt>
   <trkpt lat="10.3207850" lon="123.8532610">
    <ele>152.8</ele>
    <time>2026-03-07T09:16:14Z</time>
   </trkpt>
   <trkpt lat="10.3208530" lon="123.8531410">
    <ele>148.2</ele>
    <time>2026-03-07T09:16:31Z</time>
   </trkpt>
   <trkpt lat="10.3208020" lon="123.8530740">
    <ele>144.7</ele>
    <time>2026-03-07T09:16:44Z</time>
   </trkpt>
   <trkpt lat="10.3207960" lon="123.8530410">
    <ele>143.2</ele>
    <time>2026-03-07T09:16:54Z</time>
   </trkpt>
   <trkpt lat="10.3208380" lon="123.8529290">
    <ele>137.9</ele>
    <time>2026-03-07T09:17:23Z</time>
   </trkpt>
   <trkpt lat="10.3209040" lon="123.8528200">
    <ele>133.6</ele>
    <time>2026-03-07T09:18:02Z</time>
   </trkpt>
   <trkpt lat="10.3209340" lon="123.8527950">
    <ele>132.8</ele>
    <time>2026-03-07T09:18:06Z</time>
   </trkpt>
   <trkpt lat="10.3209510" lon="123.8527510">
    <ele>132.0</ele>
    <time>2026-03-07T09:18:12Z</time>
   </trkpt>
   <trkpt lat="10.3209080" lon="123.8527440">
    <ele>131.6</ele>
    <time>2026-03-07T09:18:17Z</time>
   </trkpt>
   <trkpt lat="10.3208560" lon="123.8527110">
    <ele>131.2</ele>
    <time>2026-03-07T09:18:26Z</time>
   </trkpt>
   <trkpt lat="10.3208580" lon="123.8526930">
    <ele>131.1</ele>
    <time>2026-03-07T09:18:29Z</time>
   </trkpt>
   <trkpt lat="10.3208060" lon="123.8526600">
    <ele>131.0</ele>
    <time>2026-03-07T09:18:40Z</time>
   </trkpt>
   <trkpt lat="10.3207900" lon="123.8525970">
    <ele>130.9</ele>
    <time>2026-03-07T09:18:49Z</time>
   </trkpt>
   <trkpt lat="10.3206600" lon="123.8526260">
    <ele>131.1</ele>
    <time>2026-03-07T09:19:00Z</time>
   </trkpt>
   <trkpt lat="10.3206260" lon="123.8525840">
    <ele>131.2</ele>
    <time>2026-03-07T09:19:07Z</time>
   </trkpt>
   <trkpt lat="10.3205800" lon="123.8524830">
    <ele>131.2</ele>
    <time>2026-03-07T09:19:18Z</time>
   </trkpt>
   <trkpt lat="10.3205600" lon="123.8524690">
    <ele>131.2</ele>
    <time>2026-03-07T09:19:20Z</time>
   </trkpt>
   <trkpt lat="10.3204670" lon="123.8524590">
    <ele>131.0</ele>
    <time>2026-03-07T09:19:29Z</time>
   </trkpt>
   <trkpt lat="10.3204590" lon="123.8524360">
    <ele>130.9</ele>
    <time>2026-03-07T09:19:32Z</time>
   </trkpt>
   <trkpt lat="10.3204250" lon="123.8524110">
    <ele>130.8</ele>
    <time>2026-03-07T09:19:36Z</time>
   </trkpt>
   <trkpt lat="10.3203690" lon="123.8523000">
    <ele>130.5</ele>
    <time>2026-03-07T09:19:45Z</time>
   </trkpt>
   <trkpt lat="10.3203290" lon="123.8522150">
    <ele>130.2</ele>
    <time>2026-03-07T09:19:56Z</time>
   </trkpt>
   <trkpt lat="10.3202940" lon="123.8520690">
    <ele>129.8</ele>
    <time>2026-03-07T09:20:10Z</time>
   </trkpt>
   <trkpt lat="10.3203180" lon="123.8519340">
    <ele>129.7</ele>
    <time>2026-03-07T09:20:22Z</time>
   </trkpt>
   <trkpt lat="10.3203000" lon="123.8518750">
    <ele>129.6</ele>
    <time>2026-03-07T09:20:29Z</time>
   </trkpt>
   <trkpt lat="10.3203300" lon="123.8517940">
    <ele>129.6</ele>
    <time>2026-03-07T09:20:36Z</time>
   </trkpt>
   <trkpt lat="10.3203130" lon="123.8515330">
    <ele>129.7</ele>
    <time>2026-03-07T09:21:00Z</time>
   </trkpt>
   <trkpt lat="10.3202230" lon="123.8514410">
    <ele>129.7</ele>
    <time>2026-03-07T09:21:13Z</time>
   </trkpt>
   <trkpt lat="10.3201990" lon="123.8513460">
    <ele>129.8</ele>
    <time>2026-03-07T09:21:22Z</time>
   </trkpt>
   <trkpt lat="10.3202090" lon="123.8512410">
    <ele>129.8</ele>
    <time>2026-03-07T09:21:30Z</time>
   </trkpt>
   <trkpt lat="10.3201980" lon="123.8511600">
    <ele>129.8</ele>
    <time>2026-03-07T09:21:38Z</time>
   </trkpt>
   <trkpt lat="10.3202190" lon="123.8511010">
    <ele>129.8</ele>
    <time>2026-03-07T09:21:42Z</time>
   </trkpt>
   <trkpt lat="10.3202160" lon="123.8510270">
    <ele>129.7</ele>
    <time>2026-03-07T09:21:49Z</time>
   </trkpt>
   <trkpt lat="10.3201710" lon="123.8510040">
    <ele>129.6</ele>
    <time>2026-03-07T09:21:55Z</time>
   </trkpt>
   <trkpt lat="10.3201560" lon="123.8509770">
    <ele>129.6</ele>
    <time>2026-03-07T09:21:58Z</time>
   </trkpt>
   <trkpt lat="10.3201330" lon="123.8508340">
    <ele>129.4</ele>
    <time>2026-03-07T09:22:12Z</time>
   </trkpt>
   <trkpt lat="10.3201080" lon="123.8508020">
    <ele>129.3</ele>
    <time>2026-03-07T09:22:19Z</time>
   </trkpt>
   <trkpt lat="10.3200170" lon="123.8507730">
    <ele>129.1</ele>
    <time>2026-03-07T09:22:35Z</time>
   </trkpt>
   <trkpt lat="10.3199540" lon="123.8507240">
    <ele>128.9</ele>
    <time>2026-03-07T09:22:44Z</time>
   </trkpt>
   <trkpt lat="10.3198600" lon="123.8507420">
    <ele>128.7</ele>
    <time>2026-03-07T09:22:57Z</time>
   </trkpt>
   <trkpt lat="10.3198290" lon="123.8507170">
    <ele>128.7</ele>
    <time>2026-03-07T09:23:01Z</time>
   </trkpt>
   <trkpt lat="10.3198030" lon="123.8506670">
    <ele>128.6</ele>
    <time>2026-03-07T09:23:06Z</time>
   </trkpt>
   <trkpt lat="10.3197470" lon="123.8506340">
    <ele>128.5</ele>
    <time>2026-03-07T09:23:12Z</time>
   </trkpt>
   <trkpt lat="10.3197470" lon="123.8505820">
    <ele>128.4</ele>
    <time>2026-03-07T09:23:19Z</time>
   </trkpt>
   <trkpt lat="10.3197800" lon="123.8505320">
    <ele>128.3</ele>
    <time>2026-03-07T09:23:25Z</time>
   </trkpt>
   <trkpt lat="10.3197510" lon="123.8505050">
    <ele>128.2</ele>
    <time>2026-03-07T09:23:29Z</time>
   </trkpt>
   <trkpt lat="10.3197500" lon="123.8504660">
    <ele>128.1</ele>
    <time>2026-03-07T09:23:33Z</time>
   </trkpt>
   <trkpt lat="10.3196860" lon="123.8503970">
    <ele>128.0</ele>
    <time>2026-03-07T09:23:43Z</time>
   </trkpt>
   <trkpt lat="10.3196980" lon="123.8503070">
    <ele>127.9</ele>
    <time>2026-03-07T09:23:52Z</time>
   </trkpt>
   <trkpt lat="10.3196450" lon="123.8502380">
    <ele>127.7</ele>
    <time>2026-03-07T09:24:02Z</time>
   </trkpt>
   <trkpt lat="10.3196350" lon="123.8501380">
    <ele>127.4</ele>
    <time>2026-03-07T09:24:10Z</time>
   </trkpt>
   <trkpt lat="10.3196060" lon="123.8500440">
    <ele>127.1</ele>
    <time>2026-03-07T09:24:21Z</time>
   </trkpt>
   <trkpt lat="10.3196160" lon="123.8499760">
    <ele>126.9</ele>
    <time>2026-03-07T09:24:28Z</time>
   </trkpt>
   <trkpt lat="10.3195740" lon="123.8499090">
    <ele>126.6</ele>
    <time>2026-03-07T09:24:36Z</time>
   </trkpt>
   <trkpt lat="10.3195470" lon="123.8498080">
    <ele>126.4</ele>
    <time>2026-03-07T09:24:44Z</time>
   </trkpt>
   <trkpt lat="10.3195230" lon="123.8497710">
    <ele>126.3</ele>
    <time>2026-03-07T09:24:48Z</time>
   </trkpt>
   <trkpt lat="10.3196060" lon="123.8495280">
    <ele>126.3</ele>
    <time>2026-03-07T09:25:17Z</time>
   </trkpt>
   <trkpt lat="10.3196910" lon="123.8493680">
    <ele>126.6</ele>
    <time>2026-03-07T09:25:35Z</time>
   </trkpt>
   <trkpt lat="10.3197480" lon="123.8493260">
    <ele>126.6</ele>
    <time>2026-03-07T09:25:44Z</time>
   </trkpt>
   <trkpt lat="10.3197750" lon="123.8492150">
    <ele>126.6</ele>
    <time>2026-03-07T09:26:03Z</time>
   </trkpt>
   <trkpt lat="10.3197820" lon="123.8491340">
    <ele>126.6</ele>
    <time>2026-03-07T09:26:08Z</time>
   </trkpt>
   <trkpt lat="10.3197660" lon="123.8490560">
    <ele>126.6</ele>
    <time>2026-03-07T09:26:17Z</time>
   </trkpt>
   <trkpt lat="10.3196660" lon="123.8489470">
    <ele>126.4</ele>
    <time>2026-03-07T09:26:31Z</time>
   </trkpt>
   <trkpt lat="10.3195950" lon="123.8489280">
    <ele>126.1</ele>
    <time>2026-03-07T09:26:41Z</time>
   </trkpt>
   <trkpt lat="10.3195800" lon="123.8489040">
    <ele>126.0</ele>
    <time>2026-03-07T09:26:45Z</time>
   </trkpt>
   <trkpt lat="10.3196330" lon="123.8487870">
    <ele>125.8</ele>
    <time>2026-03-07T09:27:06Z</time>
   </trkpt>
   <trkpt lat="10.3197110" lon="123.8487060">
    <ele>126.0</ele>
    <time>2026-03-07T09:27:15Z</time>
   </trkpt>
   <trkpt lat="10.3197440" lon="123.8486300">
    <ele>126.1</ele>
    <time>2026-03-07T09:27:23Z</time>
   </trkpt>
   <trkpt lat="10.3197890" lon="123.8485850">
    <ele>126.2</ele>
    <time>2026-03-07T09:27:28Z</time>
   </trkpt>
   <trkpt lat="10.3198240" lon="123.8484900">
    <ele>126.4</ele>
    <time>2026-03-07T09:27:44Z</time>
   </trkpt>
   <trkpt lat="10.3198760" lon="123.8484420">
    <ele>126.5</ele>
    <time>2026-03-07T09:28:03Z</time>
   </trkpt>
   <trkpt lat="10.3198890" lon="123.8483860">
    <ele>126.6</ele>
    <time>2026-03-07T09:28:09Z</time>
   </trkpt>
   <trkpt lat="10.3199180" lon="123.8483570">
    <ele>126.7</ele>
    <time>2026-03-07T09:28:13Z</time>
   </trkpt>
   <trkpt lat="10.3199530" lon="123.8482120">
    <ele>126.9</ele>
    <time>2026-03-07T09:28:27Z</time>
   </trkpt>
   <trkpt lat="10.3199510" lon="123.8481690">
    <ele>127.0</ele>
    <time>2026-03-07T09:28:31Z</time>
   </trkpt>
   <trkpt lat="10.3199780" lon="123.8481270">
    <ele>127.0</ele>
    <time>2026-03-07T09:28:37Z</time>
   </trkpt>
   <trkpt lat="10.3199570" lon="123.8481150">
    <ele>127.1</ele>
    <time>2026-03-07T09:28:41Z</time>
   </trkpt>
   <trkpt lat="10.3199360" lon="123.8480630">
    <ele>127.2</ele>
    <time>2026-03-07T09:28:47Z</time>
   </trkpt>
   <trkpt lat="10.3199660" lon="123.8479630">
    <ele>127.3</ele>
    <time>2026-03-07T09:28:57Z</time>
   </trkpt>
   <trkpt lat="10.3199770" lon="123.8478640">
    <ele>127.5</ele>
    <time>2026-03-07T09:29:06Z</time>
   </trkpt>
   <trkpt lat="10.3199530" lon="123.8477900">
    <ele>127.6</ele>
    <time>2026-03-07T09:29:15Z</time>
   </trkpt>
   <trkpt lat="10.3199250" lon="123.8477590">
    <ele>127.7</ele>
    <time>2026-03-07T09:29:19Z</time>
   </trkpt>
   <trkpt lat="10.3199250" lon="123.8476810">
    <ele>128.0</ele>
    <time>2026-03-07T09:29:28Z</time>
   </trkpt>
   <trkpt lat="10.3199820" lon="123.8476660">
    <ele>128.2</ele>
    <time>2026-03-07T09:29:50Z</time>
   </trkpt>
   <trkpt lat="10.3200030" lon="123.8476460">
    <ele>128.4</ele>
    <time>2026-03-07T09:29:52Z</time>
   </trkpt>
   <trkpt lat="10.3199500" lon="123.8475560">
    <ele>129.0</ele>
    <time>2026-03-07T09:30:02Z</time>
   </trkpt>
   <trkpt lat="10.3199850" lon="123.8474120">
    <ele>129.7</ele>
    <time>2026-03-07T09:30:14Z</time>
   </trkpt>
   <trkpt lat="10.3200390" lon="123.8473170">
    <ele>130.0</ele>
    <time>2026-03-07T09:30:24Z</time>
   </trkpt>
   <trkpt lat="10.3201510" lon="123.8472480">
    <ele>130.5</ele>
    <time>2026-03-07T09:30:36Z</time>
   </trkpt>
   <trkpt lat="10.3203660" lon="123.8472080">
    <ele>131.1</ele>
    <time>2026-03-07T09:30:54Z</time>
   </trkpt>
   <trkpt lat="10.3204120" lon="123.8471650">
    <ele>131.2</ele>
    <time>2026-03-07T09:31:00Z</time>
   </trkpt>
   <trkpt lat="10.3205260" lon="123.8470990">
    <ele>131.4</ele>
    <time>2026-03-07T09:31:15Z</time>
   </trkpt>
   <trkpt lat="10.3206880" lon="123.8470390">
    <ele>131.5</ele>
    <time>2026-03-07T09:31:47Z</time>
   </trkpt>
   <trkpt lat="10.3207420" lon="123.8469630">
    <ele>131.5</ele>
    <time>2026-03-07T09:31:54Z</time>
   </trkpt>
   <trkpt lat="10.3208880" lon="123.8468590">
    <ele>131.7</ele>
    <time>2026-03-07T09:32:15Z</time>
   </trkpt>
   <trkpt lat="10.3208720" lon="123.8467910">
    <ele>131.9</ele>
    <time>2026-03-07T09:32:24Z</time>
   </trkpt>
   <trkpt lat="10.3209150" lon="123.8466900">
    <ele>132.1</ele>
    <time>2026-03-07T09:32:36Z</time>
   </trkpt>
   <trkpt lat="10.3210060" lon="123.8466300">
    <ele>132.4</ele>
    <time>2026-03-07T09:32:45Z</time>
   </trkpt>
   <trkpt lat="10.3211940" lon="123.8465700">
    <ele>133.0</ele>
    <time>2026-03-07T09:32:58Z</time>
   </trkpt>
   <trkpt lat="10.3213510" lon="123.8465920">
    <ele>133.4</ele>
    <time>2026-03-07T09:33:10Z</time>
   </trkpt>
   <trkpt lat="10.3214420" lon="123.8465880">
    <ele>133.6</ele>
    <time>2026-03-07T09:33:17Z</time>
   </trkpt>
   <trkpt lat="10.3215140" lon="123.8466120">
    <ele>133.7</ele>
    <time>2026-03-07T09:33:21Z</time>
   </trkpt>
   <trkpt lat="10.3216130" lon="123.8466620">
    <ele>133.9</ele>
    <time>2026-03-07T09:33:31Z</time>
   </trkpt>
   <trkpt lat="10.3217760" lon="123.8468500">
    <ele>134.4</ele>
    <time>2026-03-07T09:33:51Z</time>
   </trkpt>
   <trkpt lat="10.3218590" lon="123.8468970">
    <ele>134.7</ele>
    <time>2026-03-07T09:33:59Z</time>
   </trkpt>
   <trkpt lat="10.3218820" lon="123.8469260">
    <ele>134.8</ele>
    <time>2026-03-07T09:34:02Z</time>
   </trkpt>
   <trkpt lat="10.3218900" lon="123.8470030">
    <ele>135.1</ele>
    <time>2026-03-07T09:34:10Z</time>
   </trkpt>
   <trkpt lat="10.3219100" lon="123.8470410">
    <ele>135.2</ele>
    <time>2026-03-07T09:34:16Z</time>
   </trkpt>
   <trkpt lat="10.3219360" lon="123.8470480">
    <ele>135.3</ele>
    <time>2026-03-07T09:34:19Z</time>
   </trkpt>
   <trkpt lat="10.3219040" lon="123.8470300">
    <ele>135.4</ele>
    <time>2026-03-07T09:34:24Z</time>
   </trkpt>
   <trkpt lat="10.3219160" lon="123.8470600">
    <ele>135.6</ele>
    <time>2026-03-07T09:34:30Z</time>
   </trkpt>
   <trkpt lat="10.3219300" lon="123.8470470">
    <ele>135.6</ele>
    <time>2026-03-07T09:34:32Z</time>
   </trkpt>
   <trkpt lat="10.3219080" lon="123.8470410">
    <ele>135.7</ele>
    <time>2026-03-07T09:34:37Z</time>
   </trkpt>
   <trkpt lat="10.3218670" lon="123.8470930">
    <ele>136.0</ele>
    <time>2026-03-07T09:35:01Z</time>
   </trkpt>
   <trkpt lat="10.3218910" lon="123.8471110">
    <ele>136.0</ele>
    <time>2026-03-07T09:35:09Z</time>
   </trkpt>
   <trkpt lat="10.3219740" lon="123.8471300">
    <ele>136.1</ele>
    <time>2026-03-07T09:35:17Z</time>
   </trkpt>
   <trkpt lat="10.3220010" lon="123.8471550">
    <ele>136.1</ele>
    <time>2026-03-07T09:35:20Z</time>
   </trkpt>
   <trkpt lat="10.3220590" lon="123.8473200">
    <ele>136.0</ele>
    <time>2026-03-07T09:35:34Z</time>
   </trkpt>
   <trkpt lat="10.3221860" lon="123.8474440">
    <ele>136.1</ele>
    <time>2026-03-07T09:35:48Z</time>
   </trkpt>
   <trkpt lat="10.3222000" lon="123.8474910">
    <ele>136.1</ele>
    <time>2026-03-07T09:35:53Z</time>
   </trkpt>
   <trkpt lat="10.3221980" lon="123.8475800">
    <ele>136.3</ele>
    <time>2026-03-07T09:36:00Z</time>
   </trkpt>
   <trkpt lat="10.3222270" lon="123.8476410">
    <ele>136.4</ele>
    <time>2026-03-07T09:36:07Z</time>
   </trkpt>
   <trkpt lat="10.3223140" lon="123.8477020">
    <ele>136.6</ele>
    <time>2026-03-07T09:36:17Z</time>
   </trkpt>
   <trkpt lat="10.3223370" lon="123.8478100">
    <ele>136.8</ele>
    <time>2026-03-07T09:36:25Z</time>
   </trkpt>
   <trkpt lat="10.3223600" lon="123.8478370">
    <ele>136.9</ele>
    <time>2026-03-07T09:36:29Z</time>
   </trkpt>
   <trkpt lat="10.3224100" lon="123.8478280">
    <ele>137.0</ele>
    <time>2026-03-07T09:36:34Z</time>
   </trkpt>
   <trkpt lat="10.3224260" lon="123.8478380">
    <ele>137.1</ele>
    <time>2026-03-07T09:36:36Z</time>
   </trkpt>
   <trkpt lat="10.3223950" lon="123.8479200">
    <ele>137.3</ele>
    <time>2026-03-07T09:36:44Z</time>
   </trkpt>
   <trkpt lat="10.3224070" lon="123.8479500">
    <ele>137.3</ele>
    <time>2026-03-07T09:36:48Z</time>
   </trkpt>
   <trkpt lat="10.3224400" lon="123.8479580">
    <ele>137.4</ele>
    <time>2026-03-07T09:36:52Z</time>
   </trkpt>
   <trkpt lat="10.3224710" lon="123.8479180">
    <ele>137.6</ele>
    <time>2026-03-07T09:37:06Z</time>
   </trkpt>
   <trkpt lat="10.3224470" lon="123.8479340">
    <ele>137.7</ele>
    <time>2026-03-07T09:37:09Z</time>
   </trkpt>
   <trkpt lat="10.3224740" lon="123.8479850">
    <ele>137.9</ele>
    <time>2026-03-07T09:37:14Z</time>
   </trkpt>
   <trkpt lat="10.3225770" lon="123.8480520">
    <ele>138.3</ele>
    <time>2026-03-07T09:37:25Z</time>
   </trkpt>
   <trkpt lat="10.3225770" lon="123.8481090">
    <ele>138.5</ele>
    <time>2026-03-07T09:37:32Z</time>
   </trkpt>
   <trkpt lat="10.3225140" lon="123.8482120">
    <ele>139.1</ele>
    <time>2026-03-07T09:37:47Z</time>
   </trkpt>
   <trkpt lat="10.3225390" lon="123.8482730">
    <ele>139.4</ele>
    <time>2026-03-07T09:37:54Z</time>
   </trkpt>
   <trkpt lat="10.3225580" lon="123.8482870">
    <ele>139.5</ele>
    <time>2026-03-07T09:37:57Z</time>
   </trkpt>
   <trkpt lat="10.3225370" lon="123.8483090">
    <ele>139.7</ele>
    <time>2026-03-07T09:38:02Z</time>
   </trkpt>
   <trkpt lat="10.3225660" lon="123.8483470">
    <ele>139.9</ele>
    <time>2026-03-07T09:38:08Z</time>
   </trkpt>
   <trkpt lat="10.3224940" lon="123.8484670">
    <ele>140.7</ele>
    <time>2026-03-07T09:38:22Z</time>
   </trkpt>
   <trkpt lat="10.3224410" lon="123.8484980">
    <ele>141.1</ele>
    <time>2026-03-07T09:38:31Z</time>
   </trkpt>
   <trkpt lat="10.3224160" lon="123.8486090">
    <ele>141.7</ele>
    <time>2026-03-07T09:38:44Z</time>
   </trkpt>
   <trkpt lat="10.3223710" lon="123.8486140">
    <ele>142.0</ele>
    <time>2026-03-07T09:38:52Z</time>
   </trkpt>
   <trkpt lat="10.3224120" lon="123.8487260">
    <ele>142.5</ele>
    <time>2026-03-07T09:39:09Z</time>
   </trkpt>
   <trkpt lat="10.3223810" lon="123.8487370">
    <ele>142.6</ele>
    <time>2026-03-07T09:39:15Z</time>
   </trkpt>
   <trkpt lat="10.3223970" lon="123.8487380">
    <ele>142.6</ele>
    <time>2026-03-07T09:39:18Z</time>
   </trkpt>
   <trkpt lat="10.3223940" lon="123.8487580">
    <ele>142.7</ele>
    <time>2026-03-07T09:39:21Z</time>
   </trkpt>
   <trkpt lat="10.3223840" lon="123.8487520">
    <ele>142.7</ele>
    <time>2026-03-07T09:39:25Z</time>
   </trkpt>
   <trkpt lat="10.3224040" lon="123.8487360">
    <ele>142.7</ele>
    <time>2026-03-07T09:39:30Z</time>
   </trkpt>
   <trkpt lat="10.3224250" lon="123.8487320">
    <ele>142.8</ele>
    <time>2026-03-07T09:39:37Z</time>
   </trkpt>
   <trkpt lat="10.3224100" lon="123.8487550">
    <ele>142.8</ele>
    <time>2026-03-07T09:39:41Z</time>
   </trkpt>
   <trkpt lat="10.3224600" lon="123.8487340">
    <ele>142.9</ele>
    <time>2026-03-07T09:39:45Z</time>
   </trkpt>
   <trkpt lat="10.3224800" lon="123.8487520">
    <ele>143.0</ele>
    <time>2026-03-07T09:39:48Z</time>
   </trkpt>
   <trkpt lat="10.3224740" lon="123.8487880">
    <ele>143.0</ele>
    <time>2026-03-07T09:39:52Z</time>
   </trkpt>
   <trkpt lat="10.3225050" lon="123.8488230">
    <ele>143.1</ele>
    <time>2026-03-07T09:39:56Z</time>
   </trkpt>
   <trkpt lat="10.3225640" lon="123.8488240">
    <ele>143.2</ele>
    <time>2026-03-07T09:40:02Z</time>
   </trkpt>
   <trkpt lat="10.3226590" lon="123.8488930">
    <ele>143.5</ele>
    <time>2026-03-07T09:40:18Z</time>
   </trkpt>
   <trkpt lat="10.3227570" lon="123.8490670">
    <ele>144.0</ele>
    <time>2026-03-07T09:40:40Z</time>
   </trkpt>
   <trkpt lat="10.3228220" lon="123.8490730">
    <ele>144.1</ele>
    <time>2026-03-07T09:40:46Z</time>
   </trkpt>
   <trkpt lat="10.3229000" lon="123.8490490">
    <ele>144.4</ele>
    <time>2026-03-07T09:40:54Z</time>
   </trkpt>
   <trkpt lat="10.3229220" lon="123.8490620">
    <ele>144.5</ele>
    <time>2026-03-07T09:40:58Z</time>
   </trkpt>
   <trkpt lat="10.3230280" lon="123.8490660">
    <ele>144.9</ele>
    <time>2026-03-07T09:41:06Z</time>
   </trkpt>
   <trkpt lat="10.3230480" lon="123.8490900">
    <ele>145.0</ele>
    <time>2026-03-07T09:41:10Z</time>
   </trkpt>
   <trkpt lat="10.3230860" lon="123.8490910">
    <ele>145.1</ele>
    <time>2026-03-07T09:41:16Z</time>
   </trkpt>
   <trkpt lat="10.3231310" lon="123.8491310">
    <ele>145.4</ele>
    <time>2026-03-07T09:41:26Z</time>
   </trkpt>
   <trkpt lat="10.3231790" lon="123.8491060">
    <ele>145.6</ele>
    <time>2026-03-07T09:41:37Z</time>
   </trkpt>
   <trkpt lat="10.3232510" lon="123.8491000">
    <ele>146.0</ele>
    <time>2026-03-07T09:41:43Z</time>
   </trkpt>
   <trkpt lat="10.3233660" lon="123.8490370">
    <ele>146.8</ele>
    <time>2026-03-07T09:41:59Z</time>
   </trkpt>
   <trkpt lat="10.3233640" lon="123.8490250">
    <ele>146.9</ele>
    <time>2026-03-07T09:42:07Z</time>
   </trkpt>
   <trkpt lat="10.3234370" lon="123.8489660">
    <ele>147.4</ele>
    <time>2026-03-07T09:42:16Z</time>
   </trkpt>
   <trkpt lat="10.3233970" lon="123.8489770">
    <ele>147.6</ele>
    <time>2026-03-07T09:42:29Z</time>
   </trkpt>
   <trkpt lat="10.3233770" lon="123.8489980">
    <ele>147.6</ele>
    <time>2026-03-07T09:42:32Z</time>
   </trkpt>
   <trkpt lat="10.3234390" lon="123.8489880">
    <ele>147.8</ele>
    <time>2026-03-07T09:42:38Z</time>
   </trkpt>
   <trkpt lat="10.3235190" lon="123.8489400">
    <ele>147.9</ele>
    <time>2026-03-07T09:42:44Z</time>
   </trkpt>
   <trkpt lat="10.3235960" lon="123.8489170">
    <ele>148.1</ele>
    <time>2026-03-07T09:42:52Z</time>
   </trkpt>
   <trkpt lat="10.3236800" lon="123.8488410">
    <ele>148.2</ele>
    <time>2026-03-07T09:43:01Z</time>
   </trkpt>
   <trkpt lat="10.3236850" lon="123.8487980">
    <ele>148.3</ele>
    <time>2026-03-07T09:43:08Z</time>
   </trkpt>
   <trkpt lat="10.3238230" lon="123.8487860">
    <ele>148.4</ele>
    <time>2026-03-07T09:43:23Z</time>
   </trkpt>
   <trkpt lat="10.3238910" lon="123.8488050">
    <ele>148.5</ele>
    <time>2026-03-07T09:43:31Z</time>
   </trkpt>
   <trkpt lat="10.3239370" lon="123.8487400">
    <ele>148.5</ele>
    <time>2026-03-07T09:43:41Z</time>
   </trkpt>
   <trkpt lat="10.3240490" lon="123.8486940">
    <ele>148.6</ele>
    <time>2026-03-07T09:43:53Z</time>
   </trkpt>
   <trkpt lat="10.3242450" lon="123.8486950">
    <ele>148.8</ele>
    <time>2026-03-07T09:44:08Z</time>
   </trkpt>
   <trkpt lat="10.3243300" lon="123.8486800">
    <ele>148.9</ele>
    <time>2026-03-07T09:44:17Z</time>
   </trkpt>
   <trkpt lat="10.3244510" lon="123.8487320">
    <ele>149.0</ele>
    <time>2026-03-07T09:44:29Z</time>
   </trkpt>
   <trkpt lat="10.3245430" lon="123.8487320">
    <ele>149.1</ele>
    <time>2026-03-07T09:44:36Z</time>
   </trkpt>
   <trkpt lat="10.3246230" lon="123.8487560">
    <ele>149.2</ele>
    <time>2026-03-07T09:44:41Z</time>
   </trkpt>
   <trkpt lat="10.3247300" lon="123.8488150">
    <ele>149.4</ele>
    <time>2026-03-07T09:45:03Z</time>
   </trkpt>
   <trkpt lat="10.3247930" lon="123.8488080">
    <ele>149.5</ele>
    <time>2026-03-07T09:45:10Z</time>
   </trkpt>
   <trkpt lat="10.3248260" lon="123.8487830">
    <ele>149.6</ele>
    <time>2026-03-07T09:45:15Z</time>
   </trkpt>
   <trkpt lat="10.3249840" lon="123.8488350">
    <ele>149.9</ele>
    <time>2026-03-07T09:45:31Z</time>
   </trkpt>
   <trkpt lat="10.3250120" lon="123.8488180">
    <ele>149.9</ele>
    <time>2026-03-07T09:45:37Z</time>
   </trkpt>
   <trkpt lat="10.3251480" lon="123.8488330">
    <ele>150.1</ele>
    <time>2026-03-07T09:45:51Z</time>
   </trkpt>
   <trkpt lat="10.3252490" lon="123.8488820">
    <ele>150.3</ele>
    <time>2026-03-07T09:46:08Z</time>
   </trkpt>
   <trkpt lat="10.3254280" lon="123.8488730">
    <ele>150.5</ele>
    <time>2026-03-07T09:46:32Z</time>
   </trkpt>
   <trkpt lat="10.3254720" lon="123.8488480">
    <ele>150.7</ele>
    <time>2026-03-07T09:46:42Z</time>
   </trkpt>
   <trkpt lat="10.3255530" lon="123.8489210">
    <ele>151.0</ele>
    <time>2026-03-07T09:46:55Z</time>
   </trkpt>
   <trkpt lat="10.3255680" lon="123.8489120">
    <ele>151.1</ele>
    <time>2026-03-07T09:46:59Z</time>
   </trkpt>
   <trkpt lat="10.3256790" lon="123.8489270">
    <ele>151.7</ele>
    <time>2026-03-07T09:47:09Z</time>
   </trkpt>
   <trkpt lat="10.3256990" lon="123.8488590">
    <ele>152.2</ele>
    <time>2026-03-07T09:47:20Z</time>
   </trkpt>
   <trkpt lat="10.3257360" lon="123.8488660">
    <ele>152.5</ele>
    <time>2026-03-07T09:47:25Z</time>
   </trkpt>
   <trkpt lat="10.3257490" lon="123.8488540">
    <ele>152.6</ele>
    <time>2026-03-07T09:47:29Z</time>
   </trkpt>
   <trkpt lat="10.3257680" lon="123.8488720">
    <ele>152.7</ele>
    <time>2026-03-07T09:47:34Z</time>
   </trkpt>
   <trkpt lat="10.3257750" lon="123.8488650">
    <ele>152.8</ele>
    <time>2026-03-07T09:47:38Z</time>
   </trkpt>
   <trkpt lat="10.3257920" lon="123.8488980">
    <ele>152.9</ele>
    <time>2026-03-07T09:47:46Z</time>
   </trkpt>
   <trkpt lat="10.3259350" lon="123.8489350">
    <ele>153.3</ele>
    <time>2026-03-07T09:47:59Z</time>
   </trkpt>
   <trkpt lat="10.3259980" lon="123.8490050">
    <ele>153.5</ele>
    <time>2026-03-07T09:48:12Z</time>
   </trkpt>
   <trkpt lat="10.3260220" lon="123.8490080">
    <ele>153.6</ele>
    <time>2026-03-07T09:48:18Z</time>
   </trkpt>
   <trkpt lat="10.3260370" lon="123.8490610">
    <ele>153.7</ele>
    <time>2026-03-07T09:48:59Z</time>
   </trkpt>
   <trkpt lat="10.3260320" lon="123.8491300">
    <ele>153.9</ele>
    <time>2026-03-07T09:49:13Z</time>
   </trkpt>
   <trkpt lat="10.3260130" lon="123.8491640">
    <ele>153.9</ele>
    <time>2026-03-07T09:49:15Z</time>
   </trkpt>
   <trkpt lat="10.3260510" lon="123.8492410">
    <ele>154.1</ele>
    <time>2026-03-07T09:49:20Z</time>
   </trkpt>
   <trkpt lat="10.3260300" lon="123.8492530">
    <ele>154.2</ele>
    <time>2026-03-07T09:49:24Z</time>
   </trkpt>
   <trkpt lat="10.3260450" lon="123.8492770">
    <ele>154.2</ele>
    <time>2026-03-07T09:49:28Z</time>
   </trkpt>
   <trkpt lat="10.3260510" lon="123.8492370">
    <ele>154.3</ele>
    <time>2026-03-07T09:49:32Z</time>
   </trkpt>
   <trkpt lat="10.3260350" lon="123.8492150">
    <ele>154.3</ele>
    <time>2026-03-07T09:49:34Z</time>
   </trkpt>
   <trkpt lat="10.3260490" lon="123.8492070">
    <ele>154.4</ele>
    <time>2026-03-07T09:49:36Z</time>
   </trkpt>
   <trkpt lat="10.3260590" lon="123.8492240">
    <ele>154.4</ele>
    <time>2026-03-07T09:49:39Z</time>
   </trkpt>
   <trkpt lat="10.3260630" lon="123.8493110">
    <ele>154.5</ele>
    <time>2026-03-07T09:49:47Z</time>
   </trkpt>
   <trkpt lat="10.3260290" lon="123.8494820">
    <ele>154.8</ele>
    <time>2026-03-07T09:50:02Z</time>
   </trkpt>
   <trkpt lat="10.3259850" lon="123.8495340">
    <ele>154.9</ele>
    <time>2026-03-07T09:50:10Z</time>
   </trkpt>
   <trkpt lat="10.3259900" lon="123.8495470">
    <ele>154.9</ele>
    <time>2026-03-07T09:50:14Z</time>
   </trkpt>
   <trkpt lat="10.3259990" lon="123.8495260">
    <ele>154.9</ele>
    <time>2026-03-07T09:50:19Z</time>
   </trkpt>
   <trkpt lat="10.3258940" lon="123.8495830">
    <ele>155.0</ele>
    <time>2026-03-07T09:50:36Z</time>
   </trkpt>
   <trkpt lat="10.3259910" lon="123.8496450">
    <ele>155.1</ele>
    <time>2026-03-07T09:51:01Z</time>
   </trkpt>
   <trkpt lat="10.3260000" lon="123.8496300">
    <ele>155.2</ele>
    <time>2026-03-07T09:51:04Z</time>
   </trkpt>
   <trkpt lat="10.3259860" lon="123.8496010">
    <ele>155.2</ele>
    <time>2026-03-07T09:51:10Z</time>
   </trkpt>
   <trkpt lat="10.3260300" lon="123.8496030">
    <ele>155.3</ele>
    <time>2026-03-07T09:51:15Z</time>
   </trkpt>
   <trkpt lat="10.3260500" lon="123.8495890">
    <ele>155.3</ele>
    <time>2026-03-07T09:51:20Z</time>
   </trkpt>
   <trkpt lat="10.3260470" lon="123.8496060">
    <ele>155.3</ele>
    <time>2026-03-07T09:51:24Z</time>
   </trkpt>
   <trkpt lat="10.3260770" lon="123.8496530">
    <ele>155.4</ele>
    <time>2026-03-07T09:51:29Z</time>
   </trkpt>
   <trkpt lat="10.3261070" lon="123.8496760">
    <ele>155.5</ele>
    <time>2026-03-07T09:51:32Z</time>
   </trkpt>
   <trkpt lat="10.3261580" lon="123.8496830">
    <ele>155.6</ele>
    <time>2026-03-07T09:51:36Z</time>
   </trkpt>
   <trkpt lat="10.3261840" lon="123.8497110">
    <ele>155.7</ele>
    <time>2026-03-07T09:51:40Z</time>
   </trkpt>
   <trkpt lat="10.3261830" lon="123.8496830">
    <ele>155.7</ele>
    <time>2026-03-07T09:51:43Z</time>
   </trkpt>
   <trkpt lat="10.3262050" lon="123.8496780">
    <ele>155.8</ele>
    <time>2026-03-07T09:51:46Z</time>
   </trkpt>
   <trkpt lat="10.3262040" lon="123.8497090">
    <ele>155.9</ele>
    <time>2026-03-07T09:51:52Z</time>
   </trkpt>
   <trkpt lat="10.3262860" lon="123.8497240">
    <ele>156.0</ele>
    <time>2026-03-07T09:52:05Z</time>
   </trkpt>
   <trkpt lat="10.3262980" lon="123.8497140">
    <ele>156.1</ele>
    <time>2026-03-07T09:52:09Z</time>
   </trkpt>
   <trkpt lat="10.3263760" lon="123.8497560">
    <ele>156.3</ele>
    <time>2026-03-07T09:52:16Z</time>
   </trkpt>
   <trkpt lat="10.3263950" lon="123.8497910">
    <ele>156.4</ele>
    <time>2026-03-07T09:52:22Z</time>
   </trkpt>
   <trkpt lat="10.3264210" lon="123.8497780">
    <ele>156.5</ele>
    <time>2026-03-07T09:52:25Z</time>
   </trkpt>
   <trkpt lat="10.3264470" lon="123.8498420">
    <ele>156.6</ele>
    <time>2026-03-07T09:52:33Z</time>
   </trkpt>
   <trkpt lat="10.3264250" lon="123.8498820">
    <ele>156.7</ele>
    <time>2026-03-07T09:52:41Z</time>
   </trkpt>
   <trkpt lat="10.3264430" lon="123.8498840">
    <ele>156.7</ele>
    <time>2026-03-07T09:52:46Z</time>
   </trkpt>
   <trkpt lat="10.3264420" lon="123.8499110">
    <ele>156.8</ele>
    <time>2026-03-07T09:52:50Z</time>
   </trkpt>
   <trkpt lat="10.3264780" lon="123.8499610">
    <ele>156.9</ele>
    <time>2026-03-07T09:52:55Z</time>
   </trkpt>
   <trkpt lat="10.3264640" lon="123.8499870">
    <ele>157.0</ele>
    <time>2026-03-07T09:53:00Z</time>
   </trkpt>
   <trkpt lat="10.3265270" lon="123.8499520">
    <ele>157.1</ele>
    <time>2026-03-07T09:53:08Z</time>
   </trkpt>
   <trkpt lat="10.3265260" lon="123.8500630">
    <ele>157.6</ele>
    <time>2026-03-07T09:53:25Z</time>
   </trkpt>
   <trkpt lat="10.3265410" lon="123.8500480">
    <ele>157.8</ele>
    <time>2026-03-07T09:53:29Z</time>
   </trkpt>
   <trkpt lat="10.3265520" lon="123.8500650">
    <ele>157.8</ele>
    <time>2026-03-07T09:53:33Z</time>
   </trkpt>
   <trkpt lat="10.3265760" lon="123.8500550">
    <ele>158.0</ele>
    <time>2026-03-07T09:53:37Z</time>
   </trkpt>
   <trkpt lat="10.3265960" lon="123.8500710">
    <ele>158.1</ele>
    <time>2026-03-07T09:53:40Z</time>
   </trkpt>
   <trkpt lat="10.3265650" lon="123.8501020">
    <ele>158.4</ele>
    <time>2026-03-07T09:53:47Z</time>
   </trkpt>
   <trkpt lat="10.3265700" lon="123.8500810">
    <ele>158.4</ele>
    <time>2026-03-07T09:53:49Z</time>
   </trkpt>
   <trkpt lat="10.3265920" lon="123.8500870">
    <ele>158.5</ele>
    <time>2026-03-07T09:53:52Z</time>
   </trkpt>
   <trkpt lat="10.3266100" lon="123.8500670">
    <ele>158.7</ele>
    <time>2026-03-07T09:53:57Z</time>
   </trkpt>
   <trkpt lat="10.3266260" lon="123.8500180">
    <ele>158.9</ele>
    <time>2026-03-07T09:54:03Z</time>
   </trkpt>
   <trkpt lat="10.3266110" lon="123.8500080">
    <ele>159.1</ele>
    <time>2026-03-07T09:54:07Z</time>
   </trkpt>
   <trkpt lat="10.3266380" lon="123.8500120">
    <ele>159.3</ele>
    <time>2026-03-07T09:54:13Z</time>
   </trkpt>
   <trkpt lat="10.3266290" lon="123.8500720">
    <ele>159.6</ele>
    <time>2026-03-07T09:54:18Z</time>
   </trkpt>
   <trkpt lat="10.3266400" lon="123.8501130">
    <ele>159.9</ele>
    <time>2026-03-07T09:54:24Z</time>
   </trkpt>
   <trkpt lat="10.3266150" lon="123.8501530">
    <ele>160.3</ele>
    <time>2026-03-07T09:54:32Z</time>
   </trkpt>
   <trkpt lat="10.3265970" lon="123.8501620">
    <ele>160.5</ele>
    <time>2026-03-07T09:54:35Z</time>
   </trkpt>
   <trkpt lat="10.3266220" lon="123.8501390">
    <ele>160.8</ele>
    <time>2026-03-07T09:54:39Z</time>
   </trkpt>
   <trkpt lat="10.3266070" lon="123.8501170">
    <ele>161.1</ele>
    <time>2026-03-07T09:54:44Z</time>
   </trkpt>
   <trkpt lat="10.3266020" lon="123.8501450">
    <ele>161.5</ele>
    <time>2026-03-07T09:54:47Z</time>
   </trkpt>
   <trkpt lat="10.3265750" lon="123.8501570">
    <ele>161.8</ele>
    <time>2026-03-07T09:54:50Z</time>
   </trkpt>
   <trkpt lat="10.3265720" lon="123.8501770">
    <ele>162.1</ele>
    <time>2026-03-07T09:54:55Z</time>
   </trkpt>
   <trkpt lat="10.3265830" lon="123.8501740">
    <ele>162.3</ele>
    <time>2026-03-07T09:54:56Z</time>
   </trkpt>
   <trkpt lat="10.3265620" lon="123.8501650">
    <ele>162.5</ele>
    <time>2026-03-07T09:54:58Z</time>
   </trkpt>
   <trkpt lat="10.3264890" lon="123.8501810">
    <ele>163.4</ele>
    <time>2026-03-07T09:55:03Z</time>
   </trkpt>
   <trkpt lat="10.3264620" lon="123.8501680">
    <ele>163.8</ele>
    <time>2026-03-07T09:55:06Z</time>
   </trkpt>
   <trkpt lat="10.3264770" lon="123.8501560">
    <ele>164.1</ele>
    <time>2026-03-07T09:55:10Z</time>
   </trkpt>
   <trkpt lat="10.3264910" lon="123.8501980">
    <ele>164.8</ele>
    <time>2026-03-07T09:55:14Z</time>
   </trkpt>
   <trkpt lat="10.3264540" lon="123.8501680">
    <ele>165.5</ele>
    <time>2026-03-07T09:55:20Z</time>
   </trkpt>
   <trkpt lat="10.3264710" lon="123.8501370">
    <ele>166.0</ele>
    <time>2026-03-07T09:55:23Z</time>
   </trkpt>
   <trkpt lat="10.3264930" lon="123.8501510">
    <ele>166.4</ele>
    <time>2026-03-07T09:55:27Z</time>
   </trkpt>
   <trkpt lat="10.3264470" lon="123.8501850">
    <ele>166.9</ele>
    <time>2026-03-07T09:55:33Z</time>
   </trkpt>
   <trkpt lat="10.3265010" lon="123.8501730">
    <ele>167.4</ele>
    <time>2026-03-07T09:55:38Z</time>
   </trkpt>
   <trkpt lat="10.3265640" lon="123.8502020">
    <ele>167.5</ele>
    <time>2026-03-07T09:55:50Z</time>
   </trkpt>
   <trkpt lat="10.3266000" lon="123.8501650">
    <ele>167.5</ele>
    <time>2026-03-07T09:56:11Z</time>
   </trkpt>
   <trkpt lat="10.3266410" lon="123.8502520">
    <ele>167.1</ele>
    <time>2026-03-07T09:57:04Z</time>
   </trkpt>
   <trkpt lat="10.3265900" lon="123.8501810">
    <ele>166.7</ele>
    <time>2026-03-07T09:57:58Z</time>
   </trkpt>
   <trkpt lat="10.3266350" lon="123.8501680">
    <ele>166.4</ele>
    <time>2026-03-07T09:58:15Z</time>
   </trkpt>
   <trkpt lat="10.3267450" lon="123.8502580">
    <ele>166.4</ele>
    <time>2026-03-07T09:58:32Z</time>
   </trkpt>
   <trkpt lat="10.3267940" lon="123.8502270">
    <ele>166.5</ele>
    <time>2026-03-07T09:58:39Z</time>
   </trkpt>
   <trkpt lat="10.3268460" lon="123.8502600">
    <ele>166.7</ele>
    <time>2026-03-07T09:58:46Z</time>
   </trkpt>
   <trkpt lat="10.3268910" lon="123.8502620">
    <ele>166.8</ele>
    <time>2026-03-07T09:58:50Z</time>
   </trkpt>
   <trkpt lat="10.3269500" lon="123.8502430">
    <ele>166.9</ele>
    <time>2026-03-07T09:59:01Z</time>
   </trkpt>
   <trkpt lat="10.3269810" lon="123.8502840">
    <ele>167.0</ele>
    <time>2026-03-07T09:59:04Z</time>
   </trkpt>
   <trkpt lat="10.3270180" lon="123.8502980">
    <ele>167.1</ele>
    <time>2026-03-07T09:59:09Z</time>
   </trkpt>
   <trkpt lat="10.3270340" lon="123.8503200">
    <ele>167.1</ele>
    <time>2026-03-07T09:59:13Z</time>
   </trkpt>
   <trkpt lat="10.3270310" lon="123.8503810">
    <ele>167.3</ele>
    <time>2026-03-07T09:59:21Z</time>
   </trkpt>
   <trkpt lat="10.3269680" lon="123.8504200">
    <ele>167.4</ele>
    <time>2026-03-07T09:59:29Z</time>
   </trkpt>
   <trkpt lat="10.3269980" lon="123.8505560">
    <ele>167.9</ele>
    <time>2026-03-07T09:59:50Z</time>
   </trkpt>
   <trkpt lat="10.3269990" lon="123.8506020">
    <ele>168.1</ele>
    <time>2026-03-07T09:59:55Z</time>
   </trkpt>
   <trkpt lat="10.3269620" lon="123.8506360">
    <ele>168.3</ele>
    <time>2026-03-07T10:00:00Z</time>
   </trkpt>
   <trkpt lat="10.3269810" lon="123.8506690">
    <ele>168.4</ele>
    <time>2026-03-07T10:00:04Z</time>
   </trkpt>
   <trkpt lat="10.3270370" lon="123.8506730">
    <ele>168.5</ele>
    <time>2026-03-07T10:00:08Z</time>
   </trkpt>
   <trkpt lat="10.3270860" lon="123.8506990">
    <ele>168.6</ele>
    <time>2026-03-07T10:00:15Z</time>
   </trkpt>
   <trkpt lat="10.3271960" lon="123.8506860">
    <ele>168.7</ele>
    <time>2026-03-07T10:00:36Z</time>
   </trkpt>
   <trkpt lat="10.3272890" lon="123.8507210">
    <ele>168.8</ele>
    <time>2026-03-07T10:00:45Z</time>
   </trkpt>
   <trkpt lat="10.3273440" lon="123.8506940">
    <ele>168.8</ele>
    <time>2026-03-07T10:00:54Z</time>
   </trkpt>
   <trkpt lat="10.3274560" lon="123.8507020">
    <ele>169.0</ele>
    <time>2026-03-07T10:01:06Z</time>
   </trkpt>
   <trkpt lat="10.3274770" lon="123.8506770">
    <ele>169.1</ele>
    <time>2026-03-07T10:01:09Z</time>
   </trkpt>
   <trkpt lat="10.3275270" lon="123.8506740">
    <ele>169.2</ele>
    <time>2026-03-07T10:01:13Z</time>
   </trkpt>
   <trkpt lat="10.3275610" lon="123.8506480">
    <ele>169.3</ele>
    <time>2026-03-07T10:01:17Z</time>
   </trkpt>
   <trkpt lat="10.3276890" lon="123.8506270">
    <ele>169.8</ele>
    <time>2026-03-07T10:01:39Z</time>
   </trkpt>
   <trkpt lat="10.3277130" lon="123.8506050">
    <ele>170.0</ele>
    <time>2026-03-07T10:01:42Z</time>
   </trkpt>
   <trkpt lat="10.3277110" lon="123.8505650">
    <ele>170.1</ele>
    <time>2026-03-07T10:01:49Z</time>
   </trkpt>
   <trkpt lat="10.3278340" lon="123.8505510">
    <ele>170.4</ele>
    <time>2026-03-07T10:02:05Z</time>
   </trkpt>
   <trkpt lat="10.3278720" lon="123.8505830">
    <ele>170.4</ele>
    <time>2026-03-07T10:02:09Z</time>
   </trkpt>
   <trkpt lat="10.3279010" lon="123.8507260">
    <ele>170.5</ele>
    <time>2026-03-07T10:02:25Z</time>
   </trkpt>
   <trkpt lat="10.3279540" lon="123.8508110">
    <ele>170.7</ele>
    <time>2026-03-07T10:02:34Z</time>
   </trkpt>
   <trkpt lat="10.3279870" lon="123.8508090">
    <ele>170.8</ele>
    <time>2026-03-07T10:02:38Z</time>
   </trkpt>
   <trkpt lat="10.3280210" lon="123.8508680">
    <ele>171.1</ele>
    <time>2026-03-07T10:02:49Z</time>
   </trkpt>
   <trkpt lat="10.3280630" lon="123.8508610">
    <ele>171.4</ele>
    <time>2026-03-07T10:02:55Z</time>
   </trkpt>
   <trkpt lat="10.3281190" lon="123.8509400">
    <ele>172.7</ele>
    <time>2026-03-07T10:03:12Z</time>
   </trkpt>
   <trkpt lat="10.3281350" lon="123.8509110">
    <ele>173.4</ele>
    <time>2026-03-07T10:03:19Z</time>
   </trkpt>
   <trkpt lat="10.3281860" lon="123.8509050">
    <ele>174.6</ele>
    <time>2026-03-07T10:03:27Z</time>
   </trkpt>
   <trkpt lat="10.3282030" lon="123.8509430">
    <ele>175.9</ele>
    <time>2026-03-07T10:03:34Z</time>
   </trkpt>
   <trkpt lat="10.3282350" lon="123.8509700">
    <ele>177.3</ele>
    <time>2026-03-07T10:03:41Z</time>
   </trkpt>
   <trkpt lat="10.3282610" lon="123.8509650">
    <ele>178.3</ele>
    <time>2026-03-07T10:03:47Z</time>
   </trkpt>
   <trkpt lat="10.3282830" lon="123.8509950">
    <ele>179.7</ele>
    <time>2026-03-07T10:03:52Z</time>
   </trkpt>
   <trkpt lat="10.3284400" lon="123.8509230">
    <ele>187.3</ele>
    <time>2026-03-07T10:04:33Z</time>
   </trkpt>
   <trkpt lat="10.3284870" lon="123.8508610">
    <ele>190.3</ele>
    <time>2026-03-07T10:04:42Z</time>
   </trkpt>
   <trkpt lat="10.3284850" lon="123.8508890">
    <ele>191.6</ele>
    <time>2026-03-07T10:04:51Z</time>
   </trkpt>
   <trkpt lat="10.3284730" lon="123.8508170">
    <ele>194.2</ele>
    <time>2026-03-07T10:05:12Z</time>
   </trkpt>
   <trkpt lat="10.3285020" lon="123.8507890">
    <ele>195.7</ele>
    <time>2026-03-07T10:05:20Z</time>
   </trkpt>
   <trkpt lat="10.3285160" lon="123.8507340">
    <ele>197.4</ele>
    <time>2026-03-07T10:05:31Z</time>
   </trkpt>
   <trkpt lat="10.3285400" lon="123.8507150">
    <ele>198.3</ele>
    <time>2026-03-07T10:05:36Z</time>
   </trkpt>
   <trkpt lat="10.3285370" lon="123.8506280">
    <ele>200.4</ele>
    <time>2026-03-07T10:05:48Z</time>
   </trkpt>
   <trkpt lat="10.3285540" lon="123.8505830">
    <ele>201.5</ele>
    <time>2026-03-07T10:05:54Z</time>
   </trkpt>
   <trkpt lat="10.3286050" lon="123.8505700">
    <ele>202.7</ele>
    <time>2026-03-07T10:06:00Z</time>
   </trkpt>
   <trkpt lat="10.3286380" lon="123.8505110">
    <ele>204.2</ele>
    <time>2026-03-07T10:06:08Z</time>
   </trkpt>
   <trkpt lat="10.3287750" lon="123.8504200">
    <ele>208.6</ele>
    <time>2026-03-07T10:06:46Z</time>
   </trkpt>
   <trkpt lat="10.3288150" lon="123.8503640">
    <ele>210.0</ele>
    <time>2026-03-07T10:06:54Z</time>
   </trkpt>
   <trkpt lat="10.3288500" lon="123.8503470">
    <ele>210.7</ele>
    <time>2026-03-07T10:07:00Z</time>
   </trkpt>
   <trkpt lat="10.3288650" lon="123.8502840">
    <ele>211.9</ele>
    <time>2026-03-07T10:07:07Z</time>
   </trkpt>
   <trkpt lat="10.3289330" lon="123.8502620">
    <ele>213.2</ele>
    <time>2026-03-07T10:07:16Z</time>
   </trkpt>
   <trkpt lat="10.3289590" lon="123.8502350">
    <ele>213.9</ele>
    <time>2026-03-07T10:07:21Z</time>
   </trkpt>
   <trkpt lat="10.3289990" lon="123.8502290">
    <ele>214.5</ele>
    <time>2026-03-07T10:07:28Z</time>
   </trkpt>
   <trkpt lat="10.3290860" lon="123.8501760">
    <ele>216.2</ele>
    <time>2026-03-07T10:07:41Z</time>
   </trkpt>
   <trkpt lat="10.3291180" lon="123.8501830">
    <ele>216.8</ele>
    <time>2026-03-07T10:07:44Z</time>
   </trkpt>
   <trkpt lat="10.3291880" lon="123.8501660">
    <ele>218.1</ele>
    <time>2026-03-07T10:07:52Z</time>
   </trkpt>
   <trkpt lat="10.3291810" lon="123.8501520">
    <ele>218.5</ele>
    <time>2026-03-07T10:07:56Z</time>
   </trkpt>
   <trkpt lat="10.3292670" lon="123.8500680">
    <ele>221.6</ele>
    <time>2026-03-07T10:08:16Z</time>
   </trkpt>
   <trkpt lat="10.3292850" lon="123.8500070">
    <ele>223.4</ele>
    <time>2026-03-07T10:08:25Z</time>
   </trkpt>
   <trkpt lat="10.3293280" lon="123.8499950">
    <ele>225.0</ele>
    <time>2026-03-07T10:08:32Z</time>
   </trkpt>
   <trkpt lat="10.3293450" lon="123.8498800">
    <ele>228.9</ele>
    <time>2026-03-07T10:09:04Z</time>
   </trkpt>
   <trkpt lat="10.3294030" lon="123.8498270">
    <ele>231.4</ele>
    <time>2026-03-07T10:09:18Z</time>
   </trkpt>
   <trkpt lat="10.3294360" lon="123.8498310">
    <ele>232.7</ele>
    <time>2026-03-07T10:09:24Z</time>
   </trkpt>
   <trkpt lat="10.3294770" lon="123.8498650">
    <ele>234.8</ele>
    <time>2026-03-07T10:10:36Z</time>
   </trkpt>
   <trkpt lat="10.3293770" lon="123.8498330">
    <ele>238.4</ele>
    <time>2026-03-07T10:13:54Z</time>
   </trkpt>
   <trkpt lat="10.3293580" lon="123.8498080">
    <ele>239.1</ele>
    <time>2026-03-07T10:13:58Z</time>
   </trkpt>
   <trkpt lat="10.3294350" lon="123.8496270">
    <ele>241.2</ele>
    <time>2026-03-07T10:15:14Z</time>
   </trkpt>
   <trkpt lat="10.3294420" lon="123.8495520">
    <ele>241.5</ele>
    <time>2026-03-07T10:15:26Z</time>
   </trkpt>
   <trkpt lat="10.3294200" lon="123.8495070">
    <ele>241.7</ele>
    <time>2026-03-07T10:15:31Z</time>
   </trkpt>
   <trkpt lat="10.3294250" lon="123.8494830">
    <ele>241.9</ele>
    <time>2026-03-07T10:15:35Z</time>
   </trkpt>
   <trkpt lat="10.3294970" lon="123.8494220">
    <ele>242.9</ele>
    <time>2026-03-07T10:15:49Z</time>
   </trkpt>
   <trkpt lat="10.3295820" lon="123.8492830">
    <ele>244.9</ele>
    <time>2026-03-07T10:16:33Z</time>
   </trkpt>
   <trkpt lat="10.3296170" lon="123.8492840">
    <ele>245.3</ele>
    <time>2026-03-07T10:16:41Z</time>
   </trkpt>
   <trkpt lat="10.3297330" lon="123.8492420">
    <ele>246.0</ele>
    <time>2026-03-07T10:16:55Z</time>
   </trkpt>
   <trkpt lat="10.3298540" lon="123.8491310">
    <ele>246.8</ele>
    <time>2026-03-07T10:17:14Z</time>
   </trkpt>
   <trkpt lat="10.3299110" lon="123.8491150">
    <ele>247.3</ele>
    <time>2026-03-07T10:17:25Z</time>
   </trkpt>
   <trkpt lat="10.3299570" lon="123.8491200">
    <ele>247.7</ele>
    <time>2026-03-07T10:17:32Z</time>
   </trkpt>
   <trkpt lat="10.3299700" lon="123.8491040">
    <ele>247.8</ele>
    <time>2026-03-07T10:17:37Z</time>
   </trkpt>
   <trkpt lat="10.3300260" lon="123.8491260">
    <ele>248.4</ele>
    <time>2026-03-07T10:17:45Z</time>
   </trkpt>
   <trkpt lat="10.3301060" lon="123.8490820">
    <ele>249.4</ele>
    <time>2026-03-07T10:17:54Z</time>
   </trkpt>
   <trkpt lat="10.3302780" lon="123.8488360">
    <ele>253.2</ele>
    <time>2026-03-07T10:18:28Z</time>
   </trkpt>
   <trkpt lat="10.3302900" lon="123.8487930">
    <ele>253.6</ele>
    <time>2026-03-07T10:18:34Z</time>
   </trkpt>
   <trkpt lat="10.3303230" lon="123.8487610">
    <ele>253.9</ele>
    <time>2026-03-07T10:18:41Z</time>
   </trkpt>
   <trkpt lat="10.3303680" lon="123.8487500">
    <ele>254.2</ele>
    <time>2026-03-07T10:18:47Z</time>
   </trkpt>
   <trkpt lat="10.3304920" lon="123.8486670">
    <ele>255.0</ele>
    <time>2026-03-07T10:19:04Z</time>
   </trkpt>
   <trkpt lat="10.3305910" lon="123.8485160">
    <ele>255.7</ele>
    <time>2026-03-07T10:19:26Z</time>
   </trkpt>
   <trkpt lat="10.3307770" lon="123.8483100">
    <ele>254.7</ele>
    <time>2026-03-07T10:19:59Z</time>
   </trkpt>
   <trkpt lat="10.3308500" lon="123.8481560">
    <ele>254.2</ele>
    <time>2026-03-07T10:20:20Z</time>
   </trkpt>
   <trkpt lat="10.3309230" lon="123.8481130">
    <ele>254.2</ele>
    <time>2026-03-07T10:20:33Z</time>
   </trkpt>
   <trkpt lat="10.3309530" lon="123.8480470">
    <ele>254.3</ele>
    <time>2026-03-07T10:20:43Z</time>
   </trkpt>
   <trkpt lat="10.3309520" lon="123.8479740">
    <ele>254.5</ele>
    <time>2026-03-07T10:20:55Z</time>
   </trkpt>
   <trkpt lat="10.3309990" lon="123.8478840">
    <ele>255.2</ele>
    <time>2026-03-07T10:21:07Z</time>
   </trkpt>
   <trkpt lat="10.3310140" lon="123.8477730">
    <ele>256.7</ele>
    <time>2026-03-07T10:21:23Z</time>
   </trkpt>
   <trkpt lat="10.3310600" lon="123.8477430">
    <ele>257.6</ele>
    <time>2026-03-07T10:21:30Z</time>
   </trkpt>
   <trkpt lat="10.3311330" lon="123.8475920">
    <ele>260.7</ele>
    <time>2026-03-07T10:21:53Z</time>
   </trkpt>
   <trkpt lat="10.3311740" lon="123.8475590">
    <ele>261.7</ele>
    <time>2026-03-07T10:21:59Z</time>
   </trkpt>
   <trkpt lat="10.3312210" lon="123.8475720">
    <ele>262.6</ele>
    <time>2026-03-07T10:22:13Z</time>
   </trkpt>
   <trkpt lat="10.3312540" lon="123.8475410">
    <ele>263.4</ele>
    <time>2026-03-07T10:22:36Z</time>
   </trkpt>
   <trkpt lat="10.3313070" lon="123.8474720">
    <ele>264.8</ele>
    <time>2026-03-07T10:23:09Z</time>
   </trkpt>
   <trkpt lat="10.3312980" lon="123.8474250">
    <ele>265.9</ele>
    <time>2026-03-07T10:24:39Z</time>
   </trkpt>
   <trkpt lat="10.3313410" lon="123.8473840">
    <ele>267.4</ele>
    <time>2026-03-07T10:24:48Z</time>
   </trkpt>
   <trkpt lat="10.3313600" lon="123.8472600">
    <ele>271.6</ele>
    <time>2026-03-07T10:25:04Z</time>
   </trkpt>
   <trkpt lat="10.3313540" lon="123.8472020">
    <ele>273.9</ele>
    <time>2026-03-07T10:25:13Z</time>
   </trkpt>
   <trkpt lat="10.3314140" lon="123.8471130">
    <ele>278.2</ele>
    <time>2026-03-07T10:25:31Z</time>
   </trkpt>
   <trkpt lat="10.3314070" lon="123.8471030">
    <ele>278.8</ele>
    <time>2026-03-07T10:25:37Z</time>
   </trkpt>
   <trkpt lat="10.3314430" lon="123.8470180">
    <ele>282.2</ele>
    <time>2026-03-07T10:26:22Z</time>
   </trkpt>
   <trkpt lat="10.3314280" lon="123.8470080">
    <ele>282.8</ele>
    <time>2026-03-07T10:26:29Z</time>
   </trkpt>
   <trkpt lat="10.3314380" lon="123.8469900">
    <ele>283.5</ele>
    <time>2026-03-07T10:26:37Z</time>
   </trkpt>
   <trkpt lat="10.3314300" lon="123.8469490">
    <ele>284.9</ele>
    <time>2026-03-07T10:26:55Z</time>
   </trkpt>
   <trkpt lat="10.3314520" lon="123.8468760">
    <ele>287.4</ele>
    <time>2026-03-07T10:27:34Z</time>
   </trkpt>
   <trkpt lat="10.3314740" lon="123.8468530">
    <ele>288.4</ele>
    <time>2026-03-07T10:27:53Z</time>
   </trkpt>
   <trkpt lat="10.3314540" lon="123.8468140">
    <ele>290.3</ele>
    <time>2026-03-07T10:28:50Z</time>
   </trkpt>
   <trkpt lat="10.3314560" lon="123.8467700">
    <ele>292.2</ele>
    <time>2026-03-07T10:29:03Z</time>
   </trkpt>
   <trkpt lat="10.3314770" lon="123.8467470">
    <ele>293.6</ele>
    <time>2026-03-07T10:29:07Z</time>
   </trkpt>
   <trkpt lat="10.3314950" lon="123.8467500">
    <ele>294.6</ele>
    <time>2026-03-07T10:29:12Z</time>
   </trkpt>
   <trkpt lat="10.3315130" lon="123.8467190">
    <ele>296.5</ele>
    <time>2026-03-07T10:29:18Z</time>
   </trkpt>
   <trkpt lat="10.3314730" lon="123.8466910">
    <ele>299.2</ele>
    <time>2026-03-07T10:29:28Z</time>
   </trkpt>
   <trkpt lat="10.3314910" lon="123.8466670">
    <ele>300.8</ele>
    <time>2026-03-07T10:29:33Z</time>
   </trkpt>
   <trkpt lat="10.3314870" lon="123.8466510">
    <ele>301.6</ele>
    <time>2026-03-07T10:29:46Z</time>
   </trkpt>
   <trkpt lat="10.3314630" lon="123.8466600">
    <ele>303.0</ele>
    <time>2026-03-07T10:29:59Z</time>
   </trkpt>
   <trkpt lat="10.3314450" lon="123.8466480">
    <ele>304.2</ele>
    <time>2026-03-07T10:30:18Z</time>
   </trkpt>
   <trkpt lat="10.3314570" lon="123.8466370">
    <ele>305.1</ele>
    <time>2026-03-07T10:30:24Z</time>
   </trkpt>
   <trkpt lat="10.3314330" lon="123.8466430">
    <ele>306.6</ele>
    <time>2026-03-07T10:30:58Z</time>
   </trkpt>
   <trkpt lat="10.3314550" lon="123.8466340">
    <ele>307.9</ele>
    <time>2026-03-07T10:31:44Z</time>
   </trkpt>
   <trkpt lat="10.3314670" lon="123.8466470">
    <ele>308.8</ele>
    <time>2026-03-07T10:31:48Z</time>
   </trkpt>
   <trkpt lat="10.3314570" lon="123.8466330">
    <ele>309.8</ele>
    <time>2026-03-07T10:32:13Z</time>
   </trkpt>
   <trkpt lat="10.3315020" lon="123.8465870">
    <ele>313.5</ele>
    <time>2026-03-07T10:33:09Z</time>
   </trkpt>
   <trkpt lat="10.3315670" lon="123.8465610">
    <ele>317.4</ele>
    <time>2026-03-07T10:33:17Z</time>
   </trkpt>
   <trkpt lat="10.3315970" lon="123.8465650">
    <ele>319.1</ele>
    <time>2026-03-07T10:33:24Z</time>
   </trkpt>
   <trkpt lat="10.3315900" lon="123.8465850">
    <ele>320.2</ele>
    <time>2026-03-07T10:33:28Z</time>
   </trkpt>
   <trkpt lat="10.3316140" lon="123.8466210">
    <ele>322.4</ele>
    <time>2026-03-07T10:33:34Z</time>
   </trkpt>
   <trkpt lat="10.3317170" lon="123.8466120">
    <ele>326.6</ele>
    <time>2026-03-07T10:33:50Z</time>
   </trkpt>
   <trkpt lat="10.3318680" lon="123.8464020">
    <ele>332.4</ele>
    <time>2026-03-07T10:34:31Z</time>
   </trkpt>
   <trkpt lat="10.3318740" lon="123.8463560">
    <ele>333.0</ele>
    <time>2026-03-07T10:34:38Z</time>
   </trkpt>
   <trkpt lat="10.3319390" lon="123.8463160">
    <ele>334.2</ele>
    <time>2026-03-07T10:34:47Z</time>
   </trkpt>
   <trkpt lat="10.3319420" lon="123.8462980">
    <ele>334.5</ele>
    <time>2026-03-07T10:34:52Z</time>
   </trkpt>
   <trkpt lat="10.3319190" lon="123.8462650">
    <ele>335.2</ele>
    <time>2026-03-07T10:35:00Z</time>
   </trkpt>
   <trkpt lat="10.3319420" lon="123.8462180">
    <ele>336.4</ele>
    <time>2026-03-07T10:35:13Z</time>
   </trkpt>
   <trkpt lat="10.3319170" lon="123.8461160">
    <ele>339.3</ele>
    <time>2026-03-07T10:35:29Z</time>
   </trkpt>
   <trkpt lat="10.3318910" lon="123.8461020">
    <ele>340.5</ele>
    <time>2026-03-07T10:35:36Z</time>
   </trkpt>
   <trkpt lat="10.3318670" lon="123.8461630">
    <ele>343.1</ele>
    <time>2026-03-07T10:35:57Z</time>
   </trkpt>
   <trkpt lat="10.3318690" lon="123.8461980">
    <ele>344.5</ele>
    <time>2026-03-07T10:36:02Z</time>
   </trkpt>
   <trkpt lat="10.3318610" lon="123.8461490">
    <ele>346.5</ele>
    <time>2026-03-07T10:36:16Z</time>
   </trkpt>
   <trkpt lat="10.3318800" lon="123.8460820">
    <ele>349.6</ele>
    <time>2026-03-07T10:36:27Z</time>
   </trkpt>
   <trkpt lat="10.3319270" lon="123.8460200">
    <ele>352.9</ele>
    <time>2026-03-07T10:36:38Z</time>
   </trkpt>
   <trkpt lat="10.3319120" lon="123.8459640">
    <ele>355.7</ele>
    <time>2026-03-07T10:36:50Z</time>
   </trkpt>
   <trkpt lat="10.3319190" lon="123.8459230">
    <ele>357.7</ele>
    <time>2026-03-07T10:37:01Z</time>
   </trkpt>
   <trkpt lat="10.3319670" lon="123.8458950">
    <ele>360.5</ele>
    <time>2026-03-07T10:37:18Z</time>
   </trkpt>
   <trkpt lat="10.3319720" lon="123.8459120">
    <ele>361.6</ele>
    <time>2026-03-07T10:38:23Z</time>
   </trkpt>
   <trkpt lat="10.3320160" lon="123.8459090">
    <ele>363.9</ele>
    <time>2026-03-07T10:38:31Z</time>
   </trkpt>
   <trkpt lat="10.3320190" lon="123.8458140">
    <ele>368.5</ele>
    <time>2026-03-07T10:38:50Z</time>
   </trkpt>
   <trkpt lat="10.3320740" lon="123.8457510">
    <ele>372.1</ele>
    <time>2026-03-07T10:39:16Z</time>
   </trkpt>
   <trkpt lat="10.3320750" lon="123.8457050">
    <ele>373.9</ele>
    <time>2026-03-07T10:39:28Z</time>
   </trkpt>
   <trkpt lat="10.3321130" lon="123.8456580">
    <ele>376.0</ele>
    <time>2026-03-07T10:39:45Z</time>
   </trkpt>
   <trkpt lat="10.3321060" lon="123.8456270">
    <ele>377.1</ele>
    <time>2026-03-07T10:41:08Z</time>
   </trkpt>
   <trkpt lat="10.3321410" lon="123.8455740">
    <ele>379.0</ele>
    <time>2026-03-07T10:41:30Z</time>
   </trkpt>
   <trkpt lat="10.3321980" lon="123.8455630">
    <ele>380.8</ele>
    <time>2026-03-07T10:41:41Z</time>
   </trkpt>
   <trkpt lat="10.3322690" lon="123.8454940">
    <ele>383.8</ele>
    <time>2026-03-07T10:41:56Z</time>
   </trkpt>
   <trkpt lat="10.3322910" lon="123.8454060">
    <ele>386.4</ele>
    <time>2026-03-07T10:42:13Z</time>
   </trkpt>
   <trkpt lat="10.3323090" lon="123.8453730">
    <ele>387.4</ele>
    <time>2026-03-07T10:42:19Z</time>
   </trkpt>
   <trkpt lat="10.3323270" lon="123.8453680">
    <ele>387.9</ele>
    <time>2026-03-07T10:42:24Z</time>
   </trkpt>
   <trkpt lat="10.3323510" lon="123.8453080">
    <ele>389.7</ele>
    <time>2026-03-07T10:42:35Z</time>
   </trkpt>
   <trkpt lat="10.3323240" lon="123.8452300">
    <ele>391.8</ele>
    <time>2026-03-07T10:42:45Z</time>
   </trkpt>
   <trkpt lat="10.3322910" lon="123.8451940">
    <ele>393.0</ele>
    <time>2026-03-07T10:42:54Z</time>
   </trkpt>
   <trkpt lat="10.3322750" lon="123.8452030">
    <ele>393.4</ele>
    <time>2026-03-07T10:43:00Z</time>
   </trkpt>
   <trkpt lat="10.3322730" lon="123.8451730">
    <ele>393.9</ele>
    <time>2026-03-07T10:43:34Z</time>
   </trkpt>
   <trkpt lat="10.3323190" lon="123.8451430">
    <ele>394.6</ele>
    <time>2026-03-07T10:43:40Z</time>
   </trkpt>
   <trkpt lat="10.3323330" lon="123.8450770">
    <ele>395.1</ele>
    <time>2026-03-07T10:43:49Z</time>
   </trkpt>
   <trkpt lat="10.3324000" lon="123.8450230">
    <ele>395.3</ele>
    <time>2026-03-07T10:43:58Z</time>
   </trkpt>
   <trkpt lat="10.3324330" lon="123.8449560">
    <ele>395.5</ele>
    <time>2026-03-07T10:44:08Z</time>
   </trkpt>
   <trkpt lat="10.3324900" lon="123.8448890">
    <ele>396.2</ele>
    <time>2026-03-07T10:44:18Z</time>
   </trkpt>
   <trkpt lat="10.3324940" lon="123.8447770">
    <ele>398.2</ele>
    <time>2026-03-07T10:44:30Z</time>
   </trkpt>
   <trkpt lat="10.3325200" lon="123.8447780">
    <ele>398.8</ele>
    <time>2026-03-07T10:44:35Z</time>
   </trkpt>
   <trkpt lat="10.3326200" lon="123.8447020">
    <ele>402.0</ele>
    <time>2026-03-07T10:44:50Z</time>
   </trkpt>
   <trkpt lat="10.3326530" lon="123.8446470">
    <ele>403.7</ele>
    <time>2026-03-07T10:44:59Z</time>
   </trkpt>
   <trkpt lat="10.3326890" lon="123.8446290">
    <ele>404.6</ele>
    <time>2026-03-07T10:45:05Z</time>
   </trkpt>
   <trkpt lat="10.3327130" lon="123.8445970">
    <ele>405.5</ele>
    <time>2026-03-07T10:45:10Z</time>
   </trkpt>
   <trkpt lat="10.3327730" lon="123.8445830">
    <ele>406.6</ele>
    <time>2026-03-07T10:45:16Z</time>
   </trkpt>
   <trkpt lat="10.3327990" lon="123.8445040">
    <ele>407.9</ele>
    <time>2026-03-07T10:45:27Z</time>
   </trkpt>
   <trkpt lat="10.3327880" lon="123.8444140">
    <ele>409.0</ele>
    <time>2026-03-07T10:45:37Z</time>
   </trkpt>
   <trkpt lat="10.3328380" lon="123.8443530">
    <ele>409.7</ele>
    <time>2026-03-07T10:45:46Z</time>
   </trkpt>
   <trkpt lat="10.3328400" lon="123.8443150">
    <ele>409.9</ele>
    <time>2026-03-07T10:45:52Z</time>
   </trkpt>
   <trkpt lat="10.3328990" lon="123.8442150">
    <ele>410.4</ele>
    <time>2026-03-07T10:46:07Z</time>
   </trkpt>
   <trkpt lat="10.3329040" lon="123.8441370">
    <ele>410.8</ele>
    <time>2026-03-07T10:46:15Z</time>
   </trkpt>
   <trkpt lat="10.3329250" lon="123.8440770">
    <ele>411.4</ele>
    <time>2026-03-07T10:46:24Z</time>
   </trkpt>
   <trkpt lat="10.3329510" lon="123.8440670">
    <ele>411.7</ele>
    <time>2026-03-07T10:46:28Z</time>
   </trkpt>
   <trkpt lat="10.3329640" lon="123.8439940">
    <ele>412.8</ele>
    <time>2026-03-07T10:47:21Z</time>
   </trkpt>
   <trkpt lat="10.3329980" lon="123.8439840">
    <ele>413.4</ele>
    <time>2026-03-07T10:47:26Z</time>
   </trkpt>
   <trkpt lat="10.3330820" lon="123.8440080">
    <ele>415.1</ele>
    <time>2026-03-07T10:47:52Z</time>
   </trkpt>
   <trkpt lat="10.3330460" lon="123.8439720">
    <ele>416.1</ele>
    <time>2026-03-07T10:49:14Z</time>
   </trkpt>
   <trkpt lat="10.3330630" lon="123.8440320">
    <ele>417.4</ele>
    <time>2026-03-07T10:49:30Z</time>
   </trkpt>
   <trkpt lat="10.3331230" lon="123.8439640">
    <ele>419.4</ele>
    <time>2026-03-07T10:49:58Z</time>
   </trkpt>
   <trkpt lat="10.3331670" lon="123.8439640">
    <ele>420.4</ele>
    <time>2026-03-07T10:50:06Z</time>
   </trkpt>
   <trkpt lat="10.3331890" lon="123.8439460">
    <ele>421.0</ele>
    <time>2026-03-07T10:50:12Z</time>
   </trkpt>
   <trkpt lat="10.3331690" lon="123.8437670">
    <ele>424.2</ele>
    <time>2026-03-07T10:50:31Z</time>
   </trkpt>
   <trkpt lat="10.3332740" lon="123.8435380">
    <ele>428.6</ele>
    <time>2026-03-07T10:51:03Z</time>
   </trkpt>
   <trkpt lat="10.3332430" lon="123.8434530">
    <ele>430.2</ele>
    <time>2026-03-07T10:51:14Z</time>
   </trkpt>
   <trkpt lat="10.3332550" lon="123.8432910">
    <ele>433.2</ele>
    <time>2026-03-07T10:51:36Z</time>
   </trkpt>
   <trkpt lat="10.3332730" lon="123.8432200">
    <ele>434.8</ele>
    <time>2026-03-07T10:51:45Z</time>
   </trkpt>
   <trkpt lat="10.3333610" lon="123.8431500">
    <ele>437.8</ele>
    <time>2026-03-07T10:52:04Z</time>
   </trkpt>
   <trkpt lat="10.3333750" lon="123.8430950">
    <ele>439.4</ele>
    <time>2026-03-07T10:52:11Z</time>
   </trkpt>
   <trkpt lat="10.3333680" lon="123.8430250">
    <ele>441.4</ele>
    <time>2026-03-07T10:52:19Z</time>
   </trkpt>
   <trkpt lat="10.3334020" lon="123.8430130">
    <ele>442.4</ele>
    <time>2026-03-07T10:52:26Z</time>
   </trkpt>
   <trkpt lat="10.3334470" lon="123.8429290">
    <ele>445.3</ele>
    <time>2026-03-07T10:52:41Z</time>
   </trkpt>
   <trkpt lat="10.3335380" lon="123.8428830">
    <ele>449.1</ele>
    <time>2026-03-07T10:53:55Z</time>
   </trkpt>
   <trkpt lat="10.3335690" lon="123.8428350">
    <ele>451.2</ele>
    <time>2026-03-07T10:54:05Z</time>
   </trkpt>
   <trkpt lat="10.3336200" lon="123.8428060">
    <ele>453.4</ele>
    <time>2026-03-07T10:54:12Z</time>
   </trkpt>
   <trkpt lat="10.3336510" lon="123.8427500">
    <ele>455.6</ele>
    <time>2026-03-07T10:54:20Z</time>
   </trkpt>
   <trkpt lat="10.3337180" lon="123.8427300">
    <ele>457.7</ele>
    <time>2026-03-07T10:54:29Z</time>
   </trkpt>
   <trkpt lat="10.3339100" lon="123.8424700">
    <ele>464.5</ele>
    <time>2026-03-07T10:58:52Z</time>
   </trkpt>
   <trkpt lat="10.3339650" lon="123.8424390">
    <ele>465.4</ele>
    <time>2026-03-07T10:59:00Z</time>
   </trkpt>
   <trkpt lat="10.3339910" lon="123.8423540">
    <ele>466.9</ele>
    <time>2026-03-07T10:59:07Z</time>
   </trkpt>
   <trkpt lat="10.3340170" lon="123.8423430">
    <ele>467.6</ele>
    <time>2026-03-07T10:59:12Z</time>
   </trkpt>
   <trkpt lat="10.3339960" lon="123.8423200">
    <ele>468.4</ele>
    <time>2026-03-07T10:59:18Z</time>
   </trkpt>
   <trkpt lat="10.3340280" lon="123.8422710">
    <ele>470.1</ele>
    <time>2026-03-07T10:59:26Z</time>
   </trkpt>
   <trkpt lat="10.3340140" lon="123.8421720">
    <ele>474.2</ele>
    <time>2026-03-07T10:59:45Z</time>
   </trkpt>
   <trkpt lat="10.3340300" lon="123.8420970">
    <ele>477.4</ele>
    <time>2026-03-07T10:59:57Z</time>
   </trkpt>
   <trkpt lat="10.3339680" lon="123.8419540">
    <ele>483.2</ele>
    <time>2026-03-07T11:01:18Z</time>
   </trkpt>
   <trkpt lat="10.3339720" lon="123.8418840">
    <ele>484.7</ele>
    <time>2026-03-07T11:01:24Z</time>
   </trkpt>
   <trkpt lat="10.3339570" lon="123.8418560">
    <ele>485.4</ele>
    <time>2026-03-07T11:01:28Z</time>
   </trkpt>
   <trkpt lat="10.3339560" lon="123.8419450">
    <ele>486.1</ele>
    <time>2026-03-07T11:02:21Z</time>
   </trkpt>
   <trkpt lat="10.3339740" lon="123.8419870">
    <ele>486.5</ele>
    <time>2026-03-07T11:05:11Z</time>
   </trkpt>
   <trkpt lat="10.3340860" lon="123.8419700">
    <ele>487.5</ele>
    <time>2026-03-07T11:05:33Z</time>
   </trkpt>
   <trkpt lat="10.3341650" lon="123.8419860">
    <ele>488.1</ele>
    <time>2026-03-07T11:05:45Z</time>
   </trkpt>
   <trkpt lat="10.3342370" lon="123.8419680">
    <ele>488.5</ele>
    <time>2026-03-07T11:05:54Z</time>
   </trkpt>
   <trkpt lat="10.3343720" lon="123.8419760">
    <ele>488.8</ele>
    <time>2026-03-07T11:06:06Z</time>
   </trkpt>
   <trkpt lat="10.3344200" lon="123.8419660">
    <ele>488.8</ele>
    <time>2026-03-07T11:06:11Z</time>
   </trkpt>
   <trkpt lat="10.3344610" lon="123.8419860">
    <ele>488.8</ele>
    <time>2026-03-07T11:06:16Z</time>
   </trkpt>
   <trkpt lat="10.3346210" lon="123.8419930">
    <ele>488.5</ele>
    <time>2026-03-07T11:06:33Z</time>
   </trkpt>
   <trkpt lat="10.3348070" lon="123.8420820">
    <ele>488.2</ele>
    <time>2026-03-07T11:06:53Z</time>
   </trkpt>
   <trkpt lat="10.3348500" lon="123.8420840">
    <ele>488.2</ele>
    <time>2026-03-07T11:06:58Z</time>
   </trkpt>
   <trkpt lat="10.3349510" lon="123.8421560">
    <ele>488.0</ele>
    <time>2026-03-07T11:07:10Z</time>
   </trkpt>
   <trkpt lat="10.3351560" lon="123.8422490">
    <ele>487.7</ele>
    <time>2026-03-07T11:07:32Z</time>
   </trkpt>
   <trkpt lat="10.3352020" lon="123.8422510">
    <ele>487.7</ele>
    <time>2026-03-07T11:07:36Z</time>
   </trkpt>
   <trkpt lat="10.3354040" lon="123.8423150">
    <ele>487.9</ele>
    <time>2026-03-07T11:07:54Z</time>
   </trkpt>
   <trkpt lat="10.3356130" lon="123.8423530">
    <ele>488.9</ele>
    <time>2026-03-07T11:08:11Z</time>
   </trkpt>
   <trkpt lat="10.3356670" lon="123.8423410">
    <ele>489.3</ele>
    <time>2026-03-07T11:08:18Z</time>
   </trkpt>
   <trkpt lat="10.3358420" lon="123.8423710">
    <ele>491.1</ele>
    <time>2026-03-07T11:08:35Z</time>
   </trkpt>
   <trkpt lat="10.3359580" lon="123.8423680">
    <ele>492.6</ele>
    <time>2026-03-07T11:08:49Z</time>
   </trkpt>
   <trkpt lat="10.3360200" lon="123.8423560">
    <ele>493.5</ele>
    <time>2026-03-07T11:08:58Z</time>
   </trkpt>
   <trkpt lat="10.3360430" lon="123.8423370">
    <ele>493.9</ele>
    <time>2026-03-07T11:09:01Z</time>
   </trkpt>
   <trkpt lat="10.3360900" lon="123.8423350">
    <ele>494.5</ele>
    <time>2026-03-07T11:09:06Z</time>
   </trkpt>
   <trkpt lat="10.3362550" lon="123.8424160">
    <ele>496.9</ele>
    <time>2026-03-07T11:09:24Z</time>
   </trkpt>
   <trkpt lat="10.3363010" lon="123.8424060">
    <ele>497.4</ele>
    <time>2026-03-07T11:09:29Z</time>
   </trkpt>
   <trkpt lat="10.3363850" lon="123.8424310">
    <ele>498.4</ele>
    <time>2026-03-07T11:09:39Z</time>
   </trkpt>
   <trkpt lat="10.3364800" lon="123.8424890">
    <ele>499.5</ele>
    <time>2026-03-07T11:09:52Z</time>
   </trkpt>
   <trkpt lat="10.3365310" lon="123.8425030">
    <ele>500.0</ele>
    <time>2026-03-07T11:09:59Z</time>
   </trkpt>
   <trkpt lat="10.3365790" lon="123.8424840">
    <ele>500.3</ele>
    <time>2026-03-07T11:10:05Z</time>
   </trkpt>
   <trkpt lat="10.3366270" lon="123.8424950">
    <ele>500.7</ele>
    <time>2026-03-07T11:10:12Z</time>
   </trkpt>
   <trkpt lat="10.3366520" lon="123.8425930">
    <ele>501.2</ele>
    <time>2026-03-07T11:10:25Z</time>
   </trkpt>
   <trkpt lat="10.3366010" lon="123.8426110">
    <ele>501.4</ele>
    <time>2026-03-07T11:11:18Z</time>
   </trkpt>
   <trkpt lat="10.3367090" lon="123.8427210">
    <ele>500.8</ele>
    <time>2026-03-07T11:18:01Z</time>
   </trkpt>
   <trkpt lat="10.3366940" lon="123.8426170">
    <ele>500.4</ele>
    <time>2026-03-07T11:18:54Z</time>
   </trkpt>
   <trkpt lat="10.3366840" lon="123.8426240">
    <ele>500.4</ele>
    <time>2026-03-07T11:18:57Z</time>
   </trkpt>
   <trkpt lat="10.3367270" lon="123.8426500">
    <ele>500.2</ele>
    <time>2026-03-07T11:19:04Z</time>
   </trkpt>
   <trkpt lat="10.3367840" lon="123.8427340">
    <ele>499.8</ele>
    <time>2026-03-07T11:19:15Z</time>
   </trkpt>
   <trkpt lat="10.3369100" lon="123.8428490">
    <ele>499.0</ele>
    <time>2026-03-07T11:19:33Z</time>
   </trkpt>
   <trkpt lat="10.3370190" lon="123.8430530">
    <ele>497.6</ele>
    <time>2026-03-07T11:19:55Z</time>
   </trkpt>
   <trkpt lat="10.3370590" lon="123.8430880">
    <ele>497.1</ele>
    <time>2026-03-07T11:20:00Z</time>
   </trkpt>
   <trkpt lat="10.3371130" lon="123.8431750">
    <ele>496.2</ele>
    <time>2026-03-07T11:20:10Z</time>
   </trkpt>
   <trkpt lat="10.3371260" lon="123.8432290">
    <ele>495.7</ele>
    <time>2026-03-07T11:20:16Z</time>
   </trkpt>
   <trkpt lat="10.3371860" lon="123.8433350">
    <ele>494.5</ele>
    <time>2026-03-07T11:20:29Z</time>
   </trkpt>
   <trkpt lat="10.3372800" lon="123.8434680">
    <ele>492.9</ele>
    <time>2026-03-07T11:20:47Z</time>
   </trkpt>
   <trkpt lat="10.3372850" lon="123.8435440">
    <ele>492.2</ele>
    <time>2026-03-07T11:20:55Z</time>
   </trkpt>
   <trkpt lat="10.3373150" lon="123.8436230">
    <ele>491.3</ele>
    <time>2026-03-07T11:21:02Z</time>
   </trkpt>
   <trkpt lat="10.3373110" lon="123.8436830">
    <ele>490.6</ele>
    <time>2026-03-07T11:21:08Z</time>
   </trkpt>
   <trkpt lat="10.3374070" lon="123.8438490">
    <ele>488.2</ele>
    <time>2026-03-07T11:21:26Z</time>
   </trkpt>
   <trkpt lat="10.3374350" lon="123.8439580">
    <ele>486.6</ele>
    <time>2026-03-07T11:21:38Z</time>
   </trkpt>
   <trkpt lat="10.3374870" lon="123.8440420">
    <ele>485.2</ele>
    <time>2026-03-07T11:21:48Z</time>
   </trkpt>
   <trkpt lat="10.3375760" lon="123.8441400">
    <ele>483.6</ele>
    <time>2026-03-07T11:21:57Z</time>
   </trkpt>
   <trkpt lat="10.3376020" lon="123.8441990">
    <ele>482.8</ele>
    <time>2026-03-07T11:22:03Z</time>
   </trkpt>
   <trkpt lat="10.3376440" lon="123.8442200">
    <ele>482.3</ele>
    <time>2026-03-07T11:22:07Z</time>
   </trkpt>
   <trkpt lat="10.3376490" lon="123.8442640">
    <ele>481.8</ele>
    <time>2026-03-07T11:22:11Z</time>
   </trkpt>
   <trkpt lat="10.3376730" lon="123.8442920">
    <ele>481.3</ele>
    <time>2026-03-07T11:22:15Z</time>
   </trkpt>
   <trkpt lat="10.3376620" lon="123.8443400">
    <ele>480.8</ele>
    <time>2026-03-07T11:22:22Z</time>
   </trkpt>
   <trkpt lat="10.3376740" lon="123.8443710">
    <ele>480.4</ele>
    <time>2026-03-07T11:22:27Z</time>
   </trkpt>
   <trkpt lat="10.3376970" lon="123.8443830">
    <ele>480.1</ele>
    <time>2026-03-07T11:22:34Z</time>
   </trkpt>
   <trkpt lat="10.3377130" lon="123.8443670">
    <ele>479.9</ele>
    <time>2026-03-07T11:22:40Z</time>
   </trkpt>
   <trkpt lat="10.3376900" lon="123.8443040">
    <ele>479.2</ele>
    <time>2026-03-07T11:23:12Z</time>
   </trkpt>
   <trkpt lat="10.3377560" lon="123.8444150">
    <ele>477.6</ele>
    <time>2026-03-07T11:24:18Z</time>
   </trkpt>
   <trkpt lat="10.3377680" lon="123.8447860">
    <ele>473.2</ele>
    <time>2026-03-07T11:24:55Z</time>
   </trkpt>
   <trkpt lat="10.3378090" lon="123.8449850">
    <ele>470.5</ele>
    <time>2026-03-07T11:25:15Z</time>
   </trkpt>
   <trkpt lat="10.3378040" lon="123.8451440">
    <ele>468.2</ele>
    <time>2026-03-07T11:25:27Z</time>
   </trkpt>
   <trkpt lat="10.3378350" lon="123.8452880">
    <ele>466.2</ele>
    <time>2026-03-07T11:25:37Z</time>
   </trkpt>
   <trkpt lat="10.3378230" lon="123.8453230">
    <ele>465.7</ele>
    <time>2026-03-07T11:25:45Z</time>
   </trkpt>
   <trkpt lat="10.3378730" lon="123.8453450">
    <ele>464.9</ele>
    <time>2026-03-07T11:26:11Z</time>
   </trkpt>
   <trkpt lat="10.3378630" lon="123.8453900">
    <ele>464.2</ele>
    <time>2026-03-07T11:26:21Z</time>
   </trkpt>
   <trkpt lat="10.3379170" lon="123.8454730">
    <ele>462.8</ele>
    <time>2026-03-07T11:26:35Z</time>
   </trkpt>
   <trkpt lat="10.3378990" lon="123.8455270">
    <ele>461.9</ele>
    <time>2026-03-07T11:26:40Z</time>
   </trkpt>
   <trkpt lat="10.3379070" lon="123.8455850">
    <ele>461.1</ele>
    <time>2026-03-07T11:26:44Z</time>
   </trkpt>
   <trkpt lat="10.3379480" lon="123.8456660">
    <ele>459.8</ele>
    <time>2026-03-07T11:26:54Z</time>
   </trkpt>
   <trkpt lat="10.3379420" lon="123.8458170">
    <ele>457.6</ele>
    <time>2026-03-07T11:27:10Z</time>
   </trkpt>
   <trkpt lat="10.3379020" lon="123.8459440">
    <ele>455.6</ele>
    <time>2026-03-07T11:27:24Z</time>
   </trkpt>
   <trkpt lat="10.3378730" lon="123.8459470">
    <ele>455.2</ele>
    <time>2026-03-07T11:27:28Z</time>
   </trkpt>
   <trkpt lat="10.3378530" lon="123.8459660">
    <ele>454.7</ele>
    <time>2026-03-07T11:27:31Z</time>
   </trkpt>
   <trkpt lat="10.3377920" lon="123.8460750">
    <ele>452.8</ele>
    <time>2026-03-07T11:27:42Z</time>
   </trkpt>
   <trkpt lat="10.3376910" lon="123.8461480">
    <ele>451.0</ele>
    <time>2026-03-07T11:27:54Z</time>
   </trkpt>
   <trkpt lat="10.3375640" lon="123.8462840">
    <ele>448.2</ele>
    <time>2026-03-07T11:28:11Z</time>
   </trkpt>
   <trkpt lat="10.3374980" lon="123.8464710">
    <ele>445.1</ele>
    <time>2026-03-07T11:28:31Z</time>
   </trkpt>
   <trkpt lat="10.3375070" lon="123.8465380">
    <ele>444.1</ele>
    <time>2026-03-07T11:28:39Z</time>
   </trkpt>
   <trkpt lat="10.3375550" lon="123.8465800">
    <ele>443.1</ele>
    <time>2026-03-07T11:28:46Z</time>
   </trkpt>
   <trkpt lat="10.3376980" lon="123.8466740">
    <ele>440.4</ele>
    <time>2026-03-07T11:29:00Z</time>
   </trkpt>
   <trkpt lat="10.3378390" lon="123.8467380">
    <ele>437.9</ele>
    <time>2026-03-07T11:29:17Z</time>
   </trkpt>
   <trkpt lat="10.3378510" lon="123.8468030">
    <ele>436.7</ele>
    <time>2026-03-07T11:29:29Z</time>
   </trkpt>
   <trkpt lat="10.3379060" lon="123.8469260">
    <ele>434.4</ele>
    <time>2026-03-07T11:29:39Z</time>
   </trkpt>
   <trkpt lat="10.3379130" lon="123.8470180">
    <ele>432.8</ele>
    <time>2026-03-07T11:29:47Z</time>
   </trkpt>
   <trkpt lat="10.3379400" lon="123.8470800">
    <ele>431.6</ele>
    <time>2026-03-07T11:29:55Z</time>
   </trkpt>
   <trkpt lat="10.3379540" lon="123.8471610">
    <ele>430.3</ele>
    <time>2026-03-07T11:30:02Z</time>
   </trkpt>
   <trkpt lat="10.3379420" lon="123.8472430">
    <ele>428.9</ele>
    <time>2026-03-07T11:30:10Z</time>
   </trkpt>
   <trkpt lat="10.3379620" lon="123.8472990">
    <ele>427.9</ele>
    <time>2026-03-07T11:30:15Z</time>
   </trkpt>
   <trkpt lat="10.3379720" lon="123.8474110">
    <ele>426.0</ele>
    <time>2026-03-07T11:30:27Z</time>
   </trkpt>
   <trkpt lat="10.3379680" lon="123.8475790">
    <ele>423.2</ele>
    <time>2026-03-07T11:30:41Z</time>
   </trkpt>
   <trkpt lat="10.3379340" lon="123.8477290">
    <ele>420.9</ele>
    <time>2026-03-07T11:30:59Z</time>
   </trkpt>
   <trkpt lat="10.3379040" lon="123.8477930">
    <ele>419.9</ele>
    <time>2026-03-07T11:31:05Z</time>
   </trkpt>
   <trkpt lat="10.3379210" lon="123.8479940">
    <ele>417.2</ele>
    <time>2026-03-07T11:31:24Z</time>
   </trkpt>
   <trkpt lat="10.3378920" lon="123.8482870">
    <ele>412.6</ele>
    <time>2026-03-07T11:31:50Z</time>
   </trkpt>
   <trkpt lat="10.3379030" lon="123.8484660">
    <ele>409.5</ele>
    <time>2026-03-07T11:32:07Z</time>
   </trkpt>
   <trkpt lat="10.3379400" lon="123.8485780">
    <ele>407.5</ele>
    <time>2026-03-07T11:32:19Z</time>
   </trkpt>
   <trkpt lat="10.3379410" lon="123.8487460">
    <ele>404.8</ele>
    <time>2026-03-07T11:32:34Z</time>
   </trkpt>
   <trkpt lat="10.3378620" lon="123.8488640">
    <ele>402.8</ele>
    <time>2026-03-07T11:32:47Z</time>
   </trkpt>
   <trkpt lat="10.3377570" lon="123.8489480">
    <ele>401.1</ele>
    <time>2026-03-07T11:32:57Z</time>
   </trkpt>
   <trkpt lat="10.3375920" lon="123.8489280">
    <ele>399.6</ele>
    <time>2026-03-07T11:33:12Z</time>
   </trkpt>
   <trkpt lat="10.3375090" lon="123.8488590">
    <ele>398.7</ele>
    <time>2026-03-07T11:33:22Z</time>
   </trkpt>
   <trkpt lat="10.3373210" lon="123.8488560">
    <ele>396.8</ele>
    <time>2026-03-07T11:33:36Z</time>
   </trkpt>
   <trkpt lat="10.3371660" lon="123.8490130">
    <ele>394.2</ele>
    <time>2026-03-07T11:33:56Z</time>
   </trkpt>
   <trkpt lat="10.3370430" lon="123.8491040">
    <ele>392.1</ele>
    <time>2026-03-07T11:34:09Z</time>
   </trkpt>
   <trkpt lat="10.3370070" lon="123.8491570">
    <ele>391.2</ele>
    <time>2026-03-07T11:34:16Z</time>
   </trkpt>
   <trkpt lat="10.3369740" lon="123.8493020">
    <ele>389.0</ele>
    <time>2026-03-07T11:34:28Z</time>
   </trkpt>
   <trkpt lat="10.3369220" lon="123.8494270">
    <ele>386.8</ele>
    <time>2026-03-07T11:34:39Z</time>
   </trkpt>
   <trkpt lat="10.3369000" lon="123.8495670">
    <ele>384.6</ele>
    <time>2026-03-07T11:34:52Z</time>
   </trkpt>
   <trkpt lat="10.3368190" lon="123.8496610">
    <ele>382.6</ele>
    <time>2026-03-07T11:35:05Z</time>
   </trkpt>
   <trkpt lat="10.3367410" lon="123.8498250">
    <ele>379.8</ele>
    <time>2026-03-07T11:35:21Z</time>
   </trkpt>
   <trkpt lat="10.3366510" lon="123.8499320">
    <ele>377.9</ele>
    <time>2026-03-07T11:35:34Z</time>
   </trkpt>
   <trkpt lat="10.3365910" lon="123.8500450">
    <ele>376.2</ele>
    <time>2026-03-07T11:35:44Z</time>
   </trkpt>
   <trkpt lat="10.3365800" lon="123.8501730">
    <ele>374.5</ele>
    <time>2026-03-07T11:35:53Z</time>
   </trkpt>
   <trkpt lat="10.3366060" lon="123.8503940">
    <ele>371.8</ele>
    <time>2026-03-07T11:36:11Z</time>
   </trkpt>
   <trkpt lat="10.3367210" lon="123.8506700">
    <ele>369.4</ele>
    <time>2026-03-07T11:36:38Z</time>
   </trkpt>
   <trkpt lat="10.3367300" lon="123.8507500">
    <ele>368.7</ele>
    <time>2026-03-07T11:36:44Z</time>
   </trkpt>
   <trkpt lat="10.3367960" lon="123.8509570">
    <ele>366.1</ele>
    <time>2026-03-07T11:37:03Z</time>
   </trkpt>
   <trkpt lat="10.3368030" lon="123.8510490">
    <ele>364.8</ele>
    <time>2026-03-07T11:37:10Z</time>
   </trkpt>
   <trkpt lat="10.3368410" lon="123.8511910">
    <ele>362.6</ele>
    <time>2026-03-07T11:37:21Z</time>
   </trkpt>
   <trkpt lat="10.3368000" lon="123.8512820">
    <ele>361.0</ele>
    <time>2026-03-07T11:37:30Z</time>
   </trkpt>
   <trkpt lat="10.3368230" lon="123.8514150">
    <ele>358.7</ele>
    <time>2026-03-07T11:37:39Z</time>
   </trkpt>
   <trkpt lat="10.3367920" lon="123.8517580">
    <ele>353.4</ele>
    <time>2026-03-07T11:38:15Z</time>
   </trkpt>
   <trkpt lat="10.3367650" lon="123.8518430">
    <ele>352.2</ele>
    <time>2026-03-07T11:38:21Z</time>
   </trkpt>
   <trkpt lat="10.3367140" lon="123.8518970">
    <ele>351.3</ele>
    <time>2026-03-07T11:38:28Z</time>
   </trkpt>
   <trkpt lat="10.3366820" lon="123.8519080">
    <ele>350.8</ele>
    <time>2026-03-07T11:38:36Z</time>
   </trkpt>
   <trkpt lat="10.3366960" lon="123.8519330">
    <ele>350.0</ele>
    <time>2026-03-07T11:38:56Z</time>
   </trkpt>
   <trkpt lat="10.3366550" lon="123.8519710">
    <ele>349.3</ele>
    <time>2026-03-07T11:39:06Z</time>
   </trkpt>
   <trkpt lat="10.3366610" lon="123.8520580">
    <ele>348.1</ele>
    <time>2026-03-07T11:39:23Z</time>
   </trkpt>
   <trkpt lat="10.3366810" lon="123.8520360">
    <ele>347.7</ele>
    <time>2026-03-07T11:42:22Z</time>
   </trkpt>
   <trkpt lat="10.3366790" lon="123.8518770">
    <ele>345.3</ele>
    <time>2026-03-07T11:42:40Z</time>
   </trkpt>
   <trkpt lat="10.3365480" lon="123.8518320">
    <ele>342.9</ele>
    <time>2026-03-07T11:42:58Z</time>
   </trkpt>
   <trkpt lat="10.3364550" lon="123.8518410">
    <ele>341.3</ele>
    <time>2026-03-07T11:43:08Z</time>
   </trkpt>
   <trkpt lat="10.3364100" lon="123.8518640">
    <ele>340.5</ele>
    <time>2026-03-07T11:43:13Z</time>
   </trkpt>
   <trkpt lat="10.3363030" lon="123.8518670">
    <ele>338.8</ele>
    <time>2026-03-07T11:43:25Z</time>
   </trkpt>
   <trkpt lat="10.3362620" lon="123.8519110">
    <ele>337.8</ele>
    <time>2026-03-07T11:43:32Z</time>
   </trkpt>
   <trkpt lat="10.3362230" lon="123.8519000">
    <ele>337.2</ele>
    <time>2026-03-07T11:43:36Z</time>
   </trkpt>
   <trkpt lat="10.3361950" lon="123.8519080">
    <ele>336.8</ele>
    <time>2026-03-07T11:43:39Z</time>
   </trkpt>
   <trkpt lat="10.3360790" lon="123.8519560">
    <ele>334.9</ele>
    <time>2026-03-07T11:43:49Z</time>
   </trkpt>
   <trkpt lat="10.3359100" lon="123.8520540">
    <ele>331.6</ele>
    <time>2026-03-07T11:44:08Z</time>
   </trkpt>
   <trkpt lat="10.3358490" lon="123.8520720">
    <ele>330.4</ele>
    <time>2026-03-07T11:44:13Z</time>
   </trkpt>
   <trkpt lat="10.3357690" lon="123.8522000">
    <ele>327.4</ele>
    <time>2026-03-07T11:44:29Z</time>
   </trkpt>
   <trkpt lat="10.3357660" lon="123.8522430">
    <ele>326.5</ele>
    <time>2026-03-07T11:44:34Z</time>
   </trkpt>
   <trkpt lat="10.3356800" lon="123.8524260">
    <ele>322.8</ele>
    <time>2026-03-07T11:44:53Z</time>
   </trkpt>
   <trkpt lat="10.3356580" lon="123.8525510">
    <ele>320.8</ele>
    <time>2026-03-07T11:45:04Z</time>
   </trkpt>
   <trkpt lat="10.3356200" lon="123.8526440">
    <ele>319.3</ele>
    <time>2026-03-07T11:45:12Z</time>
   </trkpt>
   <trkpt lat="10.3356390" lon="123.8527390">
    <ele>317.9</ele>
    <time>2026-03-07T11:45:23Z</time>
   </trkpt>
   <trkpt lat="10.3356360" lon="123.8528150">
    <ele>317.0</ele>
    <time>2026-03-07T11:45:32Z</time>
   </trkpt>
   <trkpt lat="10.3356790" lon="123.8528580">
    <ele>316.4</ele>
    <time>2026-03-07T11:45:38Z</time>
   </trkpt>
   <trkpt lat="10.3357350" lon="123.8529710">
    <ele>315.4</ele>
    <time>2026-03-07T11:45:52Z</time>
   </trkpt>
   <trkpt lat="10.3357920" lon="123.8530460">
    <ele>314.8</ele>
    <time>2026-03-07T11:46:01Z</time>
   </trkpt>
   <trkpt lat="10.3358340" lon="123.8530760">
    <ele>314.6</ele>
    <time>2026-03-07T11:46:06Z</time>
   </trkpt>
   <trkpt lat="10.3359900" lon="123.8532640">
    <ele>314.5</ele>
    <time>2026-03-07T11:46:29Z</time>
   </trkpt>
   <trkpt lat="10.3360280" lon="123.8533570">
    <ele>315.0</ele>
    <time>2026-03-07T11:46:39Z</time>
   </trkpt>
   <trkpt lat="10.3360420" lon="123.8534500">
    <ele>315.4</ele>
    <time>2026-03-07T11:46:47Z</time>
   </trkpt>
   <trkpt lat="10.3360960" lon="123.8536180">
    <ele>315.5</ele>
    <time>2026-03-07T11:47:03Z</time>
   </trkpt>
   <trkpt lat="10.3360780" lon="123.8538030">
    <ele>314.1</ele>
    <time>2026-03-07T11:47:20Z</time>
   </trkpt>
   <trkpt lat="10.3359680" lon="123.8540010">
    <ele>310.7</ele>
    <time>2026-03-07T11:47:44Z</time>
   </trkpt>
   <trkpt lat="10.3358980" lon="123.8540820">
    <ele>309.2</ele>
    <time>2026-03-07T11:47:54Z</time>
   </trkpt>
   <trkpt lat="10.3358400" lon="123.8542500">
    <ele>307.5</ele>
    <time>2026-03-07T11:48:08Z</time>
   </trkpt>
   <trkpt lat="10.3357510" lon="123.8544370">
    <ele>306.9</ele>
    <time>2026-03-07T11:48:26Z</time>
   </trkpt>
   <trkpt lat="10.3357390" lon="123.8545730">
    <ele>307.0</ele>
    <time>2026-03-07T11:48:38Z</time>
   </trkpt>
   <trkpt lat="10.3357980" lon="123.8547460">
    <ele>307.9</ele>
    <time>2026-03-07T11:48:56Z</time>
   </trkpt>
   <trkpt lat="10.3358760" lon="123.8548900">
    <ele>309.3</ele>
    <time>2026-03-07T11:49:12Z</time>
   </trkpt>
   <trkpt lat="10.3359480" lon="123.8552730">
    <ele>315.1</ele>
    <time>2026-03-07T11:49:48Z</time>
   </trkpt>
   <trkpt lat="10.3359860" lon="123.8553510">
    <ele>316.5</ele>
    <time>2026-03-07T11:49:57Z</time>
   </trkpt>
   <trkpt lat="10.3360220" lon="123.8554990">
    <ele>318.4</ele>
    <time>2026-03-07T11:50:12Z</time>
   </trkpt>
   <trkpt lat="10.3360610" lon="123.8555690">
    <ele>319.0</ele>
    <time>2026-03-07T11:50:19Z</time>
   </trkpt>
   <trkpt lat="10.3360360" lon="123.8556370">
    <ele>319.4</ele>
    <time>2026-03-07T11:50:25Z</time>
   </trkpt>
   <trkpt lat="10.3359400" lon="123.8556790">
    <ele>319.8</ele>
    <time>2026-03-07T11:50:32Z</time>
   </trkpt>
   <trkpt lat="10.3358410" lon="123.8557990">
    <ele>320.1</ele>
    <time>2026-03-07T11:50:44Z</time>
   </trkpt>
   <trkpt lat="10.3356420" lon="123.8558040">
    <ele>319.4</ele>
    <time>2026-03-07T11:51:00Z</time>
   </trkpt>
   <trkpt lat="10.3355610" lon="123.8558370">
    <ele>318.3</ele>
    <time>2026-03-07T11:51:09Z</time>
   </trkpt>
   <trkpt lat="10.3355000" lon="123.8560290">
    <ele>314.8</ele>
    <time>2026-03-07T11:51:32Z</time>
   </trkpt>
   <trkpt lat="10.3354980" lon="123.8560970">
    <ele>313.4</ele>
    <time>2026-03-07T11:51:40Z</time>
   </trkpt>
   <trkpt lat="10.3354500" lon="123.8562180">
    <ele>310.8</ele>
    <time>2026-03-07T11:51:53Z</time>
   </trkpt>
   <trkpt lat="10.3353680" lon="123.8562960">
    <ele>308.9</ele>
    <time>2026-03-07T11:52:02Z</time>
   </trkpt>
   <trkpt lat="10.3352830" lon="123.8564240">
    <ele>306.7</ele>
    <time>2026-03-07T11:52:18Z</time>
   </trkpt>
   <trkpt lat="10.3352170" lon="123.8564960">
    <ele>305.4</ele>
    <time>2026-03-07T11:52:25Z</time>
   </trkpt>
   <trkpt lat="10.3350900" lon="123.8565800">
    <ele>303.8</ele>
    <time>2026-03-07T11:52:40Z</time>
   </trkpt>
   <trkpt lat="10.3347110" lon="123.8566770">
    <ele>302.7</ele>
    <time>2026-03-07T11:53:11Z</time>
   </trkpt>
   <trkpt lat="10.3344950" lon="123.8568300">
    <ele>304.2</ele>
    <time>2026-03-07T11:53:34Z</time>
   </trkpt>
   <trkpt lat="10.3343360" lon="123.8569080">
    <ele>306.1</ele>
    <time>2026-03-07T11:53:49Z</time>
   </trkpt>
   <trkpt lat="10.3342780" lon="123.8569210">
    <ele>306.8</ele>
    <time>2026-03-07T11:53:55Z</time>
   </trkpt>
   <trkpt lat="10.3342480" lon="123.8569960">
    <ele>307.8</ele>
    <time>2026-03-07T11:54:03Z</time>
   </trkpt>
   <trkpt lat="10.3342530" lon="123.8571000">
    <ele>309.0</ele>
    <time>2026-03-07T11:54:15Z</time>
   </trkpt>
   <trkpt lat="10.3342350" lon="123.8571910">
    <ele>310.0</ele>
    <time>2026-03-07T11:54:27Z</time>
   </trkpt>
   <trkpt lat="10.3341130" lon="123.8575520">
    <ele>313.1</ele>
    <time>2026-03-07T11:55:09Z</time>
   </trkpt>
   <trkpt lat="10.3341110" lon="123.8575960">
    <ele>313.3</ele>
    <time>2026-03-07T11:55:13Z</time>
   </trkpt>
   <trkpt lat="10.3340810" lon="123.8576560">
    <ele>313.6</ele>
    <time>2026-03-07T11:55:18Z</time>
   </trkpt>
   <trkpt lat="10.3340810" lon="123.8577590">
    <ele>313.9</ele>
    <time>2026-03-07T11:55:32Z</time>
   </trkpt>
   <trkpt lat="10.3340250" lon="123.8579280">
    <ele>314.1</ele>
    <time>2026-03-07T11:55:43Z</time>
   </trkpt>
   <trkpt lat="10.3340520" lon="123.8580170">
    <ele>314.1</ele>
    <time>2026-03-07T11:56:01Z</time>
   </trkpt>
   <trkpt lat="10.3340210" lon="123.8580470">
    <ele>314.1</ele>
    <time>2026-03-07T11:56:07Z</time>
   </trkpt>
   <trkpt lat="10.3339220" lon="123.8580950">
    <ele>314.3</ele>
    <time>2026-03-07T11:56:15Z</time>
   </trkpt>
   <trkpt lat="10.3337350" lon="123.8581170">
    <ele>314.7</ele>
    <time>2026-03-07T11:56:26Z</time>
   </trkpt>
   <trkpt lat="10.3336260" lon="123.8581560">
    <ele>314.9</ele>
    <time>2026-03-07T11:56:36Z</time>
   </trkpt>
   <trkpt lat="10.3332750" lon="123.8581380">
    <ele>313.8</ele>
    <time>2026-03-07T11:57:07Z</time>
   </trkpt>
   <trkpt lat="10.3332110" lon="123.8580970">
    <ele>313.1</ele>
    <time>2026-03-07T11:57:13Z</time>
   </trkpt>
   <trkpt lat="10.3331230" lon="123.8580910">
    <ele>312.2</ele>
    <time>2026-03-07T11:57:20Z</time>
   </trkpt>
   <trkpt lat="10.3330200" lon="123.8580630">
    <ele>310.9</ele>
    <time>2026-03-07T11:57:29Z</time>
   </trkpt>
   <trkpt lat="10.3329380" lon="123.8580040">
    <ele>309.7</ele>
    <time>2026-03-07T11:57:38Z</time>
   </trkpt>
   <trkpt lat="10.3328920" lon="123.8579180">
    <ele>308.5</ele>
    <time>2026-03-07T11:57:47Z</time>
   </trkpt>
   <trkpt lat="10.3328680" lon="123.8579010">
    <ele>308.0</ele>
    <time>2026-03-07T11:57:51Z</time>
   </trkpt>
   <trkpt lat="10.3328440" lon="123.8578260">
    <ele>307.0</ele>
    <time>2026-03-07T11:57:57Z</time>
   </trkpt>
   <trkpt lat="10.3328160" lon="123.8577880">
    <ele>306.3</ele>
    <time>2026-03-07T11:58:02Z</time>
   </trkpt>
   <trkpt lat="10.3327830" lon="123.8576100">
    <ele>303.4</ele>
    <time>2026-03-07T11:58:18Z</time>
   </trkpt>
   <trkpt lat="10.3327450" lon="123.8575610">
    <ele>302.4</ele>
    <time>2026-03-07T11:58:24Z</time>
   </trkpt>
   <trkpt lat="10.3327390" lon="123.8575210">
    <ele>301.8</ele>
    <time>2026-03-07T11:58:28Z</time>
   </trkpt>
   <trkpt lat="10.3326590" lon="123.8573570">
    <ele>298.9</ele>
    <time>2026-03-07T11:58:50Z</time>
   </trkpt>
   <trkpt lat="10.3326400" lon="123.8572790">
    <ele>297.7</ele>
    <time>2026-03-07T11:59:00Z</time>
   </trkpt>
   <trkpt lat="10.3325610" lon="123.8571510">
    <ele>295.5</ele>
    <time>2026-03-07T11:59:13Z</time>
   </trkpt>
   <trkpt lat="10.3325030" lon="123.8571150">
    <ele>294.5</ele>
    <time>2026-03-07T11:59:23Z</time>
   </trkpt>
   <trkpt lat="10.3324000" lon="123.8570950">
    <ele>293.1</ele>
    <time>2026-03-07T11:59:34Z</time>
   </trkpt>
   <trkpt lat="10.3323330" lon="123.8570400">
    <ele>291.9</ele>
    <time>2026-03-07T11:59:41Z</time>
   </trkpt>
   <trkpt lat="10.3321460" lon="123.8570310">
    <ele>290.0</ele>
    <time>2026-03-07T12:00:00Z</time>
   </trkpt>
   <trkpt lat="10.3320970" lon="123.8570470">
    <ele>289.5</ele>
    <time>2026-03-07T12:00:04Z</time>
   </trkpt>
   <trkpt lat="10.3318530" lon="123.8570700">
    <ele>287.6</ele>
    <time>2026-03-07T12:00:27Z</time>
   </trkpt>
   <trkpt lat="10.3317930" lon="123.8571130">
    <ele>286.9</ele>
    <time>2026-03-07T12:00:35Z</time>
   </trkpt>
   <trkpt lat="10.3317350" lon="123.8571300">
    <ele>286.4</ele>
    <time>2026-03-07T12:00:39Z</time>
   </trkpt>
   <trkpt lat="10.3316910" lon="123.8571230">
    <ele>285.9</ele>
    <time>2026-03-07T12:00:43Z</time>
   </trkpt>
   <trkpt lat="10.3316520" lon="123.8570880">
    <ele>285.4</ele>
    <time>2026-03-07T12:00:48Z</time>
   </trkpt>
   <trkpt lat="10.3315380" lon="123.8571160">
    <ele>283.9</ele>
    <time>2026-03-07T12:00:59Z</time>
   </trkpt>
   <trkpt lat="10.3314640" lon="123.8571710">
    <ele>282.4</ele>
    <time>2026-03-07T12:01:05Z</time>
   </trkpt>
   <trkpt lat="10.3313710" lon="123.8573190">
    <ele>279.1</ele>
    <time>2026-03-07T12:01:26Z</time>
   </trkpt>
   <trkpt lat="10.3312960" lon="123.8573820">
    <ele>277.3</ele>
    <time>2026-03-07T12:01:35Z</time>
   </trkpt>
   <trkpt lat="10.3311960" lon="123.8573830">
    <ele>275.3</ele>
    <time>2026-03-07T12:01:47Z</time>
   </trkpt>
   <trkpt lat="10.3310290" lon="123.8574340">
    <ele>271.8</ele>
    <time>2026-03-07T12:02:03Z</time>
   </trkpt>
   <trkpt lat="10.3309430" lon="123.8574870">
    <ele>269.5</ele>
    <time>2026-03-07T12:02:15Z</time>
   </trkpt>
   <trkpt lat="10.3308720" lon="123.8575520">
    <ele>267.4</ele>
    <time>2026-03-07T12:02:24Z</time>
   </trkpt>
   <trkpt lat="10.3308620" lon="123.8576060">
    <ele>266.1</ele>
    <time>2026-03-07T12:02:30Z</time>
   </trkpt>
   <trkpt lat="10.3307870" lon="123.8576760">
    <ele>263.9</ele>
    <time>2026-03-07T12:02:40Z</time>
   </trkpt>
   <trkpt lat="10.3306420" lon="123.8577390">
    <ele>260.7</ele>
    <time>2026-03-07T12:02:59Z</time>
   </trkpt>
   <trkpt lat="10.3305500" lon="123.8578310">
    <ele>258.2</ele>
    <time>2026-03-07T12:03:12Z</time>
   </trkpt>
   <trkpt lat="10.3303790" lon="123.8579380">
    <ele>254.1</ele>
    <time>2026-03-07T12:03:31Z</time>
   </trkpt>
   <trkpt lat="10.3303510" lon="123.8580550">
    <ele>251.6</ele>
    <time>2026-03-07T12:03:45Z</time>
   </trkpt>
   <trkpt lat="10.3302870" lon="123.8581440">
    <ele>249.8</ele>
    <time>2026-03-07T12:03:55Z</time>
   </trkpt>
   <trkpt lat="10.3302230" lon="123.8581830">
    <ele>248.6</ele>
    <time>2026-03-07T12:04:03Z</time>
   </trkpt>
   <trkpt lat="10.3301040" lon="123.8582180">
    <ele>246.7</ele>
    <time>2026-03-07T12:04:14Z</time>
   </trkpt>
   <trkpt lat="10.3300580" lon="123.8582170">
    <ele>245.9</ele>
    <time>2026-03-07T12:04:19Z</time>
   </trkpt>
   <trkpt lat="10.3300130" lon="123.8581930">
    <ele>245.1</ele>
    <time>2026-03-07T12:04:27Z</time>
   </trkpt>
   <trkpt lat="10.3299980" lon="123.8582000">
    <ele>244.8</ele>
    <time>2026-03-07T12:04:33Z</time>
   </trkpt>
   <trkpt lat="10.3299610" lon="123.8580920">
    <ele>243.0</ele>
    <time>2026-03-07T12:04:58Z</time>
   </trkpt>
   <trkpt lat="10.3298630" lon="123.8579760">
    <ele>242.4</ele>
    <time>2026-03-07T12:05:15Z</time>
   </trkpt>
   <trkpt lat="10.3298230" lon="123.8578160">
    <ele>244.5</ele>
    <time>2026-03-07T12:05:35Z</time>
   </trkpt>
   <trkpt lat="10.3297790" lon="123.8577720">
    <ele>245.4</ele>
    <time>2026-03-07T12:05:40Z</time>
   </trkpt>
   <trkpt lat="10.3297430" lon="123.8577060">
    <ele>246.4</ele>
    <time>2026-03-07T12:05:46Z</time>
   </trkpt>
   <trkpt lat="10.3296800" lon="123.8576460">
    <ele>247.5</ele>
    <time>2026-03-07T12:05:57Z</time>
   </trkpt>
   <trkpt lat="10.3296420" lon="123.8576460">
    <ele>247.8</ele>
    <time>2026-03-07T12:06:02Z</time>
   </trkpt>
   <trkpt lat="10.3295940" lon="123.8576770">
    <ele>248.0</ele>
    <time>2026-03-07T12:06:08Z</time>
   </trkpt>
   <trkpt lat="10.3293690" lon="123.8577270">
    <ele>247.9</ele>
    <time>2026-03-07T12:06:28Z</time>
   </trkpt>
   <trkpt lat="10.3292770" lon="123.8578790">
    <ele>245.7</ele>
    <time>2026-03-07T12:06:47Z</time>
   </trkpt>
   <trkpt lat="10.3292040" lon="123.8579400">
    <ele>244.0</ele>
    <time>2026-03-07T12:06:58Z</time>
   </trkpt>
   <trkpt lat="10.3290850" lon="123.8579600">
    <ele>242.5</ele>
    <time>2026-03-07T12:07:11Z</time>
   </trkpt>
   <trkpt lat="10.3290160" lon="123.8579580">
    <ele>242.1</ele>
    <time>2026-03-07T12:07:17Z</time>
   </trkpt>
   <trkpt lat="10.3289390" lon="123.8579340">
    <ele>241.8</ele>
    <time>2026-03-07T12:07:24Z</time>
   </trkpt>
   <trkpt lat="10.3289200" lon="123.8579460">
    <ele>241.8</ele>
    <time>2026-03-07T12:07:26Z</time>
   </trkpt>
   <trkpt lat="10.3288120" lon="123.8581090">
    <ele>243.1</ele>
    <time>2026-03-07T12:07:48Z</time>
   </trkpt>
   <trkpt lat="10.3287380" lon="123.8581600">
    <ele>244.1</ele>
    <time>2026-03-07T12:07:56Z</time>
   </trkpt>
   <trkpt lat="10.3286530" lon="123.8582660">
    <ele>245.3</ele>
    <time>2026-03-07T12:08:09Z</time>
   </trkpt>
   <trkpt lat="10.3286380" lon="123.8583250">
    <ele>245.9</ele>
    <time>2026-03-07T12:08:14Z</time>
   </trkpt>
   <trkpt lat="10.3286630" lon="123.8584410">
    <ele>247.4</ele>
    <time>2026-03-07T12:08:28Z</time>
   </trkpt>
   <trkpt lat="10.3286440" lon="123.8584940">
    <ele>248.1</ele>
    <time>2026-03-07T12:08:34Z</time>
   </trkpt>
   <trkpt lat="10.3285620" lon="123.8585810">
    <ele>249.7</ele>
    <time>2026-03-07T12:08:51Z</time>
   </trkpt>
   <trkpt lat="10.3285030" lon="123.8585670">
    <ele>250.4</ele>
    <time>2026-03-07T12:08:59Z</time>
   </trkpt>
   <trkpt lat="10.3284760" lon="123.8585770">
    <ele>250.6</ele>
    <time>2026-03-07T12:09:02Z</time>
   </trkpt>
   <trkpt lat="10.3283020" lon="123.8587330">
    <ele>250.6</ele>
    <time>2026-03-07T12:09:23Z</time>
   </trkpt>
   <trkpt lat="10.3282620" lon="123.8588310">
    <ele>250.6</ele>
    <time>2026-03-07T12:09:32Z</time>
   </trkpt>
   <trkpt lat="10.3281960" lon="123.8589060">
    <ele>250.8</ele>
    <time>2026-03-07T12:09:39Z</time>
   </trkpt>
   <trkpt lat="10.3282030" lon="123.8589830">
    <ele>250.9</ele>
    <time>2026-03-07T12:09:47Z</time>
   </trkpt>
   <trkpt lat="10.3281520" lon="123.8590600">
    <ele>250.6</ele>
    <time>2026-03-07T12:09:56Z</time>
   </trkpt>
   <trkpt lat="10.3279760" lon="123.8590840">
    <ele>249.7</ele>
    <time>2026-03-07T12:10:13Z</time>
   </trkpt>
   <trkpt lat="10.3279090" lon="123.8590760">
    <ele>249.2</ele>
    <time>2026-03-07T12:10:19Z</time>
   </trkpt>
   <trkpt lat="10.3278090" lon="123.8591470">
    <ele>248.0</ele>
    <time>2026-03-07T12:10:31Z</time>
   </trkpt>
   <trkpt lat="10.3277560" lon="123.8591570">
    <ele>247.5</ele>
    <time>2026-03-07T12:10:36Z</time>
   </trkpt>
   <trkpt lat="10.3276850" lon="123.8591390">
    <ele>246.7</ele>
    <time>2026-03-07T12:10:43Z</time>
   </trkpt>
   <trkpt lat="10.3274850" lon="123.8592270">
    <ele>245.4</ele>
    <time>2026-03-07T12:11:03Z</time>
   </trkpt>
   <trkpt lat="10.3273750" lon="123.8592540">
    <ele>244.2</ele>
    <time>2026-03-07T12:11:14Z</time>
   </trkpt>
   <trkpt lat="10.3272850" lon="123.8593400">
    <ele>242.5</ele>
    <time>2026-03-07T12:11:26Z</time>
   </trkpt>
   <trkpt lat="10.3272300" lon="123.8593230">
    <ele>241.6</ele>
    <time>2026-03-07T12:11:34Z</time>
   </trkpt>
   <trkpt lat="10.3269690" lon="123.8594020">
    <ele>237.3</ele>
    <time>2026-03-07T12:12:00Z</time>
   </trkpt>
   <trkpt lat="10.3268430" lon="123.8594180">
    <ele>235.2</ele>
    <time>2026-03-07T12:12:12Z</time>
   </trkpt>
   <trkpt lat="10.3267890" lon="123.8594470">
    <ele>234.2</ele>
    <time>2026-03-07T12:12:19Z</time>
   </trkpt>
   <trkpt lat="10.3266930" lon="123.8594380">
    <ele>233.2</ele>
    <time>2026-03-07T12:12:27Z</time>
   </trkpt>
   <trkpt lat="10.3266420" lon="123.8594170">
    <ele>233.1</ele>
    <time>2026-03-07T12:12:33Z</time>
   </trkpt>
   <trkpt lat="10.3266050" lon="123.8593830">
    <ele>233.3</ele>
    <time>2026-03-07T12:12:38Z</time>
   </trkpt>
   <trkpt lat="10.3264380" lon="123.8594240">
    <ele>234.1</ele>
    <time>2026-03-07T12:12:55Z</time>
   </trkpt>
   <trkpt lat="10.3263370" lon="123.8593650">
    <ele>234.0</ele>
    <time>2026-03-07T12:13:08Z</time>
   </trkpt>
   <trkpt lat="10.3261970" lon="123.8591170">
    <ele>235.1</ele>
    <time>2026-03-07T12:13:35Z</time>
   </trkpt>
   <trkpt lat="10.3261150" lon="123.8590300">
    <ele>236.2</ele>
    <time>2026-03-07T12:13:46Z</time>
   </trkpt>
   <trkpt lat="10.3259540" lon="123.8590370">
    <ele>237.6</ele>
    <time>2026-03-07T12:14:02Z</time>
   </trkpt>
   <trkpt lat="10.3258200" lon="123.8589550">
    <ele>238.5</ele>
    <time>2026-03-07T12:14:19Z</time>
   </trkpt>
   <trkpt lat="10.3257670" lon="123.8589860">
    <ele>238.8</ele>
    <time>2026-03-07T12:14:24Z</time>
   </trkpt>
   <trkpt lat="10.3256290" lon="123.8589990">
    <ele>239.7</ele>
    <time>2026-03-07T12:14:38Z</time>
   </trkpt>
   <trkpt lat="10.3254220" lon="123.8589780">
    <ele>241.0</ele>
    <time>2026-03-07T12:15:00Z</time>
   </trkpt>
   <trkpt lat="10.3253440" lon="123.8589390">
    <ele>241.3</ele>
    <time>2026-03-07T12:15:09Z</time>
   </trkpt>
   <trkpt lat="10.3249960" lon="123.8589070">
    <ele>244.9</ele>
    <time>2026-03-07T12:15:46Z</time>
   </trkpt>
   <trkpt lat="10.3249330" lon="123.8588800">
    <ele>246.4</ele>
    <time>2026-03-07T12:15:58Z</time>
   </trkpt>
   <trkpt lat="10.3248150" lon="123.8589190">
    <ele>248.5</ele>
    <time>2026-03-07T12:16:18Z</time>
   </trkpt>
   <trkpt lat="10.3247570" lon="123.8589100">
    <ele>249.2</ele>
    <time>2026-03-07T12:16:25Z</time>
   </trkpt>
   <trkpt lat="10.3246620" lon="123.8589840">
    <ele>249.9</ele>
    <time>2026-03-07T12:16:37Z</time>
   </trkpt>
   <trkpt lat="10.3246100" lon="123.8589540">
    <ele>250.0</ele>
    <time>2026-03-07T12:16:45Z</time>
   </trkpt>
   <trkpt lat="10.3245410" lon="123.8589710">
    <ele>250.0</ele>
    <time>2026-03-07T12:16:53Z</time>
   </trkpt>
   <trkpt lat="10.3244500" lon="123.8589710">
    <ele>249.9</ele>
    <time>2026-03-07T12:17:02Z</time>
   </trkpt>
   <trkpt lat="10.3244200" lon="123.8589830">
    <ele>249.8</ele>
    <time>2026-03-07T12:17:06Z</time>
   </trkpt>
   <trkpt lat="10.3243530" lon="123.8590520">
    <ele>249.4</ele>
    <time>2026-03-07T12:17:16Z</time>
   </trkpt>
   <trkpt lat="10.3242450" lon="123.8590720">
    <ele>248.9</ele>
    <time>2026-03-07T12:17:29Z</time>
   </trkpt>
   <trkpt lat="10.3242030" lon="123.8591200">
    <ele>248.8</ele>
    <time>2026-03-07T12:17:37Z</time>
   </trkpt>
   <trkpt lat="10.3240670" lon="123.8591890">
    <ele>248.4</ele>
    <time>2026-03-07T12:17:53Z</time>
   </trkpt>
   <trkpt lat="10.3239850" lon="123.8591760">
    <ele>248.3</ele>
    <time>2026-03-07T12:18:06Z</time>
   </trkpt>
   <trkpt lat="10.3239280" lon="123.8591380">
    <ele>248.3</ele>
    <time>2026-03-07T12:18:15Z</time>
   </trkpt>
   <trkpt lat="10.3238700" lon="123.8591250">
    <ele>248.4</ele>
    <time>2026-03-07T12:18:20Z</time>
   </trkpt>
   <trkpt lat="10.3238430" lon="123.8590930">
    <ele>248.6</ele>
    <time>2026-03-07T12:18:25Z</time>
   </trkpt>
   <trkpt lat="10.3237410" lon="123.8590360">
    <ele>249.0</ele>
    <time>2026-03-07T12:18:37Z</time>
   </trkpt>
   <trkpt lat="10.3237140" lon="123.8590110">
    <ele>249.1</ele>
    <time>2026-03-07T12:18:41Z</time>
   </trkpt>
   <trkpt lat="10.3237110" lon="123.8589890">
    <ele>249.1</ele>
    <time>2026-03-07T12:18:45Z</time>
   </trkpt>
   <trkpt lat="10.3236910" lon="123.8589810">
    <ele>249.2</ele>
    <time>2026-03-07T12:18:47Z</time>
   </trkpt>
   <trkpt lat="10.3236650" lon="123.8589790">
    <ele>249.2</ele>
    <time>2026-03-07T12:18:50Z</time>
   </trkpt>
   <trkpt lat="10.3235130" lon="123.8590400">
    <ele>249.3</ele>
    <time>2026-03-07T12:19:10Z</time>
   </trkpt>
   <trkpt lat="10.3234720" lon="123.8590410">
    <ele>249.4</ele>
    <time>2026-03-07T12:19:15Z</time>
   </trkpt>
   <trkpt lat="10.3234220" lon="123.8590710">
    <ele>249.4</ele>
    <time>2026-03-07T12:19:22Z</time>
   </trkpt>
   <trkpt lat="10.3233680" lon="123.8590510">
    <ele>249.5</ele>
    <time>2026-03-07T12:19:30Z</time>
   </trkpt>
   <trkpt lat="10.3232990" lon="123.8589720">
    <ele>249.8</ele>
    <time>2026-03-07T12:19:45Z</time>
   </trkpt>
   <trkpt lat="10.3232200" lon="123.8589210">
    <ele>249.9</ele>
    <time>2026-03-07T12:19:55Z</time>
   </trkpt>
   <trkpt lat="10.3230980" lon="123.8589220">
    <ele>249.6</ele>
    <time>2026-03-07T12:20:07Z</time>
   </trkpt>
   <trkpt lat="10.3230220" lon="123.8589620">
    <ele>249.0</ele>
    <time>2026-03-07T12:20:17Z</time>
   </trkpt>
   <trkpt lat="10.3229970" lon="123.8590510">
    <ele>248.0</ele>
    <time>2026-03-07T12:20:30Z</time>
   </trkpt>
   <trkpt lat="10.3228800" lon="123.8591270">
    <ele>246.6</ele>
    <time>2026-03-07T12:20:44Z</time>
   </trkpt>
   <trkpt lat="10.3228650" lon="123.8591720">
    <ele>246.4</ele>
    <time>2026-03-07T12:20:54Z</time>
   </trkpt>
   <trkpt lat="10.3228510" lon="123.8591490">
    <ele>246.3</ele>
    <time>2026-03-07T12:20:59Z</time>
   </trkpt>
   <trkpt lat="10.3228260" lon="123.8591430">
    <ele>246.3</ele>
    <time>2026-03-07T12:21:02Z</time>
   </trkpt>
   <trkpt lat="10.3228110" lon="123.8591510">
    <ele>246.3</ele>
    <time>2026-03-07T12:21:04Z</time>
   </trkpt>
   <trkpt lat="10.3228030" lon="123.8591840">
    <ele>246.4</ele>
    <time>2026-03-07T12:21:08Z</time>
   </trkpt>
   <trkpt lat="10.3227350" lon="123.8591190">
    <ele>246.5</ele>
    <time>2026-03-07T12:21:23Z</time>
   </trkpt>
   <trkpt lat="10.3226810" lon="123.8591190">
    <ele>246.3</ele>
    <time>2026-03-07T12:21:29Z</time>
   </trkpt>
   <trkpt lat="10.3226070" lon="123.8590820">
    <ele>245.6</ele>
    <time>2026-03-07T12:21:39Z</time>
   </trkpt>
   <trkpt lat="10.3225730" lon="123.8591030">
    <ele>245.2</ele>
    <time>2026-03-07T12:21:42Z</time>
   </trkpt>
   <trkpt lat="10.3225500" lon="123.8590970">
    <ele>244.9</ele>
    <time>2026-03-07T12:21:46Z</time>
   </trkpt>
   <trkpt lat="10.3225230" lon="123.8589930">
    <ele>243.6</ele>
    <time>2026-03-07T12:22:03Z</time>
   </trkpt>
   <trkpt lat="10.3224760" lon="123.8589190">
    <ele>242.9</ele>
    <time>2026-03-07T12:22:11Z</time>
   </trkpt>
   <trkpt lat="10.3224580" lon="123.8588960">
    <ele>242.7</ele>
    <time>2026-03-07T12:22:15Z</time>
   </trkpt>
   <trkpt lat="10.3224080" lon="123.8588900">
    <ele>242.5</ele>
    <time>2026-03-07T12:22:25Z</time>
   </trkpt>
   <trkpt lat="10.3224640" lon="123.8588180">
    <ele>242.2</ele>
    <time>2026-03-07T12:22:36Z</time>
   </trkpt>
   <trkpt lat="10.3224560" lon="123.8587550">
    <ele>242.0</ele>
    <time>2026-03-07T12:22:42Z</time>
   </trkpt>
   <trkpt lat="10.3223220" lon="123.8586680">
    <ele>241.3</ele>
    <time>2026-03-07T12:22:58Z</time>
   </trkpt>
   <trkpt lat="10.3222720" lon="123.8585760">
    <ele>241.0</ele>
    <time>2026-03-07T12:23:09Z</time>
   </trkpt>
   <trkpt lat="10.3222060" lon="123.8585530">
    <ele>240.9</ele>
    <time>2026-03-07T12:23:17Z</time>
   </trkpt>
   <trkpt lat="10.3221680" lon="123.8585010">
    <ele>241.0</ele>
    <time>2026-03-07T12:23:22Z</time>
   </trkpt>
   <trkpt lat="10.3221330" lon="123.8584010">
    <ele>241.4</ele>
    <time>2026-03-07T12:23:34Z</time>
   </trkpt>
   <trkpt lat="10.3220710" lon="123.8583210">
    <ele>242.1</ele>
    <time>2026-03-07T12:23:43Z</time>
   </trkpt>
   <trkpt lat="10.3220370" lon="123.8580490">
    <ele>243.1</ele>
    <time>2026-03-07T12:24:14Z</time>
   </trkpt>
   <trkpt lat="10.3219670" lon="123.8579210">
    <ele>243.3</ele>
    <time>2026-03-07T12:24:32Z</time>
   </trkpt>
   <trkpt lat="10.3219380" lon="123.8577850">
    <ele>243.7</ele>
    <time>2026-03-07T12:24:47Z</time>
   </trkpt>
   <trkpt lat="10.3218720" lon="123.8577050">
    <ele>244.3</ele>
    <time>2026-03-07T12:24:58Z</time>
   </trkpt>
   <trkpt lat="10.3217960" lon="123.8576410">
    <ele>244.8</ele>
    <time>2026-03-07T12:25:08Z</time>
   </trkpt>
   <trkpt lat="10.3216980" lon="123.8576200">
    <ele>245.4</ele>
    <time>2026-03-07T12:25:20Z</time>
   </trkpt>
   <trkpt lat="10.3216280" lon="123.8576610">
    <ele>245.7</ele>
    <time>2026-03-07T12:25:31Z</time>
   </trkpt>
   <trkpt lat="10.3216140" lon="123.8576900">
    <ele>245.9</ele>
    <time>2026-03-07T12:25:34Z</time>
   </trkpt>
   <trkpt lat="10.3215780" lon="123.8577130">
    <ele>246.1</ele>
    <time>2026-03-07T12:25:38Z</time>
   </trkpt>
   <trkpt lat="10.3214660" lon="123.8577500">
    <ele>246.7</ele>
    <time>2026-03-07T12:25:54Z</time>
   </trkpt>
   <trkpt lat="10.3214360" lon="123.8577820">
    <ele>246.9</ele>
    <time>2026-03-07T12:26:00Z</time>
   </trkpt>
   <trkpt lat="10.3213960" lon="123.8577820">
    <ele>247.1</ele>
    <time>2026-03-07T12:26:04Z</time>
   </trkpt>
   <trkpt lat="10.3212880" lon="123.8577360">
    <ele>247.6</ele>
    <time>2026-03-07T12:26:13Z</time>
   </trkpt>
   <trkpt lat="10.3212230" lon="123.8577420">
    <ele>247.9</ele>
    <time>2026-03-07T12:26:20Z</time>
   </trkpt>
   <trkpt lat="10.3210120" lon="123.8577140">
    <ele>248.7</ele>
    <time>2026-03-07T12:26:41Z</time>
   </trkpt>
   <trkpt lat="10.3209360" lon="123.8577210">
    <ele>249.0</ele>
    <time>2026-03-07T12:26:49Z</time>
   </trkpt>
   <trkpt lat="10.3208630" lon="123.8576990">
    <ele>249.1</ele>
    <time>2026-03-07T12:27:01Z</time>
   </trkpt>
   <trkpt lat="10.3208340" lon="123.8576640">
    <ele>249.1</ele>
    <time>2026-03-07T12:27:07Z</time>
   </trkpt>
   <trkpt lat="10.3208340" lon="123.8576140">
    <ele>249.1</ele>
    <time>2026-03-07T12:27:14Z</time>
   </trkpt>
   <trkpt lat="10.3208180" lon="123.8575800">
    <ele>248.9</ele>
    <time>2026-03-07T12:27:18Z</time>
   </trkpt>
   <trkpt lat="10.3206920" lon="123.8574720">
    <ele>247.5</ele>
    <time>2026-03-07T12:27:34Z</time>
   </trkpt>
   <trkpt lat="10.3206000" lon="123.8573670">
    <ele>245.5</ele>
    <time>2026-03-07T12:27:52Z</time>
   </trkpt>
   <trkpt lat="10.3205390" lon="123.8572400">
    <ele>243.9</ele>
    <time>2026-03-07T12:28:07Z</time>
   </trkpt>
   <trkpt lat="10.3204960" lon="123.8572300">
    <ele>243.5</ele>
    <time>2026-03-07T12:28:11Z</time>
   </trkpt>
   <trkpt lat="10.3203460" lon="123.8571450">
    <ele>241.5</ele>
    <time>2026-03-07T12:28:27Z</time>
   </trkpt>
   <trkpt lat="10.3202840" lon="123.8571470">
    <ele>240.7</ele>
    <time>2026-03-07T12:28:34Z</time>
   </trkpt>
   <trkpt lat="10.3202170" lon="123.8570960">
    <ele>239.7</ele>
    <time>2026-03-07T12:28:45Z</time>
   </trkpt>
   <trkpt lat="10.3201620" lon="123.8570950">
    <ele>239.3</ele>
    <time>2026-03-07T12:28:54Z</time>
   </trkpt>
   <trkpt lat="10.3201470" lon="123.8570160">
    <ele>239.1</ele>
    <time>2026-03-07T12:29:05Z</time>
   </trkpt>
   <trkpt lat="10.3200230" lon="123.8570320">
    <ele>242.5</ele>
    <time>2026-03-07T12:29:25Z</time>
   </trkpt>
   <trkpt lat="10.3200060" lon="123.8570460">
    <ele>243.2</ele>
    <time>2026-03-07T12:29:28Z</time>
   </trkpt>
   <trkpt lat="10.3199890" lon="123.8571210">
    <ele>245.8</ele>
    <time>2026-03-07T12:29:37Z</time>
   </trkpt>
   <trkpt lat="10.3199080" lon="123.8571330">
    <ele>248.7</ele>
    <time>2026-03-07T12:29:49Z</time>
   </trkpt>
   <trkpt lat="10.3198940" lon="123.8571650">
    <ele>250.0</ele>
    <time>2026-03-07T12:29:56Z</time>
   </trkpt>
   <trkpt lat="10.3198520" lon="123.8571740">
    <ele>251.7</ele>
    <time>2026-03-07T12:30:34Z</time>
   </trkpt>
   <trkpt lat="10.3198450" lon="123.8572430">
    <ele>254.5</ele>
    <time>2026-03-07T12:30:43Z</time>
   </trkpt>
   <trkpt lat="10.3197650" lon="123.8573360">
    <ele>259.7</ele>
    <time>2026-03-07T12:31:02Z</time>
   </trkpt>
   <trkpt lat="10.3197170" lon="123.8572450">
    <ele>263.8</ele>
    <time>2026-03-07T12:31:35Z</time>
   </trkpt>
   <trkpt lat="10.3196940" lon="123.8571610">
    <ele>266.7</ele>
    <time>2026-03-07T12:31:49Z</time>
   </trkpt>
   <trkpt lat="10.3196730" lon="123.8571590">
    <ele>267.5</ele>
    <time>2026-03-07T12:31:54Z</time>
   </trkpt>
   <trkpt lat="10.3196170" lon="123.8573030">
    <ele>271.3</ele>
    <time>2026-03-07T12:32:16Z</time>
   </trkpt>
   <trkpt lat="10.3195450" lon="123.8574000">
    <ele>274.3</ele>
    <time>2026-03-07T12:32:30Z</time>
   </trkpt>
   <trkpt lat="10.3195240" lon="123.8574570">
    <ele>276.1</ele>
    <time>2026-03-07T12:32:44Z</time>
   </trkpt>
   <trkpt lat="10.3194930" lon="123.8574840">
    <ele>277.3</ele>
    <time>2026-03-07T12:32:55Z</time>
   </trkpt>
   <trkpt lat="10.3194920" lon="123.8574490">
    <ele>278.4</ele>
    <time>2026-03-07T12:33:14Z</time>
   </trkpt>
   <trkpt lat="10.3195040" lon="123.8574200">
    <ele>279.9</ele>
    <time>2026-03-07T12:33:27Z</time>
   </trkpt>
   <trkpt lat="10.3195190" lon="123.8574610">
    <ele>281.6</ele>
    <time>2026-03-07T12:34:02Z</time>
   </trkpt>
   <trkpt lat="10.3194750" lon="123.8575010">
    <ele>283.6</ele>
    <time>2026-03-07T12:34:46Z</time>
   </trkpt>
   <trkpt lat="10.3194710" lon="123.8575650">
    <ele>285.5</ele>
    <time>2026-03-07T12:35:14Z</time>
   </trkpt>
   <trkpt lat="10.3194410" lon="123.8575820">
    <ele>286.6</ele>
    <time>2026-03-07T12:35:21Z</time>
   </trkpt>
   <trkpt lat="10.3194310" lon="123.8576300">
    <ele>288.0</ele>
    <time>2026-03-07T12:35:30Z</time>
   </trkpt>
   <trkpt lat="10.3194410" lon="123.8577010">
    <ele>289.9</ele>
    <time>2026-03-07T12:35:38Z</time>
   </trkpt>
   <trkpt lat="10.3194030" lon="123.8577710">
    <ele>292.2</ele>
    <time>2026-03-07T12:35:47Z</time>
   </trkpt>
   <trkpt lat="10.3193990" lon="123.8578570">
    <ele>294.7</ele>
    <time>2026-03-07T12:35:57Z</time>
   </trkpt>
   <trkpt lat="10.3193270" lon="123.8579740">
    <ele>298.7</ele>
    <time>2026-03-07T12:36:19Z</time>
   </trkpt>
   <trkpt lat="10.3193190" lon="123.8580190">
    <ele>300.1</ele>
    <time>2026-03-07T12:36:29Z</time>
   </trkpt>
   <trkpt lat="10.3192500" lon="123.8580020">
    <ele>301.9</ele>
    <time>2026-03-07T12:36:38Z</time>
   </trkpt>
   <trkpt lat="10.3191830" lon="123.8580160">
    <ele>303.4</ele>
    <time>2026-03-07T12:36:48Z</time>
   </trkpt>
   <trkpt lat="10.3191140" lon="123.8579840">
    <ele>304.9</ele>
    <time>2026-03-07T12:37:02Z</time>
   </trkpt>
   <trkpt lat="10.3190270" lon="123.8580100">
    <ele>305.6</ele>
    <time>2026-03-07T12:37:12Z</time>
   </trkpt>
   <trkpt lat="10.3189430" lon="123.8580000">
    <ele>305.5</ele>
    <time>2026-03-07T12:37:20Z</time>
   </trkpt>
   <trkpt lat="10.3189000" lon="123.8580230">
    <ele>305.5</ele>
    <time>2026-03-07T12:37:26Z</time>
   </trkpt>
   <trkpt lat="10.3187690" lon="123.8580480">
    <ele>305.3</ele>
    <time>2026-03-07T12:37:41Z</time>
   </trkpt>
   <trkpt lat="10.3186930" lon="123.8580390">
    <ele>305.2</ele>
    <time>2026-03-07T12:37:50Z</time>
   </trkpt>
   <trkpt lat="10.3186820" lon="123.8580220">
    <ele>305.2</ele>
    <time>2026-03-07T12:37:55Z</time>
   </trkpt>
   <trkpt lat="10.3186660" lon="123.8580290">
    <ele>305.2</ele>
    <time>2026-03-07T12:38:02Z</time>
   </trkpt>
   <trkpt lat="10.3186580" lon="123.8580020">
    <ele>305.1</ele>
    <time>2026-03-07T12:38:08Z</time>
   </trkpt>
   <trkpt lat="10.3186450" lon="123.8580100">
    <ele>305.1</ele>
    <time>2026-03-07T12:40:56Z</time>
   </trkpt>
   <trkpt lat="10.3187110" lon="123.8580530">
    <ele>305.1</ele>
    <time>2026-03-07T12:41:10Z</time>
   </trkpt>
   <trkpt lat="10.3187690" lon="123.8580550">
    <ele>305.1</ele>
    <time>2026-03-07T12:41:18Z</time>
   </trkpt>
   <trkpt lat="10.3188170" lon="123.8581230">
    <ele>305.6</ele>
    <time>2026-03-07T12:41:29Z</time>
   </trkpt>
   <trkpt lat="10.3189020" lon="123.8581550">
    <ele>307.9</ele>
    <time>2026-03-07T12:41:43Z</time>
   </trkpt>
   <trkpt lat="10.3189720" lon="123.8582290">
    <ele>311.0</ele>
    <time>2026-03-07T12:41:59Z</time>
   </trkpt>
   <trkpt lat="10.3190650" lon="123.8582830">
    <ele>314.1</ele>
    <time>2026-03-07T12:42:14Z</time>
   </trkpt>
   <trkpt lat="10.3191470" lon="123.8583960">
    <ele>316.9</ele>
    <time>2026-03-07T12:42:34Z</time>
   </trkpt>
   <trkpt lat="10.3191690" lon="123.8584570">
    <ele>316.4</ele>
    <time>2026-03-07T12:42:41Z</time>
   </trkpt>
   <trkpt lat="10.3191430" lon="123.8584870">
    <ele>315.6</ele>
    <time>2026-03-07T12:42:48Z</time>
   </trkpt>
   <trkpt lat="10.3190430" lon="123.8585370">
    <ele>313.7</ele>
    <time>2026-03-07T12:43:05Z</time>
   </trkpt>
   <trkpt lat="10.3189070" lon="123.8586930">
    <ele>310.3</ele>
    <time>2026-03-07T12:43:29Z</time>
   </trkpt>
   <trkpt lat="10.3188970" lon="123.8587460">
    <ele>309.4</ele>
    <time>2026-03-07T12:43:36Z</time>
   </trkpt>
   <trkpt lat="10.3188570" lon="123.8587810">
    <ele>308.5</ele>
    <time>2026-03-07T12:43:43Z</time>
   </trkpt>
   <trkpt lat="10.3188160" lon="123.8588930">
    <ele>306.5</ele>
    <time>2026-03-07T12:43:59Z</time>
   </trkpt>
   <trkpt lat="10.3187510" lon="123.8589680">
    <ele>305.3</ele>
    <time>2026-03-07T12:44:13Z</time>
   </trkpt>
   <trkpt lat="10.3187500" lon="123.8590210">
    <ele>304.9</ele>
    <time>2026-03-07T12:44:20Z</time>
   </trkpt>
   <trkpt lat="10.3187210" lon="123.8590700">
    <ele>305.0</ele>
    <time>2026-03-07T12:44:27Z</time>
   </trkpt>
   <trkpt lat="10.3187410" lon="123.8592800">
    <ele>307.9</ele>
    <time>2026-03-07T12:44:53Z</time>
   </trkpt>
   <trkpt lat="10.3187200" lon="123.8594100">
    <ele>309.8</ele>
    <time>2026-03-07T12:45:10Z</time>
   </trkpt>
   <trkpt lat="10.3186850" lon="123.8594400">
    <ele>310.2</ele>
    <time>2026-03-07T12:45:19Z</time>
   </trkpt>
   <trkpt lat="10.3186670" lon="123.8595280">
    <ele>310.9</ele>
    <time>2026-03-07T12:45:29Z</time>
   </trkpt>
   <trkpt lat="10.3186220" lon="123.8595820">
    <ele>311.5</ele>
    <time>2026-03-07T12:45:38Z</time>
   </trkpt>
   <trkpt lat="10.3186080" lon="123.8596980">
    <ele>312.1</ele>
    <time>2026-03-07T12:45:55Z</time>
   </trkpt>
   <trkpt lat="10.3185710" lon="123.8597280">
    <ele>311.7</ele>
    <time>2026-03-07T12:46:01Z</time>
   </trkpt>
   <trkpt lat="10.3185240" lon="123.8597350">
    <ele>311.4</ele>
    <time>2026-03-07T12:46:06Z</time>
   </trkpt>
   <trkpt lat="10.3184000" lon="123.8598650">
    <ele>310.2</ele>
    <time>2026-03-07T12:46:23Z</time>
   </trkpt>
   <trkpt lat="10.3183580" lon="123.8599390">
    <ele>309.7</ele>
    <time>2026-03-07T12:46:31Z</time>
   </trkpt>
   <trkpt lat="10.3182230" lon="123.8600210">
    <ele>309.1</ele>
    <time>2026-03-07T12:46:49Z</time>
   </trkpt>
   <trkpt lat="10.3182060" lon="123.8600880">
    <ele>309.0</ele>
    <time>2026-03-07T12:46:56Z</time>
   </trkpt>
   <trkpt lat="10.3181620" lon="123.8601370">
    <ele>308.9</ele>
    <time>2026-03-07T12:47:03Z</time>
   </trkpt>
   <trkpt lat="10.3181460" lon="123.8601770">
    <ele>308.8</ele>
    <time>2026-03-07T12:47:07Z</time>
   </trkpt>
   <trkpt lat="10.3180720" lon="123.8602320">
    <ele>308.7</ele>
    <time>2026-03-07T12:47:18Z</time>
   </trkpt>
   <trkpt lat="10.3180670" lon="123.8603150">
    <ele>308.7</ele>
    <time>2026-03-07T12:47:28Z</time>
   </trkpt>
   <trkpt lat="10.3180080" lon="123.8603560">
    <ele>308.7</ele>
    <time>2026-03-07T12:47:40Z</time>
   </trkpt>
   <trkpt lat="10.3180480" lon="123.8602720">
    <ele>308.6</ele>
    <time>2026-03-07T12:55:31Z</time>
   </trkpt>
   <trkpt lat="10.3180330" lon="123.8603220">
    <ele>308.6</ele>
    <time>2026-03-07T12:56:00Z</time>
   </trkpt>
   <trkpt lat="10.3179980" lon="123.8603600">
    <ele>308.5</ele>
    <time>2026-03-07T13:00:02Z</time>
   </trkpt>
   <trkpt lat="10.3180430" lon="123.8603740">
    <ele>308.5</ele>
    <time>2026-03-07T13:03:19Z</time>
   </trkpt>
   <trkpt lat="10.3180350" lon="123.8603590">
    <ele>308.5</ele>
    <time>2026-03-07T13:03:22Z</time>
   </trkpt>
   <trkpt lat="10.3180050" lon="123.8603540">
    <ele>308.5</ele>
    <time>2026-03-07T13:03:27Z</time>
   </trkpt>
   <trkpt lat="10.3180220" lon="123.8603540">
    <ele>308.5</ele>
    <time>2026-03-07T13:10:15Z</time>
   </trkpt>
   <trkpt lat="10.3180190" lon="123.8603830">
    <ele>308.5</ele>
    <time>2026-03-07T13:11:59Z</time>
   </trkpt>
   <trkpt lat="10.3180280" lon="123.8603590">
    <ele>308.5</ele>
    <time>2026-03-07T13:14:26Z</time>
   </trkpt>
   <trkpt lat="10.3180450" lon="123.8603700">
    <ele>308.5</ele>
    <time>2026-03-07T13:14:38Z</time>
   </trkpt>
   <trkpt lat="10.3179980" lon="123.8603480">
    <ele>308.4</ele>
    <time>2026-03-07T13:14:53Z</time>
   </trkpt>
   <trkpt lat="10.3179880" lon="123.8603550">
    <ele>308.4</ele>
    <time>2026-03-07T13:14:56Z</time>
   </trkpt>
   <trkpt lat="10.3180140" lon="123.8603770">
    <ele>308.4</ele>
    <time>2026-03-07T13:18:31Z</time>
   </trkpt>
   <trkpt lat="10.3180350" lon="123.8603620">
    <ele>308.3</ele>
    <time>2026-03-07T13:25:28Z</time>
   </trkpt>
   <trkpt lat="10.3180320" lon="123.8603770">
    <ele>308.3</ele>
    <time>2026-03-07T13:26:19Z</time>
   </trkpt>
   <trkpt lat="10.3180310" lon="123.8603490">
    <ele>308.2</ele>
    <time>2026-03-07T13:32:33Z</time>
   </trkpt>
   <trkpt lat="10.3180160" lon="123.8603560">
    <ele>308.1</ele>
    <time>2026-03-07T13:32:49Z</time>
   </trkpt>
   <trkpt lat="10.3180120" lon="123.8603450">
    <ele>308.1</ele>
    <time>2026-03-07T13:32:53Z</time>
   </trkpt>
   <trkpt lat="10.3180430" lon="123.8603900">
    <ele>307.9</ele>
    <time>2026-03-07T13:35:47Z</time>
   </trkpt>
   <trkpt lat="10.3180200" lon="123.8603300">
    <ele>307.6</ele>
    <time>2026-03-07T13:36:09Z</time>
   </trkpt>
   <trkpt lat="10.3180420" lon="123.8602800">
    <ele>307.3</ele>
    <time>2026-03-07T13:36:16Z</time>
   </trkpt>
   <trkpt lat="10.3180650" lon="123.8602760">
    <ele>307.2</ele>
    <time>2026-03-07T13:36:22Z</time>
   </trkpt>
   <trkpt lat="10.3180410" lon="123.8602780">
    <ele>307.0</ele>
    <time>2026-03-07T13:36:56Z</time>
   </trkpt>
   <trkpt lat="10.3180030" lon="123.8603090">
    <ele>306.7</ele>
    <time>2026-03-07T13:37:05Z</time>
   </trkpt>
   <trkpt lat="10.3179460" lon="123.8603960">
    <ele>306.0</ele>
    <time>2026-03-07T13:37:23Z</time>
   </trkpt>
   <trkpt lat="10.3179320" lon="123.8604430">
    <ele>305.6</ele>
    <time>2026-03-07T13:37:31Z</time>
   </trkpt>
   <trkpt lat="10.3178460" lon="123.8605160">
    <ele>304.7</ele>
    <time>2026-03-07T13:37:49Z</time>
   </trkpt>
   <trkpt lat="10.3178180" lon="123.8605160">
    <ele>304.4</ele>
    <time>2026-03-07T13:37:55Z</time>
   </trkpt>
   <trkpt lat="10.3178130" lon="123.8605580">
    <ele>303.8</ele>
    <time>2026-03-07T13:38:05Z</time>
   </trkpt>
   <trkpt lat="10.3177980" lon="123.8605600">
    <ele>303.6</ele>
    <time>2026-03-07T13:38:23Z</time>
   </trkpt>
   <trkpt lat="10.3178110" lon="123.8605870">
    <ele>303.3</ele>
    <time>2026-03-07T13:38:36Z</time>
   </trkpt>
   <trkpt lat="10.3177750" lon="123.8606090">
    <ele>302.7</ele>
    <time>2026-03-07T13:38:44Z</time>
   </trkpt>
   <trkpt lat="10.3178100" lon="123.8605940">
    <ele>302.2</ele>
    <time>2026-03-07T13:39:01Z</time>
   </trkpt>
   <trkpt lat="10.3178490" lon="123.8605020">
    <ele>301.0</ele>
    <time>2026-03-07T13:39:11Z</time>
   </trkpt>
   <trkpt lat="10.3179380" lon="123.8604360">
    <ele>299.4</ele>
    <time>2026-03-07T13:39:23Z</time>
   </trkpt>
   <trkpt lat="10.3180260" lon="123.8602820">
    <ele>296.8</ele>
    <time>2026-03-07T13:39:47Z</time>
   </trkpt>
   <trkpt lat="10.3180540" lon="123.8602730">
    <ele>296.3</ele>
    <time>2026-03-07T13:39:53Z</time>
   </trkpt>
   <trkpt lat="10.3180530" lon="123.8602980">
    <ele>295.8</ele>
    <time>2026-03-07T13:40:04Z</time>
   </trkpt>
   <trkpt lat="10.3180630" lon="123.8602920">
    <ele>295.5</ele>
    <time>2026-03-07T13:40:32Z</time>
   </trkpt>
   <trkpt lat="10.3180030" lon="123.8603090">
    <ele>294.5</ele>
    <time>2026-03-07T13:40:43Z</time>
   </trkpt>
   <trkpt lat="10.3180330" lon="123.8602730">
    <ele>293.8</ele>
    <time>2026-03-07T13:40:52Z</time>
   </trkpt>
   <trkpt lat="10.3180550" lon="123.8602750">
    <ele>293.4</ele>
    <time>2026-03-07T13:40:58Z</time>
   </trkpt>
   <trkpt lat="10.3179830" lon="123.8603300">
    <ele>291.9</ele>
    <time>2026-03-07T13:41:13Z</time>
   </trkpt>
   <trkpt lat="10.3179220" lon="123.8604360">
    <ele>289.8</ele>
    <time>2026-03-07T13:42:02Z</time>
   </trkpt>
   <trkpt lat="10.3178080" lon="123.8605370">
    <ele>287.1</ele>
    <time>2026-03-07T13:42:26Z</time>
   </trkpt>
   <trkpt lat="10.3177890" lon="123.8606000">
    <ele>285.8</ele>
    <time>2026-03-07T13:42:41Z</time>
   </trkpt>
   <trkpt lat="10.3177450" lon="123.8606250">
    <ele>284.9</ele>
    <time>2026-03-07T13:42:48Z</time>
   </trkpt>
   <trkpt lat="10.3177280" lon="123.8606580">
    <ele>284.2</ele>
    <time>2026-03-07T13:42:55Z</time>
   </trkpt>
   <trkpt lat="10.3176420" lon="123.8606840">
    <ele>282.4</ele>
    <time>2026-03-07T13:43:10Z</time>
   </trkpt>
   <trkpt lat="10.3176440" lon="123.8607430">
    <ele>281.3</ele>
    <time>2026-03-07T13:43:19Z</time>
   </trkpt>
   <trkpt lat="10.3176060" lon="123.8607830">
    <ele>280.2</ele>
    <time>2026-03-07T13:43:29Z</time>
   </trkpt>
   <trkpt lat="10.3176050" lon="123.8608820">
    <ele>278.3</ele>
    <time>2026-03-07T13:43:44Z</time>
   </trkpt>
   <trkpt lat="10.3175860" lon="123.8609400">
    <ele>277.1</ele>
    <time>2026-03-07T13:43:58Z</time>
   </trkpt>
   <trkpt lat="10.3175990" lon="123.8609920">
    <ele>276.2</ele>
    <time>2026-03-07T13:44:07Z</time>
   </trkpt>
   <trkpt lat="10.3175440" lon="123.8610660">
    <ele>274.5</ele>
    <time>2026-03-07T13:44:23Z</time>
   </trkpt>
   <trkpt lat="10.3175010" lon="123.8610870">
    <ele>273.6</ele>
    <time>2026-03-07T13:44:36Z</time>
   </trkpt>
   <trkpt lat="10.3174980" lon="123.8611170">
    <ele>273.0</ele>
    <time>2026-03-07T13:44:49Z</time>
   </trkpt>
   <trkpt lat="10.3174690" lon="123.8611560">
    <ele>272.2</ele>
    <time>2026-03-07T13:44:59Z</time>
   </trkpt>
   <trkpt lat="10.3174490" lon="123.8612530">
    <ele>270.4</ele>
    <time>2026-03-07T13:45:49Z</time>
   </trkpt>
   <trkpt lat="10.3174170" lon="123.8612980">
    <ele>269.5</ele>
    <time>2026-03-07T13:46:00Z</time>
   </trkpt>
   <trkpt lat="10.3173780" lon="123.8613130">
    <ele>268.8</ele>
    <time>2026-03-07T13:46:05Z</time>
   </trkpt>
   <trkpt lat="10.3172320" lon="123.8612430">
    <ele>266.2</ele>
    <time>2026-03-07T13:46:29Z</time>
   </trkpt>
   <trkpt lat="10.3171380" lon="123.8612560">
    <ele>264.0</ele>
    <time>2026-03-07T13:46:42Z</time>
   </trkpt>
   <trkpt lat="10.3170590" lon="123.8612440">
    <ele>262.1</ele>
    <time>2026-03-07T13:46:55Z</time>
   </trkpt>
   <trkpt lat="10.3168180" lon="123.8611080">
    <ele>254.7</ele>
    <time>2026-03-07T13:47:36Z</time>
   </trkpt>
   <trkpt lat="10.3167280" lon="123.8610990">
    <ele>251.8</ele>
    <time>2026-03-07T13:47:54Z</time>
   </trkpt>
   <trkpt lat="10.3166970" lon="123.8610550">
    <ele>249.9</ele>
    <time>2026-03-07T13:48:04Z</time>
   </trkpt>
   <trkpt lat="10.3166440" lon="123.8610900">
    <ele>247.3</ele>
    <time>2026-03-07T13:48:19Z</time>
   </trkpt>
   <trkpt lat="10.3166400" lon="123.8611080">
    <ele>246.6</ele>
    <time>2026-03-07T13:48:23Z</time>
   </trkpt>
   <trkpt lat="10.3166240" lon="123.8611160">
    <ele>245.9</ele>
    <time>2026-03-07T13:48:25Z</time>
   </trkpt>
   <trkpt lat="10.3165970" lon="123.8611010">
    <ele>244.7</ele>
    <time>2026-03-07T13:48:32Z</time>
   </trkpt>
   <trkpt lat="10.3165660" lon="123.8611320">
    <ele>243.0</ele>
    <time>2026-03-07T13:48:42Z</time>
   </trkpt>
   <trkpt lat="10.3164850" lon="123.8611680">
    <ele>239.5</ele>
    <time>2026-03-07T13:49:09Z</time>
   </trkpt>
   <trkpt lat="10.3164200" lon="123.8612320">
    <ele>236.3</ele>
    <time>2026-03-07T13:49:25Z</time>
   </trkpt>
   <trkpt lat="10.3163930" lon="123.8612790">
    <ele>234.4</ele>
    <time>2026-03-07T13:49:36Z</time>
   </trkpt>
   <trkpt lat="10.3163180" lon="123.8613250">
    <ele>231.1</ele>
    <time>2026-03-07T13:49:53Z</time>
   </trkpt>
   <trkpt lat="10.3163060" lon="123.8613930">
    <ele>228.6</ele>
    <time>2026-03-07T13:50:08Z</time>
   </trkpt>
   <trkpt lat="10.3162740" lon="123.8613970">
    <ele>227.4</ele>
    <time>2026-03-07T13:50:14Z</time>
   </trkpt>
   <trkpt lat="10.3162340" lon="123.8614300">
    <ele>225.4</ele>
    <time>2026-03-07T13:50:24Z</time>
   </trkpt>
   <trkpt lat="10.3161720" lon="123.8614360">
    <ele>222.8</ele>
    <time>2026-03-07T13:50:41Z</time>
   </trkpt>
   <trkpt lat="10.3161440" lon="123.8614570">
    <ele>221.6</ele>
    <time>2026-03-07T13:50:46Z</time>
   </trkpt>
   <trkpt lat="10.3160540" lon="123.8614660">
    <ele>218.4</ele>
    <time>2026-03-07T13:51:03Z</time>
   </trkpt>
   <trkpt lat="10.3159870" lon="123.8615220">
    <ele>215.4</ele>
    <time>2026-03-07T13:51:19Z</time>
   </trkpt>
   <trkpt lat="10.3159030" lon="123.8615160">
    <ele>212.7</ele>
    <time>2026-03-07T13:51:36Z</time>
   </trkpt>
   <trkpt lat="10.3157500" lon="123.8616820">
    <ele>207.0</ele>
    <time>2026-03-07T13:52:02Z</time>
   </trkpt>
   <trkpt lat="10.3155640" lon="123.8617510">
    <ele>203.2</ele>
    <time>2026-03-07T13:52:24Z</time>
   </trkpt>
   <trkpt lat="10.3154610" lon="123.8619190">
    <ele>200.4</ele>
    <time>2026-03-07T13:52:47Z</time>
   </trkpt>
   <trkpt lat="10.3153600" lon="123.8620140">
    <ele>198.1</ele>
    <time>2026-03-07T13:53:03Z</time>
   </trkpt>
   <trkpt lat="10.3153010" lon="123.8619920">
    <ele>196.7</ele>
    <time>2026-03-07T13:53:13Z</time>
   </trkpt>
   <trkpt lat="10.3151620" lon="123.8620470">
    <ele>193.9</ele>
    <time>2026-03-07T13:53:29Z</time>
   </trkpt>
   <trkpt lat="10.3150490" lon="123.8620560">
    <ele>192.2</ele>
    <time>2026-03-07T13:53:45Z</time>
   </trkpt>
   <trkpt lat="10.3149570" lon="123.8620420">
    <ele>190.6</ele>
    <time>2026-03-07T13:53:56Z</time>
   </trkpt>
   <trkpt lat="10.3148960" lon="123.8620130">
    <ele>189.1</ele>
    <time>2026-03-07T13:54:09Z</time>
   </trkpt>
   <trkpt lat="10.3146600" lon="123.8620480">
    <ele>183.4</ele>
    <time>2026-03-07T13:54:41Z</time>
   </trkpt>
   <trkpt lat="10.3145860" lon="123.8620270">
    <ele>181.7</ele>
    <time>2026-03-07T13:54:50Z</time>
   </trkpt>
   <trkpt lat="10.3144970" lon="123.8620440">
    <ele>180.0</ele>
    <time>2026-03-07T13:54:59Z</time>
   </trkpt>
   <trkpt lat="10.3144300" lon="123.8620950">
    <ele>178.5</ele>
    <time>2026-03-07T13:55:06Z</time>
   </trkpt>
   <trkpt lat="10.3143880" lon="123.8620790">
    <ele>177.7</ele>
    <time>2026-03-07T13:55:11Z</time>
   </trkpt>
   <trkpt lat="10.3141780" lon="123.8621140">
    <ele>174.1</ele>
    <time>2026-03-07T13:55:35Z</time>
   </trkpt>
   <trkpt lat="10.3141130" lon="123.8621630">
    <ele>172.6</ele>
    <time>2026-03-07T13:55:45Z</time>
   </trkpt>
   <trkpt lat="10.3140930" lon="123.8622200">
    <ele>171.0</ele>
    <time>2026-03-07T13:55:51Z</time>
   </trkpt>
   <trkpt lat="10.3141220" lon="123.8623030">
    <ele>168.6</ele>
    <time>2026-03-07T13:56:08Z</time>
   </trkpt>
   <trkpt lat="10.3140980" lon="123.8624460">
    <ele>164.8</ele>
    <time>2026-03-07T13:56:37Z</time>
   </trkpt>
   <trkpt lat="10.3141890" lon="123.8625950">
    <ele>162.3</ele>
    <time>2026-03-07T13:56:55Z</time>
   </trkpt>
   <trkpt lat="10.3142310" lon="123.8627900">
    <ele>159.6</ele>
    <time>2026-03-07T13:57:18Z</time>
   </trkpt>
   <trkpt lat="10.3142260" lon="123.8629520">
    <ele>156.6</ele>
    <time>2026-03-07T13:57:37Z</time>
   </trkpt>
   <trkpt lat="10.3141730" lon="123.8630780">
    <ele>153.4</ele>
    <time>2026-03-07T13:57:53Z</time>
   </trkpt>
   <trkpt lat="10.3140890" lon="123.8631640">
    <ele>149.9</ele>
    <time>2026-03-07T13:58:13Z</time>
   </trkpt>
   <trkpt lat="10.3140950" lon="123.8632520">
    <ele>147.2</ele>
    <time>2026-03-07T13:58:25Z</time>
   </trkpt>
   <trkpt lat="10.3140480" lon="123.8633180">
    <ele>144.9</ele>
    <time>2026-03-07T13:58:36Z</time>
   </trkpt>
   <trkpt lat="10.3139960" lon="123.8633540">
    <ele>143.3</ele>
    <time>2026-03-07T13:58:43Z</time>
   </trkpt>
   <trkpt lat="10.3139890" lon="123.8634260">
    <ele>141.5</ele>
    <time>2026-03-07T13:58:50Z</time>
   </trkpt>
   <trkpt lat="10.3139550" lon="123.8634740">
    <ele>139.9</ele>
    <time>2026-03-07T13:58:59Z</time>
   </trkpt>
   <trkpt lat="10.3138260" lon="123.8635820">
    <ele>135.8</ele>
    <time>2026-03-07T13:59:21Z</time>
   </trkpt>
   <trkpt lat="10.3138150" lon="123.8636500">
    <ele>134.6</ele>
    <time>2026-03-07T13:59:28Z</time>
   </trkpt>
   <trkpt lat="10.3137680" lon="123.8637260">
    <ele>133.3</ele>
    <time>2026-03-07T13:59:37Z</time>
   </trkpt>
   <trkpt lat="10.3137630" lon="123.8637750">
    <ele>132.7</ele>
    <time>2026-03-07T13:59:42Z</time>
   </trkpt>
   <trkpt lat="10.3137230" lon="123.8638730">
    <ele>131.3</ele>
    <time>2026-03-07T13:59:52Z</time>
   </trkpt>
   <trkpt lat="10.3136340" lon="123.8639910">
    <ele>128.5</ele>
    <time>2026-03-07T14:00:07Z</time>
   </trkpt>
   <trkpt lat="10.3137280" lon="123.8640800">
    <ele>124.6</ele>
    <time>2026-03-07T14:00:29Z</time>
   </trkpt>
   <trkpt lat="10.3137350" lon="123.8641200">
    <ele>123.2</ele>
    <time>2026-03-07T14:00:38Z</time>
   </trkpt>
   <trkpt lat="10.3137630" lon="123.8641450">
    <ele>121.9</ele>
    <time>2026-03-07T14:00:49Z</time>
   </trkpt>
   <trkpt lat="10.3137110" lon="123.8642380">
    <ele>118.9</ele>
    <time>2026-03-07T14:01:03Z</time>
   </trkpt>
   <trkpt lat="10.3136840" lon="123.8642590">
    <ele>117.9</ele>
    <time>2026-03-07T14:01:07Z</time>
   </trkpt>
   <trkpt lat="10.3136810" lon="123.8642950">
    <ele>116.8</ele>
    <time>2026-03-07T14:01:11Z</time>
   </trkpt>
   <trkpt lat="10.3137120" lon="123.8642910">
    <ele>115.8</ele>
    <time>2026-03-07T14:01:19Z</time>
   </trkpt>
   <trkpt lat="10.3137450" lon="123.8643090">
    <ele>114.6</ele>
    <time>2026-03-07T14:01:28Z</time>
   </trkpt>
   <trkpt lat="10.3137810" lon="123.8642930">
    <ele>113.4</ele>
    <time>2026-03-07T14:01:35Z</time>
   </trkpt>
   <trkpt lat="10.3138270" lon="123.8642950">
    <ele>112.0</ele>
    <time>2026-03-07T14:01:42Z</time>
   </trkpt>
   <trkpt lat="10.3139240" lon="123.8642550">
    <ele>109.0</ele>
    <time>2026-03-07T14:01:59Z</time>
   </trkpt>
   <trkpt lat="10.3139460" lon="123.8642710">
    <ele>108.1</ele>
    <time>2026-03-07T14:02:03Z</time>
   </trkpt>
   <trkpt lat="10.3139510" lon="123.8643170">
    <ele>106.8</ele>
    <time>2026-03-07T14:02:09Z</time>
   </trkpt>
   <trkpt lat="10.3139020" lon="123.8644280">
    <ele>103.2</ele>
    <time>2026-03-07T14:02:30Z</time>
   </trkpt>
   <trkpt lat="10.3139030" lon="123.8645050">
    <ele>101.0</ele>
    <time>2026-03-07T14:02:39Z</time>
   </trkpt>
   <trkpt lat="10.3138430" lon="123.8646490">
    <ele>96.3</ele>
    <time>2026-03-07T14:03:04Z</time>
   </trkpt>
   <trkpt lat="10.3138450" lon="123.8646780">
    <ele>95.4</ele>
    <time>2026-03-07T14:03:10Z</time>
   </trkpt>
   <trkpt lat="10.3138690" lon="123.8646850">
    <ele>94.6</ele>
    <time>2026-03-07T14:03:17Z</time>
   </trkpt>
   <trkpt lat="10.3138630" lon="123.8647370">
    <ele>93.2</ele>
    <time>2026-03-07T14:03:28Z</time>
   </trkpt>
   <trkpt lat="10.3138310" lon="123.8647870">
    <ele>92.2</ele>
    <time>2026-03-07T14:03:36Z</time>
   </trkpt>
   <trkpt lat="10.3138140" lon="123.8648500">
    <ele>91.8</ele>
    <time>2026-03-07T14:03:46Z</time>
   </trkpt>
   <trkpt lat="10.3138290" lon="123.8649270">
    <ele>92.0</ele>
    <time>2026-03-07T14:03:55Z</time>
   </trkpt>
   <trkpt lat="10.3138800" lon="123.8649890">
    <ele>92.6</ele>
    <time>2026-03-07T14:04:03Z</time>
   </trkpt>
   <trkpt lat="10.3139130" lon="123.8650860">
    <ele>93.4</ele>
    <time>2026-03-07T14:04:13Z</time>
   </trkpt>
   <trkpt lat="10.3139940" lon="123.8651400">
    <ele>94.1</ele>
    <time>2026-03-07T14:04:23Z</time>
   </trkpt>
   <trkpt lat="10.3140650" lon="123.8651600">
    <ele>94.8</ele>
    <time>2026-03-07T14:04:32Z</time>
   </trkpt>
   <trkpt lat="10.3140720" lon="123.8652080">
    <ele>95.5</ele>
    <time>2026-03-07T14:04:38Z</time>
   </trkpt>
   <trkpt lat="10.3140270" lon="123.8652880">
    <ele>97.3</ele>
    <time>2026-03-07T14:04:52Z</time>
   </trkpt>
   <trkpt lat="10.3140240" lon="123.8653410">
    <ele>98.7</ele>
    <time>2026-03-07T14:05:00Z</time>
   </trkpt>
   <trkpt lat="10.3140720" lon="123.8653770">
    <ele>100.3</ele>
    <time>2026-03-07T14:05:09Z</time>
   </trkpt>
   <trkpt lat="10.3141730" lon="123.8654130">
    <ele>102.8</ele>
    <time>2026-03-07T14:05:23Z</time>
   </trkpt>
   <trkpt lat="10.3142120" lon="123.8654580">
    <ele>103.8</ele>
    <time>2026-03-07T14:05:29Z</time>
   </trkpt>
   <trkpt lat="10.3142300" lon="123.8655050">
    <ele>104.5</ele>
    <time>2026-03-07T14:05:35Z</time>
   </trkpt>
   <trkpt lat="10.3143330" lon="123.8655390">
    <ele>105.7</ele>
    <time>2026-03-07T14:05:47Z</time>
   </trkpt>
   <trkpt lat="10.3144450" lon="123.8657120">
    <ele>108.4</ele>
    <time>2026-03-07T14:06:07Z</time>
   </trkpt>
   <trkpt lat="10.3144460" lon="123.8657400">
    <ele>108.7</ele>
    <time>2026-03-07T14:06:09Z</time>
   </trkpt>
   <trkpt lat="10.3144150" lon="123.8657890">
    <ele>109.4</ele>
    <time>2026-03-07T14:06:15Z</time>
   </trkpt>
   <trkpt lat="10.3144320" lon="123.8658640">
    <ele>110.0</ele>
    <time>2026-03-07T14:06:23Z</time>
   </trkpt>
   <trkpt lat="10.3143940" lon="123.8659270">
    <ele>110.2</ele>
    <time>2026-03-07T14:06:32Z</time>
   </trkpt>
   <trkpt lat="10.3143760" lon="123.8660190">
    <ele>110.0</ele>
    <time>2026-03-07T14:06:38Z</time>
   </trkpt>
   <trkpt lat="10.3143880" lon="123.8660810">
    <ele>109.9</ele>
    <time>2026-03-07T14:06:44Z</time>
   </trkpt>
   <trkpt lat="10.3144680" lon="123.8661580">
    <ele>109.7</ele>
    <time>2026-03-07T14:06:54Z</time>
   </trkpt>
   <trkpt lat="10.3145000" lon="123.8663070">
    <ele>108.9</ele>
    <time>2026-03-07T14:07:05Z</time>
   </trkpt>
   <trkpt lat="10.3145560" lon="123.8663590">
    <ele>108.0</ele>
    <time>2026-03-07T14:07:14Z</time>
   </trkpt>
   <trkpt lat="10.3145560" lon="123.8664060">
    <ele>107.6</ele>
    <time>2026-03-07T14:07:19Z</time>
   </trkpt>
   <trkpt lat="10.3146280" lon="123.8666150">
    <ele>108.9</ele>
    <time>2026-03-07T14:07:40Z</time>
   </trkpt>
   <trkpt lat="10.3145880" lon="123.8666980">
    <ele>109.5</ele>
    <time>2026-03-07T14:07:49Z</time>
   </trkpt>
   <trkpt lat="10.3145370" lon="123.8667520">
    <ele>109.6</ele>
    <time>2026-03-07T14:07:56Z</time>
   </trkpt>
   <trkpt lat="10.3145720" lon="123.8667460">
    <ele>109.6</ele>
    <time>2026-03-07T14:08:01Z</time>
   </trkpt>
   <trkpt lat="10.3145820" lon="123.8667770">
    <ele>109.6</ele>
    <time>2026-03-07T14:08:05Z</time>
   </trkpt>
   <trkpt lat="10.3145930" lon="123.8668470">
    <ele>109.6</ele>
    <time>2026-03-07T14:08:13Z</time>
   </trkpt>
   <trkpt lat="10.3145810" lon="123.8669280">
    <ele>109.7</ele>
    <time>2026-03-07T14:08:22Z</time>
   </trkpt>
   <trkpt lat="10.3145210" lon="123.8669950">
    <ele>109.8</ele>
    <time>2026-03-07T14:08:30Z</time>
   </trkpt>
   <trkpt lat="10.3144090" lon="123.8670680">
    <ele>110.0</ele>
    <time>2026-03-07T14:08:41Z</time>
   </trkpt>
   <trkpt lat="10.3143010" lon="123.8670940">
    <ele>110.0</ele>
    <time>2026-03-07T14:08:52Z</time>
   </trkpt>
   <trkpt lat="10.3142050" lon="123.8671820">
    <ele>109.9</ele>
    <time>2026-03-07T14:09:07Z</time>
   </trkpt>
   <trkpt lat="10.3140920" lon="123.8672060">
    <ele>109.5</ele>
    <time>2026-03-07T14:09:19Z</time>
   </trkpt>
   <trkpt lat="10.3138400" lon="123.8673600">
    <ele>107.4</ele>
    <time>2026-03-07T14:09:48Z</time>
   </trkpt>
   <trkpt lat="10.3137550" lon="123.8673960">
    <ele>105.9</ele>
    <time>2026-03-07T14:09:58Z</time>
   </trkpt>
   <trkpt lat="10.3137270" lon="123.8674250">
    <ele>105.2</ele>
    <time>2026-03-07T14:10:02Z</time>
   </trkpt>
   <trkpt lat="10.3136630" lon="123.8674430">
    <ele>104.1</ele>
    <time>2026-03-07T14:10:09Z</time>
   </trkpt>
   <trkpt lat="10.3134540" lon="123.8675600">
    <ele>101.1</ele>
    <time>2026-03-07T14:10:34Z</time>
   </trkpt>
   <trkpt lat="10.3133790" lon="123.8675850">
    <ele>100.0</ele>
    <time>2026-03-07T14:10:44Z</time>
   </trkpt>
   <trkpt lat="10.3133500" lon="123.8676300">
    <ele>99.2</ele>
    <time>2026-03-07T14:10:49Z</time>
   </trkpt>
   <trkpt lat="10.3133080" lon="123.8676570">
    <ele>98.5</ele>
    <time>2026-03-07T14:10:55Z</time>
   </trkpt>
   <trkpt lat="10.3132300" lon="123.8677470">
    <ele>96.8</ele>
    <time>2026-03-07T14:11:06Z</time>
   </trkpt>
   <trkpt lat="10.3130590" lon="123.8678810">
    <ele>93.5</ele>
    <time>2026-03-07T14:11:33Z</time>
   </trkpt>
   <trkpt lat="10.3129980" lon="123.8679490">
    <ele>92.1</ele>
    <time>2026-03-07T14:11:43Z</time>
   </trkpt>
   <trkpt lat="10.3129780" lon="123.8679960">
    <ele>91.2</ele>
    <time>2026-03-07T14:11:49Z</time>
   </trkpt>
   <trkpt lat="10.3128670" lon="123.8681060">
    <ele>88.2</ele>
    <time>2026-03-07T14:12:08Z</time>
   </trkpt>
   <trkpt lat="10.3128220" lon="123.8681430">
    <ele>87.1</ele>
    <time>2026-03-07T14:12:15Z</time>
   </trkpt>
   <trkpt lat="10.3127120" lon="123.8681920">
    <ele>84.9</ele>
    <time>2026-03-07T14:12:28Z</time>
   </trkpt>
   <trkpt lat="10.3126420" lon="123.8682610">
    <ele>83.0</ele>
    <time>2026-03-07T14:12:37Z</time>
   </trkpt>
   <trkpt lat="10.3125510" lon="123.8683180">
    <ele>81.2</ele>
    <time>2026-03-07T14:12:50Z</time>
   </trkpt>
   <trkpt lat="10.3122720" lon="123.8683120">
    <ele>76.4</ele>
    <time>2026-03-07T14:13:20Z</time>
   </trkpt>
   <trkpt lat="10.3121860" lon="123.8683740">
    <ele>74.4</ele>
    <time>2026-03-07T14:13:33Z</time>
   </trkpt>
   <trkpt lat="10.3121520" lon="123.8684700">
    <ele>72.5</ele>
    <time>2026-03-07T14:13:42Z</time>
   </trkpt>
   <trkpt lat="10.3120870" lon="123.8685230">
    <ele>71.2</ele>
    <time>2026-03-07T14:13:53Z</time>
   </trkpt>
   <trkpt lat="10.3119790" lon="123.8685280">
    <ele>69.6</ele>
    <time>2026-03-07T14:14:02Z</time>
   </trkpt>
   <trkpt lat="10.3119100" lon="123.8685690">
    <ele>68.5</ele>
    <time>2026-03-07T14:14:12Z</time>
   </trkpt>
   <trkpt lat="10.3118370" lon="123.8685650">
    <ele>67.5</ele>
    <time>2026-03-07T14:14:18Z</time>
   </trkpt>
   <trkpt lat="10.3117360" lon="123.8686460">
    <ele>66.0</ele>
    <time>2026-03-07T14:14:30Z</time>
   </trkpt>
   <trkpt lat="10.3115080" lon="123.8687230">
    <ele>63.0</ele>
    <time>2026-03-07T14:14:51Z</time>
   </trkpt>
   <trkpt lat="10.3114580" lon="123.8687170">
    <ele>62.4</ele>
    <time>2026-03-07T14:14:55Z</time>
   </trkpt>
   <trkpt lat="10.3113990" lon="123.8687320">
    <ele>61.6</ele>
    <time>2026-03-07T14:15:01Z</time>
   </trkpt>
   <trkpt lat="10.3112520" lon="123.8686720">
    <ele>59.7</ele>
    <time>2026-03-07T14:15:16Z</time>
   </trkpt>
   <trkpt lat="10.3111740" lon="123.8686550">
    <ele>59.0</ele>
    <time>2026-03-07T14:15:25Z</time>
   </trkpt>
   <trkpt lat="10.3110730" lon="123.8686020">
    <ele>58.2</ele>
    <time>2026-03-07T14:15:35Z</time>
   </trkpt>
   <trkpt lat="10.3109290" lon="123.8686300">
    <ele>57.3</ele>
    <time>2026-03-07T14:15:47Z</time>
   </trkpt>
   <trkpt lat="10.3108480" lon="123.8686940">
    <ele>56.4</ele>
    <time>2026-03-07T14:15:56Z</time>
   </trkpt>
   <trkpt lat="10.3108190" lon="123.8687020">
    <ele>56.1</ele>
    <time>2026-03-07T14:16:00Z</time>
   </trkpt>
   <trkpt lat="10.3107460" lon="123.8687560">
    <ele>54.8</ele>
    <time>2026-03-07T14:16:12Z</time>
   </trkpt>
   <trkpt lat="10.3107190" lon="123.8688140">
    <ele>53.7</ele>
    <time>2026-03-07T14:16:18Z</time>
   </trkpt>
   <trkpt lat="10.3106660" lon="123.8688330">
    <ele>52.8</ele>
    <time>2026-03-07T14:16:29Z</time>
   </trkpt>
   <trkpt lat="10.3105540" lon="123.8689290">
    <ele>50.7</ele>
    <time>2026-03-07T14:16:44Z</time>
   </trkpt>
   <trkpt lat="10.3105220" lon="123.8689870">
    <ele>50.6</ele>
    <time>2026-03-07T14:16:49Z</time>
   </trkpt>
   <trkpt lat="10.3105010" lon="123.8692220">
    <ele>49.9</ele>
    <time>2026-03-07T14:17:14Z</time>
   </trkpt>
   <trkpt lat="10.3104740" lon="123.8692770">
    <ele>49.5</ele>
    <time>2026-03-07T14:17:21Z</time>
   </trkpt>
   <trkpt lat="10.3104840" lon="123.8693120">
    <ele>49.2</ele>
    <time>2026-03-07T14:17:26Z</time>
   </trkpt>
   <trkpt lat="10.3104380" lon="123.8694400">
    <ele>48.1</ele>
    <time>2026-03-07T14:17:39Z</time>
   </trkpt>
   <trkpt lat="10.3103620" lon="123.8695760">
    <ele>46.8</ele>
    <time>2026-03-07T14:17:53Z</time>
   </trkpt>
   <trkpt lat="10.3101930" lon="123.8697990">
    <ele>45.5</ele>
    <time>2026-03-07T14:18:20Z</time>
   </trkpt>
   <trkpt lat="10.3101400" lon="123.8698980">
    <ele>44.9</ele>
    <time>2026-03-07T14:18:29Z</time>
   </trkpt>
   <trkpt lat="10.3099860" lon="123.8699810">
    <ele>44.0</ele>
    <time>2026-03-07T14:18:44Z</time>
   </trkpt>
   <trkpt lat="10.3099330" lon="123.8700250">
    <ele>43.6</ele>
    <time>2026-03-07T14:18:51Z</time>
   </trkpt>
   <trkpt lat="10.3098160" lon="123.8700700">
    <ele>43.0</ele>
    <time>2026-03-07T14:19:03Z</time>
   </trkpt>
   <trkpt lat="10.3097090" lon="123.8701630">
    <ele>42.4</ele>
    <time>2026-03-07T14:19:17Z</time>
   </trkpt>
   <trkpt lat="10.3096610" lon="123.8702250">
    <ele>42.0</ele>
    <time>2026-03-07T14:19:25Z</time>
   </trkpt>
   <trkpt lat="10.3095790" lon="123.8702560">
    <ele>41.6</ele>
    <time>2026-03-07T14:19:32Z</time>
   </trkpt>
   <trkpt lat="10.3094550" lon="123.8703690">
    <ele>41.0</ele>
    <time>2026-03-07T14:19:48Z</time>
   </trkpt>
   <trkpt lat="10.3093290" lon="123.8703710">
    <ele>40.5</ele>
    <time>2026-03-07T14:19:59Z</time>
   </trkpt>
   <trkpt lat="10.3091680" lon="123.8704400">
    <ele>40.3</ele>
    <time>2026-03-07T14:20:14Z</time>
   </trkpt>
   <trkpt lat="10.3091230" lon="123.8704770">
    <ele>40.3</ele>
    <time>2026-03-07T14:20:21Z</time>
   </trkpt>
   <trkpt lat="10.3090790" lon="123.8705540">
    <ele>40.5</ele>
    <time>2026-03-07T14:20:28Z</time>
   </trkpt>
   <trkpt lat="10.3089980" lon="123.8706270">
    <ele>41.1</ele>
    <time>2026-03-07T14:20:38Z</time>
   </trkpt>
   <trkpt lat="10.3089830" lon="123.8706760">
    <ele>41.4</ele>
    <time>2026-03-07T14:20:43Z</time>
   </trkpt>
   <trkpt lat="10.3089820" lon="123.8707950">
    <ele>42.3</ele>
    <time>2026-03-07T14:20:52Z</time>
   </trkpt>
   <trkpt lat="10.3089570" lon="123.8708640">
    <ele>42.6</ele>
    <time>2026-03-07T14:20:59Z</time>
   </trkpt>
   <trkpt lat="10.3089080" lon="123.8711540">
    <ele>42.5</ele>
    <time>2026-03-07T14:21:25Z</time>
   </trkpt>
   <trkpt lat="10.3089060" lon="123.8712460">
    <ele>42.2</ele>
    <time>2026-03-07T14:21:35Z</time>
   </trkpt>
   <trkpt lat="10.3090080" lon="123.8715820">
    <ele>41.1</ele>
    <time>2026-03-07T14:22:06Z</time>
   </trkpt>
   <trkpt lat="10.3091960" lon="123.8718370">
    <ele>39.9</ele>
    <time>2026-03-07T14:22:37Z</time>
   </trkpt>
   <trkpt lat="10.3092530" lon="123.8718710">
    <ele>39.6</ele>
    <time>2026-03-07T14:22:43Z</time>
   </trkpt>
   <trkpt lat="10.3093150" lon="123.8719590">
    <ele>39.1</ele>
    <time>2026-03-07T14:22:53Z</time>
   </trkpt>
   <trkpt lat="10.3093450" lon="123.8720390">
    <ele>38.8</ele>
    <time>2026-03-07T14:23:01Z</time>
   </trkpt>
   <trkpt lat="10.3093380" lon="123.8721040">
    <ele>38.5</ele>
    <time>2026-03-07T14:23:07Z</time>
   </trkpt>
   <trkpt lat="10.3093640" lon="123.8722380">
    <ele>37.9</ele>
    <time>2026-03-07T14:23:17Z</time>
   </trkpt>
   <trkpt lat="10.3093410" lon="123.8723100">
    <ele>37.5</ele>
    <time>2026-03-07T14:23:25Z</time>
   </trkpt>
   <trkpt lat="10.3093570" lon="123.8723660">
    <ele>37.2</ele>
    <time>2026-03-07T14:23:30Z</time>
   </trkpt>
   <trkpt lat="10.3093520" lon="123.8724610">
    <ele>36.6</ele>
    <time>2026-03-07T14:23:39Z</time>
   </trkpt>
   <trkpt lat="10.3092970" lon="123.8725700">
    <ele>35.9</ele>
    <time>2026-03-07T14:23:50Z</time>
   </trkpt>
   <trkpt lat="10.3092880" lon="123.8726740">
    <ele>35.2</ele>
    <time>2026-03-07T14:23:59Z</time>
   </trkpt>
   <trkpt lat="10.3092680" lon="123.8727210">
    <ele>34.9</ele>
    <time>2026-03-07T14:24:03Z</time>
   </trkpt>
   <trkpt lat="10.3092570" lon="123.8729440">
    <ele>33.6</ele>
    <time>2026-03-07T14:24:24Z</time>
   </trkpt>
   <trkpt lat="10.3092320" lon="123.8730730">
    <ele>32.9</ele>
    <time>2026-03-07T14:24:37Z</time>
   </trkpt>
   <trkpt lat="10.3092390" lon="123.8731130">
    <ele>32.6</ele>
    <time>2026-03-07T14:24:40Z</time>
   </trkpt>
   <trkpt lat="10.3092260" lon="123.8732010">
    <ele>32.1</ele>
    <time>2026-03-07T14:24:49Z</time>
   </trkpt>
   <trkpt lat="10.3091950" lon="123.8732780">
    <ele>31.6</ele>
    <time>2026-03-07T14:24:55Z</time>
   </trkpt>
   <trkpt lat="10.3092090" lon="123.8733870">
    <ele>31.0</ele>
    <time>2026-03-07T14:25:04Z</time>
   </trkpt>
   <trkpt lat="10.3091790" lon="123.8734860">
    <ele>30.8</ele>
    <time>2026-03-07T14:25:17Z</time>
   </trkpt>
   <trkpt lat="10.3091810" lon="123.8735400">
    <ele>30.7</ele>
    <time>2026-03-07T14:25:23Z</time>
   </trkpt>
   <trkpt lat="10.3092160" lon="123.8736430">
    <ele>30.2</ele>
    <time>2026-03-07T14:25:33Z</time>
   </trkpt>
   <trkpt lat="10.3092060" lon="123.8737780">
    <ele>29.5</ele>
    <time>2026-03-07T14:25:45Z</time>
   </trkpt>
   <trkpt lat="10.3092730" lon="123.8739800">
    <ele>28.2</ele>
    <time>2026-03-07T14:26:05Z</time>
   </trkpt>
   <trkpt lat="10.3092580" lon="123.8742190">
    <ele>26.8</ele>
    <time>2026-03-07T14:26:27Z</time>
   </trkpt>
   <trkpt lat="10.3092400" lon="123.8742470">
    <ele>26.7</ele>
    <time>2026-03-07T14:26:31Z</time>
   </trkpt>
   <trkpt lat="10.3092470" lon="123.8744110">
    <ele>26.1</ele>
    <time>2026-03-07T14:26:46Z</time>
   </trkpt>
   <trkpt lat="10.3092100" lon="123.8746110">
    <ele>25.6</ele>
    <time>2026-03-07T14:27:06Z</time>
   </trkpt>
   <trkpt lat="10.3092390" lon="123.8747510">
    <ele>25.3</ele>
    <time>2026-03-07T14:27:20Z</time>
   </trkpt>
   <trkpt lat="10.3092880" lon="123.8748500">
    <ele>25.1</ele>
    <time>2026-03-07T14:27:29Z</time>
   </trkpt>
   <trkpt lat="10.3092920" lon="123.8751180">
    <ele>25.0</ele>
    <time>2026-03-07T14:27:55Z</time>
   </trkpt>
   <trkpt lat="10.3093050" lon="123.8752180">
    <ele>25.2</ele>
    <time>2026-03-07T14:28:05Z</time>
   </trkpt>
   <trkpt lat="10.3093350" lon="123.8752790">
    <ele>25.3</ele>
    <time>2026-03-07T14:28:11Z</time>
   </trkpt>
   <trkpt lat="10.3093200" lon="123.8754170">
    <ele>26.0</ele>
    <time>2026-03-07T14:28:24Z</time>
   </trkpt>
   <trkpt lat="10.3093370" lon="123.8754530">
    <ele>26.3</ele>
    <time>2026-03-07T14:28:28Z</time>
   </trkpt>
   <trkpt lat="10.3093410" lon="123.8755800">
    <ele>27.2</ele>
    <time>2026-03-07T14:28:39Z</time>
   </trkpt>
   <trkpt lat="10.3093740" lon="123.8757410">
    <ele>28.1</ele>
    <time>2026-03-07T14:28:53Z</time>
   </trkpt>
   <trkpt lat="10.3093690" lon="123.8758260">
    <ele>28.6</ele>
    <time>2026-03-07T14:29:04Z</time>
   </trkpt>
   <trkpt lat="10.3094210" lon="123.8759410">
    <ele>29.6</ele>
    <time>2026-03-07T14:29:17Z</time>
   </trkpt>
   <trkpt lat="10.3094160" lon="123.8759700">
    <ele>29.9</ele>
    <time>2026-03-07T14:29:22Z</time>
   </trkpt>
   <trkpt lat="10.3094020" lon="123.8759600">
    <ele>30.0</ele>
    <time>2026-03-07T14:29:34Z</time>
   </trkpt>
  </trkseg>
 </trk>
</gpx>