<?xml version="1.0" encoding="UTF-8"?>
<gpx creator="StravaGPX" version="1.1" xmlns="http://www.topografix.com/GPX/1/1" xmlns:xsi="http://www.w3.org/2001/XMLSchema-instance" xsi:schemaLocation="http://www.topografix.com/GPX/1/1 http://www.topografix.com/GPX/1/1/gpx.xsd">
 <metadata>
  <time>2025-12-23T07:37:15Z</time>
 </metadata>
 <trk>
  <name>Afternoon Hike</name>
  <type>hiking</type>
  <trkseg>
   <trkpt lat="10.3092050" lon="123.8756700">
    <ele>28.3</ele>
    <time>2025-12-23T07:37:15Z</time>
   </trkpt>
   <trkpt lat="10.3092350" lon="123.8756930">
    <ele>28.3</ele>
    <time>2025-12-23T07:37:16Z</time>
   </trkpt>
   <trkpt lat="10.3092650" lon="123.8757300">
    <ele>28.2</ele>
    <time>2025-12-23T07:37:17Z</time>
   </trkpt>
   <trkpt lat="10.3092710" lon="123.8757780">
    <ele>28.2</ele>
    <time>2025-12-23T07:37:18Z</time>
   </trkpt>
   <trkpt lat="10.3092690" lon="123.8757800">
    <ele>28.2</ele>
    <time>2025-12-23T07:37:20Z</time>
   </trkpt>
   <trkpt lat="10.3092690" lon="123.8757810">
    <ele>28.2</ele>
    <time>2025-12-23T07:37:21Z</time>
   </trkpt>
   <trkpt lat="10.3092690" lon="123.8757780">
    <ele>28.2</ele>
    <time>2025-12-23T07:37:22Z</time>
   </trkpt>
   <trkpt lat="10.3092750" lon="123.8757820">
    <ele>28.2</ele>
    <time>2025-12-23T07:37:23Z</time>
   </trkpt>
   <trkpt lat="10.3092760" lon="123.8757970">
    <ele>28.1</ele>
    <time>2025-12-23T07:37:24Z</time>
   </trkpt>
   <trkpt lat="10.3092790" lon="123.8758020">
    <ele>28.1</ele>
    <time>2025-12-23T07:37:25Z</time>
   </trkpt>
   <trkpt lat="10.3092790" lon="123.8758050">
    <ele>28.1</ele>
    <time>2025-12-23T07:37:26Z</time>
   </trkpt>
   <trkpt lat="10.3092750" lon="123.8758060">
    <ele>28.1</ele>
    <time>2025-12-23T07:37:27Z</time>
   </trkpt>
   <trkpt lat="10.3092710" lon="123.8758050">
    <ele>28.1</ele>
    <time>2025-12-23T07:37:28Z</time>
   </trkpt>
   <trkpt lat="10.3092740" lon="123.8758020">
    <ele>28.1</ele>
    <time>2025-12-23T07:37:29Z</time>
   </trkpt>
   <trkpt lat="10.3092860" lon="123.8757950">
    <ele>28.1</ele>
    <time>2025-12-23T07:37:30Z</time>
   </trkpt>
   <trkpt lat="10.3093030" lon="123.8757860">
    <ele>28.1</ele>
    <time>2025-12-23T07:37:31Z</time>
   </trkpt>
   <trkpt lat="10.3093180" lon="123.8757790">
    <ele>28.1</ele>
    <time>2025-12-23T07:37:32Z</time>
   </trkpt>
   <trkpt lat="10.3093250" lon="123.8757710">
    <ele>28.0</ele>
    <time>2025-12-23T07:37:33Z</time>
   </trkpt>
   <trkpt lat="10.3093280" lon="123.8757600">
    <ele>28.0</ele>
    <time>2025-12-23T07:37:34Z</time>
   </trkpt>
   <trkpt lat="10.3093280" lon="123.8757490">
    <ele>28.0</ele>
    <time>2025-12-23T07:37:35Z</time>
   </trkpt>
   <trkpt lat="10.3093230" lon="123.8757380">
    <ele>28.0</ele>
    <time>2025-12-23T07:37:36Z</time>
   </trkpt>
   <trkpt lat="10.3093210" lon="123.8757280">
    <ele>27.9</ele>
    <time>2025-12-23T07:37:37Z</time>
   </trkpt>
   <trkpt lat="10.3093190" lon="123.8757200">
    <ele>27.9</ele>
    <time>2025-12-23T07:37:38Z</time>
   </trkpt>
   <trkpt lat="10.3093180" lon="123.8757110">
    <ele>27.9</ele>
    <time>2025-12-23T07:37:39Z</time>
   </trkpt>
   <trkpt lat="10.3093190" lon="123.8756980">
    <ele>27.8</ele>
    <time>2025-12-23T07:37:40Z</time>
   </trkpt>
   <trkpt lat="10.3093180" lon="123.8756880">
    <ele>27.8</ele>
    <time>2025-12-23T07:37:41Z</time>
   </trkpt>
   <trkpt lat="10.3093180" lon="123.8756790">
    <ele>27.8</ele>
    <time>2025-12-23T07:37:42Z</time>
   </trkpt>
   <trkpt lat="10.3093190" lon="123.8756700">
    <ele>27.8</ele>
    <time>2025-12-23T07:37:43Z</time>
   </trkpt>
   <trkpt lat="10.3093210" lon="123.8756620">
    <ele>27.8</ele>
    <time>2025-12-23T07:37:44Z</time>
   </trkpt>
   <trkpt lat="10.3093190" lon="123.8756600">
    <ele>27.8</ele>
    <time>2025-12-23T07:37:45Z</time>
   </trkpt>
   <trkpt lat="10.3093180" lon="123.8756600">
    <ele>27.8</ele>
    <time>2025-12-23T07:37:46Z</time>
   </trkpt>
   <trkpt lat="10.3093160" lon="123.8756540">
    <ele>27.8</ele>
    <time>2025-12-23T07:37:47Z</time>
   </trkpt>
   <trkpt lat="10.3093150" lon="123.8756460">
    <ele>27.7</ele>
    <time>2025-12-23T07:37:48Z</time>
   </trkpt>
   <trkpt lat="10.3093130" lon="123.8756350">
    <ele>27.7</ele>
    <time>2025-12-23T07:37:49Z</time>
   </trkpt>
   <trkpt lat="10.3093090" lon="123.8756180">
    <ele>27.7</ele>
    <time>2025-12-23T07:37:50Z</time>
   </trkpt>
   <trkpt lat="10.3093050" lon="123.8756000">
    <ele>27.6</ele>
    <time>2025-12-23T07:37:51Z</time>
   </trkpt>
   <trkpt lat="10.3093070" lon="123.8755830">
    <ele>27.5</ele>
    <time>2025-12-23T07:37:52Z</time>
   </trkpt>
   <trkpt lat="10.3093060" lon="123.8755660">
    <ele>27.3</ele>
    <time>2025-12-23T07:37:53Z</time>
   </trkpt>
   <trkpt lat="10.3093060" lon="123.8755490">
    <ele>27.2</ele>
    <time>2025-12-23T07:37:54Z</time>
   </trkpt>
   <trkpt lat="10.3093020" lon="123.8755340">
    <ele>27.1</ele>
    <time>2025-12-23T07:37:55Z</time>
   </trkpt>
   <trkpt lat="10.3092960" lon="123.8755060">
    <ele>26.9</ele>
    <time>2025-12-23T07:37:56Z</time>
   </trkpt>
   <trkpt lat="10.3092940" lon="123.8754960">
    <ele>26.9</ele>
    <time>2025-12-23T07:37:57Z</time>
   </trkpt>
   <trkpt lat="10.3092850" lon="123.8754680">
    <ele>26.7</ele>
    <time>2025-12-23T07:37:58Z</time>
   </trkpt>
   <trkpt lat="10.3092820" lon="123.8754600">
    <ele>26.6</ele>
    <time>2025-12-23T07:37:59Z</time>
   </trkpt>
   <trkpt lat="10.3092780" lon="123.8754440">
    <ele>26.5</ele>
    <time>2025-12-23T07:38:00Z</time>
   </trkpt>
   <trkpt lat="10.3092750" lon="123.8754290">
    <ele>26.4</ele>
    <time>2025-12-23T07:38:01Z</time>
   </trkpt>
   <trkpt lat="10.3092680" lon="123.8754090">
    <ele>26.3</ele>
    <time>2025-12-23T07:38:02Z</time>
   </trkpt>
   <trkpt lat="10.3092650" lon="123.8754010">
    <ele>26.2</ele>
    <time>2025-12-23T07:38:03Z</time>
   </trkpt>
   <trkpt lat="10.3092620" lon="123.8753940">
    <ele>26.2</ele>
    <time>2025-12-23T07:38:04Z</time>
   </trkpt>
   <trkpt lat="10.3092550" lon="123.8753770">
    <ele>26.1</ele>
    <time>2025-12-23T07:38:05Z</time>
   </trkpt>
   <trkpt lat="10.3092520" lon="123.8753670">
    <ele>26.0</ele>
    <time>2025-12-23T07:38:06Z</time>
   </trkpt>
   <trkpt lat="10.3092520" lon="123.8753510">
    <ele>25.9</ele>
    <time>2025-12-23T07:38:07Z</time>
   </trkpt>
   <trkpt lat="10.3092520" lon="123.8753340">
    <ele>25.8</ele>
    <time>2025-12-23T07:38:08Z</time>
   </trkpt>
   <trkpt lat="10.3092510" lon="123.8753160">
    <ele>25.8</ele>
    <time>2025-12-23T07:38:09Z</time>
   </trkpt>
   <trkpt lat="10.3092540" lon="123.8753000">
    <ele>25.7</ele>
    <time>2025-12-23T07:38:10Z</time>
   </trkpt>
   <trkpt lat="10.3092520" lon="123.8752840">
    <ele>25.6</ele>
    <time>2025-12-23T07:38:11Z</time>
   </trkpt>
   <trkpt lat="10.3092460" lon="123.8752710">
    <ele>25.5</ele>
    <time>2025-12-23T07:38:12Z</time>
   </trkpt>
   <trkpt lat="10.3092390" lon="123.8752560">
    <ele>25.4</ele>
    <time>2025-12-23T07:38:13Z</time>
   </trkpt>
   <trkpt lat="10.3092350" lon="123.8752440">
    <ele>25.4</ele>
    <time>2025-12-23T07:38:14Z</time>
   </trkpt>
   <trkpt lat="10.3092270" lon="123.8752210">
    <ele>25.3</ele>
    <time>2025-12-23T07:38:15Z</time>
   </trkpt>
   <trkpt lat="10.3092270" lon="123.8752120">
    <ele>25.2</ele>
    <time>2025-12-23T07:38:16Z</time>
   </trkpt>
   <trkpt lat="10.3092260" lon="123.8752020">
    <ele>25.2</ele>
    <time>2025-12-23T07:38:17Z</time>
   </trkpt>
   <trkpt lat="10.3092320" lon="123.8751830">
    <ele>25.1</ele>
    <time>2025-12-23T07:38:18Z</time>
   </trkpt>
   <trkpt lat="10.3092370" lon="123.8751760">
    <ele>25.1</ele>
    <time>2025-12-23T07:38:19Z</time>
   </trkpt>
   <trkpt lat="10.3092420" lon="123.8751680">
    <ele>25.1</ele>
    <time>2025-12-23T07:38:20Z</time>
   </trkpt>
   <trkpt lat="10.3092520" lon="123.8751570">
    <ele>25.0</ele>
    <time>2025-12-23T07:38:21Z</time>
   </trkpt>
   <trkpt lat="10.3092600" lon="123.8751450">
    <ele>25.0</ele>
    <time>2025-12-23T07:38:22Z</time>
   </trkpt>
   <trkpt lat="10.3092650" lon="123.8751320">
    <ele>25.0</ele>
    <time>2025-12-23T07:38:23Z</time>
   </trkpt>
   <trkpt lat="10.3092660" lon="123.8751250">
    <ele>25.0</ele>
    <time>2025-12-23T07:38:24Z</time>
   </trkpt>
   <trkpt lat="10.3092640" lon="123.8751160">
    <ele>24.9</ele>
    <time>2025-12-23T07:38:25Z</time>
   </trkpt>
   <trkpt lat="10.3092610" lon="123.8751040">
    <ele>24.9</ele>
    <time>2025-12-23T07:38:26Z</time>
   </trkpt>
   <trkpt lat="10.3092580" lon="123.8750920">
    <ele>24.9</ele>
    <time>2025-12-23T07:38:27Z</time>
   </trkpt>
   <trkpt lat="10.3092550" lon="123.8750800">
    <ele>24.9</ele>
    <time>2025-12-23T07:38:28Z</time>
   </trkpt>
   <trkpt lat="10.3092550" lon="123.8750650">
    <ele>24.9</ele>
    <time>2025-12-23T07:38:29Z</time>
   </trkpt>
   <trkpt lat="10.3092530" lon="123.8750490">
    <ele>24.9</ele>
    <time>2025-12-23T07:38:30Z</time>
   </trkpt>
   <trkpt lat="10.3092510" lon="123.8750320">
    <ele>24.9</ele>
    <time>2025-12-23T07:38:31Z</time>
   </trkpt>
   <trkpt lat="10.3092500" lon="123.8750170">
    <ele>24.9</ele>
    <time>2025-12-23T07:38:32Z</time>
   </trkpt>
   <trkpt lat="10.3092470" lon="123.8750010">
    <ele>24.9</ele>
    <time>2025-12-23T07:38:33Z</time>
   </trkpt>
   <trkpt lat="10.3092460" lon="123.8749890">
    <ele>24.9</ele>
    <time>2025-12-23T07:38:34Z</time>
   </trkpt>
   <trkpt lat="10.3092500" lon="123.8749680">
    <ele>24.9</ele>
    <time>2025-12-23T07:38:35Z</time>
   </trkpt>
   <trkpt lat="10.3092500" lon="123.8749590">
    <ele>24.9</ele>
    <time>2025-12-23T07:38:36Z</time>
   </trkpt>
   <trkpt lat="10.3092510" lon="123.8749500">
    <ele>24.9</ele>
    <time>2025-12-23T07:38:37Z</time>
   </trkpt>
   <trkpt lat="10.3092480" lon="123.8749370">
    <ele>25.0</ele>
    <time>2025-12-23T07:38:38Z</time>
   </trkpt>
   <trkpt lat="10.3092450" lon="123.8749230">
    <ele>25.0</ele>
    <time>2025-12-23T07:38:39Z</time>
   </trkpt>
   <trkpt lat="10.3092450" lon="123.8749130">
    <ele>25.0</ele>
    <time>2025-12-23T07:38:40Z</time>
   </trkpt>
   <trkpt lat="10.3092440" lon="123.8749030">
    <ele>25.0</ele>
    <time>2025-12-23T07:38:41Z</time>
   </trkpt>
   <trkpt lat="10.3092390" lon="123.8748900">
    <ele>25.0</ele>
    <time>2025-12-23T07:38:42Z</time>
   </trkpt>
   <trkpt lat="10.3092340" lon="123.8748750">
    <ele>25.0</ele>
    <time>2025-12-23T07:38:43Z</time>
   </trkpt>
   <trkpt lat="10.3092290" lon="123.8748610">
    <ele>25.0</ele>
    <time>2025-12-23T07:38:44Z</time>
   </trkpt>
   <trkpt lat="10.3092280" lon="123.8748460">
    <ele>25.0</ele>
    <time>2025-12-23T07:38:45Z</time>
   </trkpt>
   <trkpt lat="10.3092270" lon="123.8748320">
    <ele>25.1</ele>
    <time>2025-12-23T07:38:46Z</time>
   </trkpt>
   <trkpt lat="10.3092250" lon="123.8748160">
    <ele>25.1</ele>
    <time>2025-12-23T07:38:47Z</time>
   </trkpt>
   <trkpt lat="10.3092320" lon="123.8748060">
    <ele>25.1</ele>
    <time>2025-12-23T07:38:48Z</time>
   </trkpt>
   <trkpt lat="10.3092370" lon="123.8747970">
    <ele>25.1</ele>
    <time>2025-12-23T07:38:49Z</time>
   </trkpt>
   <trkpt lat="10.3092370" lon="123.8747870">
    <ele>25.1</ele>
    <time>2025-12-23T07:38:50Z</time>
   </trkpt>
   <trkpt lat="10.3092380" lon="123.8747750">
    <ele>25.2</ele>
    <time>2025-12-23T07:38:51Z</time>
   </trkpt>
   <trkpt lat="10.3092380" lon="123.8747640">
    <ele>25.2</ele>
    <time>2025-12-23T07:38:52Z</time>
   </trkpt>
   <trkpt lat="10.3092340" lon="123.8747530">
    <ele>25.2</ele>
    <time>2025-12-23T07:38:53Z</time>
   </trkpt>
   <trkpt lat="10.3092310" lon="123.8747430">
    <ele>25.2</ele>
    <time>2025-12-23T07:38:54Z</time>
   </trkpt>
   <trkpt lat="10.3092250" lon="123.8747310">
    <ele>25.2</ele>
    <time>2025-12-23T07:38:55Z</time>
   </trkpt>
   <trkpt lat="10.3092200" lon="123.8747170">
    <ele>25.3</ele>
    <time>2025-12-23T07:38:56Z</time>
   </trkpt>
   <trkpt lat="10.3092170" lon="123.8747020">
    <ele>25.3</ele>
    <time>2025-12-23T07:38:57Z</time>
   </trkpt>
   <trkpt lat="10.3092130" lon="123.8746840">
    <ele>25.3</ele>
    <time>2025-12-23T07:38:58Z</time>
   </trkpt>
   <trkpt lat="10.3092080" lon="123.8746680">
    <ele>25.3</ele>
    <time>2025-12-23T07:38:59Z</time>
   </trkpt>
   <trkpt lat="10.3092160" lon="123.8746490">
    <ele>25.4</ele>
    <time>2025-12-23T07:39:00Z</time>
   </trkpt>
   <trkpt lat="10.3092210" lon="123.8746410">
    <ele>25.4</ele>
    <time>2025-12-23T07:39:01Z</time>
   </trkpt>
   <trkpt lat="10.3092270" lon="123.8746340">
    <ele>25.4</ele>
    <time>2025-12-23T07:39:02Z</time>
   </trkpt>
   <trkpt lat="10.3092230" lon="123.8746330">
    <ele>25.4</ele>
    <time>2025-12-23T07:39:03Z</time>
   </trkpt>
   <trkpt lat="10.3092230" lon="123.8746240">
    <ele>25.4</ele>
    <time>2025-12-23T07:39:04Z</time>
   </trkpt>
   <trkpt lat="10.3092260" lon="123.8746110">
    <ele>25.4</ele>
    <time>2025-12-23T07:39:05Z</time>
   </trkpt>
   <trkpt lat="10.3092280" lon="123.8745980">
    <ele>25.5</ele>
    <time>2025-12-23T07:39:06Z</time>
   </trkpt>
   <trkpt lat="10.3092360" lon="123.8745680">
    <ele>25.5</ele>
    <time>2025-12-23T07:39:07Z</time>
   </trkpt>
   <trkpt lat="10.3092360" lon="123.8745570">
    <ele>25.6</ele>
    <time>2025-12-23T07:39:08Z</time>
   </trkpt>
   <trkpt lat="10.3092390" lon="123.8745360">
    <ele>25.6</ele>
    <time>2025-12-23T07:39:09Z</time>
   </trkpt>
   <trkpt lat="10.3092450" lon="123.8745230">
    <ele>25.6</ele>
    <time>2025-12-23T07:39:10Z</time>
   </trkpt>
   <trkpt lat="10.3092450" lon="123.8745010">
    <ele>25.7</ele>
    <time>2025-12-23T07:39:11Z</time>
   </trkpt>
   <trkpt lat="10.3092450" lon="123.8744910">
    <ele>25.7</ele>
    <time>2025-12-23T07:39:12Z</time>
   </trkpt>
   <trkpt lat="10.3092440" lon="123.8744810">
    <ele>25.7</ele>
    <time>2025-12-23T07:39:13Z</time>
   </trkpt>
   <trkpt lat="10.3092450" lon="123.8744680">
    <ele>25.8</ele>
    <time>2025-12-23T07:39:14Z</time>
   </trkpt>
   <trkpt lat="10.3092420" lon="123.8744570">
    <ele>25.8</ele>
    <time>2025-12-23T07:39:15Z</time>
   </trkpt>
   <trkpt lat="10.3092390" lon="123.8744480">
    <ele>25.8</ele>
    <time>2025-12-23T07:39:16Z</time>
   </trkpt>
   <trkpt lat="10.3092380" lon="123.8744390">
    <ele>25.9</ele>
    <time>2025-12-23T07:39:17Z</time>
   </trkpt>
   <trkpt lat="10.3092420" lon="123.8744340">
    <ele>25.9</ele>
    <time>2025-12-23T07:39:18Z</time>
   </trkpt>
   <trkpt lat="10.3092460" lon="123.8744300">
    <ele>25.9</ele>
    <time>2025-12-23T07:39:19Z</time>
   </trkpt>
   <trkpt lat="10.3092460" lon="123.8744220">
    <ele>25.9</ele>
    <time>2025-12-23T07:39:20Z</time>
   </trkpt>
   <trkpt lat="10.3092450" lon="123.8744130">
    <ele>26.0</ele>
    <time>2025-12-23T07:39:21Z</time>
   </trkpt>
   <trkpt lat="10.3092430" lon="123.8743910">
    <ele>26.0</ele>
    <time>2025-12-23T07:39:22Z</time>
   </trkpt>
   <trkpt lat="10.3092440" lon="123.8743820">
    <ele>26.0</ele>
    <time>2025-12-23T07:39:23Z</time>
   </trkpt>
   <trkpt lat="10.3092440" lon="123.8743720">
    <ele>26.1</ele>
    <time>2025-12-23T07:39:24Z</time>
   </trkpt>
   <trkpt lat="10.3092410" lon="123.8743580">
    <ele>26.1</ele>
    <time>2025-12-23T07:39:25Z</time>
   </trkpt>
   <trkpt lat="10.3092380" lon="123.8743460">
    <ele>26.2</ele>
    <time>2025-12-23T07:39:26Z</time>
   </trkpt>
   <trkpt lat="10.3092340" lon="123.8743350">
    <ele>26.2</ele>
    <time>2025-12-23T07:39:27Z</time>
   </trkpt>
   <trkpt lat="10.3092310" lon="123.8743240">
    <ele>26.3</ele>
    <time>2025-12-23T07:39:28Z</time>
   </trkpt>
   <trkpt lat="10.3092270" lon="123.8743170">
    <ele>26.3</ele>
    <time>2025-12-23T07:39:29Z</time>
   </trkpt>
   <trkpt lat="10.3092260" lon="123.8743070">
    <ele>26.3</ele>
    <time>2025-12-23T07:39:30Z</time>
   </trkpt>
   <trkpt lat="10.3092250" lon="123.8742980">
    <ele>26.4</ele>
    <time>2025-12-23T07:39:31Z</time>
   </trkpt>
   <trkpt lat="10.3092240" lon="123.8742890">
    <ele>26.4</ele>
    <time>2025-12-23T07:39:32Z</time>
   </trkpt>
   <trkpt lat="10.3092250" lon="123.8742780">
    <ele>26.4</ele>
    <time>2025-12-23T07:39:33Z</time>
   </trkpt>
   <trkpt lat="10.3092260" lon="123.8742680">
    <ele>26.5</ele>
    <time>2025-12-23T07:39:34Z</time>
   </trkpt>
   <trkpt lat="10.3092230" lon="123.8742590">
    <ele>26.5</ele>
    <time>2025-12-23T07:39:35Z</time>
   </trkpt>
   <trkpt lat="10.3092200" lon="123.8742520">
    <ele>26.5</ele>
    <time>2025-12-23T07:39:36Z</time>
   </trkpt>
   <trkpt lat="10.3092200" lon="123.8742490">
    <ele>26.5</ele>
    <time>2025-12-23T07:39:37Z</time>
   </trkpt>
   <trkpt lat="10.3092190" lon="123.8742510">
    <ele>26.5</ele>
    <time>2025-12-23T07:39:38Z</time>
   </trkpt>
   <trkpt lat="10.3092190" lon="123.8742530">
    <ele>26.5</ele>
    <time>2025-12-23T07:39:39Z</time>
   </trkpt>
   <trkpt lat="10.3092120" lon="123.8742540">
    <ele>26.6</ele>
    <time>2025-12-23T07:39:40Z</time>
   </trkpt>
   <trkpt lat="10.3092030" lon="123.8742540">
    <ele>26.6</ele>
    <time>2025-12-23T07:39:41Z</time>
   </trkpt>
   <trkpt lat="10.3092010" lon="123.8742510">
    <ele>26.6</ele>
    <time>2025-12-23T07:39:42Z</time>
   </trkpt>
   <trkpt lat="10.3092010" lon="123.8742470">
    <ele>26.6</ele>
    <time>2025-12-23T07:39:43Z</time>
   </trkpt>
   <trkpt lat="10.3091990" lon="123.8742410">
    <ele>26.7</ele>
    <time>2025-12-23T07:39:44Z</time>
   </trkpt>
   <trkpt lat="10.3092010" lon="123.8742340">
    <ele>26.7</ele>
    <time>2025-12-23T07:39:45Z</time>
   </trkpt>
   <trkpt lat="10.3092050" lon="123.8742290">
    <ele>26.7</ele>
    <time>2025-12-23T07:39:46Z</time>
   </trkpt>
   <trkpt lat="10.3092120" lon="123.8742240">
    <ele>26.7</ele>
    <time>2025-12-23T07:39:47Z</time>
   </trkpt>
   <trkpt lat="10.3092190" lon="123.8742180">
    <ele>26.8</ele>
    <time>2025-12-23T07:39:48Z</time>
   </trkpt>
   <trkpt lat="10.3092250" lon="123.8742100">
    <ele>26.8</ele>
    <time>2025-12-23T07:39:49Z</time>
   </trkpt>
   <trkpt lat="10.3092270" lon="123.8741990">
    <ele>26.8</ele>
    <time>2025-12-23T07:39:50Z</time>
   </trkpt>
   <trkpt lat="10.3092280" lon="123.8741860">
    <ele>26.9</ele>
    <time>2025-12-23T07:39:51Z</time>
   </trkpt>
   <trkpt lat="10.3092320" lon="123.8741660">
    <ele>27.0</ele>
    <time>2025-12-23T07:39:52Z</time>
   </trkpt>
   <trkpt lat="10.3092340" lon="123.8741570">
    <ele>27.0</ele>
    <time>2025-12-23T07:39:53Z</time>
   </trkpt>
   <trkpt lat="10.3092360" lon="123.8741480">
    <ele>27.0</ele>
    <time>2025-12-23T07:39:54Z</time>
   </trkpt>
   <trkpt lat="10.3092350" lon="123.8741370">
    <ele>27.1</ele>
    <time>2025-12-23T07:39:55Z</time>
   </trkpt>
   <trkpt lat="10.3092340" lon="123.8741290">
    <ele>27.1</ele>
    <time>2025-12-23T07:39:56Z</time>
   </trkpt>
   <trkpt lat="10.3092330" lon="123.8741200">
    <ele>27.2</ele>
    <time>2025-12-23T07:39:57Z</time>
   </trkpt>
   <trkpt lat="10.3092320" lon="123.8741100">
    <ele>27.2</ele>
    <time>2025-12-23T07:39:58Z</time>
   </trkpt>
   <trkpt lat="10.3092270" lon="123.8740990">
    <ele>27.3</ele>
    <time>2025-12-23T07:39:59Z</time>
   </trkpt>
   <trkpt lat="10.3092250" lon="123.8740860">
    <ele>27.3</ele>
    <time>2025-12-23T07:40:00Z</time>
   </trkpt>
   <trkpt lat="10.3092220" lon="123.8740640">
    <ele>27.4</ele>
    <time>2025-12-23T07:40:01Z</time>
   </trkpt>
   <trkpt lat="10.3092220" lon="123.8740560">
    <ele>27.4</ele>
    <time>2025-12-23T07:40:02Z</time>
   </trkpt>
   <trkpt lat="10.3092220" lon="123.8740480">
    <ele>27.5</ele>
    <time>2025-12-23T07:40:03Z</time>
   </trkpt>
   <trkpt lat="10.3092240" lon="123.8740360">
    <ele>27.5</ele>
    <time>2025-12-23T07:40:04Z</time>
   </trkpt>
   <trkpt lat="10.3092290" lon="123.8740270">
    <ele>27.6</ele>
    <time>2025-12-23T07:40:05Z</time>
   </trkpt>
   <trkpt lat="10.3092310" lon="123.8740140">
    <ele>27.6</ele>
    <time>2025-12-23T07:40:06Z</time>
   </trkpt>
   <trkpt lat="10.3092330" lon="123.8739910">
    <ele>27.7</ele>
    <time>2025-12-23T07:40:07Z</time>
   </trkpt>
   <trkpt lat="10.3092320" lon="123.8739840">
    <ele>27.8</ele>
    <time>2025-12-23T07:40:08Z</time>
   </trkpt>
   <trkpt lat="10.3092310" lon="123.8739760">
    <ele>27.8</ele>
    <time>2025-12-23T07:40:09Z</time>
   </trkpt>
   <trkpt lat="10.3092280" lon="123.8739650">
    <ele>27.8</ele>
    <time>2025-12-23T07:40:10Z</time>
   </trkpt>
   <trkpt lat="10.3092290" lon="123.8739560">
    <ele>27.9</ele>
    <time>2025-12-23T07:40:11Z</time>
   </trkpt>
   <trkpt lat="10.3092280" lon="123.8739440">
    <ele>27.9</ele>
    <time>2025-12-23T07:40:12Z</time>
   </trkpt>
   <trkpt lat="10.3092280" lon="123.8739340">
    <ele>28.0</ele>
    <time>2025-12-23T07:40:13Z</time>
   </trkpt>
   <trkpt lat="10.3092250" lon="123.8739240">
    <ele>28.0</ele>
    <time>2025-12-23T07:40:14Z</time>
   </trkpt>
   <trkpt lat="10.3092210" lon="123.8739130">
    <ele>28.1</ele>
    <time>2025-12-23T07:40:15Z</time>
   </trkpt>
   <trkpt lat="10.3092150" lon="123.8739050">
    <ele>28.1</ele>
    <time>2025-12-23T07:40:16Z</time>
   </trkpt>
   <trkpt lat="10.3092120" lon="123.8738980">
    <ele>28.2</ele>
    <time>2025-12-23T07:40:17Z</time>
   </trkpt>
   <trkpt lat="10.3092100" lon="123.8738910">
    <ele>28.2</ele>
    <time>2025-12-23T07:40:18Z</time>
   </trkpt>
   <trkpt lat="10.3092080" lon="123.8738820">
    <ele>28.3</ele>
    <time>2025-12-23T07:40:19Z</time>
   </trkpt>
   <trkpt lat="10.3092080" lon="123.8738730">
    <ele>28.3</ele>
    <time>2025-12-23T07:40:20Z</time>
   </trkpt>
   <trkpt lat="10.3092090" lon="123.8738630">
    <ele>28.4</ele>
    <time>2025-12-23T07:40:21Z</time>
   </trkpt>
   <trkpt lat="10.3092110" lon="123.8738530">
    <ele>28.4</ele>
    <time>2025-12-23T07:40:22Z</time>
   </trkpt>
   <trkpt lat="10.3092120" lon="123.8738410">
    <ele>28.5</ele>
    <time>2025-12-23T07:40:23Z</time>
   </trkpt>
   <trkpt lat="10.3092120" lon="123.8738280">
    <ele>28.5</ele>
    <time>2025-12-23T07:40:24Z</time>
   </trkpt>
   <trkpt lat="10.3092160" lon="123.8738160">
    <ele>28.6</ele>
    <time>2025-12-23T07:40:25Z</time>
   </trkpt>
   <trkpt lat="10.3092180" lon="123.8738050">
    <ele>28.7</ele>
    <time>2025-12-23T07:40:26Z</time>
   </trkpt>
   <trkpt lat="10.3092170" lon="123.8737950">
    <ele>28.7</ele>
    <time>2025-12-23T07:40:27Z</time>
   </trkpt>
   <trkpt lat="10.3092160" lon="123.8737840">
    <ele>28.8</ele>
    <time>2025-12-23T07:40:28Z</time>
   </trkpt>
   <trkpt lat="10.3092170" lon="123.8737620">
    <ele>28.9</ele>
    <time>2025-12-23T07:40:29Z</time>
   </trkpt>
   <trkpt lat="10.3092170" lon="123.8737520">
    <ele>28.9</ele>
    <time>2025-12-23T07:40:30Z</time>
   </trkpt>
   <trkpt lat="10.3092160" lon="123.8737430">
    <ele>29.0</ele>
    <time>2025-12-23T07:40:31Z</time>
   </trkpt>
   <trkpt lat="10.3092150" lon="123.8737250">
    <ele>29.1</ele>
    <time>2025-12-23T07:40:32Z</time>
   </trkpt>
   <trkpt lat="10.3092120" lon="123.8737180">
    <ele>29.1</ele>
    <time>2025-12-23T07:40:33Z</time>
   </trkpt>
   <trkpt lat="10.3092110" lon="123.8737140">
    <ele>29.1</ele>
    <time>2025-12-23T07:40:34Z</time>
   </trkpt>
   <trkpt lat="10.3092080" lon="123.8737090">
    <ele>29.2</ele>
    <time>2025-12-23T07:40:35Z</time>
   </trkpt>
   <trkpt lat="10.3092050" lon="123.8737050">
    <ele>29.2</ele>
    <time>2025-12-23T07:40:36Z</time>
   </trkpt>
   <trkpt lat="10.3092030" lon="123.8737000">
    <ele>29.2</ele>
    <time>2025-12-23T07:40:37Z</time>
   </trkpt>
   <trkpt lat="10.3092000" lon="123.8736950">
    <ele>29.2</ele>
    <time>2025-12-23T07:40:38Z</time>
   </trkpt>
   <trkpt lat="10.3091980" lon="123.8736900">
    <ele>29.3</ele>
    <time>2025-12-23T07:40:39Z</time>
   </trkpt>
   <trkpt lat="10.3091950" lon="123.8736860">
    <ele>29.3</ele>
    <time>2025-12-23T07:40:40Z</time>
   </trkpt>
   <trkpt lat="10.3091930" lon="123.8736810">
    <ele>29.3</ele>
    <time>2025-12-23T07:40:41Z</time>
   </trkpt>
   <trkpt lat="10.3091850" lon="123.8736750">
    <ele>29.4</ele>
    <time>2025-12-23T07:40:42Z</time>
   </trkpt>
   <trkpt lat="10.3091720" lon="123.8736700">
    <ele>29.4</ele>
    <time>2025-12-23T07:40:43Z</time>
   </trkpt>
   <trkpt lat="10.3091620" lon="123.8736610">
    <ele>29.5</ele>
    <time>2025-12-23T07:40:44Z</time>
   </trkpt>
   <trkpt lat="10.3091410" lon="123.8736520">
    <ele>29.6</ele>
    <time>2025-12-23T07:40:45Z</time>
   </trkpt>
   <trkpt lat="10.3091340" lon="123.8736510">
    <ele>29.7</ele>
    <time>2025-12-23T07:40:46Z</time>
   </trkpt>
   <trkpt lat="10.3091260" lon="123.8736490">
    <ele>29.7</ele>
    <time>2025-12-23T07:40:47Z</time>
   </trkpt>
   <trkpt lat="10.3091210" lon="123.8736440">
    <ele>29.8</ele>
    <time>2025-12-23T07:40:48Z</time>
   </trkpt>
   <trkpt lat="10.3091070" lon="123.8736390">
    <ele>29.8</ele>
    <time>2025-12-23T07:40:49Z</time>
   </trkpt>
   <trkpt lat="10.3090960" lon="123.8736340">
    <ele>29.9</ele>
    <time>2025-12-23T07:40:50Z</time>
   </trkpt>
   <trkpt lat="10.3090930" lon="123.8736340">
    <ele>29.9</ele>
    <time>2025-12-23T07:40:51Z</time>
   </trkpt>
   <trkpt lat="10.3090890" lon="123.8736370">
    <ele>29.9</ele>
    <time>2025-12-23T07:40:52Z</time>
   </trkpt>
   <trkpt lat="10.3090840" lon="123.8736400">
    <ele>30.0</ele>
    <time>2025-12-23T07:40:53Z</time>
   </trkpt>
   <trkpt lat="10.3090790" lon="123.8736360">
    <ele>30.0</ele>
    <time>2025-12-23T07:40:54Z</time>
   </trkpt>
   <trkpt lat="10.3090800" lon="123.8736330">
    <ele>30.0</ele>
    <time>2025-12-23T07:40:55Z</time>
   </trkpt>
   <trkpt lat="10.3090760" lon="123.8736320">
    <ele>30.0</ele>
    <time>2025-12-23T07:40:56Z</time>
   </trkpt>
   <trkpt lat="10.3090760" lon="123.8736320">
    <ele>30.0</ele>
    <time>2025-12-23T07:40:57Z</time>
   </trkpt>
   <trkpt lat="10.3090780" lon="123.8736270">
    <ele>30.1</ele>
    <time>2025-12-23T07:40:58Z</time>
   </trkpt>
   <trkpt lat="10.3090810" lon="123.8736220">
    <ele>30.1</ele>
    <time>2025-12-23T07:40:59Z</time>
   </trkpt>
   <trkpt lat="10.3090850" lon="123.8736180">
    <ele>30.1</ele>
    <time>2025-12-23T07:41:00Z</time>
   </trkpt>
   <trkpt lat="10.3090910" lon="123.8736130">
    <ele>30.1</ele>
    <time>2025-12-23T07:41:01Z</time>
   </trkpt>
   <trkpt lat="10.3090990" lon="123.8736110">
    <ele>30.2</ele>
    <time>2025-12-23T07:41:02Z</time>
   </trkpt>
   <trkpt lat="10.3091080" lon="123.8736050">
    <ele>30.2</ele>
    <time>2025-12-23T07:41:03Z</time>
   </trkpt>
   <trkpt lat="10.3091170" lon="123.8735980">
    <ele>30.3</ele>
    <time>2025-12-23T07:41:04Z</time>
   </trkpt>
   <trkpt lat="10.3091210" lon="123.8735930">
    <ele>30.3</ele>
    <time>2025-12-23T07:41:05Z</time>
   </trkpt>
   <trkpt lat="10.3091240" lon="123.8735900">
    <ele>30.3</ele>
    <time>2025-12-23T07:41:06Z</time>
   </trkpt>
   <trkpt lat="10.3091330" lon="123.8735860">
    <ele>30.4</ele>
    <time>2025-12-23T07:41:07Z</time>
   </trkpt>
   <trkpt lat="10.3091360" lon="123.8735850">
    <ele>30.4</ele>
    <time>2025-12-23T07:41:08Z</time>
   </trkpt>
   <trkpt lat="10.3091360" lon="123.8735850">
    <ele>30.4</ele>
    <time>2025-12-23T07:41:09Z</time>
   </trkpt>
   <trkpt lat="10.3091370" lon="123.8735850">
    <ele>30.4</ele>
    <time>2025-12-23T07:41:10Z</time>
   </trkpt>
   <trkpt lat="10.3091130" lon="123.8735890">
    <ele>30.5</ele>
    <time>2025-12-23T07:41:11Z</time>
   </trkpt>
   <trkpt lat="10.3091050" lon="123.8735890">
    <ele>30.5</ele>
    <time>2025-12-23T07:41:12Z</time>
   </trkpt>
   <trkpt lat="10.3091070" lon="123.8735920">
    <ele>30.5</ele>
    <time>2025-12-23T07:41:13Z</time>
   </trkpt>
   <trkpt lat="10.3091100" lon="123.8735920">
    <ele>30.5</ele>
    <time>2025-12-23T07:41:14Z</time>
   </trkpt>
   <trkpt lat="10.3091120" lon="123.8735930">
    <ele>30.5</ele>
    <time>2025-12-23T07:41:15Z</time>
   </trkpt>
   <trkpt lat="10.3091150" lon="123.8735930">
    <ele>30.6</ele>
    <time>2025-12-23T07:41:16Z</time>
   </trkpt>
   <trkpt lat="10.3091170" lon="123.8735940">
    <ele>30.6</ele>
    <time>2025-12-23T07:41:17Z</time>
   </trkpt>
   <trkpt lat="10.3091200" lon="123.8735940">
    <ele>30.6</ele>
    <time>2025-12-23T07:41:18Z</time>
   </trkpt>
   <trkpt lat="10.3091220" lon="123.8735950">
    <ele>30.6</ele>
    <time>2025-12-23T07:41:19Z</time>
   </trkpt>
   <trkpt lat="10.3091250" lon="123.8735950">
    <ele>30.6</ele>
    <time>2025-12-23T07:41:20Z</time>
   </trkpt>
   <trkpt lat="10.3091270" lon="123.8735960">
    <ele>30.6</ele>
    <time>2025-12-23T07:41:21Z</time>
   </trkpt>
   <trkpt lat="10.3091300" lon="123.8735960">
    <ele>30.6</ele>
    <time>2025-12-23T07:41:22Z</time>
   </trkpt>
   <trkpt lat="10.3091320" lon="123.8735970">
    <ele>30.6</ele>
    <time>2025-12-23T07:41:23Z</time>
   </trkpt>
   <trkpt lat="10.3091340" lon="123.8735980">
    <ele>30.6</ele>
    <time>2025-12-23T07:41:24Z</time>
   </trkpt>
   <trkpt lat="10.3091370" lon="123.8735980">
    <ele>30.6</ele>
    <time>2025-12-23T07:41:25Z</time>
   </trkpt>
   <trkpt lat="10.3091390" lon="123.8735990">
    <ele>30.6</ele>
    <time>2025-12-23T07:41:26Z</time>
   </trkpt>
   <trkpt lat="10.3091420" lon="123.8735990">
    <ele>30.6</ele>
    <time>2025-12-23T07:41:27Z</time>
   </trkpt>
   <trkpt lat="10.3091440" lon="123.8736000">
    <ele>30.6</ele>
    <time>2025-12-23T07:41:28Z</time>
   </trkpt>
   <trkpt lat="10.3091470" lon="123.8736000">
    <ele>30.6</ele>
    <time>2025-12-23T07:41:29Z</time>
   </trkpt>
   <trkpt lat="10.3091490" lon="123.8736010">
    <ele>30.6</ele>
    <time>2025-12-23T07:41:30Z</time>
   </trkpt>
   <trkpt lat="10.3091520" lon="123.8736010">
    <ele>30.6</ele>
    <time>2025-12-23T07:41:31Z</time>
   </trkpt>
   <trkpt lat="10.3091540" lon="123.8736020">
    <ele>30.6</ele>
    <time>2025-12-23T07:41:32Z</time>
   </trkpt>
   <trkpt lat="10.3091570" lon="123.8736020">
    <ele>30.6</ele>
    <time>2025-12-23T07:41:33Z</time>
   </trkpt>
   <trkpt lat="10.3091590" lon="123.8736030">
    <ele>30.6</ele>
    <time>2025-12-23T07:41:34Z</time>
   </trkpt>
   <trkpt lat="10.3091790" lon="123.8736040">
    <ele>30.6</ele>
    <time>2025-12-23T07:41:35Z</time>
   </trkpt>
   <trkpt lat="10.3091820" lon="123.8736040">
    <ele>30.6</ele>
    <time>2025-12-23T07:41:36Z</time>
   </trkpt>
   <trkpt lat="10.3091800" lon="123.8736060">
    <ele>30.6</ele>
    <time>2025-12-23T07:41:37Z</time>
   </trkpt>
   <trkpt lat="10.3091770" lon="123.8736070">
    <ele>30.5</ele>
    <time>2025-12-23T07:41:38Z</time>
   </trkpt>
   <trkpt lat="10.3091730" lon="123.8736130">
    <ele>30.5</ele>
    <time>2025-12-23T07:41:39Z</time>
   </trkpt>
   <trkpt lat="10.3091670" lon="123.8736210">
    <ele>30.5</ele>
    <time>2025-12-23T07:41:40Z</time>
   </trkpt>
   <trkpt lat="10.3091640" lon="123.8736270">
    <ele>30.5</ele>
    <time>2025-12-23T07:41:41Z</time>
   </trkpt>
   <trkpt lat="10.3091600" lon="123.8736250">
    <ele>30.5</ele>
    <time>2025-12-23T07:41:42Z</time>
   </trkpt>
   <trkpt lat="10.3091580" lon="123.8736250">
    <ele>30.5</ele>
    <time>2025-12-23T07:41:43Z</time>
   </trkpt>
   <trkpt lat="10.3091560" lon="123.8736230">
    <ele>30.5</ele>
    <time>2025-12-23T07:41:44Z</time>
   </trkpt>
   <trkpt lat="10.3091570" lon="123.8736210">
    <ele>30.5</ele>
    <time>2025-12-23T07:41:45Z</time>
   </trkpt>
   <trkpt lat="10.3091530" lon="123.8736210">
    <ele>30.5</ele>
    <time>2025-12-23T07:41:46Z</time>
   </trkpt>
   <trkpt lat="10.3091520" lon="123.8736240">
    <ele>30.5</ele>
    <time>2025-12-23T07:41:47Z</time>
   </trkpt>
   <trkpt lat="10.3091500" lon="123.8736260">
    <ele>30.5</ele>
    <time>2025-12-23T07:41:48Z</time>
   </trkpt>
   <trkpt lat="10.3091500" lon="123.8736270">
    <ele>30.5</ele>
    <time>2025-12-23T07:41:49Z</time>
   </trkpt>
   <trkpt lat="10.3091500" lon="123.8736290">
    <ele>30.5</ele>
    <time>2025-12-23T07:41:50Z</time>
   </trkpt>
   <trkpt lat="10.3091530" lon="123.8736290">
    <ele>30.4</ele>
    <time>2025-12-23T07:41:51Z</time>
   </trkpt>
   <trkpt lat="10.3091520" lon="123.8736290">
    <ele>30.4</ele>
    <time>2025-12-23T07:41:52Z</time>
   </trkpt>
   <trkpt lat="10.3091530" lon="123.8736270">
    <ele>30.4</ele>
    <time>2025-12-23T07:41:53Z</time>
   </trkpt>
   <trkpt lat="10.3091510" lon="123.8736240">
    <ele>30.4</ele>
    <time>2025-12-23T07:41:54Z</time>
   </trkpt>
   <trkpt lat="10.3091580" lon="123.8736250">
    <ele>30.4</ele>
    <time>2025-12-23T07:41:55Z</time>
   </trkpt>
   <trkpt lat="10.3091660" lon="123.8736260">
    <ele>30.4</ele>
    <time>2025-12-23T07:41:56Z</time>
   </trkpt>
   <trkpt lat="10.3091710" lon="123.8736270">
    <ele>30.4</ele>
    <time>2025-12-23T07:41:57Z</time>
   </trkpt>
   <trkpt lat="10.3091770" lon="123.8736270">
    <ele>30.4</ele>
    <time>2025-12-23T07:41:58Z</time>
   </trkpt>
   <trkpt lat="10.3091830" lon="123.8736290">
    <ele>30.4</ele>
    <time>2025-12-23T07:41:59Z</time>
   </trkpt>
   <trkpt lat="10.3091840" lon="123.8736300">
    <ele>30.4</ele>
    <time>2025-12-23T07:42:00Z</time>
   </trkpt>
   <trkpt lat="10.3091870" lon="123.8736320">
    <ele>30.4</ele>
    <time>2025-12-23T07:42:01Z</time>
   </trkpt>
   <trkpt lat="10.3091910" lon="123.8736320">
    <ele>30.4</ele>
    <time>2025-12-23T07:42:02Z</time>
   </trkpt>
   <trkpt lat="10.3091960" lon="123.8736350">
    <ele>30.3</ele>
    <time>2025-12-23T07:42:03Z</time>
   </trkpt>
   <trkpt lat="10.3091890" lon="123.8736410">
    <ele>30.3</ele>
    <time>2025-12-23T07:42:04Z</time>
   </trkpt>
   <trkpt lat="10.3091820" lon="123.8736430">
    <ele>30.3</ele>
    <time>2025-12-23T07:42:05Z</time>
   </trkpt>
   <trkpt lat="10.3091750" lon="123.8736450">
    <ele>30.3</ele>
    <time>2025-12-23T07:42:06Z</time>
   </trkpt>
   <trkpt lat="10.3091700" lon="123.8736470">
    <ele>30.3</ele>
    <time>2025-12-23T07:42:07Z</time>
   </trkpt>
   <trkpt lat="10.3091650" lon="123.8736490">
    <ele>30.3</ele>
    <time>2025-12-23T07:42:08Z</time>
   </trkpt>
   <trkpt lat="10.3091630" lon="123.8736500">
    <ele>30.3</ele>
    <time>2025-12-23T07:42:09Z</time>
   </trkpt>
   <trkpt lat="10.3091580" lon="123.8736500">
    <ele>30.3</ele>
    <time>2025-12-23T07:42:10Z</time>
   </trkpt>
   <trkpt lat="10.3091550" lon="123.8736500">
    <ele>30.3</ele>
    <time>2025-12-23T07:42:11Z</time>
   </trkpt>
   <trkpt lat="10.3091520" lon="123.8736490">
    <ele>30.2</ele>
    <time>2025-12-23T07:42:12Z</time>
   </trkpt>
   <trkpt lat="10.3091350" lon="123.8736480">
    <ele>30.2</ele>
    <time>2025-12-23T07:42:13Z</time>
   </trkpt>
   <trkpt lat="10.3091240" lon="123.8736470">
    <ele>30.2</ele>
    <time>2025-12-23T07:42:14Z</time>
   </trkpt>
   <trkpt lat="10.3091250" lon="123.8736480">
    <ele>30.2</ele>
    <time>2025-12-23T07:42:15Z</time>
   </trkpt>
   <trkpt lat="10.3091260" lon="123.8736480">
    <ele>30.2</ele>
    <time>2025-12-23T07:42:16Z</time>
   </trkpt>
   <trkpt lat="10.3091270" lon="123.8736480">
    <ele>30.2</ele>
    <time>2025-12-23T07:42:17Z</time>
   </trkpt>
   <trkpt lat="10.3091280" lon="123.8736480">
    <ele>30.2</ele>
    <time>2025-12-23T07:42:18Z</time>
   </trkpt>
   <trkpt lat="10.3091290" lon="123.8736490">
    <ele>30.2</ele>
    <time>2025-12-23T07:42:19Z</time>
   </trkpt>
   <trkpt lat="10.3091300" lon="123.8736490">
    <ele>30.2</ele>
    <time>2025-12-23T07:42:20Z</time>
   </trkpt>
   <trkpt lat="10.3091310" lon="123.8736490">
    <ele>30.2</ele>
    <time>2025-12-23T07:42:21Z</time>
   </trkpt>
   <trkpt lat="10.3091320" lon="123.8736500">
    <ele>30.2</ele>
    <time>2025-12-23T07:42:22Z</time>
   </trkpt>
   <trkpt lat="10.3091330" lon="123.8736500">
    <ele>30.2</ele>
    <time>2025-12-23T07:42:23Z</time>
   </trkpt>
   <trkpt lat="10.3091340" lon="123.8736500">
    <ele>30.2</ele>
    <time>2025-12-23T07:42:24Z</time>
   </trkpt>
   <trkpt lat="10.3091350" lon="123.8736500">
    <ele>30.2</ele>
    <time>2025-12-23T07:42:25Z</time>
   </trkpt>
   <trkpt lat="10.3091370" lon="123.8736510">
    <ele>30.2</ele>
    <time>2025-12-23T07:42:26Z</time>
   </trkpt>
   <trkpt lat="10.3091380" lon="123.8736510">
    <ele>30.2</ele>
    <time>2025-12-23T07:42:27Z</time>
   </trkpt>
   <trkpt lat="10.3091390" lon="123.8736510">
    <ele>30.2</ele>
    <time>2025-12-23T07:42:28Z</time>
   </trkpt>
   <trkpt lat="10.3091400" lon="123.8736520">
    <ele>30.1</ele>
    <time>2025-12-23T07:42:29Z</time>
   </trkpt>
   <trkpt lat="10.3091410" lon="123.8736520">
    <ele>30.1</ele>
    <time>2025-12-23T07:42:30Z</time>
   </trkpt>
   <trkpt lat="10.3091420" lon="123.8736520">
    <ele>30.1</ele>
    <time>2025-12-23T07:42:31Z</time>
   </trkpt>
   <trkpt lat="10.3091430" lon="123.8736520">
    <ele>30.1</ele>
    <time>2025-12-23T07:42:32Z</time>
   </trkpt>
   <trkpt lat="10.3091440" lon="123.8736530">
    <ele>30.1</ele>
    <time>2025-12-23T07:42:33Z</time>
   </trkpt>
   <trkpt lat="10.3091450" lon="123.8736530">
    <ele>30.1</ele>
    <time>2025-12-23T07:42:34Z</time>
   </trkpt>
   <trkpt lat="10.3091460" lon="123.8736530">
    <ele>30.1</ele>
    <time>2025-12-23T07:42:35Z</time>
   </trkpt>
   <trkpt lat="10.3091470" lon="123.8736540">
    <ele>30.1</ele>
    <time>2025-12-23T07:42:36Z</time>
   </trkpt>
   <trkpt lat="10.3091480" lon="123.8736540">
    <ele>30.1</ele>
    <time>2025-12-23T07:42:37Z</time>
   </trkpt>
   <trkpt lat="10.3091490" lon="123.8736540">
    <ele>30.1</ele>
    <time>2025-12-23T07:42:38Z</time>
   </trkpt>
   <trkpt lat="10.3091500" lon="123.8736540">
    <ele>30.1</ele>
    <time>2025-12-23T07:42:39Z</time>
   </trkpt>
   <trkpt lat="10.3091510" lon="123.8736550">
    <ele>30.1</ele>
    <time>2025-12-23T07:42:40Z</time>
   </trkpt>
   <trkpt lat="10.3091520" lon="123.8736550">
    <ele>30.1</ele>
    <time>2025-12-23T07:42:41Z</time>
   </trkpt>
   <trkpt lat="10.3091530" lon="123.8736550">
    <ele>30.1</ele>
    <time>2025-12-23T07:42:42Z</time>
   </trkpt>
   <trkpt lat="10.3091540" lon="123.8736560">
    <ele>30.1</ele>
    <time>2025-12-23T07:42:43Z</time>
   </trkpt>
   <trkpt lat="10.3091550" lon="123.8736560">
    <ele>30.1</ele>
    <time>2025-12-23T07:42:44Z</time>
   </trkpt>
   <trkpt lat="10.3091560" lon="123.8736560">
    <ele>30.1</ele>
    <time>2025-12-23T07:42:45Z</time>
   </trkpt>
   <trkpt lat="10.3091570" lon="123.8736560">
    <ele>30.1</ele>
    <time>2025-12-23T07:42:46Z</time>
   </trkpt>
   <trkpt lat="10.3091580" lon="123.8736570">
    <ele>30.1</ele>
    <time>2025-12-23T07:42:47Z</time>
   </trkpt>
   <trkpt lat="10.3091590" lon="123.8736570">
    <ele>30.1</ele>
    <time>2025-12-23T07:42:48Z</time>
   </trkpt>
   <trkpt lat="10.3091600" lon="123.8736570">
    <ele>30.1</ele>
    <time>2025-12-23T07:42:49Z</time>
   </trkpt>
   <trkpt lat="10.3091620" lon="123.8736580">
    <ele>30.1</ele>
    <time>2025-12-23T07:42:50Z</time>
   </trkpt>
   <trkpt lat="10.3091630" lon="123.8736580">
    <ele>30.1</ele>
    <time>2025-12-23T07:42:51Z</time>
   </trkpt>
   <trkpt lat="10.3091640" lon="123.8736580">
    <ele>30.1</ele>
    <time>2025-12-23T07:42:52Z</time>
   </trkpt>
   <trkpt lat="10.3091650" lon="123.8736580">
    <ele>30.1</ele>
    <time>2025-12-23T07:42:53Z</time>
   </trkpt>
   <trkpt lat="10.3091660" lon="123.8736590">
    <ele>30.1</ele>
    <time>2025-12-23T07:42:54Z</time>
   </trkpt>
   <trkpt lat="10.3091670" lon="123.8736590">
    <ele>30.1</ele>
    <time>2025-12-23T07:42:55Z</time>
   </trkpt>
   <trkpt lat="10.3091680" lon="123.8736590">
    <ele>30.1</ele>
    <time>2025-12-23T07:42:56Z</time>
   </trkpt>
   <trkpt lat="10.3091690" lon="123.8736600">
    <ele>30.1</ele>
    <time>2025-12-23T07:42:57Z</time>
   </trkpt>
   <trkpt lat="10.3091700" lon="123.8736600">
    <ele>30.1</ele>
    <time>2025-12-23T07:42:58Z</time>
   </trkpt>
   <trkpt lat="10.3091710" lon="123.8736600">
    <ele>30.1</ele>
    <time>2025-12-23T07:42:59Z</time>
   </trkpt>
   <trkpt lat="10.3091720" lon="123.8736600">
    <ele>30.1</ele>
    <time>2025-12-23T07:43:00Z</time>
   </trkpt>
   <trkpt lat="10.3091730" lon="123.8736610">
    <ele>30.1</ele>
    <time>2025-12-23T07:43:01Z</time>
   </trkpt>
   <trkpt lat="10.3091740" lon="123.8736610">
    <ele>30.1</ele>
    <time>2025-12-23T07:43:02Z</time>
   </trkpt>
   <trkpt lat="10.3091850" lon="123.8736690">
    <ele>30.0</ele>
    <time>2025-12-23T07:43:03Z</time>
   </trkpt>
   <trkpt lat="10.3091870" lon="123.8736770">
    <ele>30.0</ele>
    <time>2025-12-23T07:43:04Z</time>
   </trkpt>
   <trkpt lat="10.3091870" lon="123.8736870">
    <ele>30.0</ele>
    <time>2025-12-23T07:43:05Z</time>
   </trkpt>
   <trkpt lat="10.3091830" lon="123.8737010">
    <ele>30.0</ele>
    <time>2025-12-23T07:43:06Z</time>
   </trkpt>
   <trkpt lat="10.3091790" lon="123.8737140">
    <ele>29.9</ele>
    <time>2025-12-23T07:43:07Z</time>
   </trkpt>
   <trkpt lat="10.3091710" lon="123.8737350">
    <ele>29.9</ele>
    <time>2025-12-23T07:43:08Z</time>
   </trkpt>
   <trkpt lat="10.3091690" lon="123.8737450">
    <ele>29.9</ele>
    <time>2025-12-23T07:43:09Z</time>
   </trkpt>
   <trkpt lat="10.3091680" lon="123.8737540">
    <ele>29.8</ele>
    <time>2025-12-23T07:43:10Z</time>
   </trkpt>
   <trkpt lat="10.3091690" lon="123.8737680">
    <ele>29.8</ele>
    <time>2025-12-23T07:43:11Z</time>
   </trkpt>
   <trkpt lat="10.3091680" lon="123.8737780">
    <ele>29.8</ele>
    <time>2025-12-23T07:43:12Z</time>
   </trkpt>
   <trkpt lat="10.3091630" lon="123.8737850">
    <ele>29.8</ele>
    <time>2025-12-23T07:43:13Z</time>
   </trkpt>
   <trkpt lat="10.3091600" lon="123.8737910">
    <ele>29.8</ele>
    <time>2025-12-23T07:43:14Z</time>
   </trkpt>
   <trkpt lat="10.3091610" lon="123.8737950">
    <ele>29.7</ele>
    <time>2025-12-23T07:43:15Z</time>
   </trkpt>
   <trkpt lat="10.3091630" lon="123.8737980">
    <ele>29.7</ele>
    <time>2025-12-23T07:43:16Z</time>
   </trkpt>
   <trkpt lat="10.3091620" lon="123.8738010">
    <ele>29.7</ele>
    <time>2025-12-23T07:43:17Z</time>
   </trkpt>
   <trkpt lat="10.3091620" lon="123.8738050">
    <ele>29.7</ele>
    <time>2025-12-23T07:43:18Z</time>
   </trkpt>
   <trkpt lat="10.3091630" lon="123.8738080">
    <ele>29.7</ele>
    <time>2025-12-23T07:43:19Z</time>
   </trkpt>
   <trkpt lat="10.3091610" lon="123.8738090">
    <ele>29.7</ele>
    <time>2025-12-23T07:43:20Z</time>
   </trkpt>
   <trkpt lat="10.3091570" lon="123.8738100">
    <ele>29.7</ele>
    <time>2025-12-23T07:43:21Z</time>
   </trkpt>
   <trkpt lat="10.3091510" lon="123.8738100">
    <ele>29.7</ele>
    <time>2025-12-23T07:43:22Z</time>
   </trkpt>
   <trkpt lat="10.3091410" lon="123.8738070">
    <ele>29.7</ele>
    <time>2025-12-23T07:43:23Z</time>
   </trkpt>
   <trkpt lat="10.3091320" lon="123.8738080">
    <ele>29.6</ele>
    <time>2025-12-23T07:43:24Z</time>
   </trkpt>
   <trkpt lat="10.3091320" lon="123.8738080">
    <ele>29.6</ele>
    <time>2025-12-23T07:43:25Z</time>
   </trkpt>
   <trkpt lat="10.3091320" lon="123.8738070">
    <ele>29.6</ele>
    <time>2025-12-23T07:43:26Z</time>
   </trkpt>
   <trkpt lat="10.3091360" lon="123.8738060">
    <ele>29.6</ele>
    <time>2025-12-23T07:43:27Z</time>
   </trkpt>
   <trkpt lat="10.3091350" lon="123.8738050">
    <ele>29.6</ele>
    <time>2025-12-23T07:43:28Z</time>
   </trkpt>
   <trkpt lat="10.3091360" lon="123.8738050">
    <ele>29.6</ele>
    <time>2025-12-23T07:43:29Z</time>
   </trkpt>
   <trkpt lat="10.3091360" lon="123.8738050">
    <ele>29.6</ele>
    <time>2025-12-23T07:43:30Z</time>
   </trkpt>
   <trkpt lat="10.3091370" lon="123.8738050">
    <ele>29.6</ele>
    <time>2025-12-23T07:43:31Z</time>
   </trkpt>
   <trkpt lat="10.3091370" lon="123.8738050">
    <ele>29.6</ele>
    <time>2025-12-23T07:43:32Z</time>
   </trkpt>
   <trkpt lat="10.3091370" lon="123.8738050">
    <ele>29.6</ele>
    <time>2025-12-23T07:43:33Z</time>
   </trkpt>
   <trkpt lat="10.3091470" lon="123.8738030">
    <ele>29.6</ele>
    <time>2025-12-23T07:43:34Z</time>
   </trkpt>
   <trkpt lat="10.3091490" lon="123.8738000">
    <ele>29.6</ele>
    <time>2025-12-23T07:43:35Z</time>
   </trkpt>
   <trkpt lat="10.3091510" lon="123.8737970">
    <ele>29.6</ele>
    <time>2025-12-23T07:43:36Z</time>
   </trkpt>
   <trkpt lat="10.3091500" lon="123.8737980">
    <ele>29.6</ele>
    <time>2025-12-23T07:43:37Z</time>
   </trkpt>
   <trkpt lat="10.3091500" lon="123.8737980">
    <ele>29.6</ele>
    <time>2025-12-23T07:43:38Z</time>
   </trkpt>
   <trkpt lat="10.3091500" lon="123.8737980">
    <ele>29.6</ele>
    <time>2025-12-23T07:43:39Z</time>
   </trkpt>
   <trkpt lat="10.3091500" lon="123.8737980">
    <ele>29.6</ele>
    <time>2025-12-23T07:43:40Z</time>
   </trkpt>
   <trkpt lat="10.3091500" lon="123.8737980">
    <ele>29.6</ele>
    <time>2025-12-23T07:43:41Z</time>
   </trkpt>
   <trkpt lat="10.3091500" lon="123.8737980">
    <ele>29.6</ele>
    <time>2025-12-23T07:43:42Z</time>
   </trkpt>
   <trkpt lat="10.3091450" lon="123.8737910">
    <ele>29.6</ele>
    <time>2025-12-23T07:43:43Z</time>
   </trkpt>
   <trkpt lat="10.3091460" lon="123.8737880">
    <ele>29.5</ele>
    <time>2025-12-23T07:43:44Z</time>
   </trkpt>
   <trkpt lat="10.3091380" lon="123.8737900">
    <ele>29.5</ele>
    <time>2025-12-23T07:43:45Z</time>
   </trkpt>
   <trkpt lat="10.3091340" lon="123.8737910">
    <ele>29.5</ele>
    <time>2025-12-23T07:43:46Z</time>
   </trkpt>
   <trkpt lat="10.3091330" lon="123.8737910">
    <ele>29.5</ele>
    <time>2025-12-23T07:43:47Z</time>
   </trkpt>
   <trkpt lat="10.3091330" lon="123.8737890">
    <ele>29.5</ele>
    <time>2025-12-23T07:43:48Z</time>
   </trkpt>
   <trkpt lat="10.3091350" lon="123.8737870">
    <ele>29.5</ele>
    <time>2025-12-23T07:43:49Z</time>
   </trkpt>
   <trkpt lat="10.3091370" lon="123.8737860">
    <ele>29.5</ele>
    <time>2025-12-23T07:43:50Z</time>
   </trkpt>
   <trkpt lat="10.3091390" lon="123.8737850">
    <ele>29.6</ele>
    <time>2025-12-23T07:43:51Z</time>
   </trkpt>
   <trkpt lat="10.3091410" lon="123.8737840">
    <ele>29.6</ele>
    <time>2025-12-23T07:43:52Z</time>
   </trkpt>
   <trkpt lat="10.3091430" lon="123.8737830">
    <ele>29.6</ele>
    <time>2025-12-23T07:43:53Z</time>
   </trkpt>
   <trkpt lat="10.3091450" lon="123.8737820">
    <ele>29.6</ele>
    <time>2025-12-23T07:43:54Z</time>
   </trkpt>
   <trkpt lat="10.3091470" lon="123.8737810">
    <ele>29.6</ele>
    <time>2025-12-23T07:43:55Z</time>
   </trkpt>
   <trkpt lat="10.3091490" lon="123.8737800">
    <ele>29.6</ele>
    <time>2025-12-23T07:43:56Z</time>
   </trkpt>
   <trkpt lat="10.3091500" lon="123.8737790">
    <ele>29.6</ele>
    <time>2025-12-23T07:43:57Z</time>
   </trkpt>
   <trkpt lat="10.3091520" lon="123.8737780">
    <ele>29.6</ele>
    <time>2025-12-23T07:43:58Z</time>
   </trkpt>
   <trkpt lat="10.3091540" lon="123.8737770">
    <ele>29.6</ele>
    <time>2025-12-23T07:43:59Z</time>
   </trkpt>
   <trkpt lat="10.3091560" lon="123.8737760">
    <ele>29.6</ele>
    <time>2025-12-23T07:44:00Z</time>
   </trkpt>
   <trkpt lat="10.3091580" lon="123.8737750">
    <ele>29.7</ele>
    <time>2025-12-23T07:44:01Z</time>
   </trkpt>
   <trkpt lat="10.3091600" lon="123.8737740">
    <ele>29.7</ele>
    <time>2025-12-23T07:44:02Z</time>
   </trkpt>
   <trkpt lat="10.3091620" lon="123.8737730">
    <ele>29.7</ele>
    <time>2025-12-23T07:44:03Z</time>
   </trkpt>
   <trkpt lat="10.3091640" lon="123.8737720">
    <ele>29.7</ele>
    <time>2025-12-23T07:44:04Z</time>
   </trkpt>
   <trkpt lat="10.3091660" lon="123.8737710">
    <ele>29.7</ele>
    <time>2025-12-23T07:44:05Z</time>
   </trkpt>
   <trkpt lat="10.3091740" lon="123.8737690">
    <ele>29.7</ele>
    <time>2025-12-23T07:44:06Z</time>
   </trkpt>
   <trkpt lat="10.3091790" lon="123.8737670">
    <ele>29.8</ele>
    <time>2025-12-23T07:44:07Z</time>
   </trkpt>
   <trkpt lat="10.3091800" lon="123.8737670">
    <ele>29.8</ele>
    <time>2025-12-23T07:44:08Z</time>
   </trkpt>
   <trkpt lat="10.3091830" lon="123.8737620">
    <ele>29.8</ele>
    <time>2025-12-23T07:44:09Z</time>
   </trkpt>
   <trkpt lat="10.3091830" lon="123.8737620">
    <ele>29.8</ele>
    <time>2025-12-23T07:44:10Z</time>
   </trkpt>
   <trkpt lat="10.3091830" lon="123.8737620">
    <ele>29.8</ele>
    <time>2025-12-23T07:44:11Z</time>
   </trkpt>
   <trkpt lat="10.3091830" lon="123.8737620">
    <ele>29.8</ele>
    <time>2025-12-23T07:44:12Z</time>
   </trkpt>
   <trkpt lat="10.3091830" lon="123.8737620">
    <ele>29.8</ele>
    <time>2025-12-23T07:44:13Z</time>
   </trkpt>
   <trkpt lat="10.3091830" lon="123.8737620">
    <ele>29.8</ele>
    <time>2025-12-23T07:44:14Z</time>
   </trkpt>
   <trkpt lat="10.3091830" lon="123.8737620">
    <ele>29.8</ele>
    <time>2025-12-23T07:44:15Z</time>
   </trkpt>
   <trkpt lat="10.3091830" lon="123.8737620">
    <ele>29.8</ele>
    <time>2025-12-23T07:44:16Z</time>
   </trkpt>
   <trkpt lat="10.3091830" lon="123.8737620">
    <ele>29.8</ele>
    <time>2025-12-23T07:44:17Z</time>
   </trkpt>
   <trkpt lat="10.3091830" lon="123.8737620">
    <ele>29.8</ele>
    <time>2025-12-23T07:44:18Z</time>
   </trkpt>
   <trkpt lat="10.3091830" lon="123.8737620">
    <ele>29.8</ele>
    <time>2025-12-23T07:44:19Z</time>
   </trkpt>
   <trkpt lat="10.3091830" lon="123.8737620">
    <ele>29.8</ele>
    <time>2025-12-23T07:44:20Z</time>
   </trkpt>
   <trkpt lat="10.3091940" lon="123.8737600">
    <ele>29.8</ele>
    <time>2025-12-23T07:44:21Z</time>
   </trkpt>
   <trkpt lat="10.3091950" lon="123.8737440">
    <ele>29.9</ele>
    <time>2025-12-23T07:44:22Z</time>
   </trkpt>
   <trkpt lat="10.3091950" lon="123.8737360">
    <ele>29.9</ele>
    <time>2025-12-23T07:44:23Z</time>
   </trkpt>
   <trkpt lat="10.3091940" lon="123.8737280">
    <ele>30.0</ele>
    <time>2025-12-23T07:44:24Z</time>
   </trkpt>
   <trkpt lat="10.3091940" lon="123.8737200">
    <ele>30.0</ele>
    <time>2025-12-23T07:44:25Z</time>
   </trkpt>
   <trkpt lat="10.3091910" lon="123.8736980">
    <ele>30.1</ele>
    <time>2025-12-23T07:44:26Z</time>
   </trkpt>
   <trkpt lat="10.3091890" lon="123.8736910">
    <ele>30.1</ele>
    <time>2025-12-23T07:44:27Z</time>
   </trkpt>
   <trkpt lat="10.3091880" lon="123.8736830">
    <ele>30.2</ele>
    <time>2025-12-23T07:44:28Z</time>
   </trkpt>
   <trkpt lat="10.3091910" lon="123.8736760">
    <ele>30.2</ele>
    <time>2025-12-23T07:44:29Z</time>
   </trkpt>
   <trkpt lat="10.3091970" lon="123.8736690">
    <ele>30.2</ele>
    <time>2025-12-23T07:44:30Z</time>
   </trkpt>
   <trkpt lat="10.3092030" lon="123.8736580">
    <ele>30.3</ele>
    <time>2025-12-23T07:44:31Z</time>
   </trkpt>
   <trkpt lat="10.3092040" lon="123.8736480">
    <ele>30.3</ele>
    <time>2025-12-23T07:44:32Z</time>
   </trkpt>
   <trkpt lat="10.3092010" lon="123.8736420">
    <ele>30.3</ele>
    <time>2025-12-23T07:44:33Z</time>
   </trkpt>
   <trkpt lat="10.3091970" lon="123.8736340">
    <ele>30.4</ele>
    <time>2025-12-23T07:44:34Z</time>
   </trkpt>
   <trkpt lat="10.3091990" lon="123.8736270">
    <ele>30.4</ele>
    <time>2025-12-23T07:44:35Z</time>
   </trkpt>
   <trkpt lat="10.3092020" lon="123.8736150">
    <ele>30.4</ele>
    <time>2025-12-23T07:44:36Z</time>
   </trkpt>
   <trkpt lat="10.3092040" lon="123.8736060">
    <ele>30.5</ele>
    <time>2025-12-23T07:44:37Z</time>
   </trkpt>
   <trkpt lat="10.3092030" lon="123.8735980">
    <ele>30.5</ele>
    <time>2025-12-23T07:44:38Z</time>
   </trkpt>
   <trkpt lat="10.3092010" lon="123.8735880">
    <ele>30.5</ele>
    <time>2025-12-23T07:44:39Z</time>
   </trkpt>
   <trkpt lat="10.3091980" lon="123.8735800">
    <ele>30.6</ele>
    <time>2025-12-23T07:44:40Z</time>
   </trkpt>
   <trkpt lat="10.3091960" lon="123.8735720">
    <ele>30.6</ele>
    <time>2025-12-23T07:44:41Z</time>
   </trkpt>
   <trkpt lat="10.3091940" lon="123.8735620">
    <ele>30.6</ele>
    <time>2025-12-23T07:44:42Z</time>
   </trkpt>
   <trkpt lat="10.3091900" lon="123.8735550">
    <ele>30.7</ele>
    <time>2025-12-23T07:44:43Z</time>
   </trkpt>
   <trkpt lat="10.3091840" lon="123.8735470">
    <ele>30.7</ele>
    <time>2025-12-23T07:44:44Z</time>
   </trkpt>
   <trkpt lat="10.3091780" lon="123.8735380">
    <ele>30.7</ele>
    <time>2025-12-23T07:44:45Z</time>
   </trkpt>
   <trkpt lat="10.3091700" lon="123.8735300">
    <ele>30.7</ele>
    <time>2025-12-23T07:44:46Z</time>
   </trkpt>
   <trkpt lat="10.3091600" lon="123.8735220">
    <ele>30.7</ele>
    <time>2025-12-23T07:44:47Z</time>
   </trkpt>
   <trkpt lat="10.3091520" lon="123.8735140">
    <ele>30.7</ele>
    <time>2025-12-23T07:44:48Z</time>
   </trkpt>
   <trkpt lat="10.3091420" lon="123.8735040">
    <ele>30.8</ele>
    <time>2025-12-23T07:44:49Z</time>
   </trkpt>
   <trkpt lat="10.3091350" lon="123.8734970">
    <ele>30.8</ele>
    <time>2025-12-23T07:44:50Z</time>
   </trkpt>
   <trkpt lat="10.3091290" lon="123.8734900">
    <ele>30.8</ele>
    <time>2025-12-23T07:44:51Z</time>
   </trkpt>
   <trkpt lat="10.3091220" lon="123.8734700">
    <ele>30.8</ele>
    <time>2025-12-23T07:44:52Z</time>
   </trkpt>
   <trkpt lat="10.3091210" lon="123.8734620">
    <ele>30.8</ele>
    <time>2025-12-23T07:44:53Z</time>
   </trkpt>
   <trkpt lat="10.3091190" lon="123.8734530">
    <ele>30.9</ele>
    <time>2025-12-23T07:44:54Z</time>
   </trkpt>
   <trkpt lat="10.3091170" lon="123.8734420">
    <ele>30.9</ele>
    <time>2025-12-23T07:44:55Z</time>
   </trkpt>
   <trkpt lat="10.3091170" lon="123.8734310">
    <ele>30.9</ele>
    <time>2025-12-23T07:44:56Z</time>
   </trkpt>
   <trkpt lat="10.3091180" lon="123.8734190">
    <ele>30.9</ele>
    <time>2025-12-23T07:44:57Z</time>
   </trkpt>
   <trkpt lat="10.3091190" lon="123.8733970">
    <ele>31.0</ele>
    <time>2025-12-23T07:44:58Z</time>
   </trkpt>
   <trkpt lat="10.3091180" lon="123.8733860">
    <ele>31.0</ele>
    <time>2025-12-23T07:44:59Z</time>
   </trkpt>
   <trkpt lat="10.3091180" lon="123.8733760">
    <ele>31.1</ele>
    <time>2025-12-23T07:45:00Z</time>
   </trkpt>
   <trkpt lat="10.3091160" lon="123.8733600">
    <ele>31.1</ele>
    <time>2025-12-23T07:45:01Z</time>
   </trkpt>
   <trkpt lat="10.3091160" lon="123.8733460">
    <ele>31.2</ele>
    <time>2025-12-23T07:45:02Z</time>
   </trkpt>
   <trkpt lat="10.3091140" lon="123.8733300">
    <ele>31.3</ele>
    <time>2025-12-23T07:45:03Z</time>
   </trkpt>
   <trkpt lat="10.3091120" lon="123.8733150">
    <ele>31.4</ele>
    <time>2025-12-23T07:45:04Z</time>
   </trkpt>
   <trkpt lat="10.3091090" lon="123.8733010">
    <ele>31.5</ele>
    <time>2025-12-23T07:45:05Z</time>
   </trkpt>
   <trkpt lat="10.3091060" lon="123.8732870">
    <ele>31.5</ele>
    <time>2025-12-23T07:45:06Z</time>
   </trkpt>
   <trkpt lat="10.3091030" lon="123.8732710">
    <ele>31.6</ele>
    <time>2025-12-23T07:45:07Z</time>
   </trkpt>
   <trkpt lat="10.3091070" lon="123.8732560">
    <ele>31.7</ele>
    <time>2025-12-23T07:45:08Z</time>
   </trkpt>
   <trkpt lat="10.3091190" lon="123.8732300">
    <ele>31.9</ele>
    <time>2025-12-23T07:45:09Z</time>
   </trkpt>
   <trkpt lat="10.3091220" lon="123.8732210">
    <ele>31.9</ele>
    <time>2025-12-23T07:45:10Z</time>
   </trkpt>
   <trkpt lat="10.3091270" lon="123.8732050">
    <ele>32.0</ele>
    <time>2025-12-23T07:45:11Z</time>
   </trkpt>
   <trkpt lat="10.3091300" lon="123.8731900">
    <ele>32.1</ele>
    <time>2025-12-23T07:45:12Z</time>
   </trkpt>
   <trkpt lat="10.3091350" lon="123.8731740">
    <ele>32.2</ele>
    <time>2025-12-23T07:45:13Z</time>
   </trkpt>
   <trkpt lat="10.3091360" lon="123.8731530">
    <ele>32.3</ele>
    <time>2025-12-23T07:45:14Z</time>
   </trkpt>
   <trkpt lat="10.3091420" lon="123.8731240">
    <ele>32.5</ele>
    <time>2025-12-23T07:45:15Z</time>
   </trkpt>
   <trkpt lat="10.3091430" lon="123.8731130">
    <ele>32.6</ele>
    <time>2025-12-23T07:45:16Z</time>
   </trkpt>
   <trkpt lat="10.3091350" lon="123.8730820">
    <ele>32.8</ele>
    <time>2025-12-23T07:45:17Z</time>
   </trkpt>
   <trkpt lat="10.3091300" lon="123.8730730">
    <ele>32.8</ele>
    <time>2025-12-23T07:45:18Z</time>
   </trkpt>
   <trkpt lat="10.3091220" lon="123.8730560">
    <ele>32.9</ele>
    <time>2025-12-23T07:45:19Z</time>
   </trkpt>
   <trkpt lat="10.3091160" lon="123.8730420">
    <ele>33.0</ele>
    <time>2025-12-23T07:45:20Z</time>
   </trkpt>
   <trkpt lat="10.3091170" lon="123.8730300">
    <ele>33.1</ele>
    <time>2025-12-23T07:45:21Z</time>
   </trkpt>
   <trkpt lat="10.3091210" lon="123.8730220">
    <ele>33.1</ele>
    <time>2025-12-23T07:45:22Z</time>
   </trkpt>
   <trkpt lat="10.3091290" lon="123.8730140">
    <ele>33.2</ele>
    <time>2025-12-23T07:45:23Z</time>
   </trkpt>
   <trkpt lat="10.3091420" lon="123.8729980">
    <ele>33.3</ele>
    <time>2025-12-23T07:45:24Z</time>
   </trkpt>
   <trkpt lat="10.3091480" lon="123.8729900">
    <ele>33.4</ele>
    <time>2025-12-23T07:45:25Z</time>
   </trkpt>
   <trkpt lat="10.3091540" lon="123.8729820">
    <ele>33.4</ele>
    <time>2025-12-23T07:45:26Z</time>
   </trkpt>
   <trkpt lat="10.3091590" lon="123.8729680">
    <ele>33.5</ele>
    <time>2025-12-23T07:45:27Z</time>
   </trkpt>
   <trkpt lat="10.3091690" lon="123.8729540">
    <ele>33.6</ele>
    <time>2025-12-23T07:45:28Z</time>
   </trkpt>
   <trkpt lat="10.3091760" lon="123.8729410">
    <ele>33.7</ele>
    <time>2025-12-23T07:45:29Z</time>
   </trkpt>
   <trkpt lat="10.3091820" lon="123.8729270">
    <ele>33.8</ele>
    <time>2025-12-23T07:45:30Z</time>
   </trkpt>
   <trkpt lat="10.3091840" lon="123.8729120">
    <ele>33.9</ele>
    <time>2025-12-23T07:45:31Z</time>
   </trkpt>
   <trkpt lat="10.3091850" lon="123.8728970">
    <ele>34.0</ele>
    <time>2025-12-23T07:45:32Z</time>
   </trkpt>
   <trkpt lat="10.3091900" lon="123.8728740">
    <ele>34.1</ele>
    <time>2025-12-23T07:45:33Z</time>
   </trkpt>
   <trkpt lat="10.3091930" lon="123.8728670">
    <ele>34.1</ele>
    <time>2025-12-23T07:45:34Z</time>
   </trkpt>
   <trkpt lat="10.3091950" lon="123.8728590">
    <ele>34.2</ele>
    <time>2025-12-23T07:45:35Z</time>
   </trkpt>
   <trkpt lat="10.3091960" lon="123.8728360">
    <ele>34.3</ele>
    <time>2025-12-23T07:45:36Z</time>
   </trkpt>
   <trkpt lat="10.3091970" lon="123.8728280">
    <ele>34.3</ele>
    <time>2025-12-23T07:45:37Z</time>
   </trkpt>
   <trkpt lat="10.3091980" lon="123.8728190">
    <ele>34.4</ele>
    <time>2025-12-23T07:45:38Z</time>
   </trkpt>
   <trkpt lat="10.3091980" lon="123.8728030">
    <ele>34.5</ele>
    <time>2025-12-23T07:45:39Z</time>
   </trkpt>
   <trkpt lat="10.3091990" lon="123.8727890">
    <ele>34.6</ele>
    <time>2025-12-23T07:45:40Z</time>
   </trkpt>
   <trkpt lat="10.3091990" lon="123.8727750">
    <ele>34.6</ele>
    <time>2025-12-23T07:45:41Z</time>
   </trkpt>
   <trkpt lat="10.3092030" lon="123.8727600">
    <ele>34.7</ele>
    <time>2025-12-23T07:45:42Z</time>
   </trkpt>
   <trkpt lat="10.3092090" lon="123.8727450">
    <ele>34.8</ele>
    <time>2025-12-23T07:45:43Z</time>
   </trkpt>
   <trkpt lat="10.3092130" lon="123.8727300">
    <ele>34.9</ele>
    <time>2025-12-23T07:45:44Z</time>
   </trkpt>
   <trkpt lat="10.3092170" lon="123.8727150">
    <ele>35.0</ele>
    <time>2025-12-23T07:45:45Z</time>
   </trkpt>
   <trkpt lat="10.3092190" lon="123.8727010">
    <ele>35.1</ele>
    <time>2025-12-23T07:45:46Z</time>
   </trkpt>
   <trkpt lat="10.3092230" lon="123.8726920">
    <ele>35.1</ele>
    <time>2025-12-23T07:45:47Z</time>
   </trkpt>
   <trkpt lat="10.3092230" lon="123.8726840">
    <ele>35.2</ele>
    <time>2025-12-23T07:45:48Z</time>
   </trkpt>
   <trkpt lat="10.3092190" lon="123.8726760">
    <ele>35.2</ele>
    <time>2025-12-23T07:45:49Z</time>
   </trkpt>
   <trkpt lat="10.3092180" lon="123.8726680">
    <ele>35.3</ele>
    <time>2025-12-23T07:45:50Z</time>
   </trkpt>
   <trkpt lat="10.3092190" lon="123.8726600">
    <ele>35.3</ele>
    <time>2025-12-23T07:45:51Z</time>
   </trkpt>
   <trkpt lat="10.3092150" lon="123.8726510">
    <ele>35.4</ele>
    <time>2025-12-23T07:45:52Z</time>
   </trkpt>
   <trkpt lat="10.3092120" lon="123.8726360">
    <ele>35.5</ele>
    <time>2025-12-23T07:45:53Z</time>
   </trkpt>
   <trkpt lat="10.3092120" lon="123.8726180">
    <ele>35.6</ele>
    <time>2025-12-23T07:45:54Z</time>
   </trkpt>
   <trkpt lat="10.3092140" lon="123.8726030">
    <ele>35.7</ele>
    <time>2025-12-23T07:45:55Z</time>
   </trkpt>
   <trkpt lat="10.3092160" lon="123.8725820">
    <ele>35.8</ele>
    <time>2025-12-23T07:45:56Z</time>
   </trkpt>
   <trkpt lat="10.3092200" lon="123.8725720">
    <ele>35.8</ele>
    <time>2025-12-23T07:45:57Z</time>
   </trkpt>
   <trkpt lat="10.3092230" lon="123.8725620">
    <ele>35.9</ele>
    <time>2025-12-23T07:45:58Z</time>
   </trkpt>
   <trkpt lat="10.3092270" lon="123.8725460">
    <ele>36.0</ele>
    <time>2025-12-23T07:45:59Z</time>
   </trkpt>
   <trkpt lat="10.3092320" lon="123.8725330">
    <ele>36.1</ele>
    <time>2025-12-23T07:46:00Z</time>
   </trkpt>
   <trkpt lat="10.3092340" lon="123.8725230">
    <ele>36.1</ele>
    <time>2025-12-23T07:46:01Z</time>
   </trkpt>
   <trkpt lat="10.3092310" lon="123.8725110">
    <ele>36.2</ele>
    <time>2025-12-23T07:46:02Z</time>
   </trkpt>
   <trkpt lat="10.3092260" lon="123.8724970">
    <ele>36.3</ele>
    <time>2025-12-23T07:46:03Z</time>
   </trkpt>
   <trkpt lat="10.3092290" lon="123.8724820">
    <ele>36.4</ele>
    <time>2025-12-23T07:46:04Z</time>
   </trkpt>
   <trkpt lat="10.3092350" lon="123.8724680">
    <ele>36.5</ele>
    <time>2025-12-23T07:46:05Z</time>
   </trkpt>
   <trkpt lat="10.3092470" lon="123.8724370">
    <ele>36.7</ele>
    <time>2025-12-23T07:46:06Z</time>
   </trkpt>
   <trkpt lat="10.3092510" lon="123.8724250">
    <ele>36.7</ele>
    <time>2025-12-23T07:46:07Z</time>
   </trkpt>
   <trkpt lat="10.3092620" lon="123.8723950">
    <ele>36.9</ele>
    <time>2025-12-23T07:46:08Z</time>
   </trkpt>
   <trkpt lat="10.3092660" lon="123.8723840">
    <ele>37.0</ele>
    <time>2025-12-23T07:46:09Z</time>
   </trkpt>
   <trkpt lat="10.3092710" lon="123.8723650">
    <ele>37.1</ele>
    <time>2025-12-23T07:46:10Z</time>
   </trkpt>
   <trkpt lat="10.3092770" lon="123.8723490">
    <ele>37.2</ele>
    <time>2025-12-23T07:46:11Z</time>
   </trkpt>
   <trkpt lat="10.3092800" lon="123.8723350">
    <ele>37.3</ele>
    <time>2025-12-23T07:46:12Z</time>
   </trkpt>
   <trkpt lat="10.3092870" lon="123.8723210">
    <ele>37.4</ele>
    <time>2025-12-23T07:46:13Z</time>
   </trkpt>
   <trkpt lat="10.3092950" lon="123.8723080">
    <ele>37.4</ele>
    <time>2025-12-23T07:46:14Z</time>
   </trkpt>
   <trkpt lat="10.3093010" lon="123.8722970">
    <ele>37.5</ele>
    <time>2025-12-23T07:46:15Z</time>
   </trkpt>
   <trkpt lat="10.3092950" lon="123.8722880">
    <ele>37.6</ele>
    <time>2025-12-23T07:46:16Z</time>
   </trkpt>
   <trkpt lat="10.3092860" lon="123.8722790">
    <ele>37.6</ele>
    <time>2025-12-23T07:46:17Z</time>
   </trkpt>
   <trkpt lat="10.3092890" lon="123.8722680">
    <ele>37.7</ele>
    <time>2025-12-23T07:46:18Z</time>
   </trkpt>
   <trkpt lat="10.3092940" lon="123.8722560">
    <ele>37.8</ele>
    <time>2025-12-23T07:46:19Z</time>
   </trkpt>
   <trkpt lat="10.3092960" lon="123.8722440">
    <ele>37.8</ele>
    <time>2025-12-23T07:46:20Z</time>
   </trkpt>
   <trkpt lat="10.3092920" lon="123.8722350">
    <ele>37.9</ele>
    <time>2025-12-23T07:46:21Z</time>
   </trkpt>
   <trkpt lat="10.3092890" lon="123.8722260">
    <ele>37.9</ele>
    <time>2025-12-23T07:46:22Z</time>
   </trkpt>
   <trkpt lat="10.3092870" lon="123.8722150">
    <ele>38.0</ele>
    <time>2025-12-23T07:46:23Z</time>
   </trkpt>
   <trkpt lat="10.3092830" lon="123.8722010">
    <ele>38.0</ele>
    <time>2025-12-23T07:46:24Z</time>
   </trkpt>
   <trkpt lat="10.3092770" lon="123.8721870">
    <ele>38.1</ele>
    <time>2025-12-23T07:46:25Z</time>
   </trkpt>
   <trkpt lat="10.3092790" lon="123.8721700">
    <ele>38.2</ele>
    <time>2025-12-23T07:46:26Z</time>
   </trkpt>
   <trkpt lat="10.3092790" lon="123.8721530">
    <ele>38.3</ele>
    <time>2025-12-23T07:46:27Z</time>
   </trkpt>
   <trkpt lat="10.3092800" lon="123.8721380">
    <ele>38.3</ele>
    <time>2025-12-23T07:46:28Z</time>
   </trkpt>
   <trkpt lat="10.3092790" lon="123.8721210">
    <ele>38.4</ele>
    <time>2025-12-23T07:46:29Z</time>
   </trkpt>
   <trkpt lat="10.3092760" lon="123.8721060">
    <ele>38.5</ele>
    <time>2025-12-23T07:46:30Z</time>
   </trkpt>
   <trkpt lat="10.3092790" lon="123.8720910">
    <ele>38.6</ele>
    <time>2025-12-23T07:46:31Z</time>
   </trkpt>
   <trkpt lat="10.3092800" lon="123.8720740">
    <ele>38.6</ele>
    <time>2025-12-23T07:46:32Z</time>
   </trkpt>
   <trkpt lat="10.3092850" lon="123.8720600">
    <ele>38.7</ele>
    <time>2025-12-23T07:46:33Z</time>
   </trkpt>
   <trkpt lat="10.3092910" lon="123.8720440">
    <ele>38.8</ele>
    <time>2025-12-23T07:46:34Z</time>
   </trkpt>
   <trkpt lat="10.3092950" lon="123.8720290">
    <ele>38.8</ele>
    <time>2025-12-23T07:46:35Z</time>
   </trkpt>
   <trkpt lat="10.3093000" lon="123.8720180">
    <ele>38.9</ele>
    <time>2025-12-23T07:46:36Z</time>
   </trkpt>
   <trkpt lat="10.3093010" lon="123.8720080">
    <ele>38.9</ele>
    <time>2025-12-23T07:46:37Z</time>
   </trkpt>
   <trkpt lat="10.3093010" lon="123.8720020">
    <ele>39.0</ele>
    <time>2025-12-23T07:46:38Z</time>
   </trkpt>
   <trkpt lat="10.3092980" lon="123.8719930">
    <ele>39.0</ele>
    <time>2025-12-23T07:46:39Z</time>
   </trkpt>
   <trkpt lat="10.3092910" lon="123.8719850">
    <ele>39.1</ele>
    <time>2025-12-23T07:46:40Z</time>
   </trkpt>
   <trkpt lat="10.3092840" lon="123.8719730">
    <ele>39.1</ele>
    <time>2025-12-23T07:46:41Z</time>
   </trkpt>
   <trkpt lat="10.3092780" lon="123.8719590">
    <ele>39.2</ele>
    <time>2025-12-23T07:46:42Z</time>
   </trkpt>
   <trkpt lat="10.3092720" lon="123.8719450">
    <ele>39.3</ele>
    <time>2025-12-23T07:46:43Z</time>
   </trkpt>
   <trkpt lat="10.3092640" lon="123.8719320">
    <ele>39.3</ele>
    <time>2025-12-23T07:46:44Z</time>
   </trkpt>
   <trkpt lat="10.3092540" lon="123.8719210">
    <ele>39.4</ele>
    <time>2025-12-23T07:46:45Z</time>
   </trkpt>
   <trkpt lat="10.3092430" lon="123.8719110">
    <ele>39.5</ele>
    <time>2025-12-23T07:46:46Z</time>
   </trkpt>
   <trkpt lat="10.3092370" lon="123.8719010">
    <ele>39.5</ele>
    <time>2025-12-23T07:46:47Z</time>
   </trkpt>
   <trkpt lat="10.3092290" lon="123.8718920">
    <ele>39.6</ele>
    <time>2025-12-23T07:46:48Z</time>
   </trkpt>
   <trkpt lat="10.3092210" lon="123.8718820">
    <ele>39.6</ele>
    <time>2025-12-23T07:46:49Z</time>
   </trkpt>
   <trkpt lat="10.3092080" lon="123.8718650">
    <ele>39.7</ele>
    <time>2025-12-23T07:46:50Z</time>
   </trkpt>
   <trkpt lat="10.3092020" lon="123.8718580">
    <ele>39.8</ele>
    <time>2025-12-23T07:46:51Z</time>
   </trkpt>
   <trkpt lat="10.3091960" lon="123.8718510">
    <ele>39.8</ele>
    <time>2025-12-23T07:46:52Z</time>
   </trkpt>
   <trkpt lat="10.3091810" lon="123.8718350">
    <ele>39.9</ele>
    <time>2025-12-23T07:46:53Z</time>
   </trkpt>
   <trkpt lat="10.3091750" lon="123.8718300">
    <ele>40.0</ele>
    <time>2025-12-23T07:46:54Z</time>
   </trkpt>
   <trkpt lat="10.3091690" lon="123.8718250">
    <ele>40.0</ele>
    <time>2025-12-23T07:46:55Z</time>
   </trkpt>
   <trkpt lat="10.3091550" lon="123.8718230">
    <ele>40.1</ele>
    <time>2025-12-23T07:46:56Z</time>
   </trkpt>
   <trkpt lat="10.3091410" lon="123.8718200">
    <ele>40.1</ele>
    <time>2025-12-23T07:46:57Z</time>
   </trkpt>
   <trkpt lat="10.3091210" lon="123.8718140">
    <ele>40.2</ele>
    <time>2025-12-23T07:46:58Z</time>
   </trkpt>
   <trkpt lat="10.3091140" lon="123.8718090">
    <ele>40.2</ele>
    <time>2025-12-23T07:46:59Z</time>
   </trkpt>
   <trkpt lat="10.3091070" lon="123.8718050">
    <ele>40.3</ele>
    <time>2025-12-23T07:47:00Z</time>
   </trkpt>
   <trkpt lat="10.3090960" lon="123.8717970">
    <ele>40.3</ele>
    <time>2025-12-23T07:47:01Z</time>
   </trkpt>
   <trkpt lat="10.3090830" lon="123.8717880">
    <ele>40.4</ele>
    <time>2025-12-23T07:47:02Z</time>
   </trkpt>
   <trkpt lat="10.3090750" lon="123.8717730">
    <ele>40.5</ele>
    <time>2025-12-23T07:47:03Z</time>
   </trkpt>
   <trkpt lat="10.3090680" lon="123.8717560">
    <ele>40.6</ele>
    <time>2025-12-23T07:47:04Z</time>
   </trkpt>
   <trkpt lat="10.3090610" lon="123.8717430">
    <ele>40.6</ele>
    <time>2025-12-23T07:47:05Z</time>
   </trkpt>
   <trkpt lat="10.3090560" lon="123.8717350">
    <ele>40.7</ele>
    <time>2025-12-23T07:47:06Z</time>
   </trkpt>
   <trkpt lat="10.3090530" lon="123.8717250">
    <ele>40.7</ele>
    <time>2025-12-23T07:47:07Z</time>
   </trkpt>
   <trkpt lat="10.3090450" lon="123.8717040">
    <ele>40.7</ele>
    <time>2025-12-23T07:47:08Z</time>
   </trkpt>
   <trkpt lat="10.3090400" lon="123.8716960">
    <ele>40.8</ele>
    <time>2025-12-23T07:47:09Z</time>
   </trkpt>
   <trkpt lat="10.3090350" lon="123.8716890">
    <ele>40.8</ele>
    <time>2025-12-23T07:47:10Z</time>
   </trkpt>
   <trkpt lat="10.3090280" lon="123.8716810">
    <ele>40.8</ele>
    <time>2025-12-23T07:47:11Z</time>
   </trkpt>
   <trkpt lat="10.3090220" lon="123.8716730">
    <ele>40.8</ele>
    <time>2025-12-23T07:47:12Z</time>
   </trkpt>
   <trkpt lat="10.3090150" lon="123.8716640">
    <ele>40.9</ele>
    <time>2025-12-23T07:47:13Z</time>
   </trkpt>
   <trkpt lat="10.3090020" lon="123.8716450">
    <ele>40.9</ele>
    <time>2025-12-23T07:47:14Z</time>
   </trkpt>
   <trkpt lat="10.3089970" lon="123.8716380">
    <ele>41.0</ele>
    <time>2025-12-23T07:47:15Z</time>
   </trkpt>
   <trkpt lat="10.3089930" lon="123.8716300">
    <ele>41.0</ele>
    <time>2025-12-23T07:47:16Z</time>
   </trkpt>
   <trkpt lat="10.3089840" lon="123.8716170">
    <ele>41.0</ele>
    <time>2025-12-23T07:47:17Z</time>
   </trkpt>
   <trkpt lat="10.3089780" lon="123.8716030">
    <ele>41.1</ele>
    <time>2025-12-23T07:47:18Z</time>
   </trkpt>
   <trkpt lat="10.3089690" lon="123.8715910">
    <ele>41.1</ele>
    <time>2025-12-23T07:47:19Z</time>
   </trkpt>
   <trkpt lat="10.3089640" lon="123.8715750">
    <ele>41.2</ele>
    <time>2025-12-23T07:47:20Z</time>
   </trkpt>
   <trkpt lat="10.3089580" lon="123.8715610">
    <ele>41.2</ele>
    <time>2025-12-23T07:47:21Z</time>
   </trkpt>
   <trkpt lat="10.3089520" lon="123.8715460">
    <ele>41.3</ele>
    <time>2025-12-23T07:47:22Z</time>
   </trkpt>
   <trkpt lat="10.3089500" lon="123.8715300">
    <ele>41.3</ele>
    <time>2025-12-23T07:47:23Z</time>
   </trkpt>
   <trkpt lat="10.3089450" lon="123.8715150">
    <ele>41.4</ele>
    <time>2025-12-23T07:47:24Z</time>
   </trkpt>
   <trkpt lat="10.3089380" lon="123.8714950">
    <ele>41.5</ele>
    <time>2025-12-23T07:47:25Z</time>
   </trkpt>
   <trkpt lat="10.3089350" lon="123.8714870">
    <ele>41.5</ele>
    <time>2025-12-23T07:47:26Z</time>
   </trkpt>
   <trkpt lat="10.3089320" lon="123.8714790">
    <ele>41.5</ele>
    <time>2025-12-23T07:47:27Z</time>
   </trkpt>
   <trkpt lat="10.3089310" lon="123.8714650">
    <ele>41.6</ele>
    <time>2025-12-23T07:47:28Z</time>
   </trkpt>
   <trkpt lat="10.3089270" lon="123.8714500">
    <ele>41.6</ele>
    <time>2025-12-23T07:47:29Z</time>
   </trkpt>
   <trkpt lat="10.3089230" lon="123.8714320">
    <ele>41.7</ele>
    <time>2025-12-23T07:47:30Z</time>
   </trkpt>
   <trkpt lat="10.3089220" lon="123.8714180">
    <ele>41.7</ele>
    <time>2025-12-23T07:47:31Z</time>
   </trkpt>
   <trkpt lat="10.3089170" lon="123.8713960">
    <ele>41.8</ele>
    <time>2025-12-23T07:47:32Z</time>
   </trkpt>
   <trkpt lat="10.3089150" lon="123.8713870">
    <ele>41.8</ele>
    <time>2025-12-23T07:47:33Z</time>
   </trkpt>
   <trkpt lat="10.3089130" lon="123.8713780">
    <ele>41.8</ele>
    <time>2025-12-23T07:47:34Z</time>
   </trkpt>
   <trkpt lat="10.3089120" lon="123.8713660">
    <ele>41.9</ele>
    <time>2025-12-23T07:47:35Z</time>
   </trkpt>
   <trkpt lat="10.3089110" lon="123.8713540">
    <ele>41.9</ele>
    <time>2025-12-23T07:47:36Z</time>
   </trkpt>
   <trkpt lat="10.3089080" lon="123.8713430">
    <ele>41.9</ele>
    <time>2025-12-23T07:47:37Z</time>
   </trkpt>
   <trkpt lat="10.3089040" lon="123.8713300">
    <ele>42.0</ele>
    <time>2025-12-23T07:47:38Z</time>
   </trkpt>
   <trkpt lat="10.3088970" lon="123.8713150">
    <ele>42.0</ele>
    <time>2025-12-23T07:47:39Z</time>
   </trkpt>
   <trkpt lat="10.3088910" lon="123.8713000">
    <ele>42.1</ele>
    <time>2025-12-23T07:47:40Z</time>
   </trkpt>
   <trkpt lat="10.3088860" lon="123.8712840">
    <ele>42.1</ele>
    <time>2025-12-23T07:47:41Z</time>
   </trkpt>
   <trkpt lat="10.3088820" lon="123.8712660">
    <ele>42.2</ele>
    <time>2025-12-23T07:47:42Z</time>
   </trkpt>
   <trkpt lat="10.3088780" lon="123.8712490">
    <ele>42.2</ele>
    <time>2025-12-23T07:47:43Z</time>
   </trkpt>
   <trkpt lat="10.3088770" lon="123.8712350">
    <ele>42.3</ele>
    <time>2025-12-23T07:47:44Z</time>
   </trkpt>
   <trkpt lat="10.3088740" lon="123.8712200">
    <ele>42.3</ele>
    <time>2025-12-23T07:47:45Z</time>
   </trkpt>
   <trkpt lat="10.3088730" lon="123.8712050">
    <ele>42.3</ele>
    <time>2025-12-23T07:47:46Z</time>
   </trkpt>
   <trkpt lat="10.3088750" lon="123.8711890">
    <ele>42.4</ele>
    <time>2025-12-23T07:47:47Z</time>
   </trkpt>
   <trkpt lat="10.3088790" lon="123.8711730">
    <ele>42.4</ele>
    <time>2025-12-23T07:47:48Z</time>
   </trkpt>
   <trkpt lat="10.3088860" lon="123.8711580">
    <ele>42.5</ele>
    <time>2025-12-23T07:47:49Z</time>
   </trkpt>
   <trkpt lat="10.3088880" lon="123.8711350">
    <ele>42.6</ele>
    <time>2025-12-23T07:47:50Z</time>
   </trkpt>
   <trkpt lat="10.3088890" lon="123.8711270">
    <ele>42.6</ele>
    <time>2025-12-23T07:47:51Z</time>
   </trkpt>
   <trkpt lat="10.3088910" lon="123.8711190">
    <ele>42.6</ele>
    <time>2025-12-23T07:47:52Z</time>
   </trkpt>
   <trkpt lat="10.3088930" lon="123.8711050">
    <ele>42.6</ele>
    <time>2025-12-23T07:47:53Z</time>
   </trkpt>
   <trkpt lat="10.3088950" lon="123.8710900">
    <ele>42.7</ele>
    <time>2025-12-23T07:47:54Z</time>
   </trkpt>
   <trkpt lat="10.3088900" lon="123.8710740">
    <ele>42.7</ele>
    <time>2025-12-23T07:47:55Z</time>
   </trkpt>
   <trkpt lat="10.3088840" lon="123.8710600">
    <ele>42.7</ele>
    <time>2025-12-23T07:47:56Z</time>
   </trkpt>
   <trkpt lat="10.3088780" lon="123.8710400">
    <ele>42.8</ele>
    <time>2025-12-23T07:47:57Z</time>
   </trkpt>
   <trkpt lat="10.3088780" lon="123.8710310">
    <ele>42.8</ele>
    <time>2025-12-23T07:47:58Z</time>
   </trkpt>
   <trkpt lat="10.3088780" lon="123.8710220">
    <ele>42.8</ele>
    <time>2025-12-23T07:47:59Z</time>
   </trkpt>
   <trkpt lat="10.3088800" lon="123.8710080">
    <ele>42.8</ele>
    <time>2025-12-23T07:48:00Z</time>
   </trkpt>
   <trkpt lat="10.3088780" lon="123.8709900">
    <ele>42.8</ele>
    <time>2025-12-23T07:48:01Z</time>
   </trkpt>
   <trkpt lat="10.3088780" lon="123.8709740">
    <ele>42.8</ele>
    <time>2025-12-23T07:48:02Z</time>
   </trkpt>
   <trkpt lat="10.3088780" lon="123.8709620">
    <ele>42.8</ele>
    <time>2025-12-23T07:48:03Z</time>
   </trkpt>
   <trkpt lat="10.3088850" lon="123.8709510">
    <ele>42.8</ele>
    <time>2025-12-23T07:48:04Z</time>
   </trkpt>
   <trkpt lat="10.3088860" lon="123.8709390">
    <ele>42.8</ele>
    <time>2025-12-23T07:48:05Z</time>
   </trkpt>
   <trkpt lat="10.3088870" lon="123.8709280">
    <ele>42.8</ele>
    <time>2025-12-23T07:48:06Z</time>
   </trkpt>
   <trkpt lat="10.3088870" lon="123.8709060">
    <ele>42.8</ele>
    <time>2025-12-23T07:48:07Z</time>
   </trkpt>
   <trkpt lat="10.3088880" lon="123.8708980">
    <ele>42.8</ele>
    <time>2025-12-23T07:48:08Z</time>
   </trkpt>
   <trkpt lat="10.3088880" lon="123.8708890">
    <ele>42.7</ele>
    <time>2025-12-23T07:48:09Z</time>
   </trkpt>
   <trkpt lat="10.3088910" lon="123.8708770">
    <ele>42.7</ele>
    <time>2025-12-23T07:48:10Z</time>
   </trkpt>
   <trkpt lat="10.3088950" lon="123.8708650">
    <ele>42.7</ele>
    <time>2025-12-23T07:48:11Z</time>
   </trkpt>
   <trkpt lat="10.3088970" lon="123.8708540">
    <ele>42.6</ele>
    <time>2025-12-23T07:48:12Z</time>
   </trkpt>
   <trkpt lat="10.3089040" lon="123.8708350">
    <ele>42.5</ele>
    <time>2025-12-23T07:48:13Z</time>
   </trkpt>
   <trkpt lat="10.3089100" lon="123.8708280">
    <ele>42.5</ele>
    <time>2025-12-23T07:48:14Z</time>
   </trkpt>
   <trkpt lat="10.3089160" lon="123.8708200">
    <ele>42.4</ele>
    <time>2025-12-23T07:48:15Z</time>
   </trkpt>
   <trkpt lat="10.3089260" lon="123.8708040">
    <ele>42.3</ele>
    <time>2025-12-23T07:48:16Z</time>
   </trkpt>
   <trkpt lat="10.3089300" lon="123.8707950">
    <ele>42.3</ele>
    <time>2025-12-23T07:48:17Z</time>
   </trkpt>
   <trkpt lat="10.3089340" lon="123.8707870">
    <ele>42.2</ele>
    <time>2025-12-23T07:48:18Z</time>
   </trkpt>
   <trkpt lat="10.3089380" lon="123.8707760">
    <ele>42.1</ele>
    <time>2025-12-23T07:48:19Z</time>
   </trkpt>
   <trkpt lat="10.3089430" lon="123.8707660">
    <ele>42.1</ele>
    <time>2025-12-23T07:48:20Z</time>
   </trkpt>
   <trkpt lat="10.3089460" lon="123.8707550">
    <ele>42.0</ele>
    <time>2025-12-23T07:48:21Z</time>
   </trkpt>
   <trkpt lat="10.3089530" lon="123.8707370">
    <ele>41.9</ele>
    <time>2025-12-23T07:48:22Z</time>
   </trkpt>
   <trkpt lat="10.3089570" lon="123.8707280">
    <ele>41.8</ele>
    <time>2025-12-23T07:48:23Z</time>
   </trkpt>
   <trkpt lat="10.3089600" lon="123.8707200">
    <ele>41.7</ele>
    <time>2025-12-23T07:48:24Z</time>
   </trkpt>
   <trkpt lat="10.3089610" lon="123.8707050">
    <ele>41.6</ele>
    <time>2025-12-23T07:48:25Z</time>
   </trkpt>
   <trkpt lat="10.3089610" lon="123.8706900">
    <ele>41.5</ele>
    <time>2025-12-23T07:48:26Z</time>
   </trkpt>
   <trkpt lat="10.3089620" lon="123.8706770">
    <ele>41.4</ele>
    <time>2025-12-23T07:48:27Z</time>
   </trkpt>
   <trkpt lat="10.3089630" lon="123.8706570">
    <ele>41.3</ele>
    <time>2025-12-23T07:48:28Z</time>
   </trkpt>
   <trkpt lat="10.3089690" lon="123.8706430">
    <ele>41.2</ele>
    <time>2025-12-23T07:48:29Z</time>
   </trkpt>
   <trkpt lat="10.3089790" lon="123.8706290">
    <ele>41.1</ele>
    <time>2025-12-23T07:48:30Z</time>
   </trkpt>
   <trkpt lat="10.3089840" lon="123.8706150">
    <ele>41.0</ele>
    <time>2025-12-23T07:48:31Z</time>
   </trkpt>
   <trkpt lat="10.3089880" lon="123.8705990">
    <ele>40.9</ele>
    <time>2025-12-23T07:48:32Z</time>
   </trkpt>
   <trkpt lat="10.3089930" lon="123.8705860">
    <ele>40.8</ele>
    <time>2025-12-23T07:48:33Z</time>
   </trkpt>
   <trkpt lat="10.3089990" lon="123.8705720">
    <ele>40.8</ele>
    <time>2025-12-23T07:48:34Z</time>
   </trkpt>
   <trkpt lat="10.3090120" lon="123.8705540">
    <ele>40.7</ele>
    <time>2025-12-23T07:48:35Z</time>
   </trkpt>
   <trkpt lat="10.3090180" lon="123.8705480">
    <ele>40.6</ele>
    <time>2025-12-23T07:48:36Z</time>
   </trkpt>
   <trkpt lat="10.3090250" lon="123.8705430">
    <ele>40.6</ele>
    <time>2025-12-23T07:48:37Z</time>
   </trkpt>
   <trkpt lat="10.3090350" lon="123.8705340">
    <ele>40.5</ele>
    <time>2025-12-23T07:48:38Z</time>
   </trkpt>
   <trkpt lat="10.3090450" lon="123.8705240">
    <ele>40.4</ele>
    <time>2025-12-23T07:48:39Z</time>
   </trkpt>
   <trkpt lat="10.3090600" lon="123.8705160">
    <ele>40.4</ele>
    <time>2025-12-23T07:48:40Z</time>
   </trkpt>
   <trkpt lat="10.3090760" lon="123.8705050">
    <ele>40.3</ele>
    <time>2025-12-23T07:48:41Z</time>
   </trkpt>
   <trkpt lat="10.3090990" lon="123.8704870">
    <ele>40.3</ele>
    <time>2025-12-23T07:48:42Z</time>
   </trkpt>
   <trkpt lat="10.3091050" lon="123.8704820">
    <ele>40.3</ele>
    <time>2025-12-23T07:48:43Z</time>
   </trkpt>
   <trkpt lat="10.3091160" lon="123.8704750">
    <ele>40.3</ele>
    <time>2025-12-23T07:48:44Z</time>
   </trkpt>
   <trkpt lat="10.3091270" lon="123.8704660">
    <ele>40.3</ele>
    <time>2025-12-23T07:48:45Z</time>
   </trkpt>
   <trkpt lat="10.3091440" lon="123.8704530">
    <ele>40.3</ele>
    <time>2025-12-23T07:48:46Z</time>
   </trkpt>
   <trkpt lat="10.3091510" lon="123.8704480">
    <ele>40.3</ele>
    <time>2025-12-23T07:48:47Z</time>
   </trkpt>
   <trkpt lat="10.3091570" lon="123.8704420">
    <ele>40.3</ele>
    <time>2025-12-23T07:48:48Z</time>
   </trkpt>
   <trkpt lat="10.3091750" lon="123.8704330">
    <ele>40.3</ele>
    <time>2025-12-23T07:48:49Z</time>
   </trkpt>
   <trkpt lat="10.3091840" lon="123.8704300">
    <ele>40.3</ele>
    <time>2025-12-23T07:48:50Z</time>
   </trkpt>
   <trkpt lat="10.3091930" lon="123.8704270">
    <ele>40.3</ele>
    <time>2025-12-23T07:48:51Z</time>
   </trkpt>
   <trkpt lat="10.3092080" lon="123.8704200">
    <ele>40.3</ele>
    <time>2025-12-23T07:48:52Z</time>
   </trkpt>
   <trkpt lat="10.3092230" lon="123.8704160">
    <ele>40.3</ele>
    <time>2025-12-23T07:48:53Z</time>
   </trkpt>
   <trkpt lat="10.3092370" lon="123.8704120">
    <ele>40.3</ele>
    <time>2025-12-23T07:48:54Z</time>
   </trkpt>
   <trkpt lat="10.3092480" lon="123.8704100">
    <ele>40.3</ele>
    <time>2025-12-23T07:48:55Z</time>
   </trkpt>
   <trkpt lat="10.3092570" lon="123.8704050">
    <ele>40.3</ele>
    <time>2025-12-23T07:48:56Z</time>
   </trkpt>
   <trkpt lat="10.3092650" lon="123.8703960">
    <ele>40.4</ele>
    <time>2025-12-23T07:48:57Z</time>
   </trkpt>
   <trkpt lat="10.3092730" lon="123.8703890">
    <ele>40.4</ele>
    <time>2025-12-23T07:48:58Z</time>
   </trkpt>
   <trkpt lat="10.3092840" lon="123.8703810">
    <ele>40.4</ele>
    <time>2025-12-23T07:48:59Z</time>
   </trkpt>
   <trkpt lat="10.3092970" lon="123.8703750">
    <ele>40.4</ele>
    <time>2025-12-23T07:49:00Z</time>
   </trkpt>
   <trkpt lat="10.3093150" lon="123.8703680">
    <ele>40.5</ele>
    <time>2025-12-23T07:49:01Z</time>
   </trkpt>
   <trkpt lat="10.3093280" lon="123.8703630">
    <ele>40.5</ele>
    <time>2025-12-23T07:49:02Z</time>
   </trkpt>
   <trkpt lat="10.3093410" lon="123.8703580">
    <ele>40.6</ele>
    <time>2025-12-23T07:49:03Z</time>
   </trkpt>
   <trkpt lat="10.3093620" lon="123.8703530">
    <ele>40.6</ele>
    <time>2025-12-23T07:49:04Z</time>
   </trkpt>
   <trkpt lat="10.3093700" lon="123.8703490">
    <ele>40.7</ele>
    <time>2025-12-23T07:49:05Z</time>
   </trkpt>
   <trkpt lat="10.3093770" lon="123.8703450">
    <ele>40.7</ele>
    <time>2025-12-23T07:49:06Z</time>
   </trkpt>
   <trkpt lat="10.3093880" lon="123.8703350">
    <ele>40.8</ele>
    <time>2025-12-23T07:49:07Z</time>
   </trkpt>
   <trkpt lat="10.3094010" lon="123.8703270">
    <ele>40.8</ele>
    <time>2025-12-23T07:49:08Z</time>
   </trkpt>
   <trkpt lat="10.3094150" lon="123.8703230">
    <ele>40.9</ele>
    <time>2025-12-23T07:49:09Z</time>
   </trkpt>
   <trkpt lat="10.3094300" lon="123.8703190">
    <ele>40.9</ele>
    <time>2025-12-23T07:49:10Z</time>
   </trkpt>
   <trkpt lat="10.3094450" lon="123.8703100">
    <ele>41.0</ele>
    <time>2025-12-23T07:49:11Z</time>
   </trkpt>
   <trkpt lat="10.3094580" lon="123.8703010">
    <ele>41.1</ele>
    <time>2025-12-23T07:49:12Z</time>
   </trkpt>
   <trkpt lat="10.3094780" lon="123.8702920">
    <ele>41.1</ele>
    <time>2025-12-23T07:49:13Z</time>
   </trkpt>
   <trkpt lat="10.3094870" lon="123.8702870">
    <ele>41.2</ele>
    <time>2025-12-23T07:49:14Z</time>
   </trkpt>
   <trkpt lat="10.3094960" lon="123.8702830">
    <ele>41.2</ele>
    <time>2025-12-23T07:49:15Z</time>
   </trkpt>
   <trkpt lat="10.3095150" lon="123.8702730">
    <ele>41.3</ele>
    <time>2025-12-23T07:49:16Z</time>
   </trkpt>
   <trkpt lat="10.3095240" lon="123.8702690">
    <ele>41.3</ele>
    <time>2025-12-23T07:49:17Z</time>
   </trkpt>
   <trkpt lat="10.3095320" lon="123.8702660">
    <ele>41.4</ele>
    <time>2025-12-23T07:49:18Z</time>
   </trkpt>
   <trkpt lat="10.3095480" lon="123.8702530">
    <ele>41.4</ele>
    <time>2025-12-23T07:49:19Z</time>
   </trkpt>
   <trkpt lat="10.3095550" lon="123.8702490">
    <ele>41.5</ele>
    <time>2025-12-23T07:49:20Z</time>
   </trkpt>
   <trkpt lat="10.3095620" lon="123.8702440">
    <ele>41.5</ele>
    <time>2025-12-23T07:49:21Z</time>
   </trkpt>
   <trkpt lat="10.3095750" lon="123.8702370">
    <ele>41.6</ele>
    <time>2025-12-23T07:49:22Z</time>
   </trkpt>
   <trkpt lat="10.3095860" lon="123.8702300">
    <ele>41.6</ele>
    <time>2025-12-23T07:49:23Z</time>
   </trkpt>
   <trkpt lat="10.3096110" lon="123.8702150">
    <ele>41.8</ele>
    <time>2025-12-23T07:49:24Z</time>
   </trkpt>
   <trkpt lat="10.3096190" lon="123.8702090">
    <ele>41.8</ele>
    <time>2025-12-23T07:49:25Z</time>
   </trkpt>
   <trkpt lat="10.3096410" lon="123.8701920">
    <ele>41.9</ele>
    <time>2025-12-23T07:49:26Z</time>
   </trkpt>
   <trkpt lat="10.3096470" lon="123.8701850">
    <ele>42.0</ele>
    <time>2025-12-23T07:49:27Z</time>
   </trkpt>
   <trkpt lat="10.3096580" lon="123.8701720">
    <ele>42.1</ele>
    <time>2025-12-23T07:49:28Z</time>
   </trkpt>
   <trkpt lat="10.3096690" lon="123.8701620">
    <ele>42.1</ele>
    <time>2025-12-23T07:49:29Z</time>
   </trkpt>
   <trkpt lat="10.3096840" lon="123.8701530">
    <ele>42.2</ele>
    <time>2025-12-23T07:49:30Z</time>
   </trkpt>
   <trkpt lat="10.3096970" lon="123.8701470">
    <ele>42.3</ele>
    <time>2025-12-23T07:49:31Z</time>
   </trkpt>
   <trkpt lat="10.3097100" lon="123.8701390">
    <ele>42.4</ele>
    <time>2025-12-23T07:49:32Z</time>
   </trkpt>
   <trkpt lat="10.3097230" lon="123.8701280">
    <ele>42.4</ele>
    <time>2025-12-23T07:49:33Z</time>
   </trkpt>
   <trkpt lat="10.3097340" lon="123.8701170">
    <ele>42.5</ele>
    <time>2025-12-23T07:49:34Z</time>
   </trkpt>
   <trkpt lat="10.3097480" lon="123.8701090">
    <ele>42.6</ele>
    <time>2025-12-23T07:49:35Z</time>
   </trkpt>
   <trkpt lat="10.3097620" lon="123.8701030">
    <ele>42.7</ele>
    <time>2025-12-23T07:49:36Z</time>
   </trkpt>
   <trkpt lat="10.3097740" lon="123.8700950">
    <ele>42.7</ele>
    <time>2025-12-23T07:49:37Z</time>
   </trkpt>
   <trkpt lat="10.3097840" lon="123.8700850">
    <ele>42.8</ele>
    <time>2025-12-23T07:49:38Z</time>
   </trkpt>
   <trkpt lat="10.3097920" lon="123.8700790">
    <ele>42.8</ele>
    <time>2025-12-23T07:49:39Z</time>
   </trkpt>
   <trkpt lat="10.3098000" lon="123.8700790">
    <ele>42.9</ele>
    <time>2025-12-23T07:49:40Z</time>
   </trkpt>
   <trkpt lat="10.3098220" lon="123.8700790">
    <ele>43.0</ele>
    <time>2025-12-23T07:49:41Z</time>
   </trkpt>
   <trkpt lat="10.3098300" lon="123.8700760">
    <ele>43.0</ele>
    <time>2025-12-23T07:49:42Z</time>
   </trkpt>
   <trkpt lat="10.3098390" lon="123.8700730">
    <ele>43.1</ele>
    <time>2025-12-23T07:49:43Z</time>
   </trkpt>
   <trkpt lat="10.3098570" lon="123.8700620">
    <ele>43.2</ele>
    <time>2025-12-23T07:49:44Z</time>
   </trkpt>
   <trkpt lat="10.3098630" lon="123.8700570">
    <ele>43.2</ele>
    <time>2025-12-23T07:49:45Z</time>
   </trkpt>
   <trkpt lat="10.3098690" lon="123.8700510">
    <ele>43.2</ele>
    <time>2025-12-23T07:49:46Z</time>
   </trkpt>
   <trkpt lat="10.3098800" lon="123.8700370">
    <ele>43.3</ele>
    <time>2025-12-23T07:49:47Z</time>
   </trkpt>
   <trkpt lat="10.3098900" lon="123.8700220">
    <ele>43.4</ele>
    <time>2025-12-23T07:49:48Z</time>
   </trkpt>
   <trkpt lat="10.3099010" lon="123.8700080">
    <ele>43.5</ele>
    <time>2025-12-23T07:49:49Z</time>
   </trkpt>
   <trkpt lat="10.3099110" lon="123.8700010">
    <ele>43.6</ele>
    <time>2025-12-23T07:49:50Z</time>
   </trkpt>
   <trkpt lat="10.3099230" lon="123.8699900">
    <ele>43.6</ele>
    <time>2025-12-23T07:49:51Z</time>
   </trkpt>
   <trkpt lat="10.3099340" lon="123.8699840">
    <ele>43.7</ele>
    <time>2025-12-23T07:49:52Z</time>
   </trkpt>
   <trkpt lat="10.3099510" lon="123.8699710">
    <ele>43.8</ele>
    <time>2025-12-23T07:49:53Z</time>
   </trkpt>
   <trkpt lat="10.3099590" lon="123.8699660">
    <ele>43.9</ele>
    <time>2025-12-23T07:49:54Z</time>
   </trkpt>
   <trkpt lat="10.3099670" lon="123.8699610">
    <ele>43.9</ele>
    <time>2025-12-23T07:49:55Z</time>
   </trkpt>
   <trkpt lat="10.3099780" lon="123.8699530">
    <ele>44.0</ele>
    <time>2025-12-23T07:49:56Z</time>
   </trkpt>
   <trkpt lat="10.3099920" lon="123.8699500">
    <ele>44.1</ele>
    <time>2025-12-23T07:49:57Z</time>
   </trkpt>
   <trkpt lat="10.3100050" lon="123.8699470">
    <ele>44.1</ele>
    <time>2025-12-23T07:49:58Z</time>
   </trkpt>
   <trkpt lat="10.3100180" lon="123.8699420">
    <ele>44.2</ele>
    <time>2025-12-23T07:49:59Z</time>
   </trkpt>
   <trkpt lat="10.3100290" lon="123.8699320">
    <ele>44.3</ele>
    <time>2025-12-23T07:50:00Z</time>
   </trkpt>
   <trkpt lat="10.3100410" lon="123.8699220">
    <ele>44.4</ele>
    <time>2025-12-23T07:50:01Z</time>
   </trkpt>
   <trkpt lat="10.3100510" lon="123.8699120">
    <ele>44.5</ele>
    <time>2025-12-23T07:50:02Z</time>
   </trkpt>
   <trkpt lat="10.3100590" lon="123.8699020">
    <ele>44.5</ele>
    <time>2025-12-23T07:50:03Z</time>
   </trkpt>
   <trkpt lat="10.3100640" lon="123.8698930">
    <ele>44.6</ele>
    <time>2025-12-23T07:50:04Z</time>
   </trkpt>
   <trkpt lat="10.3100700" lon="123.8698860">
    <ele>44.6</ele>
    <time>2025-12-23T07:50:05Z</time>
   </trkpt>
   <trkpt lat="10.3100780" lon="123.8698800">
    <ele>44.7</ele>
    <time>2025-12-23T07:50:06Z</time>
   </trkpt>
   <trkpt lat="10.3100900" lon="123.8698710">
    <ele>44.8</ele>
    <time>2025-12-23T07:50:07Z</time>
   </trkpt>
   <trkpt lat="10.3101040" lon="123.8698630">
    <ele>44.9</ele>
    <time>2025-12-23T07:50:08Z</time>
   </trkpt>
   <trkpt lat="10.3101160" lon="123.8698540">
    <ele>44.9</ele>
    <time>2025-12-23T07:50:09Z</time>
   </trkpt>
   <trkpt lat="10.3101300" lon="123.8698460">
    <ele>45.0</ele>
    <time>2025-12-23T07:50:10Z</time>
   </trkpt>
   <trkpt lat="10.3101450" lon="123.8698370">
    <ele>45.1</ele>
    <time>2025-12-23T07:50:11Z</time>
   </trkpt>
   <trkpt lat="10.3101580" lon="123.8698240">
    <ele>45.2</ele>
    <time>2025-12-23T07:50:12Z</time>
   </trkpt>
   <trkpt lat="10.3101720" lon="123.8698130">
    <ele>45.3</ele>
    <time>2025-12-23T07:50:13Z</time>
   </trkpt>
   <trkpt lat="10.3101840" lon="123.8698040">
    <ele>45.4</ele>
    <time>2025-12-23T07:50:14Z</time>
   </trkpt>
   <trkpt lat="10.3101970" lon="123.8697970">
    <ele>45.5</ele>
    <time>2025-12-23T07:50:15Z</time>
   </trkpt>
   <trkpt lat="10.3102150" lon="123.8697830">
    <ele>45.6</ele>
    <time>2025-12-23T07:50:16Z</time>
   </trkpt>
   <trkpt lat="10.3102220" lon="123.8697760">
    <ele>45.7</ele>
    <time>2025-12-23T07:50:17Z</time>
   </trkpt>
   <trkpt lat="10.3102290" lon="123.8697700">
    <ele>45.7</ele>
    <time>2025-12-23T07:50:18Z</time>
   </trkpt>
   <trkpt lat="10.3102380" lon="123.8697560">
    <ele>45.8</ele>
    <time>2025-12-23T07:50:19Z</time>
   </trkpt>
   <trkpt lat="10.3102500" lon="123.8697450">
    <ele>45.9</ele>
    <time>2025-12-23T07:50:20Z</time>
   </trkpt>
   <trkpt lat="10.3102600" lon="123.8697330">
    <ele>46.0</ele>
    <time>2025-12-23T07:50:21Z</time>
   </trkpt>
   <trkpt lat="10.3102660" lon="123.8697230">
    <ele>46.1</ele>
    <time>2025-12-23T07:50:22Z</time>
   </trkpt>
   <trkpt lat="10.3102720" lon="123.8697080">
    <ele>46.1</ele>
    <time>2025-12-23T07:50:23Z</time>
   </trkpt>
   <trkpt lat="10.3102760" lon="123.8696950">
    <ele>46.2</ele>
    <time>2025-12-23T07:50:24Z</time>
   </trkpt>
   <trkpt lat="10.3102780" lon="123.8696840">
    <ele>46.3</ele>
    <time>2025-12-23T07:50:25Z</time>
   </trkpt>
   <trkpt lat="10.3102810" lon="123.8696720">
    <ele>46.4</ele>
    <time>2025-12-23T07:50:26Z</time>
   </trkpt>
   <trkpt lat="10.3102840" lon="123.8696610">
    <ele>46.4</ele>
    <time>2025-12-23T07:50:27Z</time>
   </trkpt>
   <trkpt lat="10.3102880" lon="123.8696460">
    <ele>46.4</ele>
    <time>2025-12-23T07:50:28Z</time>
   </trkpt>
   <trkpt lat="10.3102920" lon="123.8696390">
    <ele>46.4</ele>
    <time>2025-12-23T07:50:29Z</time>
   </trkpt>
   <trkpt lat="10.3102950" lon="123.8696330">
    <ele>46.4</ele>
    <time>2025-12-23T07:50:30Z</time>
   </trkpt>
   <trkpt lat="10.3102990" lon="123.8696260">
    <ele>46.5</ele>
    <time>2025-12-23T07:50:31Z</time>
   </trkpt>
   <trkpt lat="10.3103070" lon="123.8696120">
    <ele>46.5</ele>
    <time>2025-12-23T07:50:32Z</time>
   </trkpt>
   <trkpt lat="10.3103160" lon="123.8695970">
    <ele>46.5</ele>
    <time>2025-12-23T07:50:33Z</time>
   </trkpt>
   <trkpt lat="10.3103240" lon="123.8695840">
    <ele>46.6</ele>
    <time>2025-12-23T07:50:34Z</time>
   </trkpt>
   <trkpt lat="10.3103330" lon="123.8695700">
    <ele>46.7</ele>
    <time>2025-12-23T07:50:35Z</time>
   </trkpt>
   <trkpt lat="10.3103410" lon="123.8695620">
    <ele>46.8</ele>
    <time>2025-12-23T07:50:36Z</time>
   </trkpt>
   <trkpt lat="10.3103470" lon="123.8695530">
    <ele>46.9</ele>
    <time>2025-12-23T07:50:37Z</time>
   </trkpt>
   <trkpt lat="10.3103520" lon="123.8695440">
    <ele>47.0</ele>
    <time>2025-12-23T07:50:38Z</time>
   </trkpt>
   <trkpt lat="10.3103580" lon="123.8695320">
    <ele>47.1</ele>
    <time>2025-12-23T07:50:39Z</time>
   </trkpt>
   <trkpt lat="10.3103690" lon="123.8695180">
    <ele>47.2</ele>
    <time>2025-12-23T07:50:40Z</time>
   </trkpt>
   <trkpt lat="10.3103760" lon="123.8695030">
    <ele>47.4</ele>
    <time>2025-12-23T07:50:41Z</time>
   </trkpt>
   <trkpt lat="10.3103820" lon="123.8694860">
    <ele>47.5</ele>
    <time>2025-12-23T07:50:42Z</time>
   </trkpt>
   <trkpt lat="10.3103920" lon="123.8694720">
    <ele>47.7</ele>
    <time>2025-12-23T07:50:43Z</time>
   </trkpt>
   <trkpt lat="10.3103990" lon="123.8694600">
    <ele>47.8</ele>
    <time>2025-12-23T07:50:44Z</time>
   </trkpt>
   <trkpt lat="10.3104050" lon="123.8694500">
    <ele>47.9</ele>
    <time>2025-12-23T07:50:45Z</time>
   </trkpt>
   <trkpt lat="10.3104090" lon="123.8694400">
    <ele>48.0</ele>
    <time>2025-12-23T07:50:46Z</time>
   </trkpt>
   <trkpt lat="10.3104150" lon="123.8694290">
    <ele>48.1</ele>
    <time>2025-12-23T07:50:47Z</time>
   </trkpt>
   <trkpt lat="10.3104270" lon="123.8694110">
    <ele>48.3</ele>
    <time>2025-12-23T07:50:48Z</time>
   </trkpt>
   <trkpt lat="10.3104320" lon="123.8694050">
    <ele>48.4</ele>
    <time>2025-12-23T07:50:49Z</time>
   </trkpt>
   <trkpt lat="10.3104370" lon="123.8693980">
    <ele>48.5</ele>
    <time>2025-12-23T07:50:50Z</time>
   </trkpt>
   <trkpt lat="10.3104410" lon="123.8693920">
    <ele>48.5</ele>
    <time>2025-12-23T07:50:51Z</time>
   </trkpt>
   <trkpt lat="10.3104460" lon="123.8693870">
    <ele>48.6</ele>
    <time>2025-12-23T07:50:52Z</time>
   </trkpt>
   <trkpt lat="10.3104500" lon="123.8693790">
    <ele>48.7</ele>
    <time>2025-12-23T07:50:53Z</time>
   </trkpt>
   <trkpt lat="10.3104540" lon="123.8693680">
    <ele>48.8</ele>
    <time>2025-12-23T07:50:54Z</time>
   </trkpt>
   <trkpt lat="10.3104600" lon="123.8693540">
    <ele>48.9</ele>
    <time>2025-12-23T07:50:55Z</time>
   </trkpt>
   <trkpt lat="10.3104670" lon="123.8693410">
    <ele>49.0</ele>
    <time>2025-12-23T07:50:56Z</time>
   </trkpt>
   <trkpt lat="10.3104750" lon="123.8693220">
    <ele>49.2</ele>
    <time>2025-12-23T07:50:57Z</time>
   </trkpt>
   <trkpt lat="10.3104780" lon="123.8693140">
    <ele>49.3</ele>
    <time>2025-12-23T07:50:58Z</time>
   </trkpt>
   <trkpt lat="10.3104800" lon="123.8693050">
    <ele>49.3</ele>
    <time>2025-12-23T07:50:59Z</time>
   </trkpt>
   <trkpt lat="10.3104840" lon="123.8692840">
    <ele>49.5</ele>
    <time>2025-12-23T07:51:00Z</time>
   </trkpt>
   <trkpt lat="10.3104860" lon="123.8692760">
    <ele>49.6</ele>
    <time>2025-12-23T07:51:01Z</time>
   </trkpt>
   <trkpt lat="10.3104870" lon="123.8692680">
    <ele>49.6</ele>
    <time>2025-12-23T07:51:02Z</time>
   </trkpt>
   <trkpt lat="10.3104880" lon="123.8692530">
    <ele>49.7</ele>
    <time>2025-12-23T07:51:03Z</time>
   </trkpt>
   <trkpt lat="10.3104900" lon="123.8692400">
    <ele>49.8</ele>
    <time>2025-12-23T07:51:04Z</time>
   </trkpt>
   <trkpt lat="10.3104900" lon="123.8692280">
    <ele>49.8</ele>
    <time>2025-12-23T07:51:05Z</time>
   </trkpt>
   <trkpt lat="10.3104900" lon="123.8692170">
    <ele>49.9</ele>
    <time>2025-12-23T07:51:06Z</time>
   </trkpt>
   <trkpt lat="10.3104930" lon="123.8692070">
    <ele>50.0</ele>
    <time>2025-12-23T07:51:07Z</time>
   </trkpt>
   <trkpt lat="10.3104960" lon="123.8691980">
    <ele>50.0</ele>
    <time>2025-12-23T07:51:08Z</time>
   </trkpt>
   <trkpt lat="10.3104990" lon="123.8691880">
    <ele>50.0</ele>
    <time>2025-12-23T07:51:09Z</time>
   </trkpt>
   <trkpt lat="10.3105000" lon="123.8691760">
    <ele>50.1</ele>
    <time>2025-12-23T07:51:10Z</time>
   </trkpt>
   <trkpt lat="10.3105020" lon="123.8691560">
    <ele>50.2</ele>
    <time>2025-12-23T07:51:11Z</time>
   </trkpt>
   <trkpt lat="10.3105010" lon="123.8691470">
    <ele>50.2</ele>
    <time>2025-12-23T07:51:12Z</time>
   </trkpt>
   <trkpt lat="10.3105010" lon="123.8691390">
    <ele>50.3</ele>
    <time>2025-12-23T07:51:13Z</time>
   </trkpt>
   <trkpt lat="10.3104990" lon="123.8691170">
    <ele>50.4</ele>
    <time>2025-12-23T07:51:14Z</time>
   </trkpt>
   <trkpt lat="10.3104990" lon="123.8691070">
    <ele>50.4</ele>
    <time>2025-12-23T07:51:15Z</time>
   </trkpt>
   <trkpt lat="10.3104980" lon="123.8690980">
    <ele>50.4</ele>
    <time>2025-12-23T07:51:16Z</time>
   </trkpt>
   <trkpt lat="10.3105020" lon="123.8690830">
    <ele>50.4</ele>
    <time>2025-12-23T07:51:17Z</time>
   </trkpt>
   <trkpt lat="10.3105110" lon="123.8690650">
    <ele>50.4</ele>
    <time>2025-12-23T07:51:18Z</time>
   </trkpt>
   <trkpt lat="10.3105270" lon="123.8690400">
    <ele>50.5</ele>
    <time>2025-12-23T07:51:19Z</time>
   </trkpt>
   <trkpt lat="10.3105310" lon="123.8690310">
    <ele>50.5</ele>
    <time>2025-12-23T07:51:20Z</time>
   </trkpt>
   <trkpt lat="10.3105390" lon="123.8690150">
    <ele>50.5</ele>
    <time>2025-12-23T07:51:21Z</time>
   </trkpt>
   <trkpt lat="10.3105440" lon="123.8690030">
    <ele>50.5</ele>
    <time>2025-12-23T07:51:22Z</time>
   </trkpt>
   <trkpt lat="10.3105480" lon="123.8689980">
    <ele>50.5</ele>
    <time>2025-12-23T07:51:23Z</time>
   </trkpt>
   <trkpt lat="10.3105540" lon="123.8689960">
    <ele>50.5</ele>
    <time>2025-12-23T07:51:24Z</time>
   </trkpt>
   <trkpt lat="10.3105580" lon="123.8689870">
    <ele>50.6</ele>
    <time>2025-12-23T07:51:25Z</time>
   </trkpt>
   <trkpt lat="10.3105560" lon="123.8689740">
    <ele>50.6</ele>
    <time>2025-12-23T07:51:26Z</time>
   </trkpt>
   <trkpt lat="10.3105480" lon="123.8689540">
    <ele>50.6</ele>
    <time>2025-12-23T07:51:27Z</time>
   </trkpt>
   <trkpt lat="10.3105460" lon="123.8689460">
    <ele>50.6</ele>
    <time>2025-12-23T07:51:28Z</time>
   </trkpt>
   <trkpt lat="10.3105440" lon="123.8689380">
    <ele>50.6</ele>
    <time>2025-12-23T07:51:29Z</time>
   </trkpt>
   <trkpt lat="10.3105470" lon="123.8689280">
    <ele>50.6</ele>
    <time>2025-12-23T07:51:30Z</time>
   </trkpt>
   <trkpt lat="10.3105530" lon="123.8689220">
    <ele>50.7</ele>
    <time>2025-12-23T07:51:31Z</time>
   </trkpt>
   <trkpt lat="10.3105590" lon="123.8689130">
    <ele>50.7</ele>
    <time>2025-12-23T07:51:32Z</time>
   </trkpt>
   <trkpt lat="10.3105640" lon="123.8689000">
    <ele>50.7</ele>
    <time>2025-12-23T07:51:33Z</time>
   </trkpt>
   <trkpt lat="10.3105710" lon="123.8688830">
    <ele>50.7</ele>
    <time>2025-12-23T07:51:34Z</time>
   </trkpt>
   <trkpt lat="10.3105880" lon="123.8688680">
    <ele>51.0</ele>
    <time>2025-12-23T07:51:35Z</time>
   </trkpt>
   <trkpt lat="10.3105950" lon="123.8688640">
    <ele>51.1</ele>
    <time>2025-12-23T07:51:36Z</time>
   </trkpt>
   <trkpt lat="10.3106030" lon="123.8688610">
    <ele>51.2</ele>
    <time>2025-12-23T07:51:37Z</time>
   </trkpt>
   <trkpt lat="10.3106210" lon="123.8688500">
    <ele>51.5</ele>
    <time>2025-12-23T07:51:38Z</time>
   </trkpt>
   <trkpt lat="10.3106270" lon="123.8688450">
    <ele>51.6</ele>
    <time>2025-12-23T07:51:39Z</time>
   </trkpt>
   <trkpt lat="10.3106340" lon="123.8688400">
    <ele>51.8</ele>
    <time>2025-12-23T07:51:40Z</time>
   </trkpt>
   <trkpt lat="10.3106430" lon="123.8688300">
    <ele>52.0</ele>
    <time>2025-12-23T07:51:41Z</time>
   </trkpt>
   <trkpt lat="10.3106560" lon="123.8688210">
    <ele>52.2</ele>
    <time>2025-12-23T07:51:42Z</time>
   </trkpt>
   <trkpt lat="10.3106660" lon="123.8688100">
    <ele>52.4</ele>
    <time>2025-12-23T07:51:43Z</time>
   </trkpt>
   <trkpt lat="10.3106760" lon="123.8688020">
    <ele>52.6</ele>
    <time>2025-12-23T07:51:44Z</time>
   </trkpt>
   <trkpt lat="10.3106910" lon="123.8687970">
    <ele>52.9</ele>
    <time>2025-12-23T07:51:45Z</time>
   </trkpt>
   <trkpt lat="10.3107020" lon="123.8687890">
    <ele>53.2</ele>
    <time>2025-12-23T07:51:46Z</time>
   </trkpt>
   <trkpt lat="10.3107120" lon="123.8687760">
    <ele>53.4</ele>
    <time>2025-12-23T07:51:47Z</time>
   </trkpt>
   <trkpt lat="10.3107230" lon="123.8687610">
    <ele>53.8</ele>
    <time>2025-12-23T07:51:48Z</time>
   </trkpt>
   <trkpt lat="10.3107330" lon="123.8687470">
    <ele>54.1</ele>
    <time>2025-12-23T07:51:49Z</time>
   </trkpt>
   <trkpt lat="10.3107410" lon="123.8687340">
    <ele>54.3</ele>
    <time>2025-12-23T07:51:50Z</time>
   </trkpt>
   <trkpt lat="10.3107510" lon="123.8687230">
    <ele>54.6</ele>
    <time>2025-12-23T07:51:51Z</time>
   </trkpt>
   <trkpt lat="10.3107620" lon="123.8687130">
    <ele>54.8</ele>
    <time>2025-12-23T07:51:52Z</time>
   </trkpt>
   <trkpt lat="10.3107710" lon="123.8687060">
    <ele>55.0</ele>
    <time>2025-12-23T07:51:53Z</time>
   </trkpt>
   <trkpt lat="10.3107790" lon="123.8686990">
    <ele>55.2</ele>
    <time>2025-12-23T07:51:54Z</time>
   </trkpt>
   <trkpt lat="10.3107860" lon="123.8686930">
    <ele>55.3</ele>
    <time>2025-12-23T07:51:55Z</time>
   </trkpt>
   <trkpt lat="10.3107910" lon="123.8686900">
    <ele>55.4</ele>
    <time>2025-12-23T07:51:56Z</time>
   </trkpt>
   <trkpt lat="10.3107960" lon="123.8686840">
    <ele>55.5</ele>
    <time>2025-12-23T07:51:57Z</time>
   </trkpt>
   <trkpt lat="10.3108000" lon="123.8686770">
    <ele>55.7</ele>
    <time>2025-12-23T07:51:58Z</time>
   </trkpt>
   <trkpt lat="10.3108050" lon="123.8686720">
    <ele>55.7</ele>
    <time>2025-12-23T07:51:59Z</time>
   </trkpt>
   <trkpt lat="10.3108220" lon="123.8686570">
    <ele>56.0</ele>
    <time>2025-12-23T07:52:00Z</time>
   </trkpt>
   <trkpt lat="10.3108310" lon="123.8686510">
    <ele>56.2</ele>
    <time>2025-12-23T07:52:01Z</time>
   </trkpt>
   <trkpt lat="10.3108410" lon="123.8686440">
    <ele>56.3</ele>
    <time>2025-12-23T07:52:02Z</time>
   </trkpt>
   <trkpt lat="10.3108540" lon="123.8686370">
    <ele>56.5</ele>
    <time>2025-12-23T07:52:03Z</time>
   </trkpt>
   <trkpt lat="10.3108690" lon="123.8686290">
    <ele>56.7</ele>
    <time>2025-12-23T07:52:04Z</time>
   </trkpt>
   <trkpt lat="10.3108850" lon="123.8686220">
    <ele>56.8</ele>
    <time>2025-12-23T07:52:05Z</time>
   </trkpt>
   <trkpt lat="10.3108990" lon="123.8686120">
    <ele>57.0</ele>
    <time>2025-12-23T07:52:06Z</time>
   </trkpt>
   <trkpt lat="10.3109090" lon="123.8686050">
    <ele>57.1</ele>
    <time>2025-12-23T07:52:07Z</time>
   </trkpt>
   <trkpt lat="10.3109180" lon="123.8686030">
    <ele>57.2</ele>
    <time>2025-12-23T07:52:08Z</time>
   </trkpt>
   <trkpt lat="10.3109270" lon="123.8686050">
    <ele>57.2</ele>
    <time>2025-12-23T07:52:09Z</time>
   </trkpt>
   <trkpt lat="10.3109370" lon="123.8686050">
    <ele>57.3</ele>
    <time>2025-12-23T07:52:10Z</time>
   </trkpt>
   <trkpt lat="10.3109490" lon="123.8686050">
    <ele>57.4</ele>
    <time>2025-12-23T07:52:11Z</time>
   </trkpt>
   <trkpt lat="10.3109610" lon="123.8686050">
    <ele>57.5</ele>
    <time>2025-12-23T07:52:12Z</time>
   </trkpt>
   <trkpt lat="10.3109800" lon="123.8686030">
    <ele>57.6</ele>
    <time>2025-12-23T07:52:13Z</time>
   </trkpt>
   <trkpt lat="10.3109890" lon="123.8686030">
    <ele>57.7</ele>
    <time>2025-12-23T07:52:14Z</time>
   </trkpt>
   <trkpt lat="10.3109980" lon="123.8686030">
    <ele>57.7</ele>
    <time>2025-12-23T07:52:15Z</time>
   </trkpt>
   <trkpt lat="10.3110090" lon="123.8686050">
    <ele>57.8</ele>
    <time>2025-12-23T07:52:16Z</time>
   </trkpt>
   <trkpt lat="10.3110200" lon="123.8686090">
    <ele>57.9</ele>
    <time>2025-12-23T07:52:17Z</time>
   </trkpt>
   <trkpt lat="10.3110320" lon="123.8686130">
    <ele>57.9</ele>
    <time>2025-12-23T07:52:18Z</time>
   </trkpt>
   <trkpt lat="10.3110440" lon="123.8686220">
    <ele>58.0</ele>
    <time>2025-12-23T07:52:19Z</time>
   </trkpt>
   <trkpt lat="10.3110540" lon="123.8686300">
    <ele>58.1</ele>
    <time>2025-12-23T07:52:20Z</time>
   </trkpt>
   <trkpt lat="10.3110660" lon="123.8686360">
    <ele>58.2</ele>
    <time>2025-12-23T07:52:21Z</time>
   </trkpt>
   <trkpt lat="10.3110810" lon="123.8686420">
    <ele>58.3</ele>
    <time>2025-12-23T07:52:22Z</time>
   </trkpt>
   <trkpt lat="10.3111030" lon="123.8686460">
    <ele>58.4</ele>
    <time>2025-12-23T07:52:23Z</time>
   </trkpt>
   <trkpt lat="10.3111130" lon="123.8686440">
    <ele>58.5</ele>
    <time>2025-12-23T07:52:24Z</time>
   </trkpt>
   <trkpt lat="10.3111230" lon="123.8686430">
    <ele>58.5</ele>
    <time>2025-12-23T07:52:25Z</time>
   </trkpt>
   <trkpt lat="10.3111400" lon="123.8686450">
    <ele>58.7</ele>
    <time>2025-12-23T07:52:26Z</time>
   </trkpt>
   <trkpt lat="10.3111540" lon="123.8686440">
    <ele>58.8</ele>
    <time>2025-12-23T07:52:27Z</time>
   </trkpt>
   <trkpt lat="10.3111700" lon="123.8686460">
    <ele>58.9</ele>
    <time>2025-12-23T07:52:28Z</time>
   </trkpt>
   <trkpt lat="10.3111830" lon="123.8686510">
    <ele>59.0</ele>
    <time>2025-12-23T07:52:29Z</time>
   </trkpt>
   <trkpt lat="10.3111960" lon="123.8686560">
    <ele>59.1</ele>
    <time>2025-12-23T07:52:30Z</time>
   </trkpt>
   <trkpt lat="10.3112040" lon="123.8686590">
    <ele>59.2</ele>
    <time>2025-12-23T07:52:31Z</time>
   </trkpt>
   <trkpt lat="10.3112120" lon="123.8686610">
    <ele>59.3</ele>
    <time>2025-12-23T07:52:32Z</time>
   </trkpt>
   <trkpt lat="10.3112200" lon="123.8686640">
    <ele>59.3</ele>
    <time>2025-12-23T07:52:33Z</time>
   </trkpt>
   <trkpt lat="10.3112420" lon="123.8686690">
    <ele>59.6</ele>
    <time>2025-12-23T07:52:34Z</time>
   </trkpt>
   <trkpt lat="10.3112490" lon="123.8686700">
    <ele>59.7</ele>
    <time>2025-12-23T07:52:35Z</time>
   </trkpt>
   <trkpt lat="10.3112570" lon="123.8686710">
    <ele>59.7</ele>
    <time>2025-12-23T07:52:36Z</time>
   </trkpt>
   <trkpt lat="10.3112770" lon="123.8686700">
    <ele>60.0</ele>
    <time>2025-12-23T07:52:37Z</time>
   </trkpt>
   <trkpt lat="10.3112860" lon="123.8686700">
    <ele>60.1</ele>
    <time>2025-12-23T07:52:38Z</time>
   </trkpt>
   <trkpt lat="10.3112950" lon="123.8686710">
    <ele>60.2</ele>
    <time>2025-12-23T07:52:39Z</time>
   </trkpt>
   <trkpt lat="10.3113090" lon="123.8686750">
    <ele>60.3</ele>
    <time>2025-12-23T07:52:40Z</time>
   </trkpt>
   <trkpt lat="10.3113230" lon="123.8686800">
    <ele>60.5</ele>
    <time>2025-12-23T07:52:41Z</time>
   </trkpt>
   <trkpt lat="10.3113360" lon="123.8686830">
    <ele>60.7</ele>
    <time>2025-12-23T07:52:42Z</time>
   </trkpt>
   <trkpt lat="10.3113500" lon="123.8686880">
    <ele>60.9</ele>
    <time>2025-12-23T07:52:43Z</time>
   </trkpt>
   <trkpt lat="10.3113630" lon="123.8686890">
    <ele>61.0</ele>
    <time>2025-12-23T07:52:44Z</time>
   </trkpt>
   <trkpt lat="10.3113770" lon="123.8686910">
    <ele>61.2</ele>
    <time>2025-12-23T07:52:45Z</time>
   </trkpt>
   <trkpt lat="10.3113870" lon="123.8686930">
    <ele>61.3</ele>
    <time>2025-12-23T07:52:46Z</time>
   </trkpt>
   <trkpt lat="10.3113960" lon="123.8686910">
    <ele>61.5</ele>
    <time>2025-12-23T07:52:47Z</time>
   </trkpt>
   <trkpt lat="10.3114050" lon="123.8686900">
    <ele>61.6</ele>
    <time>2025-12-23T07:52:48Z</time>
   </trkpt>
   <trkpt lat="10.3114150" lon="123.8686900">
    <ele>61.7</ele>
    <time>2025-12-23T07:52:49Z</time>
   </trkpt>
   <trkpt lat="10.3114270" lon="123.8686910">
    <ele>61.9</ele>
    <time>2025-12-23T07:52:50Z</time>
   </trkpt>
   <trkpt lat="10.3114390" lon="123.8686930">
    <ele>62.0</ele>
    <time>2025-12-23T07:52:51Z</time>
   </trkpt>
   <trkpt lat="10.3114530" lon="123.8686900">
    <ele>62.2</ele>
    <time>2025-12-23T07:52:52Z</time>
   </trkpt>
   <trkpt lat="10.3114700" lon="123.8686870">
    <ele>62.4</ele>
    <time>2025-12-23T07:52:53Z</time>
   </trkpt>
   <trkpt lat="10.3114870" lon="123.8686850">
    <ele>62.6</ele>
    <time>2025-12-23T07:52:54Z</time>
   </trkpt>
   <trkpt lat="10.3115030" lon="123.8686860">
    <ele>62.9</ele>
    <time>2025-12-23T07:52:55Z</time>
   </trkpt>
   <trkpt lat="10.3115140" lon="123.8686870">
    <ele>63.0</ele>
    <time>2025-12-23T07:52:56Z</time>
   </trkpt>
   <trkpt lat="10.3115230" lon="123.8686890">
    <ele>63.1</ele>
    <time>2025-12-23T07:52:57Z</time>
   </trkpt>
   <trkpt lat="10.3115280" lon="123.8686900">
    <ele>63.2</ele>
    <time>2025-12-23T07:52:58Z</time>
   </trkpt>
   <trkpt lat="10.3115360" lon="123.8686890">
    <ele>63.3</ele>
    <time>2025-12-23T07:52:59Z</time>
   </trkpt>
   <trkpt lat="10.3115430" lon="123.8686880">
    <ele>63.4</ele>
    <time>2025-12-23T07:53:00Z</time>
   </trkpt>
   <trkpt lat="10.3115510" lon="123.8686880">
    <ele>63.5</ele>
    <time>2025-12-23T07:53:01Z</time>
   </trkpt>
   <trkpt lat="10.3115600" lon="123.8686880">
    <ele>63.6</ele>
    <time>2025-12-23T07:53:02Z</time>
   </trkpt>
   <trkpt lat="10.3115680" lon="123.8686910">
    <ele>63.7</ele>
    <time>2025-12-23T07:53:03Z</time>
   </trkpt>
   <trkpt lat="10.3115780" lon="123.8686870">
    <ele>63.8</ele>
    <time>2025-12-23T07:53:04Z</time>
   </trkpt>
   <trkpt lat="10.3115880" lon="123.8686830">
    <ele>64.0</ele>
    <time>2025-12-23T07:53:05Z</time>
   </trkpt>
   <trkpt lat="10.3116000" lon="123.8686770">
    <ele>64.1</ele>
    <time>2025-12-23T07:53:06Z</time>
   </trkpt>
   <trkpt lat="10.3116200" lon="123.8686670">
    <ele>64.4</ele>
    <time>2025-12-23T07:53:07Z</time>
   </trkpt>
   <trkpt lat="10.3116280" lon="123.8686620">
    <ele>64.6</ele>
    <time>2025-12-23T07:53:08Z</time>
   </trkpt>
   <trkpt lat="10.3116370" lon="123.8686570">
    <ele>64.7</ele>
    <time>2025-12-23T07:53:09Z</time>
   </trkpt>
   <trkpt lat="10.3116500" lon="123.8686470">
    <ele>64.9</ele>
    <time>2025-12-23T07:53:10Z</time>
   </trkpt>
   <trkpt lat="10.3116650" lon="123.8686390">
    <ele>65.1</ele>
    <time>2025-12-23T07:53:11Z</time>
   </trkpt>
   <trkpt lat="10.3116800" lon="123.8686320">
    <ele>65.3</ele>
    <time>2025-12-23T07:53:12Z</time>
   </trkpt>
   <trkpt lat="10.3116950" lon="123.8686290">
    <ele>65.5</ele>
    <time>2025-12-23T07:53:13Z</time>
   </trkpt>
   <trkpt lat="10.3117070" lon="123.8686270">
    <ele>65.7</ele>
    <time>2025-12-23T07:53:14Z</time>
   </trkpt>
   <trkpt lat="10.3117170" lon="123.8686250">
    <ele>65.8</ele>
    <time>2025-12-23T07:53:15Z</time>
   </trkpt>
   <trkpt lat="10.3117280" lon="123.8686240">
    <ele>65.9</ele>
    <time>2025-12-23T07:53:16Z</time>
   </trkpt>
   <trkpt lat="10.3117410" lon="123.8686240">
    <ele>66.1</ele>
    <time>2025-12-23T07:53:17Z</time>
   </trkpt>
   <trkpt lat="10.3117510" lon="123.8686200">
    <ele>66.2</ele>
    <time>2025-12-23T07:53:18Z</time>
   </trkpt>
   <trkpt lat="10.3117610" lon="123.8686160">
    <ele>66.3</ele>
    <time>2025-12-23T07:53:19Z</time>
   </trkpt>
   <trkpt lat="10.3117720" lon="123.8686090">
    <ele>66.5</ele>
    <time>2025-12-23T07:53:20Z</time>
   </trkpt>
   <trkpt lat="10.3117840" lon="123.8685950">
    <ele>66.7</ele>
    <time>2025-12-23T07:53:21Z</time>
   </trkpt>
   <trkpt lat="10.3117970" lon="123.8685820">
    <ele>66.9</ele>
    <time>2025-12-23T07:53:22Z</time>
   </trkpt>
   <trkpt lat="10.3118100" lon="123.8685730">
    <ele>67.1</ele>
    <time>2025-12-23T07:53:23Z</time>
   </trkpt>
   <trkpt lat="10.3118220" lon="123.8685670">
    <ele>67.3</ele>
    <time>2025-12-23T07:53:24Z</time>
   </trkpt>
   <trkpt lat="10.3118290" lon="123.8685600">
    <ele>67.4</ele>
    <time>2025-12-23T07:53:25Z</time>
   </trkpt>
   <trkpt lat="10.3118380" lon="123.8685550">
    <ele>67.5</ele>
    <time>2025-12-23T07:53:26Z</time>
   </trkpt>
   <trkpt lat="10.3118460" lon="123.8685530">
    <ele>67.6</ele>
    <time>2025-12-23T07:53:27Z</time>
   </trkpt>
   <trkpt lat="10.3118540" lon="123.8685510">
    <ele>67.7</ele>
    <time>2025-12-23T07:53:28Z</time>
   </trkpt>
   <trkpt lat="10.3118620" lon="123.8685490">
    <ele>67.8</ele>
    <time>2025-12-23T07:53:29Z</time>
   </trkpt>
   <trkpt lat="10.3118720" lon="123.8685490">
    <ele>68.0</ele>
    <time>2025-12-23T07:53:30Z</time>
   </trkpt>
   <trkpt lat="10.3118780" lon="123.8685480">
    <ele>68.0</ele>
    <time>2025-12-23T07:53:31Z</time>
   </trkpt>
   <trkpt lat="10.3118800" lon="123.8685480">
    <ele>68.1</ele>
    <time>2025-12-23T07:53:32Z</time>
   </trkpt>
   <trkpt lat="10.3118810" lon="123.8685470">
    <ele>68.1</ele>
    <time>2025-12-23T07:53:33Z</time>
   </trkpt>
   <trkpt lat="10.3118840" lon="123.8685460">
    <ele>68.1</ele>
    <time>2025-12-23T07:53:34Z</time>
   </trkpt>
   <trkpt lat="10.3118900" lon="123.8685460">
    <ele>68.2</ele>
    <time>2025-12-23T07:53:35Z</time>
   </trkpt>
   <trkpt lat="10.3118970" lon="123.8685420">
    <ele>68.3</ele>
    <time>2025-12-23T07:53:36Z</time>
   </trkpt>
   <trkpt lat="10.3119050" lon="123.8685390">
    <ele>68.4</ele>
    <time>2025-12-23T07:53:37Z</time>
   </trkpt>
   <trkpt lat="10.3119130" lon="123.8685360">
    <ele>68.5</ele>
    <time>2025-12-23T07:53:38Z</time>
   </trkpt>
   <trkpt lat="10.3119230" lon="123.8685280">
    <ele>68.7</ele>
    <time>2025-12-23T07:53:39Z</time>
   </trkpt>
   <trkpt lat="10.3119310" lon="123.8685220">
    <ele>68.8</ele>
    <time>2025-12-23T07:53:40Z</time>
   </trkpt>
   <trkpt lat="10.3119370" lon="123.8685190">
    <ele>68.9</ele>
    <time>2025-12-23T07:53:41Z</time>
   </trkpt>
   <trkpt lat="10.3119420" lon="123.8685170">
    <ele>69.0</ele>
    <time>2025-12-23T07:53:42Z</time>
   </trkpt>
   <trkpt lat="10.3119520" lon="123.8685140">
    <ele>69.2</ele>
    <time>2025-12-23T07:53:43Z</time>
   </trkpt>
   <trkpt lat="10.3119630" lon="123.8685120">
    <ele>69.3</ele>
    <time>2025-12-23T07:53:44Z</time>
   </trkpt>
   <trkpt lat="10.3119820" lon="123.8685010">
    <ele>69.6</ele>
    <time>2025-12-23T07:53:45Z</time>
   </trkpt>
   <trkpt lat="10.3119890" lon="123.8684960">
    <ele>69.8</ele>
    <time>2025-12-23T07:53:46Z</time>
   </trkpt>
   <trkpt lat="10.3119970" lon="123.8684910">
    <ele>69.9</ele>
    <time>2025-12-23T07:53:47Z</time>
   </trkpt>
   <trkpt lat="10.3120080" lon="123.8684810">
    <ele>70.1</ele>
    <time>2025-12-23T07:53:48Z</time>
   </trkpt>
   <trkpt lat="10.3120200" lon="123.8684700">
    <ele>70.3</ele>
    <time>2025-12-23T07:53:49Z</time>
   </trkpt>
   <trkpt lat="10.3120490" lon="123.8684540">
    <ele>70.8</ele>
    <time>2025-12-23T07:53:50Z</time>
   </trkpt>
   <trkpt lat="10.3120580" lon="123.8684500">
    <ele>71.0</ele>
    <time>2025-12-23T07:53:51Z</time>
   </trkpt>
   <trkpt lat="10.3120740" lon="123.8684450">
    <ele>71.2</ele>
    <time>2025-12-23T07:53:52Z</time>
   </trkpt>
   <trkpt lat="10.3120880" lon="123.8684390">
    <ele>71.4</ele>
    <time>2025-12-23T07:53:53Z</time>
   </trkpt>
   <trkpt lat="10.3121000" lon="123.8684330">
    <ele>71.6</ele>
    <time>2025-12-23T07:53:54Z</time>
   </trkpt>
   <trkpt lat="10.3121070" lon="123.8684300">
    <ele>71.7</ele>
    <time>2025-12-23T07:53:55Z</time>
   </trkpt>
   <trkpt lat="10.3121150" lon="123.8684290">
    <ele>71.9</ele>
    <time>2025-12-23T07:53:56Z</time>
   </trkpt>
   <trkpt lat="10.3121250" lon="123.8684280">
    <ele>72.0</ele>
    <time>2025-12-23T07:53:57Z</time>
   </trkpt>
   <trkpt lat="10.3121390" lon="123.8684270">
    <ele>72.2</ele>
    <time>2025-12-23T07:53:58Z</time>
   </trkpt>
   <trkpt lat="10.3121500" lon="123.8684210">
    <ele>72.4</ele>
    <time>2025-12-23T07:53:59Z</time>
   </trkpt>
   <trkpt lat="10.3121560" lon="123.8684150">
    <ele>72.6</ele>
    <time>2025-12-23T07:54:00Z</time>
   </trkpt>
   <trkpt lat="10.3121650" lon="123.8684110">
    <ele>72.8</ele>
    <time>2025-12-23T07:54:01Z</time>
   </trkpt>
   <trkpt lat="10.3121720" lon="123.8684050">
    <ele>73.0</ele>
    <time>2025-12-23T07:54:02Z</time>
   </trkpt>
   <trkpt lat="10.3121760" lon="123.8683960">
    <ele>73.2</ele>
    <time>2025-12-23T07:54:03Z</time>
   </trkpt>
   <trkpt lat="10.3121830" lon="123.8683890">
    <ele>73.4</ele>
    <time>2025-12-23T07:54:04Z</time>
   </trkpt>
   <trkpt lat="10.3121890" lon="123.8683780">
    <ele>73.6</ele>
    <time>2025-12-23T07:54:05Z</time>
   </trkpt>
   <trkpt lat="10.3121960" lon="123.8683680">
    <ele>73.8</ele>
    <time>2025-12-23T07:54:06Z</time>
   </trkpt>
   <trkpt lat="10.3121990" lon="123.8683590">
    <ele>74.0</ele>
    <time>2025-12-23T07:54:07Z</time>
   </trkpt>
   <trkpt lat="10.3121990" lon="123.8683490">
    <ele>74.2</ele>
    <time>2025-12-23T07:54:08Z</time>
   </trkpt>
   <trkpt lat="10.3122010" lon="123.8683390">
    <ele>74.4</ele>
    <time>2025-12-23T07:54:09Z</time>
   </trkpt>
   <trkpt lat="10.3122050" lon="123.8683250">
    <ele>74.7</ele>
    <time>2025-12-23T07:54:10Z</time>
   </trkpt>
   <trkpt lat="10.3122120" lon="123.8683140">
    <ele>74.9</ele>
    <time>2025-12-23T07:54:11Z</time>
   </trkpt>
   <trkpt lat="10.3122180" lon="123.8683100">
    <ele>75.1</ele>
    <time>2025-12-23T07:54:12Z</time>
   </trkpt>
   <trkpt lat="10.3122290" lon="123.8683070">
    <ele>75.3</ele>
    <time>2025-12-23T07:54:13Z</time>
   </trkpt>
   <trkpt lat="10.3122390" lon="123.8683050">
    <ele>75.5</ele>
    <time>2025-12-23T07:54:14Z</time>
   </trkpt>
   <trkpt lat="10.3122620" lon="123.8683010">
    <ele>75.9</ele>
    <time>2025-12-23T07:54:15Z</time>
   </trkpt>
   <trkpt lat="10.3122720" lon="123.8682970">
    <ele>76.1</ele>
    <time>2025-12-23T07:54:16Z</time>
   </trkpt>
   <trkpt lat="10.3122830" lon="123.8682930">
    <ele>76.3</ele>
    <time>2025-12-23T07:54:17Z</time>
   </trkpt>
   <trkpt lat="10.3122960" lon="123.8682860">
    <ele>76.6</ele>
    <time>2025-12-23T07:54:18Z</time>
   </trkpt>
   <trkpt lat="10.3123070" lon="123.8682820">
    <ele>76.8</ele>
    <time>2025-12-23T07:54:19Z</time>
   </trkpt>
   <trkpt lat="10.3123270" lon="123.8682790">
    <ele>77.2</ele>
    <time>2025-12-23T07:54:20Z</time>
   </trkpt>
   <trkpt lat="10.3123360" lon="123.8682790">
    <ele>77.3</ele>
    <time>2025-12-23T07:54:21Z</time>
   </trkpt>
   <trkpt lat="10.3123450" lon="123.8682790">
    <ele>77.5</ele>
    <time>2025-12-23T07:54:22Z</time>
   </trkpt>
   <trkpt lat="10.3123570" lon="123.8682820">
    <ele>77.7</ele>
    <time>2025-12-23T07:54:23Z</time>
   </trkpt>
   <trkpt lat="10.3123720" lon="123.8682860">
    <ele>78.0</ele>
    <time>2025-12-23T07:54:24Z</time>
   </trkpt>
   <trkpt lat="10.3123860" lon="123.8682920">
    <ele>78.2</ele>
    <time>2025-12-23T07:54:25Z</time>
   </trkpt>
   <trkpt lat="10.3123980" lon="123.8682970">
    <ele>78.5</ele>
    <time>2025-12-23T07:54:26Z</time>
   </trkpt>
   <trkpt lat="10.3124090" lon="123.8682990">
    <ele>78.6</ele>
    <time>2025-12-23T07:54:27Z</time>
   </trkpt>
   <trkpt lat="10.3124190" lon="123.8683010">
    <ele>78.8</ele>
    <time>2025-12-23T07:54:28Z</time>
   </trkpt>
   <trkpt lat="10.3124290" lon="123.8683030">
    <ele>79.0</ele>
    <time>2025-12-23T07:54:29Z</time>
   </trkpt>
   <trkpt lat="10.3124350" lon="123.8683100">
    <ele>79.2</ele>
    <time>2025-12-23T07:54:30Z</time>
   </trkpt>
   <trkpt lat="10.3124420" lon="123.8683140">
    <ele>79.3</ele>
    <time>2025-12-23T07:54:31Z</time>
   </trkpt>
   <trkpt lat="10.3124460" lon="123.8683200">
    <ele>79.4</ele>
    <time>2025-12-23T07:54:32Z</time>
   </trkpt>
   <trkpt lat="10.3124560" lon="123.8683160">
    <ele>79.6</ele>
    <time>2025-12-23T07:54:33Z</time>
   </trkpt>
   <trkpt lat="10.3124700" lon="123.8683110">
    <ele>79.9</ele>
    <time>2025-12-23T07:54:34Z</time>
   </trkpt>
   <trkpt lat="10.3124850" lon="123.8683060">
    <ele>80.1</ele>
    <time>2025-12-23T07:54:35Z</time>
   </trkpt>
   <trkpt lat="10.3124990" lon="123.8682960">
    <ele>80.4</ele>
    <time>2025-12-23T07:54:36Z</time>
   </trkpt>
   <trkpt lat="10.3125100" lon="123.8682840">
    <ele>80.7</ele>
    <time>2025-12-23T07:54:37Z</time>
   </trkpt>
   <trkpt lat="10.3125190" lon="123.8682730">
    <ele>80.9</ele>
    <time>2025-12-23T07:54:38Z</time>
   </trkpt>
   <trkpt lat="10.3125290" lon="123.8682650">
    <ele>81.2</ele>
    <time>2025-12-23T07:54:39Z</time>
   </trkpt>
   <trkpt lat="10.3125350" lon="123.8682620">
    <ele>81.3</ele>
    <time>2025-12-23T07:54:40Z</time>
   </trkpt>
   <trkpt lat="10.3125430" lon="123.8682600">
    <ele>81.4</ele>
    <time>2025-12-23T07:54:41Z</time>
   </trkpt>
   <trkpt lat="10.3125540" lon="123.8682590">
    <ele>81.6</ele>
    <time>2025-12-23T07:54:42Z</time>
   </trkpt>
   <trkpt lat="10.3125620" lon="123.8682560">
    <ele>81.8</ele>
    <time>2025-12-23T07:54:43Z</time>
   </trkpt>
   <trkpt lat="10.3125720" lon="123.8682480">
    <ele>82.0</ele>
    <time>2025-12-23T07:54:44Z</time>
   </trkpt>
   <trkpt lat="10.3125820" lon="123.8682360">
    <ele>82.2</ele>
    <time>2025-12-23T07:54:45Z</time>
   </trkpt>
   <trkpt lat="10.3125940" lon="123.8682280">
    <ele>82.5</ele>
    <time>2025-12-23T07:54:46Z</time>
   </trkpt>
   <trkpt lat="10.3126080" lon="123.8682230">
    <ele>82.8</ele>
    <time>2025-12-23T07:54:47Z</time>
   </trkpt>
   <trkpt lat="10.3126260" lon="123.8682120">
    <ele>83.2</ele>
    <time>2025-12-23T07:54:48Z</time>
   </trkpt>
   <trkpt lat="10.3126340" lon="123.8682060">
    <ele>83.4</ele>
    <time>2025-12-23T07:54:49Z</time>
   </trkpt>
   <trkpt lat="10.3126410" lon="123.8682010">
    <ele>83.6</ele>
    <time>2025-12-23T07:54:50Z</time>
   </trkpt>
   <trkpt lat="10.3126500" lon="123.8681940">
    <ele>83.8</ele>
    <time>2025-12-23T07:54:51Z</time>
   </trkpt>
   <trkpt lat="10.3126610" lon="123.8681880">
    <ele>84.0</ele>
    <time>2025-12-23T07:54:52Z</time>
   </trkpt>
   <trkpt lat="10.3126720" lon="123.8681850">
    <ele>84.3</ele>
    <time>2025-12-23T07:54:53Z</time>
   </trkpt>
   <trkpt lat="10.3126920" lon="123.8681700">
    <ele>84.8</ele>
    <time>2025-12-23T07:54:54Z</time>
   </trkpt>
   <trkpt lat="10.3127020" lon="123.8681610">
    <ele>85.0</ele>
    <time>2025-12-23T07:54:55Z</time>
   </trkpt>
   <trkpt lat="10.3127120" lon="123.8681510">
    <ele>85.3</ele>
    <time>2025-12-23T07:54:56Z</time>
   </trkpt>
   <trkpt lat="10.3127210" lon="123.8681370">
    <ele>85.6</ele>
    <time>2025-12-23T07:54:57Z</time>
   </trkpt>
   <trkpt lat="10.3127280" lon="123.8681310">
    <ele>85.8</ele>
    <time>2025-12-23T07:54:58Z</time>
   </trkpt>
   <trkpt lat="10.3127320" lon="123.8681240">
    <ele>85.9</ele>
    <time>2025-12-23T07:54:59Z</time>
   </trkpt>
   <trkpt lat="10.3127350" lon="123.8681170">
    <ele>86.0</ele>
    <time>2025-12-23T07:55:00Z</time>
   </trkpt>
   <trkpt lat="10.3127410" lon="123.8681130">
    <ele>86.2</ele>
    <time>2025-12-23T07:55:01Z</time>
   </trkpt>
   <trkpt lat="10.3127470" lon="123.8681100">
    <ele>86.3</ele>
    <time>2025-12-23T07:55:02Z</time>
   </trkpt>
   <trkpt lat="10.3127580" lon="123.8681060">
    <ele>86.5</ele>
    <time>2025-12-23T07:55:03Z</time>
   </trkpt>
   <trkpt lat="10.3127720" lon="123.8680980">
    <ele>86.8</ele>
    <time>2025-12-23T07:55:04Z</time>
   </trkpt>
   <trkpt lat="10.3127820" lon="123.8680920">
    <ele>87.0</ele>
    <time>2025-12-23T07:55:05Z</time>
   </trkpt>
   <trkpt lat="10.3127950" lon="123.8680900">
    <ele>87.3</ele>
    <time>2025-12-23T07:55:06Z</time>
   </trkpt>
   <trkpt lat="10.3128050" lon="123.8680880">
    <ele>87.5</ele>
    <time>2025-12-23T07:55:07Z</time>
   </trkpt>
   <trkpt lat="10.3128150" lon="123.8680840">
    <ele>87.7</ele>
    <time>2025-12-23T07:55:08Z</time>
   </trkpt>
   <trkpt lat="10.3128210" lon="123.8680770">
    <ele>87.9</ele>
    <time>2025-12-23T07:55:09Z</time>
   </trkpt>
   <trkpt lat="10.3128270" lon="123.8680700">
    <ele>88.0</ele>
    <time>2025-12-23T07:55:10Z</time>
   </trkpt>
   <trkpt lat="10.3128340" lon="123.8680620">
    <ele>88.2</ele>
    <time>2025-12-23T07:55:11Z</time>
   </trkpt>
   <trkpt lat="10.3128450" lon="123.8680530">
    <ele>88.5</ele>
    <time>2025-12-23T07:55:12Z</time>
   </trkpt>
   <trkpt lat="10.3128570" lon="123.8680450">
    <ele>88.8</ele>
    <time>2025-12-23T07:55:13Z</time>
   </trkpt>
   <trkpt lat="10.3128710" lon="123.8680340">
    <ele>89.2</ele>
    <time>2025-12-23T07:55:14Z</time>
   </trkpt>
   <trkpt lat="10.3128840" lon="123.8680260">
    <ele>89.5</ele>
    <time>2025-12-23T07:55:15Z</time>
   </trkpt>
   <trkpt lat="10.3129010" lon="123.8680120">
    <ele>89.9</ele>
    <time>2025-12-23T07:55:16Z</time>
   </trkpt>
   <trkpt lat="10.3129080" lon="123.8680060">
    <ele>90.1</ele>
    <time>2025-12-23T07:55:17Z</time>
   </trkpt>
   <trkpt lat="10.3129140" lon="123.8680000">
    <ele>90.3</ele>
    <time>2025-12-23T07:55:18Z</time>
   </trkpt>
   <trkpt lat="10.3129250" lon="123.8679910">
    <ele>90.6</ele>
    <time>2025-12-23T07:55:19Z</time>
   </trkpt>
   <trkpt lat="10.3129340" lon="123.8679850">
    <ele>90.8</ele>
    <time>2025-12-23T07:55:20Z</time>
   </trkpt>
   <trkpt lat="10.3129410" lon="123.8679810">
    <ele>91.0</ele>
    <time>2025-12-23T07:55:21Z</time>
   </trkpt>
   <trkpt lat="10.3129440" lon="123.8679760">
    <ele>91.1</ele>
    <time>2025-12-23T07:55:22Z</time>
   </trkpt>
   <trkpt lat="10.3129480" lon="123.8679680">
    <ele>91.3</ele>
    <time>2025-12-23T07:55:23Z</time>
   </trkpt>
   <trkpt lat="10.3129510" lon="123.8679590">
    <ele>91.5</ele>
    <time>2025-12-23T07:55:24Z</time>
   </trkpt>
   <trkpt lat="10.3129570" lon="123.8679500">
    <ele>91.6</ele>
    <time>2025-12-23T07:55:25Z</time>
   </trkpt>
   <trkpt lat="10.3129640" lon="123.8679380">
    <ele>91.9</ele>
    <time>2025-12-23T07:55:26Z</time>
   </trkpt>
   <trkpt lat="10.3129730" lon="123.8679280">
    <ele>92.1</ele>
    <time>2025-12-23T07:55:27Z</time>
   </trkpt>
   <trkpt lat="10.3129820" lon="123.8679180">
    <ele>92.4</ele>
    <time>2025-12-23T07:55:28Z</time>
   </trkpt>
   <trkpt lat="10.3129910" lon="123.8679070">
    <ele>92.6</ele>
    <time>2025-12-23T07:55:29Z</time>
   </trkpt>
   <trkpt lat="10.3129990" lon="123.8678980">
    <ele>92.8</ele>
    <time>2025-12-23T07:55:30Z</time>
   </trkpt>
   <trkpt lat="10.3130070" lon="123.8678920">
    <ele>93.0</ele>
    <time>2025-12-23T07:55:31Z</time>
   </trkpt>
   <trkpt lat="10.3130140" lon="123.8678840">
    <ele>93.2</ele>
    <time>2025-12-23T07:55:32Z</time>
   </trkpt>
   <trkpt lat="10.3130270" lon="123.8678690">
    <ele>93.6</ele>
    <time>2025-12-23T07:55:33Z</time>
   </trkpt>
   <trkpt lat="10.3130340" lon="123.8678620">
    <ele>93.7</ele>
    <time>2025-12-23T07:55:34Z</time>
   </trkpt>
   <trkpt lat="10.3130400" lon="123.8678550">
    <ele>93.9</ele>
    <time>2025-12-23T07:55:35Z</time>
   </trkpt>
   <trkpt lat="10.3130500" lon="123.8678450">
    <ele>94.2</ele>
    <time>2025-12-23T07:55:36Z</time>
   </trkpt>
   <trkpt lat="10.3130600" lon="123.8678340">
    <ele>94.4</ele>
    <time>2025-12-23T07:55:37Z</time>
   </trkpt>
   <trkpt lat="10.3130720" lon="123.8678240">
    <ele>94.7</ele>
    <time>2025-12-23T07:55:38Z</time>
   </trkpt>
   <trkpt lat="10.3130820" lon="123.8678160">
    <ele>94.9</ele>
    <time>2025-12-23T07:55:39Z</time>
   </trkpt>
   <trkpt lat="10.3130930" lon="123.8678090">
    <ele>95.2</ele>
    <time>2025-12-23T07:55:40Z</time>
   </trkpt>
   <trkpt lat="10.3131010" lon="123.8678060">
    <ele>95.3</ele>
    <time>2025-12-23T07:55:41Z</time>
   </trkpt>
   <trkpt lat="10.3131090" lon="123.8678040">
    <ele>95.5</ele>
    <time>2025-12-23T07:55:42Z</time>
   </trkpt>
   <trkpt lat="10.3131150" lon="123.8677990">
    <ele>95.6</ele>
    <time>2025-12-23T07:55:43Z</time>
   </trkpt>
   <trkpt lat="10.3131220" lon="123.8677940">
    <ele>95.8</ele>
    <time>2025-12-23T07:55:44Z</time>
   </trkpt>
   <trkpt lat="10.3131290" lon="123.8677850">
    <ele>96.0</ele>
    <time>2025-12-23T07:55:45Z</time>
   </trkpt>
   <trkpt lat="10.3131470" lon="123.8677740">
    <ele>96.3</ele>
    <time>2025-12-23T07:55:46Z</time>
   </trkpt>
   <trkpt lat="10.3131550" lon="123.8677690">
    <ele>96.5</ele>
    <time>2025-12-23T07:55:47Z</time>
   </trkpt>
   <trkpt lat="10.3131630" lon="123.8677640">
    <ele>96.7</ele>
    <time>2025-12-23T07:55:48Z</time>
   </trkpt>
   <trkpt lat="10.3131800" lon="123.8677510">
    <ele>97.1</ele>
    <time>2025-12-23T07:55:49Z</time>
   </trkpt>
   <trkpt lat="10.3131860" lon="123.8677440">
    <ele>97.2</ele>
    <time>2025-12-23T07:55:50Z</time>
   </trkpt>
   <trkpt lat="10.3131920" lon="123.8677380">
    <ele>97.4</ele>
    <time>2025-12-23T07:55:51Z</time>
   </trkpt>
   <trkpt lat="10.3131980" lon="123.8677280">
    <ele>97.5</ele>
    <time>2025-12-23T07:55:52Z</time>
   </trkpt>
   <trkpt lat="10.3132040" lon="123.8677190">
    <ele>97.7</ele>
    <time>2025-12-23T07:55:53Z</time>
   </trkpt>
   <trkpt lat="10.3132130" lon="123.8677100">
    <ele>97.9</ele>
    <time>2025-12-23T07:55:54Z</time>
   </trkpt>
   <trkpt lat="10.3132260" lon="123.8677030">
    <ele>98.2</ele>
    <time>2025-12-23T07:55:55Z</time>
   </trkpt>
   <trkpt lat="10.3132380" lon="123.8676960">
    <ele>98.4</ele>
    <time>2025-12-23T07:55:56Z</time>
   </trkpt>
   <trkpt lat="10.3132480" lon="123.8676850">
    <ele>98.7</ele>
    <time>2025-12-23T07:55:57Z</time>
   </trkpt>
   <trkpt lat="10.3132580" lon="123.8676730">
    <ele>98.9</ele>
    <time>2025-12-23T07:55:58Z</time>
   </trkpt>
   <trkpt lat="10.3132690" lon="123.8676640">
    <ele>99.2</ele>
    <time>2025-12-23T07:55:59Z</time>
   </trkpt>
   <trkpt lat="10.3132770" lon="123.8676580">
    <ele>99.3</ele>
    <time>2025-12-23T07:56:00Z</time>
   </trkpt>
   <trkpt lat="10.3132850" lon="123.8676540">
    <ele>99.5</ele>
    <time>2025-12-23T07:56:01Z</time>
   </trkpt>
   <trkpt lat="10.3132940" lon="123.8676480">
    <ele>99.7</ele>
    <time>2025-12-23T07:56:02Z</time>
   </trkpt>
   <trkpt lat="10.3133000" lon="123.8676410">
    <ele>99.8</ele>
    <time>2025-12-23T07:56:03Z</time>
   </trkpt>
   <trkpt lat="10.3133050" lon="123.8676350">
    <ele>100.0</ele>
    <time>2025-12-23T07:56:04Z</time>
   </trkpt>
   <trkpt lat="10.3133090" lon="123.8676270">
    <ele>100.1</ele>
    <time>2025-12-23T07:56:05Z</time>
   </trkpt>
   <trkpt lat="10.3133160" lon="123.8676170">
    <ele>100.3</ele>
    <time>2025-12-23T07:56:06Z</time>
   </trkpt>
   <trkpt lat="10.3133260" lon="123.8676050">
    <ele>100.6</ele>
    <time>2025-12-23T07:56:07Z</time>
   </trkpt>
   <trkpt lat="10.3133390" lon="123.8675920">
    <ele>100.9</ele>
    <time>2025-12-23T07:56:08Z</time>
   </trkpt>
   <trkpt lat="10.3133470" lon="123.8675780">
    <ele>101.2</ele>
    <time>2025-12-23T07:56:09Z</time>
   </trkpt>
   <trkpt lat="10.3133550" lon="123.8675700">
    <ele>101.4</ele>
    <time>2025-12-23T07:56:10Z</time>
   </trkpt>
   <trkpt lat="10.3133580" lon="123.8675610">
    <ele>101.5</ele>
    <time>2025-12-23T07:56:11Z</time>
   </trkpt>
   <trkpt lat="10.3133640" lon="123.8675570">
    <ele>101.7</ele>
    <time>2025-12-23T07:56:12Z</time>
   </trkpt>
   <trkpt lat="10.3133710" lon="123.8675540">
    <ele>101.8</ele>
    <time>2025-12-23T07:56:13Z</time>
   </trkpt>
   <trkpt lat="10.3133790" lon="123.8675510">
    <ele>101.9</ele>
    <time>2025-12-23T07:56:14Z</time>
   </trkpt>
   <trkpt lat="10.3133890" lon="123.8675430">
    <ele>102.1</ele>
    <time>2025-12-23T07:56:15Z</time>
   </trkpt>
   <trkpt lat="10.3133980" lon="123.8675350">
    <ele>102.3</ele>
    <time>2025-12-23T07:56:16Z</time>
   </trkpt>
   <trkpt lat="10.3134110" lon="123.8675260">
    <ele>102.6</ele>
    <time>2025-12-23T07:56:17Z</time>
   </trkpt>
   <trkpt lat="10.3134240" lon="123.8675210">
    <ele>102.8</ele>
    <time>2025-12-23T07:56:18Z</time>
   </trkpt>
   <trkpt lat="10.3134350" lon="123.8675170">
    <ele>102.9</ele>
    <time>2025-12-23T07:56:19Z</time>
   </trkpt>
   <trkpt lat="10.3134400" lon="123.8675150">
    <ele>103.0</ele>
    <time>2025-12-23T07:56:20Z</time>
   </trkpt>
   <trkpt lat="10.3134450" lon="123.8675110">
    <ele>103.1</ele>
    <time>2025-12-23T07:56:21Z</time>
   </trkpt>
   <trkpt lat="10.3134480" lon="123.8675050">
    <ele>103.2</ele>
    <time>2025-12-23T07:56:22Z</time>
   </trkpt>
   <trkpt lat="10.3134510" lon="123.8674970">
    <ele>103.3</ele>
    <time>2025-12-23T07:56:23Z</time>
   </trkpt>
   <trkpt lat="10.3134540" lon="123.8674860">
    <ele>103.5</ele>
    <time>2025-12-23T07:56:24Z</time>
   </trkpt>
   <trkpt lat="10.3134570" lon="123.8674740">
    <ele>103.6</ele>
    <time>2025-12-23T07:56:25Z</time>
   </trkpt>
   <trkpt lat="10.3134660" lon="123.8674650">
    <ele>103.8</ele>
    <time>2025-12-23T07:56:26Z</time>
   </trkpt>
   <trkpt lat="10.3134770" lon="123.8674610">
    <ele>103.9</ele>
    <time>2025-12-23T07:56:27Z</time>
   </trkpt>
   <trkpt lat="10.3134880" lon="123.8674530">
    <ele>104.1</ele>
    <time>2025-12-23T07:56:28Z</time>
   </trkpt>
   <trkpt lat="10.3134990" lon="123.8674400">
    <ele>104.3</ele>
    <time>2025-12-23T07:56:29Z</time>
   </trkpt>
   <trkpt lat="10.3135110" lon="123.8674280">
    <ele>104.5</ele>
    <time>2025-12-23T07:56:30Z</time>
   </trkpt>
   <trkpt lat="10.3135230" lon="123.8674170">
    <ele>104.7</ele>
    <time>2025-12-23T07:56:31Z</time>
   </trkpt>
   <trkpt lat="10.3135340" lon="123.8674090">
    <ele>104.8</ele>
    <time>2025-12-23T07:56:32Z</time>
   </trkpt>
   <trkpt lat="10.3135450" lon="123.8674060">
    <ele>104.9</ele>
    <time>2025-12-23T07:56:33Z</time>
   </trkpt>
   <trkpt lat="10.3135530" lon="123.8674080">
    <ele>105.0</ele>
    <time>2025-12-23T07:56:34Z</time>
   </trkpt>
   <trkpt lat="10.3135620" lon="123.8674070">
    <ele>105.1</ele>
    <time>2025-12-23T07:56:35Z</time>
   </trkpt>
   <trkpt lat="10.3135720" lon="123.8674030">
    <ele>105.3</ele>
    <time>2025-12-23T07:56:36Z</time>
   </trkpt>
   <trkpt lat="10.3135830" lon="123.8673980">
    <ele>105.4</ele>
    <time>2025-12-23T07:56:37Z</time>
   </trkpt>
   <trkpt lat="10.3136020" lon="123.8673860">
    <ele>105.7</ele>
    <time>2025-12-23T07:56:38Z</time>
   </trkpt>
   <trkpt lat="10.3136100" lon="123.8673820">
    <ele>105.8</ele>
    <time>2025-12-23T07:56:39Z</time>
   </trkpt>
   <trkpt lat="10.3136180" lon="123.8673770">
    <ele>105.9</ele>
    <time>2025-12-23T07:56:40Z</time>
   </trkpt>
   <trkpt lat="10.3136290" lon="123.8673720">
    <ele>106.0</ele>
    <time>2025-12-23T07:56:41Z</time>
   </trkpt>
   <trkpt lat="10.3136360" lon="123.8673670">
    <ele>106.1</ele>
    <time>2025-12-23T07:56:42Z</time>
   </trkpt>
   <trkpt lat="10.3136420" lon="123.8673620">
    <ele>106.2</ele>
    <time>2025-12-23T07:56:43Z</time>
   </trkpt>
   <trkpt lat="10.3136490" lon="123.8673580">
    <ele>106.3</ele>
    <time>2025-12-23T07:56:44Z</time>
   </trkpt>
   <trkpt lat="10.3136580" lon="123.8673520">
    <ele>106.4</ele>
    <time>2025-12-23T07:56:45Z</time>
   </trkpt>
   <trkpt lat="10.3136680" lon="123.8673440">
    <ele>106.5</ele>
    <time>2025-12-23T07:56:46Z</time>
   </trkpt>
   <trkpt lat="10.3136780" lon="123.8673370">
    <ele>106.7</ele>
    <time>2025-12-23T07:56:47Z</time>
   </trkpt>
   <trkpt lat="10.3136870" lon="123.8673330">
    <ele>106.8</ele>
    <time>2025-12-23T07:56:48Z</time>
   </trkpt>
   <trkpt lat="10.3136980" lon="123.8673300">
    <ele>106.9</ele>
    <time>2025-12-23T07:56:49Z</time>
   </trkpt>
   <trkpt lat="10.3137190" lon="123.8673240">
    <ele>107.1</ele>
    <time>2025-12-23T07:56:50Z</time>
   </trkpt>
   <trkpt lat="10.3137260" lon="123.8673220">
    <ele>107.2</ele>
    <time>2025-12-23T07:56:51Z</time>
   </trkpt>
   <trkpt lat="10.3137340" lon="123.8673190">
    <ele>107.3</ele>
    <time>2025-12-23T07:56:52Z</time>
   </trkpt>
   <trkpt lat="10.3137460" lon="123.8673110">
    <ele>107.5</ele>
    <time>2025-12-23T07:56:53Z</time>
   </trkpt>
   <trkpt lat="10.3137570" lon="123.8673020">
    <ele>107.6</ele>
    <time>2025-12-23T07:56:54Z</time>
   </trkpt>
   <trkpt lat="10.3137640" lon="123.8672930">
    <ele>107.7</ele>
    <time>2025-12-23T07:56:55Z</time>
   </trkpt>
   <trkpt lat="10.3137700" lon="123.8672890">
    <ele>107.8</ele>
    <time>2025-12-23T07:56:56Z</time>
   </trkpt>
   <trkpt lat="10.3137780" lon="123.8672820">
    <ele>107.9</ele>
    <time>2025-12-23T07:56:57Z</time>
   </trkpt>
   <trkpt lat="10.3137850" lon="123.8672750">
    <ele>108.0</ele>
    <time>2025-12-23T07:56:58Z</time>
   </trkpt>
   <trkpt lat="10.3137970" lon="123.8672710">
    <ele>108.1</ele>
    <time>2025-12-23T07:56:59Z</time>
   </trkpt>
   <trkpt lat="10.3138090" lon="123.8672650">
    <ele>108.2</ele>
    <time>2025-12-23T07:57:00Z</time>
   </trkpt>
   <trkpt lat="10.3138200" lon="123.8672570">
    <ele>108.3</ele>
    <time>2025-12-23T07:57:01Z</time>
   </trkpt>
   <trkpt lat="10.3138280" lon="123.8672470">
    <ele>108.4</ele>
    <time>2025-12-23T07:57:02Z</time>
   </trkpt>
   <trkpt lat="10.3138330" lon="123.8672410">
    <ele>108.4</ele>
    <time>2025-12-23T07:57:03Z</time>
   </trkpt>
   <trkpt lat="10.3138350" lon="123.8672330">
    <ele>108.5</ele>
    <time>2025-12-23T07:57:04Z</time>
   </trkpt>
   <trkpt lat="10.3138370" lon="123.8672270">
    <ele>108.5</ele>
    <time>2025-12-23T07:57:05Z</time>
   </trkpt>
   <trkpt lat="10.3138420" lon="123.8672190">
    <ele>108.6</ele>
    <time>2025-12-23T07:57:06Z</time>
   </trkpt>
   <trkpt lat="10.3138510" lon="123.8672110">
    <ele>108.7</ele>
    <time>2025-12-23T07:57:07Z</time>
   </trkpt>
   <trkpt lat="10.3138630" lon="123.8672040">
    <ele>108.7</ele>
    <time>2025-12-23T07:57:08Z</time>
   </trkpt>
   <trkpt lat="10.3138750" lon="123.8671960">
    <ele>108.8</ele>
    <time>2025-12-23T07:57:09Z</time>
   </trkpt>
   <trkpt lat="10.3138920" lon="123.8671910">
    <ele>108.9</ele>
    <time>2025-12-23T07:57:10Z</time>
   </trkpt>
   <trkpt lat="10.3139080" lon="123.8671830">
    <ele>109.0</ele>
    <time>2025-12-23T07:57:11Z</time>
   </trkpt>
   <trkpt lat="10.3139210" lon="123.8671790">
    <ele>109.1</ele>
    <time>2025-12-23T07:57:12Z</time>
   </trkpt>
   <trkpt lat="10.3139310" lon="123.8671770">
    <ele>109.1</ele>
    <time>2025-12-23T07:57:13Z</time>
   </trkpt>
   <trkpt lat="10.3139410" lon="123.8671750">
    <ele>109.2</ele>
    <time>2025-12-23T07:57:14Z</time>
   </trkpt>
   <trkpt lat="10.3139530" lon="123.8671740">
    <ele>109.2</ele>
    <time>2025-12-23T07:57:15Z</time>
   </trkpt>
   <trkpt lat="10.3139630" lon="123.8671720">
    <ele>109.3</ele>
    <time>2025-12-23T07:57:16Z</time>
   </trkpt>
   <trkpt lat="10.3139710" lon="123.8671670">
    <ele>109.3</ele>
    <time>2025-12-23T07:57:17Z</time>
   </trkpt>
   <trkpt lat="10.3139780" lon="123.8671460">
    <ele>109.4</ele>
    <time>2025-12-23T07:57:18Z</time>
   </trkpt>
   <trkpt lat="10.3139790" lon="123.8671370">
    <ele>109.4</ele>
    <time>2025-12-23T07:57:19Z</time>
   </trkpt>
   <trkpt lat="10.3139810" lon="123.8671270">
    <ele>109.4</ele>
    <time>2025-12-23T07:57:20Z</time>
   </trkpt>
   <trkpt lat="10.3139920" lon="123.8671070">
    <ele>109.5</ele>
    <time>2025-12-23T07:57:21Z</time>
   </trkpt>
   <trkpt lat="10.3139980" lon="123.8671000">
    <ele>109.5</ele>
    <time>2025-12-23T07:57:22Z</time>
   </trkpt>
   <trkpt lat="10.3140030" lon="123.8670930">
    <ele>109.6</ele>
    <time>2025-12-23T07:57:23Z</time>
   </trkpt>
   <trkpt lat="10.3140130" lon="123.8670790">
    <ele>109.6</ele>
    <time>2025-12-23T07:57:24Z</time>
   </trkpt>
   <trkpt lat="10.3140230" lon="123.8670680">
    <ele>109.7</ele>
    <time>2025-12-23T07:57:25Z</time>
   </trkpt>
   <trkpt lat="10.3140350" lon="123.8670600">
    <ele>109.7</ele>
    <time>2025-12-23T07:57:26Z</time>
   </trkpt>
   <trkpt lat="10.3140460" lon="123.8670570">
    <ele>109.8</ele>
    <time>2025-12-23T07:57:27Z</time>
   </trkpt>
   <trkpt lat="10.3140550" lon="123.8670530">
    <ele>109.8</ele>
    <time>2025-12-23T07:57:28Z</time>
   </trkpt>
   <trkpt lat="10.3140740" lon="123.8670390">
    <ele>109.9</ele>
    <time>2025-12-23T07:57:29Z</time>
   </trkpt>
   <trkpt lat="10.3140810" lon="123.8670340">
    <ele>109.9</ele>
    <time>2025-12-23T07:57:30Z</time>
   </trkpt>
   <trkpt lat="10.3140890" lon="123.8670280">
    <ele>109.9</ele>
    <time>2025-12-23T07:57:31Z</time>
   </trkpt>
   <trkpt lat="10.3141010" lon="123.8670200">
    <ele>109.9</ele>
    <time>2025-12-23T07:57:32Z</time>
   </trkpt>
   <trkpt lat="10.3141140" lon="123.8670130">
    <ele>110.0</ele>
    <time>2025-12-23T07:57:33Z</time>
   </trkpt>
   <trkpt lat="10.3141270" lon="123.8670090">
    <ele>110.0</ele>
    <time>2025-12-23T07:57:34Z</time>
   </trkpt>
   <trkpt lat="10.3141420" lon="123.8670040">
    <ele>110.0</ele>
    <time>2025-12-23T07:57:35Z</time>
   </trkpt>
   <trkpt lat="10.3141570" lon="123.8669980">
    <ele>110.0</ele>
    <time>2025-12-23T07:57:36Z</time>
   </trkpt>
   <trkpt lat="10.3141700" lon="123.8669910">
    <ele>110.0</ele>
    <time>2025-12-23T07:57:37Z</time>
   </trkpt>
   <trkpt lat="10.3141810" lon="123.8669850">
    <ele>110.0</ele>
    <time>2025-12-23T07:57:38Z</time>
   </trkpt>
   <trkpt lat="10.3141920" lon="123.8669790">
    <ele>110.0</ele>
    <time>2025-12-23T07:57:39Z</time>
   </trkpt>
   <trkpt lat="10.3142010" lon="123.8669720">
    <ele>110.0</ele>
    <time>2025-12-23T07:57:40Z</time>
   </trkpt>
   <trkpt lat="10.3142170" lon="123.8669590">
    <ele>110.0</ele>
    <time>2025-12-23T07:57:41Z</time>
   </trkpt>
   <trkpt lat="10.3142240" lon="123.8669530">
    <ele>110.0</ele>
    <time>2025-12-23T07:57:42Z</time>
   </trkpt>
   <trkpt lat="10.3142300" lon="123.8669480">
    <ele>110.0</ele>
    <time>2025-12-23T07:57:43Z</time>
   </trkpt>
   <trkpt lat="10.3142390" lon="123.8669410">
    <ele>110.0</ele>
    <time>2025-12-23T07:57:44Z</time>
   </trkpt>
   <trkpt lat="10.3142470" lon="123.8669320">
    <ele>110.0</ele>
    <time>2025-12-23T07:57:45Z</time>
   </trkpt>
   <trkpt lat="10.3142550" lon="123.8669250">
    <ele>110.0</ele>
    <time>2025-12-23T07:57:46Z</time>
   </trkpt>
   <trkpt lat="10.3142620" lon="123.8669160">
    <ele>110.0</ele>
    <time>2025-12-23T07:57:47Z</time>
   </trkpt>
   <trkpt lat="10.3142710" lon="123.8669100">
    <ele>109.9</ele>
    <time>2025-12-23T07:57:48Z</time>
   </trkpt>
   <trkpt lat="10.3142810" lon="123.8669040">
    <ele>109.9</ele>
    <time>2025-12-23T07:57:49Z</time>
   </trkpt>
   <trkpt lat="10.3142960" lon="123.8668920">
    <ele>109.9</ele>
    <time>2025-12-23T07:57:50Z</time>
   </trkpt>
   <trkpt lat="10.3143040" lon="123.8668870">
    <ele>109.9</ele>
    <time>2025-12-23T07:57:51Z</time>
   </trkpt>
   <trkpt lat="10.3143110" lon="123.8668820">
    <ele>109.9</ele>
    <time>2025-12-23T07:57:52Z</time>
   </trkpt>
   <trkpt lat="10.3143260" lon="123.8668780">
    <ele>109.9</ele>
    <time>2025-12-23T07:57:53Z</time>
   </trkpt>
   <trkpt lat="10.3143380" lon="123.8668740">
    <ele>109.8</ele>
    <time>2025-12-23T07:57:54Z</time>
   </trkpt>
   <trkpt lat="10.3143530" lon="123.8668690">
    <ele>109.8</ele>
    <time>2025-12-23T07:57:55Z</time>
   </trkpt>
   <trkpt lat="10.3143670" lon="123.8668640">
    <ele>109.8</ele>
    <time>2025-12-23T07:57:56Z</time>
   </trkpt>
   <trkpt lat="10.3143860" lon="123.8668570">
    <ele>109.8</ele>
    <time>2025-12-23T07:57:57Z</time>
   </trkpt>
   <trkpt lat="10.3143930" lon="123.8668540">
    <ele>109.7</ele>
    <time>2025-12-23T07:57:58Z</time>
   </trkpt>
   <trkpt lat="10.3144010" lon="123.8668510">
    <ele>109.7</ele>
    <time>2025-12-23T07:57:59Z</time>
   </trkpt>
   <trkpt lat="10.3144110" lon="123.8668420">
    <ele>109.7</ele>
    <time>2025-12-23T07:58:00Z</time>
   </trkpt>
   <trkpt lat="10.3144230" lon="123.8668340">
    <ele>109.7</ele>
    <time>2025-12-23T07:58:01Z</time>
   </trkpt>
   <trkpt lat="10.3144360" lon="123.8668260">
    <ele>109.7</ele>
    <time>2025-12-23T07:58:02Z</time>
   </trkpt>
   <trkpt lat="10.3144480" lon="123.8668200">
    <ele>109.7</ele>
    <time>2025-12-23T07:58:03Z</time>
   </trkpt>
   <trkpt lat="10.3144530" lon="123.8668150">
    <ele>109.7</ele>
    <time>2025-12-23T07:58:04Z</time>
   </trkpt>
   <trkpt lat="10.3144600" lon="123.8668100">
    <ele>109.7</ele>
    <time>2025-12-23T07:58:05Z</time>
   </trkpt>
   <trkpt lat="10.3144670" lon="123.8668010">
    <ele>109.7</ele>
    <time>2025-12-23T07:58:06Z</time>
   </trkpt>
   <trkpt lat="10.3144740" lon="123.8667900">
    <ele>109.6</ele>
    <time>2025-12-23T07:58:07Z</time>
   </trkpt>
   <trkpt lat="10.3144820" lon="123.8667790">
    <ele>109.6</ele>
    <time>2025-12-23T07:58:08Z</time>
   </trkpt>
   <trkpt lat="10.3144890" lon="123.8667690">
    <ele>109.6</ele>
    <time>2025-12-23T07:58:09Z</time>
   </trkpt>
   <trkpt lat="10.3144950" lon="123.8667590">
    <ele>109.6</ele>
    <time>2025-12-23T07:58:10Z</time>
   </trkpt>
   <trkpt lat="10.3145010" lon="123.8667510">
    <ele>109.6</ele>
    <time>2025-12-23T07:58:11Z</time>
   </trkpt>
   <trkpt lat="10.3145060" lon="123.8667420">
    <ele>109.6</ele>
    <time>2025-12-23T07:58:12Z</time>
   </trkpt>
   <trkpt lat="10.3145160" lon="123.8667340">
    <ele>109.6</ele>
    <time>2025-12-23T07:58:13Z</time>
   </trkpt>
   <trkpt lat="10.3145260" lon="123.8667270">
    <ele>109.6</ele>
    <time>2025-12-23T07:58:14Z</time>
   </trkpt>
   <trkpt lat="10.3145340" lon="123.8667170">
    <ele>109.6</ele>
    <time>2025-12-23T07:58:15Z</time>
   </trkpt>
   <trkpt lat="10.3145440" lon="123.8667040">
    <ele>109.6</ele>
    <time>2025-12-23T07:58:16Z</time>
   </trkpt>
   <trkpt lat="10.3145540" lon="123.8666940">
    <ele>109.6</ele>
    <time>2025-12-23T07:58:17Z</time>
   </trkpt>
   <trkpt lat="10.3145640" lon="123.8666850">
    <ele>109.6</ele>
    <time>2025-12-23T07:58:18Z</time>
   </trkpt>
   <trkpt lat="10.3145740" lon="123.8666740">
    <ele>109.6</ele>
    <time>2025-12-23T07:58:19Z</time>
   </trkpt>
   <trkpt lat="10.3145810" lon="123.8666610">
    <ele>109.5</ele>
    <time>2025-12-23T07:58:20Z</time>
   </trkpt>
   <trkpt lat="10.3145920" lon="123.8666450">
    <ele>109.5</ele>
    <time>2025-12-23T07:58:21Z</time>
   </trkpt>
   <trkpt lat="10.3145950" lon="123.8666370">
    <ele>109.5</ele>
    <time>2025-12-23T07:58:22Z</time>
   </trkpt>
   <trkpt lat="10.3145990" lon="123.8666290">
    <ele>109.5</ele>
    <time>2025-12-23T07:58:23Z</time>
   </trkpt>
   <trkpt lat="10.3145990" lon="123.8666180">
    <ele>109.5</ele>
    <time>2025-12-23T07:58:24Z</time>
   </trkpt>
   <trkpt lat="10.3145960" lon="123.8666120">
    <ele>109.5</ele>
    <time>2025-12-23T07:58:25Z</time>
   </trkpt>
   <trkpt lat="10.3145920" lon="123.8666040">
    <ele>109.5</ele>
    <time>2025-12-23T07:58:26Z</time>
   </trkpt>
   <trkpt lat="10.3145870" lon="123.8665950">
    <ele>109.4</ele>
    <time>2025-12-23T07:58:27Z</time>
   </trkpt>
   <trkpt lat="10.3145790" lon="123.8665840">
    <ele>109.1</ele>
    <time>2025-12-23T07:58:28Z</time>
   </trkpt>
   <trkpt lat="10.3145730" lon="123.8665690">
    <ele>108.8</ele>
    <time>2025-12-23T07:58:29Z</time>
   </trkpt>
   <trkpt lat="10.3145650" lon="123.8665380">
    <ele>108.2</ele>
    <time>2025-12-23T07:58:30Z</time>
   </trkpt>
   <trkpt lat="10.3145610" lon="123.8665270">
    <ele>108.0</ele>
    <time>2025-12-23T07:58:31Z</time>
   </trkpt>
   <trkpt lat="10.3145560" lon="123.8664950">
    <ele>107.6</ele>
    <time>2025-12-23T07:58:32Z</time>
   </trkpt>
   <trkpt lat="10.3145540" lon="123.8664840">
    <ele>107.5</ele>
    <time>2025-12-23T07:58:33Z</time>
   </trkpt>
   <trkpt lat="10.3145520" lon="123.8664680">
    <ele>107.4</ele>
    <time>2025-12-23T07:58:34Z</time>
   </trkpt>
   <trkpt lat="10.3145470" lon="123.8664550">
    <ele>107.4</ele>
    <time>2025-12-23T07:58:35Z</time>
   </trkpt>
   <trkpt lat="10.3145370" lon="123.8664350">
    <ele>107.4</ele>
    <time>2025-12-23T07:58:36Z</time>
   </trkpt>
   <trkpt lat="10.3145330" lon="123.8664270">
    <ele>107.4</ele>
    <time>2025-12-23T07:58:37Z</time>
   </trkpt>
   <trkpt lat="10.3145290" lon="123.8664200">
    <ele>107.5</ele>
    <time>2025-12-23T07:58:38Z</time>
   </trkpt>
   <trkpt lat="10.3145290" lon="123.8664070">
    <ele>107.6</ele>
    <time>2025-12-23T07:58:39Z</time>
   </trkpt>
   <trkpt lat="10.3145290" lon="123.8663950">
    <ele>107.7</ele>
    <time>2025-12-23T07:58:40Z</time>
   </trkpt>
   <trkpt lat="10.3145270" lon="123.8663830">
    <ele>107.8</ele>
    <time>2025-12-23T07:58:41Z</time>
   </trkpt>
   <trkpt lat="10.3145200" lon="123.8663640">
    <ele>108.1</ele>
    <time>2025-12-23T07:58:42Z</time>
   </trkpt>
   <trkpt lat="10.3145130" lon="123.8663570">
    <ele>108.2</ele>
    <time>2025-12-23T07:58:43Z</time>
   </trkpt>
   <trkpt lat="10.3145070" lon="123.8663490">
    <ele>108.3</ele>
    <time>2025-12-23T07:58:44Z</time>
   </trkpt>
   <trkpt lat="10.3144950" lon="123.8663370">
    <ele>108.6</ele>
    <time>2025-12-23T07:58:45Z</time>
   </trkpt>
   <trkpt lat="10.3144850" lon="123.8663270">
    <ele>108.8</ele>
    <time>2025-12-23T07:58:46Z</time>
   </trkpt>
   <trkpt lat="10.3144780" lon="123.8663160">
    <ele>109.0</ele>
    <time>2025-12-23T07:58:47Z</time>
   </trkpt>
   <trkpt lat="10.3144740" lon="123.8663050">
    <ele>109.1</ele>
    <time>2025-12-23T07:58:48Z</time>
   </trkpt>
   <trkpt lat="10.3144700" lon="123.8662940">
    <ele>109.3</ele>
    <time>2025-12-23T07:58:49Z</time>
   </trkpt>
   <trkpt lat="10.3144610" lon="123.8662740">
    <ele>109.5</ele>
    <time>2025-12-23T07:58:50Z</time>
   </trkpt>
   <trkpt lat="10.3144570" lon="123.8662660">
    <ele>109.5</ele>
    <time>2025-12-23T07:58:51Z</time>
   </trkpt>
   <trkpt lat="10.3144520" lon="123.8662570">
    <ele>109.5</ele>
    <time>2025-12-23T07:58:52Z</time>
   </trkpt>
   <trkpt lat="10.3144430" lon="123.8662440">
    <ele>109.6</ele>
    <time>2025-12-23T07:58:53Z</time>
   </trkpt>
   <trkpt lat="10.3144380" lon="123.8662260">
    <ele>109.6</ele>
    <time>2025-12-23T07:58:54Z</time>
   </trkpt>
   <trkpt lat="10.3144360" lon="123.8662110">
    <ele>109.7</ele>
    <time>2025-12-23T07:58:55Z</time>
   </trkpt>
   <trkpt lat="10.3144350" lon="123.8662030">
    <ele>109.7</ele>
    <time>2025-12-23T07:58:56Z</time>
   </trkpt>
   <trkpt lat="10.3144330" lon="123.8661950">
    <ele>109.7</ele>
    <time>2025-12-23T07:58:57Z</time>
   </trkpt>
   <trkpt lat="10.3144270" lon="123.8661860">
    <ele>109.7</ele>
    <time>2025-12-23T07:58:58Z</time>
   </trkpt>
   <trkpt lat="10.3144210" lon="123.8661800">
    <ele>109.7</ele>
    <time>2025-12-23T07:58:59Z</time>
   </trkpt>
   <trkpt lat="10.3144090" lon="123.8661750">
    <ele>109.8</ele>
    <time>2025-12-23T07:59:00Z</time>
   </trkpt>
   <trkpt lat="10.3143970" lon="123.8661720">
    <ele>109.8</ele>
    <time>2025-12-23T07:59:01Z</time>
   </trkpt>
   <trkpt lat="10.3143890" lon="123.8661690">
    <ele>109.8</ele>
    <time>2025-12-23T07:59:02Z</time>
   </trkpt>
   <trkpt lat="10.3143770" lon="123.8661650">
    <ele>109.8</ele>
    <time>2025-12-23T07:59:03Z</time>
   </trkpt>
   <trkpt lat="10.3143700" lon="123.8661540">
    <ele>109.8</ele>
    <time>2025-12-23T07:59:04Z</time>
   </trkpt>
   <trkpt lat="10.3143650" lon="123.8661400">
    <ele>109.9</ele>
    <time>2025-12-23T07:59:05Z</time>
   </trkpt>
   <trkpt lat="10.3143580" lon="123.8661240">
    <ele>109.9</ele>
    <time>2025-12-23T07:59:06Z</time>
   </trkpt>
   <trkpt lat="10.3143540" lon="123.8661080">
    <ele>109.9</ele>
    <time>2025-12-23T07:59:07Z</time>
   </trkpt>
   <trkpt lat="10.3143500" lon="123.8660930">
    <ele>109.9</ele>
    <time>2025-12-23T07:59:08Z</time>
   </trkpt>
   <trkpt lat="10.3143490" lon="123.8660770">
    <ele>110.0</ele>
    <time>2025-12-23T07:59:09Z</time>
   </trkpt>
   <trkpt lat="10.3143500" lon="123.8660610">
    <ele>110.0</ele>
    <time>2025-12-23T07:59:10Z</time>
   </trkpt>
   <trkpt lat="10.3143540" lon="123.8660440">
    <ele>110.0</ele>
    <time>2025-12-23T07:59:11Z</time>
   </trkpt>
   <trkpt lat="10.3143600" lon="123.8660300">
    <ele>110.1</ele>
    <time>2025-12-23T07:59:12Z</time>
   </trkpt>
   <trkpt lat="10.3143700" lon="123.8660160">
    <ele>110.1</ele>
    <time>2025-12-23T07:59:13Z</time>
   </trkpt>
   <trkpt lat="10.3143800" lon="123.8660050">
    <ele>110.1</ele>
    <time>2025-12-23T07:59:14Z</time>
   </trkpt>
   <trkpt lat="10.3143860" lon="123.8659960">
    <ele>110.1</ele>
    <time>2025-12-23T07:59:15Z</time>
   </trkpt>
   <trkpt lat="10.3143940" lon="123.8659890">
    <ele>110.2</ele>
    <time>2025-12-23T07:59:16Z</time>
   </trkpt>
   <trkpt lat="10.3143970" lon="123.8659850">
    <ele>110.2</ele>
    <time>2025-12-23T07:59:17Z</time>
   </trkpt>
   <trkpt lat="10.3144010" lon="123.8659830">
    <ele>110.2</ele>
    <time>2025-12-23T07:59:18Z</time>
   </trkpt>
   <trkpt lat="10.3144060" lon="123.8659770">
    <ele>110.2</ele>
    <time>2025-12-23T07:59:19Z</time>
   </trkpt>
   <trkpt lat="10.3144070" lon="123.8659710">
    <ele>110.2</ele>
    <time>2025-12-23T07:59:20Z</time>
   </trkpt>
   <trkpt lat="10.3144030" lon="123.8659620">
    <ele>110.2</ele>
    <time>2025-12-23T07:59:21Z</time>
   </trkpt>
   <trkpt lat="10.3143960" lon="123.8659400">
    <ele>110.1</ele>
    <time>2025-12-23T07:59:22Z</time>
   </trkpt>
   <trkpt lat="10.3143920" lon="123.8659280">
    <ele>110.1</ele>
    <time>2025-12-23T07:59:23Z</time>
   </trkpt>
   <trkpt lat="10.3143870" lon="123.8659170">
    <ele>110.1</ele>
    <time>2025-12-23T07:59:24Z</time>
   </trkpt>
   <trkpt lat="10.3143800" lon="123.8658860">
    <ele>110.0</ele>
    <time>2025-12-23T07:59:25Z</time>
   </trkpt>
   <trkpt lat="10.3143780" lon="123.8658770">
    <ele>109.9</ele>
    <time>2025-12-23T07:59:26Z</time>
   </trkpt>
   <trkpt lat="10.3143780" lon="123.8658480">
    <ele>109.8</ele>
    <time>2025-12-23T07:59:27Z</time>
   </trkpt>
   <trkpt lat="10.3143780" lon="123.8658390">
    <ele>109.7</ele>
    <time>2025-12-23T07:59:28Z</time>
   </trkpt>
   <trkpt lat="10.3143790" lon="123.8658260">
    <ele>109.6</ele>
    <time>2025-12-23T07:59:29Z</time>
   </trkpt>
   <trkpt lat="10.3143800" lon="123.8658170">
    <ele>109.5</ele>
    <time>2025-12-23T07:59:30Z</time>
   </trkpt>
   <trkpt lat="10.3143830" lon="123.8658040">
    <ele>109.4</ele>
    <time>2025-12-23T07:59:31Z</time>
   </trkpt>
   <trkpt lat="10.3143880" lon="123.8657960">
    <ele>109.3</ele>
    <time>2025-12-23T07:59:32Z</time>
   </trkpt>
   <trkpt lat="10.3143970" lon="123.8657890">
    <ele>109.2</ele>
    <time>2025-12-23T07:59:33Z</time>
   </trkpt>
   <trkpt lat="10.3144070" lon="123.8657800">
    <ele>109.0</ele>
    <time>2025-12-23T07:59:34Z</time>
   </trkpt>
   <trkpt lat="10.3144160" lon="123.8657710">
    <ele>108.9</ele>
    <time>2025-12-23T07:59:35Z</time>
   </trkpt>
   <trkpt lat="10.3144280" lon="123.8657600">
    <ele>108.7</ele>
    <time>2025-12-23T07:59:36Z</time>
   </trkpt>
   <trkpt lat="10.3144350" lon="123.8657400">
    <ele>108.4</ele>
    <time>2025-12-23T07:59:37Z</time>
   </trkpt>
   <trkpt lat="10.3144340" lon="123.8657310">
    <ele>108.3</ele>
    <time>2025-12-23T07:59:38Z</time>
   </trkpt>
   <trkpt lat="10.3144340" lon="123.8657230">
    <ele>108.2</ele>
    <time>2025-12-23T07:59:39Z</time>
   </trkpt>
   <trkpt lat="10.3144290" lon="123.8657110">
    <ele>108.1</ele>
    <time>2025-12-23T07:59:40Z</time>
   </trkpt>
   <trkpt lat="10.3144260" lon="123.8657030">
    <ele>108.0</ele>
    <time>2025-12-23T07:59:41Z</time>
   </trkpt>
   <trkpt lat="10.3144250" lon="123.8656970">
    <ele>107.9</ele>
    <time>2025-12-23T07:59:42Z</time>
   </trkpt>
   <trkpt lat="10.3144210" lon="123.8656920">
    <ele>107.8</ele>
    <time>2025-12-23T07:59:43Z</time>
   </trkpt>
   <trkpt lat="10.3144130" lon="123.8656910">
    <ele>107.7</ele>
    <time>2025-12-23T07:59:44Z</time>
   </trkpt>
   <trkpt lat="10.3144070" lon="123.8656830">
    <ele>107.6</ele>
    <time>2025-12-23T07:59:45Z</time>
   </trkpt>
   <trkpt lat="10.3143990" lon="123.8656710">
    <ele>107.4</ele>
    <time>2025-12-23T07:59:46Z</time>
   </trkpt>
   <trkpt lat="10.3143930" lon="123.8656560">
    <ele>107.2</ele>
    <time>2025-12-23T07:59:47Z</time>
   </trkpt>
   <trkpt lat="10.3143850" lon="123.8656430">
    <ele>107.0</ele>
    <time>2025-12-23T07:59:48Z</time>
   </trkpt>
   <trkpt lat="10.3143800" lon="123.8656220">
    <ele>106.7</ele>
    <time>2025-12-23T07:59:49Z</time>
   </trkpt>
   <trkpt lat="10.3143780" lon="123.8656140">
    <ele>106.6</ele>
    <time>2025-12-23T07:59:50Z</time>
   </trkpt>
   <trkpt lat="10.3143750" lon="123.8656050">
    <ele>106.5</ele>
    <time>2025-12-23T07:59:51Z</time>
   </trkpt>
   <trkpt lat="10.3143680" lon="123.8655940">
    <ele>106.4</ele>
    <time>2025-12-23T07:59:52Z</time>
   </trkpt>
   <trkpt lat="10.3143560" lon="123.8655840">
    <ele>106.2</ele>
    <time>2025-12-23T07:59:53Z</time>
   </trkpt>
   <trkpt lat="10.3143510" lon="123.8655810">
    <ele>106.1</ele>
    <time>2025-12-23T07:59:54Z</time>
   </trkpt>
   <trkpt lat="10.3143360" lon="123.8655720">
    <ele>105.9</ele>
    <time>2025-12-23T07:59:55Z</time>
   </trkpt>
   <trkpt lat="10.3143260" lon="123.8655660">
    <ele>105.8</ele>
    <time>2025-12-23T07:59:56Z</time>
   </trkpt>
   <trkpt lat="10.3143050" lon="123.8655670">
    <ele>105.6</ele>
    <time>2025-12-23T07:59:57Z</time>
   </trkpt>
   <trkpt lat="10.3142950" lon="123.8655680">
    <ele>105.5</ele>
    <time>2025-12-23T07:59:58Z</time>
   </trkpt>
   <trkpt lat="10.3142860" lon="123.8655700">
    <ele>105.4</ele>
    <time>2025-12-23T07:59:59Z</time>
   </trkpt>
   <trkpt lat="10.3142650" lon="123.8655670">
    <ele>105.2</ele>
    <time>2025-12-23T08:00:00Z</time>
   </trkpt>
   <trkpt lat="10.3142590" lon="123.8655610">
    <ele>105.1</ele>
    <time>2025-12-23T08:00:01Z</time>
   </trkpt>
   <trkpt lat="10.3142520" lon="123.8655560">
    <ele>105.0</ele>
    <time>2025-12-23T08:00:02Z</time>
   </trkpt>
   <trkpt lat="10.3142400" lon="123.8655370">
    <ele>104.7</ele>
    <time>2025-12-23T08:00:03Z</time>
   </trkpt>
   <trkpt lat="10.3142370" lon="123.8655310">
    <ele>104.7</ele>
    <time>2025-12-23T08:00:04Z</time>
   </trkpt>
   <trkpt lat="10.3142330" lon="123.8655240">
    <ele>104.6</ele>
    <time>2025-12-23T08:00:05Z</time>
   </trkpt>
   <trkpt lat="10.3142220" lon="123.8655160">
    <ele>104.4</ele>
    <time>2025-12-23T08:00:06Z</time>
   </trkpt>
   <trkpt lat="10.3142100" lon="123.8655030">
    <ele>104.2</ele>
    <time>2025-12-23T08:00:07Z</time>
   </trkpt>
   <trkpt lat="10.3141920" lon="123.8654810">
    <ele>103.8</ele>
    <time>2025-12-23T08:00:08Z</time>
   </trkpt>
   <trkpt lat="10.3141860" lon="123.8654750">
    <ele>103.7</ele>
    <time>2025-12-23T08:00:09Z</time>
   </trkpt>
   <trkpt lat="10.3141760" lon="123.8654640">
    <ele>103.4</ele>
    <time>2025-12-23T08:00:10Z</time>
   </trkpt>
   <trkpt lat="10.3141690" lon="123.8654510">
    <ele>103.2</ele>
    <time>2025-12-23T08:00:11Z</time>
   </trkpt>
   <trkpt lat="10.3141530" lon="123.8654360">
    <ele>102.8</ele>
    <time>2025-12-23T08:00:12Z</time>
   </trkpt>
   <trkpt lat="10.3141470" lon="123.8654290">
    <ele>102.6</ele>
    <time>2025-12-23T08:00:13Z</time>
   </trkpt>
   <trkpt lat="10.3141410" lon="123.8654230">
    <ele>102.4</ele>
    <time>2025-12-23T08:00:14Z</time>
   </trkpt>
   <trkpt lat="10.3141300" lon="123.8654180">
    <ele>102.2</ele>
    <time>2025-12-23T08:00:15Z</time>
   </trkpt>
   <trkpt lat="10.3141200" lon="123.8654150">
    <ele>102.0</ele>
    <time>2025-12-23T08:00:16Z</time>
   </trkpt>
   <trkpt lat="10.3141090" lon="123.8654120">
    <ele>101.7</ele>
    <time>2025-12-23T08:00:17Z</time>
   </trkpt>
   <trkpt lat="10.3140940" lon="123.8654110">
    <ele>101.4</ele>
    <time>2025-12-23T08:00:18Z</time>
   </trkpt>
   <trkpt lat="10.3140750" lon="123.8654100">
    <ele>100.9</ele>
    <time>2025-12-23T08:00:20Z</time>
   </trkpt>
   <trkpt lat="10.3140700" lon="123.8654100">
    <ele>100.8</ele>
    <time>2025-12-23T08:00:21Z</time>
   </trkpt>
   <trkpt lat="10.3140650" lon="123.8654060">
    <ele>100.7</ele>
    <time>2025-12-23T08:00:22Z</time>
   </trkpt>
   <trkpt lat="10.3140560" lon="123.8654030">
    <ele>100.4</ele>
    <time>2025-12-23T08:00:23Z</time>
   </trkpt>
   <trkpt lat="10.3140450" lon="123.8653970">
    <ele>100.1</ele>
    <time>2025-12-23T08:00:24Z</time>
   </trkpt>
   <trkpt lat="10.3140340" lon="123.8653920">
    <ele>99.8</ele>
    <time>2025-12-23T08:00:25Z</time>
   </trkpt>
   <trkpt lat="10.3140230" lon="123.8653880">
    <ele>99.5</ele>
    <time>2025-12-23T08:00:26Z</time>
   </trkpt>
   <trkpt lat="10.3140160" lon="123.8653820">
    <ele>99.3</ele>
    <time>2025-12-23T08:00:27Z</time>
   </trkpt>
   <trkpt lat="10.3140100" lon="123.8653760">
    <ele>99.1</ele>
    <time>2025-12-23T08:00:28Z</time>
   </trkpt>
   <trkpt lat="10.3140070" lon="123.8653680">
    <ele>98.8</ele>
    <time>2025-12-23T08:00:29Z</time>
   </trkpt>
   <trkpt lat="10.3140050" lon="123.8653570">
    <ele>98.6</ele>
    <time>2025-12-23T08:00:30Z</time>
   </trkpt>
   <trkpt lat="10.3140030" lon="123.8653440">
    <ele>98.2</ele>
    <time>2025-12-23T08:00:31Z</time>
   </trkpt>
   <trkpt lat="10.3140060" lon="123.8653330">
    <ele>98.0</ele>
    <time>2025-12-23T08:00:32Z</time>
   </trkpt>
   <trkpt lat="10.3140110" lon="123.8653220">
    <ele>97.7</ele>
    <time>2025-12-23T08:00:33Z</time>
   </trkpt>
   <trkpt lat="10.3140200" lon="123.8653020">
    <ele>97.2</ele>
    <time>2025-12-23T08:00:34Z</time>
   </trkpt>
   <trkpt lat="10.3140250" lon="123.8652950">
    <ele>97.0</ele>
    <time>2025-12-23T08:00:35Z</time>
   </trkpt>
   <trkpt lat="10.3140300" lon="123.8652880">
    <ele>96.8</ele>
    <time>2025-12-23T08:00:36Z</time>
   </trkpt>
   <trkpt lat="10.3140380" lon="123.8652720">
    <ele>96.4</ele>
    <time>2025-12-23T08:00:37Z</time>
   </trkpt>
   <trkpt lat="10.3140450" lon="123.8652600">
    <ele>96.1</ele>
    <time>2025-12-23T08:00:38Z</time>
   </trkpt>
   <trkpt lat="10.3140530" lon="123.8652460">
    <ele>95.9</ele>
    <time>2025-12-23T08:00:39Z</time>
   </trkpt>
   <trkpt lat="10.3140590" lon="123.8652320">
    <ele>95.6</ele>
    <time>2025-12-23T08:00:40Z</time>
   </trkpt>
   <trkpt lat="10.3140630" lon="123.8652200">
    <ele>95.4</ele>
    <time>2025-12-23T08:00:41Z</time>
   </trkpt>
   <trkpt lat="10.3140650" lon="123.8652100">
    <ele>95.3</ele>
    <time>2025-12-23T08:00:42Z</time>
   </trkpt>
   <trkpt lat="10.3140630" lon="123.8651990">
    <ele>95.1</ele>
    <time>2025-12-23T08:00:43Z</time>
   </trkpt>
   <trkpt lat="10.3140590" lon="123.8651880">
    <ele>95.0</ele>
    <time>2025-12-23T08:00:44Z</time>
   </trkpt>
   <trkpt lat="10.3140510" lon="123.8651790">
    <ele>94.8</ele>
    <time>2025-12-23T08:00:45Z</time>
   </trkpt>
   <trkpt lat="10.3140400" lon="123.8651710">
    <ele>94.7</ele>
    <time>2025-12-23T08:00:46Z</time>
   </trkpt>
   <trkpt lat="10.3140270" lon="123.8651670">
    <ele>94.6</ele>
    <time>2025-12-23T08:00:47Z</time>
   </trkpt>
   <trkpt lat="10.3140120" lon="123.8651650">
    <ele>94.4</ele>
    <time>2025-12-23T08:00:48Z</time>
   </trkpt>
   <trkpt lat="10.3139960" lon="123.8651590">
    <ele>94.3</ele>
    <time>2025-12-23T08:00:49Z</time>
   </trkpt>
   <trkpt lat="10.3139830" lon="123.8651530">
    <ele>94.1</ele>
    <time>2025-12-23T08:00:50Z</time>
   </trkpt>
   <trkpt lat="10.3139670" lon="123.8651390">
    <ele>94.0</ele>
    <time>2025-12-23T08:00:51Z</time>
   </trkpt>
   <trkpt lat="10.3139610" lon="123.8651340">
    <ele>93.9</ele>
    <time>2025-12-23T08:00:52Z</time>
   </trkpt>
   <trkpt lat="10.3139550" lon="123.8651280">
    <ele>93.9</ele>
    <time>2025-12-23T08:00:53Z</time>
   </trkpt>
   <trkpt lat="10.3139470" lon="123.8651180">
    <ele>93.8</ele>
    <time>2025-12-23T08:00:54Z</time>
   </trkpt>
   <trkpt lat="10.3139380" lon="123.8651150">
    <ele>93.7</ele>
    <time>2025-12-23T08:00:55Z</time>
   </trkpt>
   <trkpt lat="10.3139360" lon="123.8651130">
    <ele>93.7</ele>
    <time>2025-12-23T08:00:56Z</time>
   </trkpt>
   <trkpt lat="10.3139330" lon="123.8651100">
    <ele>93.7</ele>
    <time>2025-12-23T08:00:57Z</time>
   </trkpt>
   <trkpt lat="10.3139300" lon="123.8651070">
    <ele>93.6</ele>
    <time>2025-12-23T08:00:58Z</time>
   </trkpt>
   <trkpt lat="10.3139220" lon="123.8650980">
    <ele>93.5</ele>
    <time>2025-12-23T08:00:59Z</time>
   </trkpt>
   <trkpt lat="10.3139130" lon="123.8650910">
    <ele>93.5</ele>
    <time>2025-12-23T08:01:00Z</time>
   </trkpt>
   <trkpt lat="10.3139070" lon="123.8650790">
    <ele>93.4</ele>
    <time>2025-12-23T08:01:01Z</time>
   </trkpt>
   <trkpt lat="10.3139030" lon="123.8650690">
    <ele>93.3</ele>
    <time>2025-12-23T08:01:02Z</time>
   </trkpt>
   <trkpt lat="10.3139000" lon="123.8650610">
    <ele>93.2</ele>
    <time>2025-12-23T08:01:03Z</time>
   </trkpt>
   <trkpt lat="10.3138970" lon="123.8650560">
    <ele>93.2</ele>
    <time>2025-12-23T08:01:04Z</time>
   </trkpt>
   <trkpt lat="10.3138910" lon="123.8650460">
    <ele>93.1</ele>
    <time>2025-12-23T08:01:05Z</time>
   </trkpt>
   <trkpt lat="10.3138820" lon="123.8650340">
    <ele>93.0</ele>
    <time>2025-12-23T08:01:06Z</time>
   </trkpt>
   <trkpt lat="10.3138700" lon="123.8650160">
    <ele>92.8</ele>
    <time>2025-12-23T08:01:07Z</time>
   </trkpt>
   <trkpt lat="10.3138640" lon="123.8650110">
    <ele>92.8</ele>
    <time>2025-12-23T08:01:08Z</time>
   </trkpt>
   <trkpt lat="10.3138580" lon="123.8650050">
    <ele>92.7</ele>
    <time>2025-12-23T08:01:09Z</time>
   </trkpt>
   <trkpt lat="10.3138530" lon="123.8649960">
    <ele>92.6</ele>
    <time>2025-12-23T08:01:10Z</time>
   </trkpt>
   <trkpt lat="10.3138480" lon="123.8649870">
    <ele>92.5</ele>
    <time>2025-12-23T08:01:11Z</time>
   </trkpt>
   <trkpt lat="10.3138460" lon="123.8649790">
    <ele>92.5</ele>
    <time>2025-12-23T08:01:12Z</time>
   </trkpt>
   <trkpt lat="10.3138440" lon="123.8649730">
    <ele>92.4</ele>
    <time>2025-12-23T08:01:13Z</time>
   </trkpt>
   <trkpt lat="10.3138400" lon="123.8649670">
    <ele>92.4</ele>
    <time>2025-12-23T08:01:14Z</time>
   </trkpt>
   <trkpt lat="10.3138340" lon="123.8649640">
    <ele>92.3</ele>
    <time>2025-12-23T08:01:15Z</time>
   </trkpt>
   <trkpt lat="10.3138290" lon="123.8649590">
    <ele>92.3</ele>
    <time>2025-12-23T08:01:16Z</time>
   </trkpt>
   <trkpt lat="10.3138260" lon="123.8649510">
    <ele>92.2</ele>
    <time>2025-12-23T08:01:17Z</time>
   </trkpt>
   <trkpt lat="10.3138200" lon="123.8649320">
    <ele>92.1</ele>
    <time>2025-12-23T08:01:18Z</time>
   </trkpt>
   <trkpt lat="10.3138180" lon="123.8649230">
    <ele>92.0</ele>
    <time>2025-12-23T08:01:19Z</time>
   </trkpt>
   <trkpt lat="10.3138170" lon="123.8649140">
    <ele>92.0</ele>
    <time>2025-12-23T08:01:20Z</time>
   </trkpt>
   <trkpt lat="10.3138140" lon="123.8649010">
    <ele>91.9</ele>
    <time>2025-12-23T08:01:21Z</time>
   </trkpt>
   <trkpt lat="10.3138110" lon="123.8648910">
    <ele>91.8</ele>
    <time>2025-12-23T08:01:22Z</time>
   </trkpt>
   <trkpt lat="10.3138110" lon="123.8648840">
    <ele>91.8</ele>
    <time>2025-12-23T08:01:23Z</time>
   </trkpt>
   <trkpt lat="10.3138120" lon="123.8648770">
    <ele>91.8</ele>
    <time>2025-12-23T08:01:24Z</time>
   </trkpt>
   <trkpt lat="10.3138140" lon="123.8648700">
    <ele>91.8</ele>
    <time>2025-12-23T08:01:25Z</time>
   </trkpt>
   <trkpt lat="10.3138130" lon="123.8648620">
    <ele>91.8</ele>
    <time>2025-12-23T08:01:26Z</time>
   </trkpt>
   <trkpt lat="10.3138130" lon="123.8648540">
    <ele>91.8</ele>
    <time>2025-12-23T08:01:27Z</time>
   </trkpt>
   <trkpt lat="10.3138150" lon="123.8648450">
    <ele>91.8</ele>
    <time>2025-12-23T08:01:28Z</time>
   </trkpt>
   <trkpt lat="10.3138160" lon="123.8648350">
    <ele>91.8</ele>
    <time>2025-12-23T08:01:29Z</time>
   </trkpt>
   <trkpt lat="10.3138190" lon="123.8648260">
    <ele>91.8</ele>
    <time>2025-12-23T08:01:30Z</time>
   </trkpt>
   <trkpt lat="10.3138280" lon="123.8648070">
    <ele>91.9</ele>
    <time>2025-12-23T08:01:31Z</time>
   </trkpt>
   <trkpt lat="10.3138330" lon="123.8647980">
    <ele>92.0</ele>
    <time>2025-12-23T08:01:32Z</time>
   </trkpt>
   <trkpt lat="10.3138380" lon="123.8647900">
    <ele>92.0</ele>
    <time>2025-12-23T08:01:33Z</time>
   </trkpt>
   <trkpt lat="10.3138410" lon="123.8647790">
    <ele>92.2</ele>
    <time>2025-12-23T08:01:34Z</time>
   </trkpt>
   <trkpt lat="10.3138480" lon="123.8647710">
    <ele>92.3</ele>
    <time>2025-12-23T08:01:35Z</time>
   </trkpt>
   <trkpt lat="10.3138470" lon="123.8647600">
    <ele>92.4</ele>
    <time>2025-12-23T08:01:36Z</time>
   </trkpt>
   <trkpt lat="10.3138370" lon="123.8647440">
    <ele>92.7</ele>
    <time>2025-12-23T08:01:37Z</time>
   </trkpt>
   <trkpt lat="10.3138310" lon="123.8647360">
    <ele>92.9</ele>
    <time>2025-12-23T08:01:38Z</time>
   </trkpt>
   <trkpt lat="10.3138260" lon="123.8647290">
    <ele>93.1</ele>
    <time>2025-12-23T08:01:39Z</time>
   </trkpt>
   <trkpt lat="10.3138190" lon="123.8647180">
    <ele>93.3</ele>
    <time>2025-12-23T08:01:40Z</time>
   </trkpt>
   <trkpt lat="10.3138140" lon="123.8647070">
    <ele>93.6</ele>
    <time>2025-12-23T08:01:41Z</time>
   </trkpt>
   <trkpt lat="10.3138070" lon="123.8646980">
    <ele>93.9</ele>
    <time>2025-12-23T08:01:42Z</time>
   </trkpt>
   <trkpt lat="10.3138060" lon="123.8646900">
    <ele>94.1</ele>
    <time>2025-12-23T08:01:43Z</time>
   </trkpt>
   <trkpt lat="10.3138090" lon="123.8646850">
    <ele>94.2</ele>
    <time>2025-12-23T08:01:44Z</time>
   </trkpt>
   <trkpt lat="10.3138160" lon="123.8646780">
    <ele>94.5</ele>
    <time>2025-12-23T08:01:45Z</time>
   </trkpt>
   <trkpt lat="10.3138230" lon="123.8646710">
    <ele>94.7</ele>
    <time>2025-12-23T08:01:46Z</time>
   </trkpt>
   <trkpt lat="10.3138270" lon="123.8646630">
    <ele>95.0</ele>
    <time>2025-12-23T08:01:47Z</time>
   </trkpt>
   <trkpt lat="10.3138270" lon="123.8646540">
    <ele>95.2</ele>
    <time>2025-12-23T08:01:48Z</time>
   </trkpt>
   <trkpt lat="10.3138210" lon="123.8646480">
    <ele>95.5</ele>
    <time>2025-12-23T08:01:49Z</time>
   </trkpt>
   <trkpt lat="10.3138160" lon="123.8646450">
    <ele>95.6</ele>
    <time>2025-12-23T08:01:50Z</time>
   </trkpt>
   <trkpt lat="10.3138090" lon="123.8646460">
    <ele>95.8</ele>
    <time>2025-12-23T08:01:51Z</time>
   </trkpt>
   <trkpt lat="10.3138050" lon="123.8646450">
    <ele>96.0</ele>
    <time>2025-12-23T08:01:52Z</time>
   </trkpt>
   <trkpt lat="10.3138020" lon="123.8646440">
    <ele>96.0</ele>
    <time>2025-12-23T08:01:53Z</time>
   </trkpt>
   <trkpt lat="10.3138010" lon="123.8646440">
    <ele>96.1</ele>
    <time>2025-12-23T08:01:54Z</time>
   </trkpt>
   <trkpt lat="10.3138070" lon="123.8646410">
    <ele>96.3</ele>
    <time>2025-12-23T08:01:55Z</time>
   </trkpt>
   <trkpt lat="10.3138100" lon="123.8646290">
    <ele>96.6</ele>
    <time>2025-12-23T08:01:56Z</time>
   </trkpt>
   <trkpt lat="10.3138110" lon="123.8646180">
    <ele>96.9</ele>
    <time>2025-12-23T08:01:57Z</time>
   </trkpt>
   <trkpt lat="10.3138150" lon="123.8646050">
    <ele>97.3</ele>
    <time>2025-12-23T08:01:58Z</time>
   </trkpt>
   <trkpt lat="10.3138200" lon="123.8645900">
    <ele>97.8</ele>
    <time>2025-12-23T08:01:59Z</time>
   </trkpt>
   <trkpt lat="10.3138320" lon="123.8645700">
    <ele>98.5</ele>
    <time>2025-12-23T08:02:00Z</time>
   </trkpt>
   <trkpt lat="10.3138370" lon="123.8645640">
    <ele>98.7</ele>
    <time>2025-12-23T08:02:01Z</time>
   </trkpt>
   <trkpt lat="10.3138420" lon="123.8645570">
    <ele>98.9</ele>
    <time>2025-12-23T08:02:02Z</time>
   </trkpt>
   <trkpt lat="10.3138530" lon="123.8645480">
    <ele>99.3</ele>
    <time>2025-12-23T08:02:03Z</time>
   </trkpt>
   <trkpt lat="10.3138600" lon="123.8645420">
    <ele>99.6</ele>
    <time>2025-12-23T08:02:04Z</time>
   </trkpt>
   <trkpt lat="10.3138630" lon="123.8645340">
    <ele>99.8</ele>
    <time>2025-12-23T08:02:05Z</time>
   </trkpt>
   <trkpt lat="10.3138600" lon="123.8645230">
    <ele>100.2</ele>
    <time>2025-12-23T08:02:06Z</time>
   </trkpt>
   <trkpt lat="10.3138600" lon="123.8645100">
    <ele>100.5</ele>
    <time>2025-12-23T08:02:07Z</time>
   </trkpt>
   <trkpt lat="10.3138600" lon="123.8644980">
    <ele>100.9</ele>
    <time>2025-12-23T08:02:08Z</time>
   </trkpt>
   <trkpt lat="10.3138610" lon="123.8644900">
    <ele>101.1</ele>
    <time>2025-12-23T08:02:09Z</time>
   </trkpt>
   <trkpt lat="10.3138620" lon="123.8644850">
    <ele>101.2</ele>
    <time>2025-12-23T08:02:10Z</time>
   </trkpt>
   <trkpt lat="10.3138640" lon="123.8644770">
    <ele>101.5</ele>
    <time>2025-12-23T08:02:11Z</time>
   </trkpt>
   <trkpt lat="10.3138630" lon="123.8644670">
    <ele>101.7</ele>
    <time>2025-12-23T08:02:12Z</time>
   </trkpt>
   <trkpt lat="10.3138620" lon="123.8644580">
    <ele>102.0</ele>
    <time>2025-12-23T08:02:13Z</time>
   </trkpt>
   <trkpt lat="10.3138640" lon="123.8644520">
    <ele>102.2</ele>
    <time>2025-12-23T08:02:14Z</time>
   </trkpt>
   <trkpt lat="10.3138650" lon="123.8644480">
    <ele>102.3</ele>
    <time>2025-12-23T08:02:15Z</time>
   </trkpt>
   <trkpt lat="10.3138650" lon="123.8644420">
    <ele>102.5</ele>
    <time>2025-12-23T08:02:16Z</time>
   </trkpt>
   <trkpt lat="10.3138670" lon="123.8644380">
    <ele>102.6</ele>
    <time>2025-12-23T08:02:17Z</time>
   </trkpt>
   <trkpt lat="10.3138730" lon="123.8644280">
    <ele>102.9</ele>
    <time>2025-12-23T08:02:18Z</time>
   </trkpt>
   <trkpt lat="10.3138790" lon="123.8644200">
    <ele>103.2</ele>
    <time>2025-12-23T08:02:19Z</time>
   </trkpt>
   <trkpt lat="10.3138810" lon="123.8644130">
    <ele>103.4</ele>
    <time>2025-12-23T08:02:20Z</time>
   </trkpt>
   <trkpt lat="10.3138850" lon="123.8644080">
    <ele>103.6</ele>
    <time>2025-12-23T08:02:21Z</time>
   </trkpt>
   <trkpt lat="10.3138910" lon="123.8644000">
    <ele>103.9</ele>
    <time>2025-12-23T08:02:22Z</time>
   </trkpt>
   <trkpt lat="10.3138950" lon="123.8643930">
    <ele>104.1</ele>
    <time>2025-12-23T08:02:23Z</time>
   </trkpt>
   <trkpt lat="10.3138970" lon="123.8643840">
    <ele>104.3</ele>
    <time>2025-12-23T08:02:24Z</time>
   </trkpt>
   <trkpt lat="10.3139040" lon="123.8643740">
    <ele>104.7</ele>
    <time>2025-12-23T08:02:25Z</time>
   </trkpt>
   <trkpt lat="10.3139080" lon="123.8643640">
    <ele>105.0</ele>
    <time>2025-12-23T08:02:26Z</time>
   </trkpt>
   <trkpt lat="10.3139070" lon="123.8643520">
    <ele>105.3</ele>
    <time>2025-12-23T08:02:27Z</time>
   </trkpt>
   <trkpt lat="10.3139070" lon="123.8643400">
    <ele>105.6</ele>
    <time>2025-12-23T08:02:28Z</time>
   </trkpt>
   <trkpt lat="10.3139040" lon="123.8643280">
    <ele>106.0</ele>
    <time>2025-12-23T08:02:29Z</time>
   </trkpt>
   <trkpt lat="10.3139000" lon="123.8643180">
    <ele>106.3</ele>
    <time>2025-12-23T08:02:30Z</time>
   </trkpt>
   <trkpt lat="10.3139010" lon="123.8643100">
    <ele>106.5</ele>
    <time>2025-12-23T08:02:31Z</time>
   </trkpt>
   <trkpt lat="10.3139050" lon="123.8643040">
    <ele>106.7</ele>
    <time>2025-12-23T08:02:32Z</time>
   </trkpt>
   <trkpt lat="10.3139090" lon="123.8642980">
    <ele>106.9</ele>
    <time>2025-12-23T08:02:33Z</time>
   </trkpt>
   <trkpt lat="10.3139150" lon="123.8642900">
    <ele>107.2</ele>
    <time>2025-12-23T08:02:34Z</time>
   </trkpt>
   <trkpt lat="10.3139190" lon="123.8642820">
    <ele>107.4</ele>
    <time>2025-12-23T08:02:35Z</time>
   </trkpt>
   <trkpt lat="10.3139210" lon="123.8642740">
    <ele>107.6</ele>
    <time>2025-12-23T08:02:36Z</time>
   </trkpt>
   <trkpt lat="10.3139180" lon="123.8642650">
    <ele>107.9</ele>
    <time>2025-12-23T08:02:37Z</time>
   </trkpt>
   <trkpt lat="10.3139130" lon="123.8642570">
    <ele>108.2</ele>
    <time>2025-12-23T08:02:38Z</time>
   </trkpt>
   <trkpt lat="10.3139050" lon="123.8642550">
    <ele>108.4</ele>
    <time>2025-12-23T08:02:39Z</time>
   </trkpt>
   <trkpt lat="10.3139000" lon="123.8642590">
    <ele>108.6</ele>
    <time>2025-12-23T08:02:40Z</time>
   </trkpt>
   <trkpt lat="10.3138940" lon="123.8642650">
    <ele>108.8</ele>
    <time>2025-12-23T08:02:41Z</time>
   </trkpt>
   <trkpt lat="10.3138870" lon="123.8642680">
    <ele>109.0</ele>
    <time>2025-12-23T08:02:42Z</time>
   </trkpt>
   <trkpt lat="10.3138780" lon="123.8642700">
    <ele>109.3</ele>
    <time>2025-12-23T08:02:43Z</time>
   </trkpt>
   <trkpt lat="10.3138660" lon="123.8642720">
    <ele>109.6</ele>
    <time>2025-12-23T08:02:44Z</time>
   </trkpt>
   <trkpt lat="10.3138540" lon="123.8642740">
    <ele>109.9</ele>
    <time>2025-12-23T08:02:45Z</time>
   </trkpt>
   <trkpt lat="10.3138390" lon="123.8642730">
    <ele>110.4</ele>
    <time>2025-12-23T08:02:46Z</time>
   </trkpt>
   <trkpt lat="10.3138280" lon="123.8642740">
    <ele>110.7</ele>
    <time>2025-12-23T08:02:47Z</time>
   </trkpt>
   <trkpt lat="10.3138200" lon="123.8642760">
    <ele>110.9</ele>
    <time>2025-12-23T08:02:48Z</time>
   </trkpt>
   <trkpt lat="10.3138140" lon="123.8642750">
    <ele>111.1</ele>
    <time>2025-12-23T08:02:49Z</time>
   </trkpt>
   <trkpt lat="10.3138080" lon="123.8642790">
    <ele>111.3</ele>
    <time>2025-12-23T08:02:50Z</time>
   </trkpt>
   <trkpt lat="10.3138010" lon="123.8642830">
    <ele>111.5</ele>
    <time>2025-12-23T08:02:51Z</time>
   </trkpt>
   <trkpt lat="10.3137910" lon="123.8642850">
    <ele>111.8</ele>
    <time>2025-12-23T08:02:52Z</time>
   </trkpt>
   <trkpt lat="10.3137840" lon="123.8642860">
    <ele>112.0</ele>
    <time>2025-12-23T08:02:53Z</time>
   </trkpt>
   <trkpt lat="10.3137740" lon="123.8642920">
    <ele>112.3</ele>
    <time>2025-12-23T08:02:54Z</time>
   </trkpt>
   <trkpt lat="10.3137670" lon="123.8642940">
    <ele>112.5</ele>
    <time>2025-12-23T08:02:55Z</time>
   </trkpt>
   <trkpt lat="10.3137590" lon="123.8642950">
    <ele>112.7</ele>
    <time>2025-12-23T08:02:56Z</time>
   </trkpt>
   <trkpt lat="10.3137540" lon="123.8642970">
    <ele>112.9</ele>
    <time>2025-12-23T08:02:57Z</time>
   </trkpt>
   <trkpt lat="10.3137480" lon="123.8642970">
    <ele>113.1</ele>
    <time>2025-12-23T08:02:58Z</time>
   </trkpt>
   <trkpt lat="10.3137430" lon="123.8643000">
    <ele>113.2</ele>
    <time>2025-12-23T08:02:59Z</time>
   </trkpt>
   <trkpt lat="10.3137340" lon="123.8643070">
    <ele>113.6</ele>
    <time>2025-12-23T08:03:00Z</time>
   </trkpt>
   <trkpt lat="10.3137260" lon="123.8643100">
    <ele>113.8</ele>
    <time>2025-12-23T08:03:01Z</time>
   </trkpt>
   <trkpt lat="10.3137180" lon="123.8643110">
    <ele>114.0</ele>
    <time>2025-12-23T08:03:02Z</time>
   </trkpt>
   <trkpt lat="10.3137100" lon="123.8643120">
    <ele>114.3</ele>
    <time>2025-12-23T08:03:03Z</time>
   </trkpt>
   <trkpt lat="10.3137070" lon="123.8643100">
    <ele>114.4</ele>
    <time>2025-12-23T08:03:04Z</time>
   </trkpt>
   <trkpt lat="10.3137080" lon="123.8643100">
    <ele>114.4</ele>
    <time>2025-12-23T08:03:05Z</time>
   </trkpt>
   <trkpt lat="10.3137120" lon="123.8643100">
    <ele>114.5</ele>
    <time>2025-12-23T08:03:06Z</time>
   </trkpt>
   <trkpt lat="10.3137120" lon="123.8643120">
    <ele>114.6</ele>
    <time>2025-12-23T08:03:07Z</time>
   </trkpt>
   <trkpt lat="10.3137110" lon="123.8643120">
    <ele>114.6</ele>
    <time>2025-12-23T08:03:08Z</time>
   </trkpt>
   <trkpt lat="10.3137110" lon="123.8643110">
    <ele>114.6</ele>
    <time>2025-12-23T08:03:09Z</time>
   </trkpt>
   <trkpt lat="10.3137100" lon="123.8643100">
    <ele>114.7</ele>
    <time>2025-12-23T08:03:10Z</time>
   </trkpt>
   <trkpt lat="10.3137030" lon="123.8643030">
    <ele>114.9</ele>
    <time>2025-12-23T08:03:11Z</time>
   </trkpt>
   <trkpt lat="10.3136960" lon="123.8642920">
    <ele>115.3</ele>
    <time>2025-12-23T08:03:12Z</time>
   </trkpt>
   <trkpt lat="10.3136860" lon="123.8642820">
    <ele>115.7</ele>
    <time>2025-12-23T08:03:13Z</time>
   </trkpt>
   <trkpt lat="10.3136830" lon="123.8642790">
    <ele>115.8</ele>
    <time>2025-12-23T08:03:14Z</time>
   </trkpt>
   <trkpt lat="10.3136820" lon="123.8642790">
    <ele>115.9</ele>
    <time>2025-12-23T08:03:15Z</time>
   </trkpt>
   <trkpt lat="10.3136820" lon="123.8642780">
    <ele>115.9</ele>
    <time>2025-12-23T08:03:16Z</time>
   </trkpt>
   <trkpt lat="10.3136820" lon="123.8642780">
    <ele>115.9</ele>
    <time>2025-12-23T08:03:17Z</time>
   </trkpt>
   <trkpt lat="10.3136790" lon="123.8642810">
    <ele>116.0</ele>
    <time>2025-12-23T08:03:18Z</time>
   </trkpt>
   <trkpt lat="10.3136730" lon="123.8642780">
    <ele>116.2</ele>
    <time>2025-12-23T08:03:19Z</time>
   </trkpt>
   <trkpt lat="10.3136630" lon="123.8642770">
    <ele>116.5</ele>
    <time>2025-12-23T08:03:20Z</time>
   </trkpt>
   <trkpt lat="10.3136570" lon="123.8642780">
    <ele>116.7</ele>
    <time>2025-12-23T08:03:21Z</time>
   </trkpt>
   <trkpt lat="10.3136520" lon="123.8642760">
    <ele>116.8</ele>
    <time>2025-12-23T08:03:22Z</time>
   </trkpt>
   <trkpt lat="10.3136470" lon="123.8642700">
    <ele>117.0</ele>
    <time>2025-12-23T08:03:23Z</time>
   </trkpt>
   <trkpt lat="10.3136380" lon="123.8642510">
    <ele>117.6</ele>
    <time>2025-12-23T08:03:24Z</time>
   </trkpt>
   <trkpt lat="10.3136370" lon="123.8642360">
    <ele>118.0</ele>
    <time>2025-12-23T08:03:25Z</time>
   </trkpt>
   <trkpt lat="10.3136340" lon="123.8642180">
    <ele>118.5</ele>
    <time>2025-12-23T08:03:26Z</time>
   </trkpt>
   <trkpt lat="10.3136430" lon="123.8642050">
    <ele>118.9</ele>
    <time>2025-12-23T08:03:27Z</time>
   </trkpt>
   <trkpt lat="10.3136480" lon="123.8641930">
    <ele>119.3</ele>
    <time>2025-12-23T08:03:28Z</time>
   </trkpt>
   <trkpt lat="10.3136580" lon="123.8641840">
    <ele>119.6</ele>
    <time>2025-12-23T08:03:29Z</time>
   </trkpt>
   <trkpt lat="10.3136660" lon="123.8641720">
    <ele>120.0</ele>
    <time>2025-12-23T08:03:30Z</time>
   </trkpt>
   <trkpt lat="10.3136780" lon="123.8641610">
    <ele>120.4</ele>
    <time>2025-12-23T08:03:31Z</time>
   </trkpt>
   <trkpt lat="10.3136830" lon="123.8641530">
    <ele>120.7</ele>
    <time>2025-12-23T08:03:32Z</time>
   </trkpt>
   <trkpt lat="10.3136910" lon="123.8641490">
    <ele>120.9</ele>
    <time>2025-12-23T08:03:33Z</time>
   </trkpt>
   <trkpt lat="10.3136940" lon="123.8641450">
    <ele>121.1</ele>
    <time>2025-12-23T08:03:34Z</time>
   </trkpt>
   <trkpt lat="10.3136980" lon="123.8641360">
    <ele>121.3</ele>
    <time>2025-12-23T08:03:35Z</time>
   </trkpt>
   <trkpt lat="10.3137040" lon="123.8641270">
    <ele>121.7</ele>
    <time>2025-12-23T08:03:36Z</time>
   </trkpt>
   <trkpt lat="10.3137070" lon="123.8641150">
    <ele>122.0</ele>
    <time>2025-12-23T08:03:37Z</time>
   </trkpt>
   <trkpt lat="10.3137070" lon="123.8641100">
    <ele>122.2</ele>
    <time>2025-12-23T08:03:38Z</time>
   </trkpt>
   <trkpt lat="10.3137050" lon="123.8641040">
    <ele>122.3</ele>
    <time>2025-12-23T08:03:39Z</time>
   </trkpt>
   <trkpt lat="10.3137070" lon="123.8640990">
    <ele>122.5</ele>
    <time>2025-12-23T08:03:40Z</time>
   </trkpt>
   <trkpt lat="10.3137080" lon="123.8640930">
    <ele>122.7</ele>
    <time>2025-12-23T08:03:41Z</time>
   </trkpt>
   <trkpt lat="10.3137070" lon="123.8640880">
    <ele>122.8</ele>
    <time>2025-12-23T08:03:42Z</time>
   </trkpt>
   <trkpt lat="10.3137060" lon="123.8640840">
    <ele>123.0</ele>
    <time>2025-12-23T08:03:43Z</time>
   </trkpt>
   <trkpt lat="10.3137090" lon="123.8640790">
    <ele>123.1</ele>
    <time>2025-12-23T08:03:44Z</time>
   </trkpt>
   <trkpt lat="10.3137060" lon="123.8640770">
    <ele>123.3</ele>
    <time>2025-12-23T08:03:45Z</time>
   </trkpt>
   <trkpt lat="10.3136950" lon="123.8640660">
    <ele>123.7</ele>
    <time>2025-12-23T08:03:46Z</time>
   </trkpt>
   <trkpt lat="10.3136900" lon="123.8640560">
    <ele>124.1</ele>
    <time>2025-12-23T08:03:47Z</time>
   </trkpt>
   <trkpt lat="10.3136850" lon="123.8640500">
    <ele>124.3</ele>
    <time>2025-12-23T08:03:48Z</time>
   </trkpt>
   <trkpt lat="10.3136820" lon="123.8640480">
    <ele>124.4</ele>
    <time>2025-12-23T08:03:49Z</time>
   </trkpt>
   <trkpt lat="10.3136790" lon="123.8640490">
    <ele>124.5</ele>
    <time>2025-12-23T08:03:50Z</time>
   </trkpt>
   <trkpt lat="10.3136750" lon="123.8640440">
    <ele>124.7</ele>
    <time>2025-12-23T08:03:51Z</time>
   </trkpt>
   <trkpt lat="10.3136740" lon="123.8640400">
    <ele>124.8</ele>
    <time>2025-12-23T08:03:52Z</time>
   </trkpt>
   <trkpt lat="10.3136720" lon="123.8640360">
    <ele>125.0</ele>
    <time>2025-12-23T08:03:53Z</time>
   </trkpt>
   <trkpt lat="10.3136720" lon="123.8640350">
    <ele>125.0</ele>
    <time>2025-12-23T08:03:54Z</time>
   </trkpt>
   <trkpt lat="10.3136710" lon="123.8640350">
    <ele>125.0</ele>
    <time>2025-12-23T08:03:55Z</time>
   </trkpt>
   <trkpt lat="10.3136690" lon="123.8640300">
    <ele>125.2</ele>
    <time>2025-12-23T08:03:56Z</time>
   </trkpt>
   <trkpt lat="10.3136670" lon="123.8640280">
    <ele>125.3</ele>
    <time>2025-12-23T08:03:57Z</time>
   </trkpt>
   <trkpt lat="10.3136650" lon="123.8640270">
    <ele>125.4</ele>
    <time>2025-12-23T08:03:58Z</time>
   </trkpt>
   <trkpt lat="10.3136640" lon="123.8640270">
    <ele>125.4</ele>
    <time>2025-12-23T08:03:59Z</time>
   </trkpt>
   <trkpt lat="10.3136630" lon="123.8640270">
    <ele>125.4</ele>
    <time>2025-12-23T08:04:00Z</time>
   </trkpt>
   <trkpt lat="10.3136630" lon="123.8640270">
    <ele>125.4</ele>
    <time>2025-12-23T08:04:01Z</time>
   </trkpt>
   <trkpt lat="10.3136630" lon="123.8640270">
    <ele>125.4</ele>
    <time>2025-12-23T08:04:02Z</time>
   </trkpt>
   <trkpt lat="10.3136630" lon="123.8640270">
    <ele>125.4</ele>
    <time>2025-12-23T08:04:03Z</time>
   </trkpt>
   <trkpt lat="10.3136630" lon="123.8640270">
    <ele>125.4</ele>
    <time>2025-12-23T08:04:04Z</time>
   </trkpt>
   <trkpt lat="10.3136630" lon="123.8640270">
    <ele>125.4</ele>
    <time>2025-12-23T08:04:05Z</time>
   </trkpt>
   <trkpt lat="10.3136630" lon="123.8640270">
    <ele>125.4</ele>
    <time>2025-12-23T08:04:06Z</time>
   </trkpt>
   <trkpt lat="10.3136630" lon="123.8640270">
    <ele>125.4</ele>
    <time>2025-12-23T08:04:07Z</time>
   </trkpt>
   <trkpt lat="10.3136630" lon="123.8640270">
    <ele>125.4</ele>
    <time>2025-12-23T08:04:08Z</time>
   </trkpt>
   <trkpt lat="10.3136630" lon="123.8640270">
    <ele>125.4</ele>
    <time>2025-12-23T08:04:09Z</time>
   </trkpt>
   <trkpt lat="10.3136630" lon="123.8640270">
    <ele>125.4</ele>
    <time>2025-12-23T08:04:10Z</time>
   </trkpt>
   <trkpt lat="10.3136630" lon="123.8640270">
    <ele>125.4</ele>
    <time>2025-12-23T08:04:11Z</time>
   </trkpt>
   <trkpt lat="10.3136630" lon="123.8640270">
    <ele>125.4</ele>
    <time>2025-12-23T08:04:12Z</time>
   </trkpt>
   <trkpt lat="10.3136810" lon="123.8640390">
    <ele>126.1</ele>
    <time>2025-12-23T08:04:13Z</time>
   </trkpt>
   <trkpt lat="10.3136860" lon="123.8640460">
    <ele>126.3</ele>
    <time>2025-12-23T08:04:14Z</time>
   </trkpt>
   <trkpt lat="10.3136870" lon="123.8640480">
    <ele>126.4</ele>
    <time>2025-12-23T08:04:15Z</time>
   </trkpt>
   <trkpt lat="10.3136880" lon="123.8640480">
    <ele>126.4</ele>
    <time>2025-12-23T08:04:16Z</time>
   </trkpt>
   <trkpt lat="10.3136890" lon="123.8640500">
    <ele>126.5</ele>
    <time>2025-12-23T08:04:17Z</time>
   </trkpt>
   <trkpt lat="10.3136900" lon="123.8640500">
    <ele>126.5</ele>
    <time>2025-12-23T08:04:18Z</time>
   </trkpt>
   <trkpt lat="10.3136900" lon="123.8640500">
    <ele>126.5</ele>
    <time>2025-12-23T08:04:19Z</time>
   </trkpt>
   <trkpt lat="10.3136900" lon="123.8640500">
    <ele>126.5</ele>
    <time>2025-12-23T08:04:20Z</time>
   </trkpt>
   <trkpt lat="10.3136900" lon="123.8640500">
    <ele>126.5</ele>
    <time>2025-12-23T08:04:21Z</time>
   </trkpt>
   <trkpt lat="10.3136900" lon="123.8640500">
    <ele>126.5</ele>
    <time>2025-12-23T08:04:22Z</time>
   </trkpt>
   <trkpt lat="10.3136900" lon="123.8640500">
    <ele>126.5</ele>
    <time>2025-12-23T08:04:23Z</time>
   </trkpt>
   <trkpt lat="10.3136900" lon="123.8640500">
    <ele>126.5</ele>
    <time>2025-12-23T08:04:24Z</time>
   </trkpt>
   <trkpt lat="10.3136900" lon="123.8640500">
    <ele>126.5</ele>
    <time>2025-12-23T08:04:25Z</time>
   </trkpt>
   <trkpt lat="10.3136900" lon="123.8640500">
    <ele>126.5</ele>
    <time>2025-12-23T08:04:26Z</time>
   </trkpt>
   <trkpt lat="10.3136900" lon="123.8640500">
    <ele>126.5</ele>
    <time>2025-12-23T08:04:27Z</time>
   </trkpt>
   <trkpt lat="10.3136900" lon="123.8640500">
    <ele>126.5</ele>
    <time>2025-12-23T08:04:28Z</time>
   </trkpt>
   <trkpt lat="10.3136900" lon="123.8640500">
    <ele>126.5</ele>
    <time>2025-12-23T08:04:29Z</time>
   </trkpt>
   <trkpt lat="10.3136900" lon="123.8640500">
    <ele>126.5</ele>
    <time>2025-12-23T08:04:30Z</time>
   </trkpt>
   <trkpt lat="10.3136900" lon="123.8640500">
    <ele>126.5</ele>
    <time>2025-12-23T08:04:31Z</time>
   </trkpt>
   <trkpt lat="10.3136900" lon="123.8640500">
    <ele>126.5</ele>
    <time>2025-12-23T08:04:32Z</time>
   </trkpt>
   <trkpt lat="10.3136900" lon="123.8640500">
    <ele>126.5</ele>
    <time>2025-12-23T08:04:33Z</time>
   </trkpt>
   <trkpt lat="10.3136900" lon="123.8640500">
    <ele>126.5</ele>
    <time>2025-12-23T08:04:34Z</time>
   </trkpt>
   <trkpt lat="10.3136900" lon="123.8640500">
    <ele>126.5</ele>
    <time>2025-12-23T08:04:35Z</time>
   </trkpt>
   <trkpt lat="10.3136900" lon="123.8640500">
    <ele>126.5</ele>
    <time>2025-12-23T08:04:36Z</time>
   </trkpt>
   <trkpt lat="10.3136900" lon="123.8640500">
    <ele>126.5</ele>
    <time>2025-12-23T08:04:37Z</time>
   </trkpt>
   <trkpt lat="10.3136900" lon="123.8640500">
    <ele>126.5</ele>
    <time>2025-12-23T08:04:38Z</time>
   </trkpt>
   <trkpt lat="10.3136900" lon="123.8640500">
    <ele>126.5</ele>
    <time>2025-12-23T08:04:39Z</time>
   </trkpt>
   <trkpt lat="10.3136900" lon="123.8640500">
    <ele>126.5</ele>
    <time>2025-12-23T08:04:40Z</time>
   </trkpt>
   <trkpt lat="10.3136900" lon="123.8640500">
    <ele>126.5</ele>
    <time>2025-12-23T08:04:41Z</time>
   </trkpt>
   <trkpt lat="10.3136750" lon="123.8640290">
    <ele>127.2</ele>
    <time>2025-12-23T08:04:42Z</time>
   </trkpt>
   <trkpt lat="10.3136650" lon="123.8640200">
    <ele>127.6</ele>
    <time>2025-12-23T08:04:43Z</time>
   </trkpt>
   <trkpt lat="10.3136530" lon="123.8640170">
    <ele>127.9</ele>
    <time>2025-12-23T08:04:44Z</time>
   </trkpt>
   <trkpt lat="10.3136470" lon="123.8640120">
    <ele>128.1</ele>
    <time>2025-12-23T08:04:45Z</time>
   </trkpt>
   <trkpt lat="10.3136400" lon="123.8640060">
    <ele>128.3</ele>
    <time>2025-12-23T08:04:46Z</time>
   </trkpt>
   <trkpt lat="10.3136350" lon="123.8639970">
    <ele>128.6</ele>
    <time>2025-12-23T08:04:47Z</time>
   </trkpt>
   <trkpt lat="10.3136300" lon="123.8639870">
    <ele>128.8</ele>
    <time>2025-12-23T08:04:48Z</time>
   </trkpt>
   <trkpt lat="10.3136310" lon="123.8639770">
    <ele>129.0</ele>
    <time>2025-12-23T08:04:49Z</time>
   </trkpt>
   <trkpt lat="10.3136370" lon="123.8639650">
    <ele>129.3</ele>
    <time>2025-12-23T08:04:50Z</time>
   </trkpt>
   <trkpt lat="10.3136420" lon="123.8639550">
    <ele>129.5</ele>
    <time>2025-12-23T08:04:51Z</time>
   </trkpt>
   <trkpt lat="10.3136540" lon="123.8639360">
    <ele>130.0</ele>
    <time>2025-12-23T08:04:52Z</time>
   </trkpt>
   <trkpt lat="10.3136600" lon="123.8639310">
    <ele>130.1</ele>
    <time>2025-12-23T08:04:53Z</time>
   </trkpt>
   <trkpt lat="10.3136660" lon="123.8639250">
    <ele>130.3</ele>
    <time>2025-12-23T08:04:54Z</time>
   </trkpt>
   <trkpt lat="10.3136760" lon="123.8639200">
    <ele>130.4</ele>
    <time>2025-12-23T08:04:55Z</time>
   </trkpt>
   <trkpt lat="10.3136840" lon="123.8639150">
    <ele>130.6</ele>
    <time>2025-12-23T08:04:56Z</time>
   </trkpt>
   <trkpt lat="10.3136880" lon="123.8639110">
    <ele>130.7</ele>
    <time>2025-12-23T08:04:57Z</time>
   </trkpt>
   <trkpt lat="10.3136920" lon="123.8639030">
    <ele>130.8</ele>
    <time>2025-12-23T08:04:58Z</time>
   </trkpt>
   <trkpt lat="10.3137000" lon="123.8638810">
    <ele>131.2</ele>
    <time>2025-12-23T08:04:59Z</time>
   </trkpt>
   <trkpt lat="10.3137040" lon="123.8638710">
    <ele>131.3</ele>
    <time>2025-12-23T08:05:00Z</time>
   </trkpt>
   <trkpt lat="10.3137080" lon="123.8638610">
    <ele>131.5</ele>
    <time>2025-12-23T08:05:01Z</time>
   </trkpt>
   <trkpt lat="10.3137130" lon="123.8638470">
    <ele>131.7</ele>
    <time>2025-12-23T08:05:02Z</time>
   </trkpt>
   <trkpt lat="10.3137150" lon="123.8638330">
    <ele>131.9</ele>
    <time>2025-12-23T08:05:03Z</time>
   </trkpt>
   <trkpt lat="10.3137180" lon="123.8638230">
    <ele>132.0</ele>
    <time>2025-12-23T08:05:04Z</time>
   </trkpt>
   <trkpt lat="10.3137220" lon="123.8638160">
    <ele>132.1</ele>
    <time>2025-12-23T08:05:05Z</time>
   </trkpt>
   <trkpt lat="10.3137240" lon="123.8638110">
    <ele>132.2</ele>
    <time>2025-12-23T08:05:06Z</time>
   </trkpt>
   <trkpt lat="10.3137270" lon="123.8638030">
    <ele>132.3</ele>
    <time>2025-12-23T08:05:07Z</time>
   </trkpt>
   <trkpt lat="10.3137260" lon="123.8637940">
    <ele>132.4</ele>
    <time>2025-12-23T08:05:08Z</time>
   </trkpt>
   <trkpt lat="10.3137280" lon="123.8637850">
    <ele>132.5</ele>
    <time>2025-12-23T08:05:09Z</time>
   </trkpt>
   <trkpt lat="10.3137320" lon="123.8637780">
    <ele>132.6</ele>
    <time>2025-12-23T08:05:10Z</time>
   </trkpt>
   <trkpt lat="10.3137380" lon="123.8637700">
    <ele>132.7</ele>
    <time>2025-12-23T08:05:11Z</time>
   </trkpt>
   <trkpt lat="10.3137420" lon="123.8637600">
    <ele>132.8</ele>
    <time>2025-12-23T08:05:12Z</time>
   </trkpt>
   <trkpt lat="10.3137430" lon="123.8637470">
    <ele>133.0</ele>
    <time>2025-12-23T08:05:13Z</time>
   </trkpt>
   <trkpt lat="10.3137460" lon="123.8637360">
    <ele>133.1</ele>
    <time>2025-12-23T08:05:14Z</time>
   </trkpt>
   <trkpt lat="10.3137480" lon="123.8637270">
    <ele>133.2</ele>
    <time>2025-12-23T08:05:15Z</time>
   </trkpt>
   <trkpt lat="10.3137530" lon="123.8637170">
    <ele>133.4</ele>
    <time>2025-12-23T08:05:16Z</time>
   </trkpt>
   <trkpt lat="10.3137580" lon="123.8637070">
    <ele>133.5</ele>
    <time>2025-12-23T08:05:17Z</time>
   </trkpt>
   <trkpt lat="10.3137670" lon="123.8636870">
    <ele>133.8</ele>
    <time>2025-12-23T08:05:18Z</time>
   </trkpt>
   <trkpt lat="10.3137710" lon="123.8636780">
    <ele>133.9</ele>
    <time>2025-12-23T08:05:19Z</time>
   </trkpt>
   <trkpt lat="10.3137750" lon="123.8636700">
    <ele>134.0</ele>
    <time>2025-12-23T08:05:20Z</time>
   </trkpt>
   <trkpt lat="10.3137820" lon="123.8636600">
    <ele>134.2</ele>
    <time>2025-12-23T08:05:21Z</time>
   </trkpt>
   <trkpt lat="10.3137870" lon="123.8636520">
    <ele>134.4</ele>
    <time>2025-12-23T08:05:22Z</time>
   </trkpt>
   <trkpt lat="10.3137910" lon="123.8636450">
    <ele>134.5</ele>
    <time>2025-12-23T08:05:23Z</time>
   </trkpt>
   <trkpt lat="10.3137920" lon="123.8636380">
    <ele>134.6</ele>
    <time>2025-12-23T08:05:24Z</time>
   </trkpt>
   <trkpt lat="10.3137950" lon="123.8636280">
    <ele>134.7</ele>
    <time>2025-12-23T08:05:25Z</time>
   </trkpt>
   <trkpt lat="10.3137970" lon="123.8636200">
    <ele>134.9</ele>
    <time>2025-12-23T08:05:26Z</time>
   </trkpt>
   <trkpt lat="10.3137970" lon="123.8636100">
    <ele>135.0</ele>
    <time>2025-12-23T08:05:27Z</time>
   </trkpt>
   <trkpt lat="10.3137910" lon="123.8635960">
    <ele>135.3</ele>
    <time>2025-12-23T08:05:28Z</time>
   </trkpt>
   <trkpt lat="10.3137860" lon="123.8635800">
    <ele>135.6</ele>
    <time>2025-12-23T08:05:29Z</time>
   </trkpt>
   <trkpt lat="10.3137870" lon="123.8635620">
    <ele>135.9</ele>
    <time>2025-12-23T08:05:30Z</time>
   </trkpt>
   <trkpt lat="10.3137930" lon="123.8635510">
    <ele>136.2</ele>
    <time>2025-12-23T08:05:31Z</time>
   </trkpt>
   <trkpt lat="10.3137990" lon="123.8635430">
    <ele>136.4</ele>
    <time>2025-12-23T08:05:32Z</time>
   </trkpt>
   <trkpt lat="10.3138060" lon="123.8635370">
    <ele>136.6</ele>
    <time>2025-12-23T08:05:33Z</time>
   </trkpt>
   <trkpt lat="10.3138130" lon="123.8635320">
    <ele>136.8</ele>
    <time>2025-12-23T08:05:34Z</time>
   </trkpt>
   <trkpt lat="10.3138210" lon="123.8635240">
    <ele>137.0</ele>
    <time>2025-12-23T08:05:35Z</time>
   </trkpt>
   <trkpt lat="10.3138270" lon="123.8635160">
    <ele>137.3</ele>
    <time>2025-12-23T08:05:36Z</time>
   </trkpt>
   <trkpt lat="10.3138340" lon="123.8635070">
    <ele>137.5</ele>
    <time>2025-12-23T08:05:37Z</time>
   </trkpt>
   <trkpt lat="10.3138440" lon="123.8635000">
    <ele>137.8</ele>
    <time>2025-12-23T08:05:38Z</time>
   </trkpt>
   <trkpt lat="10.3138540" lon="123.8634980">
    <ele>138.0</ele>
    <time>2025-12-23T08:05:39Z</time>
   </trkpt>
   <trkpt lat="10.3138650" lon="123.8634940">
    <ele>138.3</ele>
    <time>2025-12-23T08:05:40Z</time>
   </trkpt>
   <trkpt lat="10.3138770" lon="123.8634910">
    <ele>138.7</ele>
    <time>2025-12-23T08:05:41Z</time>
   </trkpt>
   <trkpt lat="10.3138890" lon="123.8634900">
    <ele>139.0</ele>
    <time>2025-12-23T08:05:42Z</time>
   </trkpt>
   <trkpt lat="10.3138980" lon="123.8634860">
    <ele>139.2</ele>
    <time>2025-12-23T08:05:43Z</time>
   </trkpt>
   <trkpt lat="10.3139020" lon="123.8634800">
    <ele>139.4</ele>
    <time>2025-12-23T08:05:44Z</time>
   </trkpt>
   <trkpt lat="10.3139080" lon="123.8634740">
    <ele>139.6</ele>
    <time>2025-12-23T08:05:45Z</time>
   </trkpt>
   <trkpt lat="10.3139130" lon="123.8634660">
    <ele>139.8</ele>
    <time>2025-12-23T08:05:46Z</time>
   </trkpt>
   <trkpt lat="10.3139200" lon="123.8634580">
    <ele>140.1</ele>
    <time>2025-12-23T08:05:47Z</time>
   </trkpt>
   <trkpt lat="10.3139280" lon="123.8634490">
    <ele>140.4</ele>
    <time>2025-12-23T08:05:48Z</time>
   </trkpt>
   <trkpt lat="10.3139350" lon="123.8634420">
    <ele>140.6</ele>
    <time>2025-12-23T08:05:49Z</time>
   </trkpt>
   <trkpt lat="10.3139400" lon="123.8634360">
    <ele>140.8</ele>
    <time>2025-12-23T08:05:50Z</time>
   </trkpt>
   <trkpt lat="10.3139450" lon="123.8634280">
    <ele>141.1</ele>
    <time>2025-12-23T08:05:51Z</time>
   </trkpt>
   <trkpt lat="10.3139500" lon="123.8634210">
    <ele>141.3</ele>
    <time>2025-12-23T08:05:52Z</time>
   </trkpt>
   <trkpt lat="10.3139540" lon="123.8634140">
    <ele>141.5</ele>
    <time>2025-12-23T08:05:53Z</time>
   </trkpt>
   <trkpt lat="10.3139570" lon="123.8634070">
    <ele>141.7</ele>
    <time>2025-12-23T08:05:54Z</time>
   </trkpt>
   <trkpt lat="10.3139590" lon="123.8634010">
    <ele>141.8</ele>
    <time>2025-12-23T08:05:55Z</time>
   </trkpt>
   <trkpt lat="10.3139630" lon="123.8633960">
    <ele>142.0</ele>
    <time>2025-12-23T08:05:56Z</time>
   </trkpt>
   <trkpt lat="10.3139690" lon="123.8633870">
    <ele>142.2</ele>
    <time>2025-12-23T08:05:57Z</time>
   </trkpt>
   <trkpt lat="10.3139740" lon="123.8633780">
    <ele>142.5</ele>
    <time>2025-12-23T08:05:58Z</time>
   </trkpt>
   <trkpt lat="10.3139770" lon="123.8633680">
    <ele>142.7</ele>
    <time>2025-12-23T08:05:59Z</time>
   </trkpt>
   <trkpt lat="10.3139770" lon="123.8633590">
    <ele>143.0</ele>
    <time>2025-12-23T08:06:00Z</time>
   </trkpt>
   <trkpt lat="10.3139780" lon="123.8633490">
    <ele>143.2</ele>
    <time>2025-12-23T08:06:01Z</time>
   </trkpt>
   <trkpt lat="10.3139800" lon="123.8633420">
    <ele>143.4</ele>
    <time>2025-12-23T08:06:02Z</time>
   </trkpt>
   <trkpt lat="10.3139860" lon="123.8633370">
    <ele>143.6</ele>
    <time>2025-12-23T08:06:03Z</time>
   </trkpt>
   <trkpt lat="10.3139940" lon="123.8633320">
    <ele>143.8</ele>
    <time>2025-12-23T08:06:04Z</time>
   </trkpt>
   <trkpt lat="10.3140010" lon="123.8633250">
    <ele>144.0</ele>
    <time>2025-12-23T08:06:05Z</time>
   </trkpt>
   <trkpt lat="10.3140090" lon="123.8633190">
    <ele>144.3</ele>
    <time>2025-12-23T08:06:06Z</time>
   </trkpt>
   <trkpt lat="10.3140150" lon="123.8633150">
    <ele>144.4</ele>
    <time>2025-12-23T08:06:07Z</time>
   </trkpt>
   <trkpt lat="10.3140200" lon="123.8633100">
    <ele>144.6</ele>
    <time>2025-12-23T08:06:08Z</time>
   </trkpt>
   <trkpt lat="10.3140260" lon="123.8633040">
    <ele>144.8</ele>
    <time>2025-12-23T08:06:09Z</time>
   </trkpt>
   <trkpt lat="10.3140300" lon="123.8632960">
    <ele>145.0</ele>
    <time>2025-12-23T08:06:10Z</time>
   </trkpt>
   <trkpt lat="10.3140310" lon="123.8632880">
    <ele>145.2</ele>
    <time>2025-12-23T08:06:11Z</time>
   </trkpt>
   <trkpt lat="10.3140340" lon="123.8632820">
    <ele>145.4</ele>
    <time>2025-12-23T08:06:12Z</time>
   </trkpt>
   <trkpt lat="10.3140380" lon="123.8632770">
    <ele>145.6</ele>
    <time>2025-12-23T08:06:13Z</time>
   </trkpt>
   <trkpt lat="10.3140420" lon="123.8632730">
    <ele>145.7</ele>
    <time>2025-12-23T08:06:14Z</time>
   </trkpt>
   <trkpt lat="10.3140450" lon="123.8632670">
    <ele>145.9</ele>
    <time>2025-12-23T08:06:15Z</time>
   </trkpt>
   <trkpt lat="10.3140480" lon="123.8632590">
    <ele>146.1</ele>
    <time>2025-12-23T08:06:16Z</time>
   </trkpt>
   <trkpt lat="10.3140480" lon="123.8632510">
    <ele>146.3</ele>
    <time>2025-12-23T08:06:17Z</time>
   </trkpt>
   <trkpt lat="10.3140510" lon="123.8632440">
    <ele>146.5</ele>
    <time>2025-12-23T08:06:18Z</time>
   </trkpt>
   <trkpt lat="10.3140540" lon="123.8632360">
    <ele>146.8</ele>
    <time>2025-12-23T08:06:19Z</time>
   </trkpt>
   <trkpt lat="10.3140540" lon="123.8632270">
    <ele>147.0</ele>
    <time>2025-12-23T08:06:20Z</time>
   </trkpt>
   <trkpt lat="10.3140550" lon="123.8632240">
    <ele>147.1</ele>
    <time>2025-12-23T08:06:21Z</time>
   </trkpt>
   <trkpt lat="10.3140560" lon="123.8632190">
    <ele>147.2</ele>
    <time>2025-12-23T08:06:22Z</time>
   </trkpt>
   <trkpt lat="10.3140580" lon="123.8632150">
    <ele>147.4</ele>
    <time>2025-12-23T08:06:23Z</time>
   </trkpt>
   <trkpt lat="10.3140570" lon="123.8632120">
    <ele>147.5</ele>
    <time>2025-12-23T08:06:24Z</time>
   </trkpt>
   <trkpt lat="10.3140590" lon="123.8632080">
    <ele>147.6</ele>
    <time>2025-12-23T08:06:25Z</time>
   </trkpt>
   <trkpt lat="10.3140600" lon="123.8632040">
    <ele>147.7</ele>
    <time>2025-12-23T08:06:26Z</time>
   </trkpt>
   <trkpt lat="10.3140590" lon="123.8632030">
    <ele>147.8</ele>
    <time>2025-12-23T08:06:27Z</time>
   </trkpt>
   <trkpt lat="10.3140560" lon="123.8632020">
    <ele>147.8</ele>
    <time>2025-12-23T08:06:28Z</time>
   </trkpt>
   <trkpt lat="10.3140540" lon="123.8632040">
    <ele>147.9</ele>
    <time>2025-12-23T08:06:29Z</time>
   </trkpt>
   <trkpt lat="10.3140530" lon="123.8632040">
    <ele>148.0</ele>
    <time>2025-12-23T08:06:30Z</time>
   </trkpt>
   <trkpt lat="10.3140530" lon="123.8632060">
    <ele>148.0</ele>
    <time>2025-12-23T08:06:31Z</time>
   </trkpt>
   <trkpt lat="10.3140530" lon="123.8632060">
    <ele>148.0</ele>
    <time>2025-12-23T08:06:32Z</time>
   </trkpt>
   <trkpt lat="10.3140530" lon="123.8632070">
    <ele>148.0</ele>
    <time>2025-12-23T08:06:33Z</time>
   </trkpt>
   <trkpt lat="10.3140530" lon="123.8632070">
    <ele>148.0</ele>
    <time>2025-12-23T08:06:34Z</time>
   </trkpt>
   <trkpt lat="10.3140530" lon="123.8632070">
    <ele>148.0</ele>
    <time>2025-12-23T08:06:35Z</time>
   </trkpt>
   <trkpt lat="10.3140530" lon="123.8632070">
    <ele>148.0</ele>
    <time>2025-12-23T08:06:36Z</time>
   </trkpt>
   <trkpt lat="10.3140530" lon="123.8632070">
    <ele>148.0</ele>
    <time>2025-12-23T08:06:37Z</time>
   </trkpt>
   <trkpt lat="10.3140530" lon="123.8632070">
    <ele>148.0</ele>
    <time>2025-12-23T08:06:38Z</time>
   </trkpt>
   <trkpt lat="10.3140530" lon="123.8632070">
    <ele>148.0</ele>
    <time>2025-12-23T08:06:39Z</time>
   </trkpt>
   <trkpt lat="10.3140530" lon="123.8632070">
    <ele>148.0</ele>
    <time>2025-12-23T08:06:40Z</time>
   </trkpt>
   <trkpt lat="10.3140530" lon="123.8632070">
    <ele>148.0</ele>
    <time>2025-12-23T08:06:41Z</time>
   </trkpt>
   <trkpt lat="10.3140530" lon="123.8632070">
    <ele>148.0</ele>
    <time>2025-12-23T08:06:42Z</time>
   </trkpt>
   <trkpt lat="10.3140530" lon="123.8632070">
    <ele>148.0</ele>
    <time>2025-12-23T08:06:43Z</time>
   </trkpt>
   <trkpt lat="10.3140530" lon="123.8632070">
    <ele>148.0</ele>
    <time>2025-12-23T08:06:44Z</time>
   </trkpt>
   <trkpt lat="10.3140530" lon="123.8632070">
    <ele>148.0</ele>
    <time>2025-12-23T08:06:45Z</time>
   </trkpt>
   <trkpt lat="10.3140530" lon="123.8632070">
    <ele>148.0</ele>
    <time>2025-12-23T08:06:46Z</time>
   </trkpt>
   <trkpt lat="10.3140530" lon="123.8632070">
    <ele>148.0</ele>
    <time>2025-12-23T08:06:47Z</time>
   </trkpt>
   <trkpt lat="10.3140530" lon="123.8632070">
    <ele>148.0</ele>
    <time>2025-12-23T08:06:48Z</time>
   </trkpt>
   <trkpt lat="10.3140530" lon="123.8632070">
    <ele>148.0</ele>
    <time>2025-12-23T08:06:49Z</time>
   </trkpt>
   <trkpt lat="10.3140530" lon="123.8632070">
    <ele>148.0</ele>
    <time>2025-12-23T08:06:50Z</time>
   </trkpt>
   <trkpt lat="10.3140530" lon="123.8632070">
    <ele>148.0</ele>
    <time>2025-12-23T08:06:51Z</time>
   </trkpt>
   <trkpt lat="10.3140530" lon="123.8632070">
    <ele>148.0</ele>
    <time>2025-12-23T08:06:52Z</time>
   </trkpt>
   <trkpt lat="10.3140530" lon="123.8632070">
    <ele>148.0</ele>
    <time>2025-12-23T08:06:53Z</time>
   </trkpt>
   <trkpt lat="10.3140530" lon="123.8632070">
    <ele>148.0</ele>
    <time>2025-12-23T08:06:54Z</time>
   </trkpt>
   <trkpt lat="10.3140530" lon="123.8632070">
    <ele>148.0</ele>
    <time>2025-12-23T08:06:55Z</time>
   </trkpt>
   <trkpt lat="10.3140530" lon="123.8632070">
    <ele>148.0</ele>
    <time>2025-12-23T08:06:56Z</time>
   </trkpt>
   <trkpt lat="10.3140530" lon="123.8632070">
    <ele>148.0</ele>
    <time>2025-12-23T08:06:57Z</time>
   </trkpt>
   <trkpt lat="10.3140530" lon="123.8632070">
    <ele>148.0</ele>
    <time>2025-12-23T08:06:58Z</time>
   </trkpt>
   <trkpt lat="10.3140530" lon="123.8632070">
    <ele>148.0</ele>
    <time>2025-12-23T08:06:59Z</time>
   </trkpt>
   <trkpt lat="10.3140530" lon="123.8632070">
    <ele>148.0</ele>
    <time>2025-12-23T08:07:00Z</time>
   </trkpt>
   <trkpt lat="10.3140530" lon="123.8632070">
    <ele>148.0</ele>
    <time>2025-12-23T08:07:01Z</time>
   </trkpt>
   <trkpt lat="10.3140530" lon="123.8632070">
    <ele>148.0</ele>
    <time>2025-12-23T08:07:02Z</time>
   </trkpt>
   <trkpt lat="10.3140530" lon="123.8632070">
    <ele>148.0</ele>
    <time>2025-12-23T08:07:03Z</time>
   </trkpt>
   <trkpt lat="10.3140530" lon="123.8632070">
    <ele>148.0</ele>
    <time>2025-12-23T08:07:04Z</time>
   </trkpt>
   <trkpt lat="10.3140530" lon="123.8632070">
    <ele>148.0</ele>
    <time>2025-12-23T08:07:05Z</time>
   </trkpt>
   <trkpt lat="10.3140530" lon="123.8632070">
    <ele>148.0</ele>
    <time>2025-12-23T08:07:06Z</time>
   </trkpt>
   <trkpt lat="10.3140500" lon="123.8632030">
    <ele>148.2</ele>
    <time>2025-12-23T08:07:07Z</time>
   </trkpt>
   <trkpt lat="10.3140460" lon="123.8631980">
    <ele>148.4</ele>
    <time>2025-12-23T08:07:08Z</time>
   </trkpt>
   <trkpt lat="10.3140450" lon="123.8631920">
    <ele>148.5</ele>
    <time>2025-12-23T08:07:09Z</time>
   </trkpt>
   <trkpt lat="10.3140490" lon="123.8631780">
    <ele>148.9</ele>
    <time>2025-12-23T08:07:10Z</time>
   </trkpt>
   <trkpt lat="10.3140520" lon="123.8631710">
    <ele>149.2</ele>
    <time>2025-12-23T08:07:11Z</time>
   </trkpt>
   <trkpt lat="10.3140540" lon="123.8631640">
    <ele>149.4</ele>
    <time>2025-12-23T08:07:12Z</time>
   </trkpt>
   <trkpt lat="10.3140570" lon="123.8631570">
    <ele>149.6</ele>
    <time>2025-12-23T08:07:13Z</time>
   </trkpt>
   <trkpt lat="10.3140620" lon="123.8631490">
    <ele>149.9</ele>
    <time>2025-12-23T08:07:14Z</time>
   </trkpt>
   <trkpt lat="10.3140650" lon="123.8631450">
    <ele>150.0</ele>
    <time>2025-12-23T08:07:15Z</time>
   </trkpt>
   <trkpt lat="10.3140750" lon="123.8631410">
    <ele>150.3</ele>
    <time>2025-12-23T08:07:16Z</time>
   </trkpt>
   <trkpt lat="10.3140840" lon="123.8631360">
    <ele>150.6</ele>
    <time>2025-12-23T08:07:17Z</time>
   </trkpt>
   <trkpt lat="10.3140950" lon="123.8631300">
    <ele>151.0</ele>
    <time>2025-12-23T08:07:18Z</time>
   </trkpt>
   <trkpt lat="10.3141020" lon="123.8631210">
    <ele>151.3</ele>
    <time>2025-12-23T08:07:19Z</time>
   </trkpt>
   <trkpt lat="10.3141110" lon="123.8631130">
    <ele>151.6</ele>
    <time>2025-12-23T08:07:20Z</time>
   </trkpt>
   <trkpt lat="10.3141260" lon="123.8630980">
    <ele>152.2</ele>
    <time>2025-12-23T08:07:21Z</time>
   </trkpt>
   <trkpt lat="10.3141320" lon="123.8630920">
    <ele>152.5</ele>
    <time>2025-12-23T08:07:22Z</time>
   </trkpt>
   <trkpt lat="10.3141390" lon="123.8630860">
    <ele>152.7</ele>
    <time>2025-12-23T08:07:23Z</time>
   </trkpt>
   <trkpt lat="10.3141520" lon="123.8630790">
    <ele>153.1</ele>
    <time>2025-12-23T08:07:24Z</time>
   </trkpt>
   <trkpt lat="10.3141640" lon="123.8630700">
    <ele>153.5</ele>
    <time>2025-12-23T08:07:25Z</time>
   </trkpt>
   <trkpt lat="10.3141740" lon="123.8630600">
    <ele>153.8</ele>
    <time>2025-12-23T08:07:26Z</time>
   </trkpt>
   <trkpt lat="10.3141780" lon="123.8630510">
    <ele>154.1</ele>
    <time>2025-12-23T08:07:27Z</time>
   </trkpt>
   <trkpt lat="10.3141810" lon="123.8630430">
    <ele>154.3</ele>
    <time>2025-12-23T08:07:28Z</time>
   </trkpt>
   <trkpt lat="10.3141810" lon="123.8630340">
    <ele>154.5</ele>
    <time>2025-12-23T08:07:29Z</time>
   </trkpt>
   <trkpt lat="10.3141800" lon="123.8630240">
    <ele>154.7</ele>
    <time>2025-12-23T08:07:30Z</time>
   </trkpt>
   <trkpt lat="10.3141790" lon="123.8630130">
    <ele>155.0</ele>
    <time>2025-12-23T08:07:31Z</time>
   </trkpt>
   <trkpt lat="10.3141860" lon="123.8629940">
    <ele>155.4</ele>
    <time>2025-12-23T08:07:32Z</time>
   </trkpt>
   <trkpt lat="10.3141910" lon="123.8629860">
    <ele>155.6</ele>
    <time>2025-12-23T08:07:33Z</time>
   </trkpt>
   <trkpt lat="10.3141970" lon="123.8629790">
    <ele>155.8</ele>
    <time>2025-12-23T08:07:34Z</time>
   </trkpt>
   <trkpt lat="10.3142060" lon="123.8629600">
    <ele>156.2</ele>
    <time>2025-12-23T08:07:35Z</time>
   </trkpt>
   <trkpt lat="10.3142080" lon="123.8629530">
    <ele>156.4</ele>
    <time>2025-12-23T08:07:36Z</time>
   </trkpt>
   <trkpt lat="10.3142100" lon="123.8629450">
    <ele>156.5</ele>
    <time>2025-12-23T08:07:37Z</time>
   </trkpt>
   <trkpt lat="10.3142130" lon="123.8629340">
    <ele>156.8</ele>
    <time>2025-12-23T08:07:38Z</time>
   </trkpt>
   <trkpt lat="10.3142160" lon="123.8629240">
    <ele>157.0</ele>
    <time>2025-12-23T08:07:39Z</time>
   </trkpt>
   <trkpt lat="10.3142150" lon="123.8629170">
    <ele>157.1</ele>
    <time>2025-12-23T08:07:40Z</time>
   </trkpt>
   <trkpt lat="10.3142110" lon="123.8629060">
    <ele>157.3</ele>
    <time>2025-12-23T08:07:41Z</time>
   </trkpt>
   <trkpt lat="10.3142090" lon="123.8628940">
    <ele>157.5</ele>
    <time>2025-12-23T08:07:42Z</time>
   </trkpt>
   <trkpt lat="10.3142100" lon="123.8628800">
    <ele>157.8</ele>
    <time>2025-12-23T08:07:43Z</time>
   </trkpt>
   <trkpt lat="10.3142130" lon="123.8628680">
    <ele>158.0</ele>
    <time>2025-12-23T08:07:44Z</time>
   </trkpt>
   <trkpt lat="10.3142150" lon="123.8628580">
    <ele>158.2</ele>
    <time>2025-12-23T08:07:45Z</time>
   </trkpt>
   <trkpt lat="10.3142170" lon="123.8628480">
    <ele>158.4</ele>
    <time>2025-12-23T08:07:46Z</time>
   </trkpt>
   <trkpt lat="10.3142190" lon="123.8628320">
    <ele>158.6</ele>
    <time>2025-12-23T08:07:47Z</time>
   </trkpt>
   <trkpt lat="10.3142190" lon="123.8628240">
    <ele>158.8</ele>
    <time>2025-12-23T08:07:48Z</time>
   </trkpt>
   <trkpt lat="10.3142190" lon="123.8628170">
    <ele>158.9</ele>
    <time>2025-12-23T08:07:49Z</time>
   </trkpt>
   <trkpt lat="10.3142190" lon="123.8628100">
    <ele>159.0</ele>
    <time>2025-12-23T08:07:50Z</time>
   </trkpt>
   <trkpt lat="10.3142170" lon="123.8628010">
    <ele>159.2</ele>
    <time>2025-12-23T08:07:51Z</time>
   </trkpt>
   <trkpt lat="10.3142160" lon="123.8627890">
    <ele>159.4</ele>
    <time>2025-12-23T08:07:52Z</time>
   </trkpt>
   <trkpt lat="10.3142140" lon="123.8627770">
    <ele>159.6</ele>
    <time>2025-12-23T08:07:53Z</time>
   </trkpt>
   <trkpt lat="10.3142150" lon="123.8627660">
    <ele>159.8</ele>
    <time>2025-12-23T08:07:54Z</time>
   </trkpt>
   <trkpt lat="10.3142160" lon="123.8627540">
    <ele>160.0</ele>
    <time>2025-12-23T08:07:55Z</time>
   </trkpt>
   <trkpt lat="10.3142110" lon="123.8627450">
    <ele>160.1</ele>
    <time>2025-12-23T08:07:56Z</time>
   </trkpt>
   <trkpt lat="10.3142060" lon="123.8627340">
    <ele>160.3</ele>
    <time>2025-12-23T08:07:57Z</time>
   </trkpt>
   <trkpt lat="10.3142040" lon="123.8627240">
    <ele>160.5</ele>
    <time>2025-12-23T08:07:58Z</time>
   </trkpt>
   <trkpt lat="10.3142020" lon="123.8627150">
    <ele>160.6</ele>
    <time>2025-12-23T08:07:59Z</time>
   </trkpt>
   <trkpt lat="10.3141990" lon="123.8627050">
    <ele>160.7</ele>
    <time>2025-12-23T08:08:00Z</time>
   </trkpt>
   <trkpt lat="10.3141980" lon="123.8626920">
    <ele>160.9</ele>
    <time>2025-12-23T08:08:01Z</time>
   </trkpt>
   <trkpt lat="10.3141970" lon="123.8626800">
    <ele>161.1</ele>
    <time>2025-12-23T08:08:02Z</time>
   </trkpt>
   <trkpt lat="10.3141970" lon="123.8626690">
    <ele>161.2</ele>
    <time>2025-12-23T08:08:03Z</time>
   </trkpt>
   <trkpt lat="10.3141970" lon="123.8626630">
    <ele>161.3</ele>
    <time>2025-12-23T08:08:04Z</time>
   </trkpt>
   <trkpt lat="10.3141980" lon="123.8626530">
    <ele>161.4</ele>
    <time>2025-12-23T08:08:05Z</time>
   </trkpt>
   <trkpt lat="10.3142000" lon="123.8626430">
    <ele>161.6</ele>
    <time>2025-12-23T08:08:06Z</time>
   </trkpt>
   <trkpt lat="10.3141970" lon="123.8626320">
    <ele>161.7</ele>
    <time>2025-12-23T08:08:07Z</time>
   </trkpt>
   <trkpt lat="10.3141920" lon="123.8626200">
    <ele>161.8</ele>
    <time>2025-12-23T08:08:08Z</time>
   </trkpt>
   <trkpt lat="10.3141930" lon="123.8626100">
    <ele>162.0</ele>
    <time>2025-12-23T08:08:09Z</time>
   </trkpt>
   <trkpt lat="10.3141960" lon="123.8625980">
    <ele>162.1</ele>
    <time>2025-12-23T08:08:10Z</time>
   </trkpt>
   <trkpt lat="10.3141920" lon="123.8625880">
    <ele>162.2</ele>
    <time>2025-12-23T08:08:11Z</time>
   </trkpt>
   <trkpt lat="10.3141860" lon="123.8625790">
    <ele>162.3</ele>
    <time>2025-12-23T08:08:12Z</time>
   </trkpt>
   <trkpt lat="10.3141770" lon="123.8625710">
    <ele>162.5</ele>
    <time>2025-12-23T08:08:13Z</time>
   </trkpt>
   <trkpt lat="10.3141710" lon="123.8625640">
    <ele>162.6</ele>
    <time>2025-12-23T08:08:14Z</time>
   </trkpt>
   <trkpt lat="10.3141680" lon="123.8625550">
    <ele>162.7</ele>
    <time>2025-12-23T08:08:15Z</time>
   </trkpt>
   <trkpt lat="10.3141620" lon="123.8625450">
    <ele>162.8</ele>
    <time>2025-12-23T08:08:16Z</time>
   </trkpt>
   <trkpt lat="10.3141550" lon="123.8625360">
    <ele>162.9</ele>
    <time>2025-12-23T08:08:17Z</time>
   </trkpt>
   <trkpt lat="10.3141430" lon="123.8625190">
    <ele>163.1</ele>
    <time>2025-12-23T08:08:18Z</time>
   </trkpt>
   <trkpt lat="10.3141390" lon="123.8625110">
    <ele>163.2</ele>
    <time>2025-12-23T08:08:19Z</time>
   </trkpt>
   <trkpt lat="10.3141350" lon="123.8625030">
    <ele>163.3</ele>
    <time>2025-12-23T08:08:20Z</time>
   </trkpt>
   <trkpt lat="10.3141290" lon="123.8624930">
    <ele>163.5</ele>
    <time>2025-12-23T08:08:21Z</time>
   </trkpt>
   <trkpt lat="10.3141270" lon="123.8624840">
    <ele>163.6</ele>
    <time>2025-12-23T08:08:22Z</time>
   </trkpt>
   <trkpt lat="10.3141230" lon="123.8624760">
    <ele>163.7</ele>
    <time>2025-12-23T08:08:23Z</time>
   </trkpt>
   <trkpt lat="10.3141120" lon="123.8624630">
    <ele>163.9</ele>
    <time>2025-12-23T08:08:24Z</time>
   </trkpt>
   <trkpt lat="10.3141100" lon="123.8624560">
    <ele>164.1</ele>
    <time>2025-12-23T08:08:25Z</time>
   </trkpt>
   <trkpt lat="10.3141070" lon="123.8624500">
    <ele>164.2</ele>
    <time>2025-12-23T08:08:26Z</time>
   </trkpt>
   <trkpt lat="10.3141040" lon="123.8624440">
    <ele>164.3</ele>
    <time>2025-12-23T08:08:27Z</time>
   </trkpt>
   <trkpt lat="10.3141000" lon="123.8624330">
    <ele>164.4</ele>
    <time>2025-12-23T08:08:28Z</time>
   </trkpt>
   <trkpt lat="10.3140990" lon="123.8624260">
    <ele>164.6</ele>
    <time>2025-12-23T08:08:29Z</time>
   </trkpt>
   <trkpt lat="10.3140970" lon="123.8624160">
    <ele>164.8</ele>
    <time>2025-12-23T08:08:30Z</time>
   </trkpt>
   <trkpt lat="10.3140970" lon="123.8624050">
    <ele>165.0</ele>
    <time>2025-12-23T08:08:31Z</time>
   </trkpt>
   <trkpt lat="10.3140950" lon="123.8623930">
    <ele>165.2</ele>
    <time>2025-12-23T08:08:32Z</time>
   </trkpt>
   <trkpt lat="10.3140920" lon="123.8623800">
    <ele>165.5</ele>
    <time>2025-12-23T08:08:33Z</time>
   </trkpt>
   <trkpt lat="10.3140890" lon="123.8623710">
    <ele>165.7</ele>
    <time>2025-12-23T08:08:34Z</time>
   </trkpt>
   <trkpt lat="10.3140910" lon="123.8623630">
    <ele>165.9</ele>
    <time>2025-12-23T08:08:35Z</time>
   </trkpt>
   <trkpt lat="10.3140930" lon="123.8623540">
    <ele>166.1</ele>
    <time>2025-12-23T08:08:36Z</time>
   </trkpt>
   <trkpt lat="10.3140940" lon="123.8623450">
    <ele>166.3</ele>
    <time>2025-12-23T08:08:37Z</time>
   </trkpt>
   <trkpt lat="10.3140940" lon="123.8623380">
    <ele>166.5</ele>
    <time>2025-12-23T08:08:38Z</time>
   </trkpt>
   <trkpt lat="10.3140940" lon="123.8623330">
    <ele>166.6</ele>
    <time>2025-12-23T08:08:39Z</time>
   </trkpt>
   <trkpt lat="10.3140940" lon="123.8623300">
    <ele>166.7</ele>
    <time>2025-12-23T08:08:40Z</time>
   </trkpt>
   <trkpt lat="10.3140930" lon="123.8623230">
    <ele>166.9</ele>
    <time>2025-12-23T08:08:41Z</time>
   </trkpt>
   <trkpt lat="10.3140970" lon="123.8623120">
    <ele>167.2</ele>
    <time>2025-12-23T08:08:42Z</time>
   </trkpt>
   <trkpt lat="10.3141010" lon="123.8623030">
    <ele>167.5</ele>
    <time>2025-12-23T08:08:43Z</time>
   </trkpt>
   <trkpt lat="10.3140980" lon="123.8622970">
    <ele>167.7</ele>
    <time>2025-12-23T08:08:44Z</time>
   </trkpt>
   <trkpt lat="10.3140960" lon="123.8622920">
    <ele>167.8</ele>
    <time>2025-12-23T08:08:45Z</time>
   </trkpt>
   <trkpt lat="10.3140940" lon="123.8622880">
    <ele>167.9</ele>
    <time>2025-12-23T08:08:46Z</time>
   </trkpt>
   <trkpt lat="10.3140940" lon="123.8622830">
    <ele>168.1</ele>
    <time>2025-12-23T08:08:47Z</time>
   </trkpt>
   <trkpt lat="10.3140920" lon="123.8622780">
    <ele>168.2</ele>
    <time>2025-12-23T08:08:48Z</time>
   </trkpt>
   <trkpt lat="10.3140910" lon="123.8622720">
    <ele>168.4</ele>
    <time>2025-12-23T08:08:49Z</time>
   </trkpt>
   <trkpt lat="10.3140930" lon="123.8622650">
    <ele>168.6</ele>
    <time>2025-12-23T08:08:50Z</time>
   </trkpt>
   <trkpt lat="10.3140940" lon="123.8622570">
    <ele>168.8</ele>
    <time>2025-12-23T08:08:51Z</time>
   </trkpt>
   <trkpt lat="10.3140940" lon="123.8622510">
    <ele>168.9</ele>
    <time>2025-12-23T08:08:52Z</time>
   </trkpt>
   <trkpt lat="10.3140940" lon="123.8622450">
    <ele>169.1</ele>
    <time>2025-12-23T08:08:53Z</time>
   </trkpt>
   <trkpt lat="10.3140930" lon="123.8622380">
    <ele>169.3</ele>
    <time>2025-12-23T08:08:54Z</time>
   </trkpt>
   <trkpt lat="10.3140950" lon="123.8622300">
    <ele>169.5</ele>
    <time>2025-12-23T08:08:55Z</time>
   </trkpt>
   <trkpt lat="10.3140990" lon="123.8622210">
    <ele>169.8</ele>
    <time>2025-12-23T08:08:56Z</time>
   </trkpt>
   <trkpt lat="10.3141040" lon="123.8622150">
    <ele>170.0</ele>
    <time>2025-12-23T08:08:57Z</time>
   </trkpt>
   <trkpt lat="10.3141070" lon="123.8622090">
    <ele>170.2</ele>
    <time>2025-12-23T08:08:58Z</time>
   </trkpt>
   <trkpt lat="10.3141070" lon="123.8622020">
    <ele>170.4</ele>
    <time>2025-12-23T08:08:59Z</time>
   </trkpt>
   <trkpt lat="10.3141040" lon="123.8621930">
    <ele>170.6</ele>
    <time>2025-12-23T08:09:00Z</time>
   </trkpt>
   <trkpt lat="10.3141010" lon="123.8621830">
    <ele>170.9</ele>
    <time>2025-12-23T08:09:01Z</time>
   </trkpt>
   <trkpt lat="10.3141040" lon="123.8621770">
    <ele>171.0</ele>
    <time>2025-12-23T08:09:02Z</time>
   </trkpt>
   <trkpt lat="10.3141070" lon="123.8621730">
    <ele>171.2</ele>
    <time>2025-12-23T08:09:03Z</time>
   </trkpt>
   <trkpt lat="10.3141110" lon="123.8621680">
    <ele>171.3</ele>
    <time>2025-12-23T08:09:04Z</time>
   </trkpt>
   <trkpt lat="10.3141150" lon="123.8621600">
    <ele>171.6</ele>
    <time>2025-12-23T08:09:05Z</time>
   </trkpt>
   <trkpt lat="10.3141160" lon="123.8621560">
    <ele>171.7</ele>
    <time>2025-12-23T08:09:06Z</time>
   </trkpt>
   <trkpt lat="10.3141160" lon="123.8621560">
    <ele>171.7</ele>
    <time>2025-12-23T08:09:07Z</time>
   </trkpt>
   <trkpt lat="10.3141170" lon="123.8621550">
    <ele>171.7</ele>
    <time>2025-12-23T08:09:08Z</time>
   </trkpt>
   <trkpt lat="10.3141170" lon="123.8621550">
    <ele>171.7</ele>
    <time>2025-12-23T08:09:09Z</time>
   </trkpt>
   <trkpt lat="10.3141170" lon="123.8621540">
    <ele>171.7</ele>
    <time>2025-12-23T08:09:10Z</time>
   </trkpt>
   <trkpt lat="10.3141170" lon="123.8621540">
    <ele>171.7</ele>
    <time>2025-12-23T08:09:11Z</time>
   </trkpt>
   <trkpt lat="10.3141170" lon="123.8621530">
    <ele>171.8</ele>
    <time>2025-12-23T08:09:12Z</time>
   </trkpt>
   <trkpt lat="10.3141170" lon="123.8621530">
    <ele>171.8</ele>
    <time>2025-12-23T08:09:13Z</time>
   </trkpt>
   <trkpt lat="10.3141180" lon="123.8621520">
    <ele>171.8</ele>
    <time>2025-12-23T08:09:14Z</time>
   </trkpt>
   <trkpt lat="10.3141180" lon="123.8621520">
    <ele>171.8</ele>
    <time>2025-12-23T08:09:15Z</time>
   </trkpt>
   <trkpt lat="10.3141180" lon="123.8621510">
    <ele>171.8</ele>
    <time>2025-12-23T08:09:16Z</time>
   </trkpt>
   <trkpt lat="10.3141180" lon="123.8621510">
    <ele>171.8</ele>
    <time>2025-12-23T08:09:17Z</time>
   </trkpt>
   <trkpt lat="10.3141180" lon="123.8621500">
    <ele>171.8</ele>
    <time>2025-12-23T08:09:18Z</time>
   </trkpt>
   <trkpt lat="10.3141180" lon="123.8621500">
    <ele>171.8</ele>
    <time>2025-12-23T08:09:19Z</time>
   </trkpt>
   <trkpt lat="10.3141190" lon="123.8621490">
    <ele>171.9</ele>
    <time>2025-12-23T08:09:20Z</time>
   </trkpt>
   <trkpt lat="10.3141190" lon="123.8621490">
    <ele>171.9</ele>
    <time>2025-12-23T08:09:21Z</time>
   </trkpt>
   <trkpt lat="10.3141190" lon="123.8621480">
    <ele>171.9</ele>
    <time>2025-12-23T08:09:22Z</time>
   </trkpt>
   <trkpt lat="10.3141190" lon="123.8621480">
    <ele>171.9</ele>
    <time>2025-12-23T08:09:23Z</time>
   </trkpt>
   <trkpt lat="10.3141190" lon="123.8621470">
    <ele>171.9</ele>
    <time>2025-12-23T08:09:24Z</time>
   </trkpt>
   <trkpt lat="10.3141190" lon="123.8621470">
    <ele>171.9</ele>
    <time>2025-12-23T08:09:25Z</time>
   </trkpt>
   <trkpt lat="10.3141200" lon="123.8621460">
    <ele>172.0</ele>
    <time>2025-12-23T08:09:26Z</time>
   </trkpt>
   <trkpt lat="10.3141200" lon="123.8621460">
    <ele>172.0</ele>
    <time>2025-12-23T08:09:27Z</time>
   </trkpt>
   <trkpt lat="10.3141200" lon="123.8621450">
    <ele>172.0</ele>
    <time>2025-12-23T08:09:28Z</time>
   </trkpt>
   <trkpt lat="10.3141200" lon="123.8621440">
    <ele>172.0</ele>
    <time>2025-12-23T08:09:29Z</time>
   </trkpt>
   <trkpt lat="10.3141200" lon="123.8621440">
    <ele>172.0</ele>
    <time>2025-12-23T08:09:30Z</time>
   </trkpt>
   <trkpt lat="10.3141200" lon="123.8621430">
    <ele>172.0</ele>
    <time>2025-12-23T08:09:31Z</time>
   </trkpt>
   <trkpt lat="10.3141210" lon="123.8621430">
    <ele>172.1</ele>
    <time>2025-12-23T08:09:32Z</time>
   </trkpt>
   <trkpt lat="10.3141210" lon="123.8621420">
    <ele>172.1</ele>
    <time>2025-12-23T08:09:33Z</time>
   </trkpt>
   <trkpt lat="10.3141210" lon="123.8621420">
    <ele>172.1</ele>
    <time>2025-12-23T08:09:34Z</time>
   </trkpt>
   <trkpt lat="10.3141210" lon="123.8621410">
    <ele>172.1</ele>
    <time>2025-12-23T08:09:35Z</time>
   </trkpt>
   <trkpt lat="10.3141210" lon="123.8621410">
    <ele>172.1</ele>
    <time>2025-12-23T08:09:36Z</time>
   </trkpt>
   <trkpt lat="10.3141210" lon="123.8621400">
    <ele>172.1</ele>
    <time>2025-12-23T08:09:37Z</time>
   </trkpt>
   <trkpt lat="10.3141220" lon="123.8621400">
    <ele>172.2</ele>
    <time>2025-12-23T08:09:38Z</time>
   </trkpt>
   <trkpt lat="10.3141220" lon="123.8621390">
    <ele>172.2</ele>
    <time>2025-12-23T08:09:39Z</time>
   </trkpt>
   <trkpt lat="10.3141220" lon="123.8621390">
    <ele>172.2</ele>
    <time>2025-12-23T08:09:40Z</time>
   </trkpt>
   <trkpt lat="10.3141220" lon="123.8621380">
    <ele>172.2</ele>
    <time>2025-12-23T08:09:41Z</time>
   </trkpt>
   <trkpt lat="10.3141220" lon="123.8621380">
    <ele>172.2</ele>
    <time>2025-12-23T08:09:42Z</time>
   </trkpt>
   <trkpt lat="10.3141220" lon="123.8621370">
    <ele>172.2</ele>
    <time>2025-12-23T08:09:43Z</time>
   </trkpt>
   <trkpt lat="10.3141230" lon="123.8621370">
    <ele>172.3</ele>
    <time>2025-12-23T08:09:44Z</time>
   </trkpt>
   <trkpt lat="10.3141230" lon="123.8621360">
    <ele>172.3</ele>
    <time>2025-12-23T08:09:45Z</time>
   </trkpt>
   <trkpt lat="10.3141230" lon="123.8621360">
    <ele>172.3</ele>
    <time>2025-12-23T08:09:46Z</time>
   </trkpt>
   <trkpt lat="10.3141230" lon="123.8621350">
    <ele>172.3</ele>
    <time>2025-12-23T08:09:47Z</time>
   </trkpt>
   <trkpt lat="10.3141230" lon="123.8621350">
    <ele>172.3</ele>
    <time>2025-12-23T08:09:48Z</time>
   </trkpt>
   <trkpt lat="10.3141230" lon="123.8621340">
    <ele>172.3</ele>
    <time>2025-12-23T08:09:49Z</time>
   </trkpt>
   <trkpt lat="10.3141240" lon="123.8621340">
    <ele>172.4</ele>
    <time>2025-12-23T08:09:50Z</time>
   </trkpt>
   <trkpt lat="10.3141240" lon="123.8621330">
    <ele>172.4</ele>
    <time>2025-12-23T08:09:51Z</time>
   </trkpt>
   <trkpt lat="10.3141240" lon="123.8621330">
    <ele>172.4</ele>
    <time>2025-12-23T08:09:52Z</time>
   </trkpt>
   <trkpt lat="10.3141240" lon="123.8621320">
    <ele>172.4</ele>
    <time>2025-12-23T08:09:53Z</time>
   </trkpt>
   <trkpt lat="10.3141240" lon="123.8621310">
    <ele>172.5</ele>
    <time>2025-12-23T08:09:54Z</time>
   </trkpt>
   <trkpt lat="10.3141240" lon="123.8621310">
    <ele>172.5</ele>
    <time>2025-12-23T08:09:55Z</time>
   </trkpt>
   <trkpt lat="10.3141250" lon="123.8621300">
    <ele>172.5</ele>
    <time>2025-12-23T08:09:56Z</time>
   </trkpt>
   <trkpt lat="10.3141250" lon="123.8621300">
    <ele>172.5</ele>
    <time>2025-12-23T08:09:57Z</time>
   </trkpt>
   <trkpt lat="10.3141250" lon="123.8621290">
    <ele>172.5</ele>
    <time>2025-12-23T08:09:58Z</time>
   </trkpt>
   <trkpt lat="10.3141250" lon="123.8621290">
    <ele>172.5</ele>
    <time>2025-12-23T08:09:59Z</time>
   </trkpt>
   <trkpt lat="10.3141250" lon="123.8621280">
    <ele>172.5</ele>
    <time>2025-12-23T08:10:00Z</time>
   </trkpt>
   <trkpt lat="10.3141250" lon="123.8621280">
    <ele>172.5</ele>
    <time>2025-12-23T08:10:01Z</time>
   </trkpt>
   <trkpt lat="10.3141260" lon="123.8621270">
    <ele>172.6</ele>
    <time>2025-12-23T08:10:02Z</time>
   </trkpt>
   <trkpt lat="10.3141260" lon="123.8621270">
    <ele>172.6</ele>
    <time>2025-12-23T08:10:03Z</time>
   </trkpt>
   <trkpt lat="10.3141260" lon="123.8621260">
    <ele>172.6</ele>
    <time>2025-12-23T08:10:04Z</time>
   </trkpt>
   <trkpt lat="10.3141260" lon="123.8621260">
    <ele>172.6</ele>
    <time>2025-12-23T08:10:05Z</time>
   </trkpt>
   <trkpt lat="10.3141260" lon="123.8621250">
    <ele>172.6</ele>
    <time>2025-12-23T08:10:06Z</time>
   </trkpt>
   <trkpt lat="10.3141260" lon="123.8621250">
    <ele>172.6</ele>
    <time>2025-12-23T08:10:07Z</time>
   </trkpt>
   <trkpt lat="10.3141270" lon="123.8621240">
    <ele>172.7</ele>
    <time>2025-12-23T08:10:08Z</time>
   </trkpt>
   <trkpt lat="10.3141270" lon="123.8621240">
    <ele>172.7</ele>
    <time>2025-12-23T08:10:09Z</time>
   </trkpt>
   <trkpt lat="10.3141270" lon="123.8621230">
    <ele>172.7</ele>
    <time>2025-12-23T08:10:10Z</time>
   </trkpt>
   <trkpt lat="10.3141270" lon="123.8621230">
    <ele>172.7</ele>
    <time>2025-12-23T08:10:11Z</time>
   </trkpt>
   <trkpt lat="10.3141270" lon="123.8621220">
    <ele>172.7</ele>
    <time>2025-12-23T08:10:12Z</time>
   </trkpt>
   <trkpt lat="10.3141270" lon="123.8621220">
    <ele>172.7</ele>
    <time>2025-12-23T08:10:13Z</time>
   </trkpt>
   <trkpt lat="10.3141280" lon="123.8621210">
    <ele>172.7</ele>
    <time>2025-12-23T08:10:14Z</time>
   </trkpt>
   <trkpt lat="10.3141280" lon="123.8621210">
    <ele>172.7</ele>
    <time>2025-12-23T08:10:15Z</time>
   </trkpt>
   <trkpt lat="10.3141280" lon="123.8621200">
    <ele>172.8</ele>
    <time>2025-12-23T08:10:16Z</time>
   </trkpt>
   <trkpt lat="10.3141280" lon="123.8621100">
    <ele>173.0</ele>
    <time>2025-12-23T08:10:17Z</time>
   </trkpt>
   <trkpt lat="10.3141320" lon="123.8621030">
    <ele>173.2</ele>
    <time>2025-12-23T08:10:18Z</time>
   </trkpt>
   <trkpt lat="10.3141380" lon="123.8620970">
    <ele>173.3</ele>
    <time>2025-12-23T08:10:19Z</time>
   </trkpt>
   <trkpt lat="10.3141410" lon="123.8620930">
    <ele>173.4</ele>
    <time>2025-12-23T08:10:20Z</time>
   </trkpt>
   <trkpt lat="10.3141450" lon="123.8620910">
    <ele>173.4</ele>
    <time>2025-12-23T08:10:21Z</time>
   </trkpt>
   <trkpt lat="10.3141480" lon="123.8620900">
    <ele>173.5</ele>
    <time>2025-12-23T08:10:22Z</time>
   </trkpt>
   <trkpt lat="10.3141560" lon="123.8620900">
    <ele>173.6</ele>
    <time>2025-12-23T08:10:23Z</time>
   </trkpt>
   <trkpt lat="10.3141650" lon="123.8620880">
    <ele>173.7</ele>
    <time>2025-12-23T08:10:24Z</time>
   </trkpt>
   <trkpt lat="10.3141750" lon="123.8620900">
    <ele>173.9</ele>
    <time>2025-12-23T08:10:25Z</time>
   </trkpt>
   <trkpt lat="10.3141890" lon="123.8620970">
    <ele>174.1</ele>
    <time>2025-12-23T08:10:26Z</time>
   </trkpt>
   <trkpt lat="10.3142010" lon="123.8621010">
    <ele>174.3</ele>
    <time>2025-12-23T08:10:27Z</time>
   </trkpt>
   <trkpt lat="10.3142100" lon="123.8621030">
    <ele>174.5</ele>
    <time>2025-12-23T08:10:28Z</time>
   </trkpt>
   <trkpt lat="10.3142180" lon="123.8621000">
    <ele>174.6</ele>
    <time>2025-12-23T08:10:29Z</time>
   </trkpt>
   <trkpt lat="10.3142260" lon="123.8620960">
    <ele>174.8</ele>
    <time>2025-12-23T08:10:30Z</time>
   </trkpt>
   <trkpt lat="10.3142330" lon="123.8620880">
    <ele>174.9</ele>
    <time>2025-12-23T08:10:31Z</time>
   </trkpt>
   <trkpt lat="10.3142430" lon="123.8620830">
    <ele>175.1</ele>
    <time>2025-12-23T08:10:32Z</time>
   </trkpt>
   <trkpt lat="10.3142530" lon="123.8620770">
    <ele>175.3</ele>
    <time>2025-12-23T08:10:33Z</time>
   </trkpt>
   <trkpt lat="10.3142630" lon="123.8620740">
    <ele>175.4</ele>
    <time>2025-12-23T08:10:34Z</time>
   </trkpt>
   <trkpt lat="10.3142820" lon="123.8620710">
    <ele>175.7</ele>
    <time>2025-12-23T08:10:35Z</time>
   </trkpt>
   <trkpt lat="10.3142910" lon="123.8620690">
    <ele>175.9</ele>
    <time>2025-12-23T08:10:36Z</time>
   </trkpt>
   <trkpt lat="10.3143000" lon="123.8620680">
    <ele>176.0</ele>
    <time>2025-12-23T08:10:37Z</time>
   </trkpt>
   <trkpt lat="10.3143150" lon="123.8620680">
    <ele>176.3</ele>
    <time>2025-12-23T08:10:38Z</time>
   </trkpt>
   <trkpt lat="10.3143300" lon="123.8620660">
    <ele>176.5</ele>
    <time>2025-12-23T08:10:39Z</time>
   </trkpt>
   <trkpt lat="10.3143410" lon="123.8620660">
    <ele>176.7</ele>
    <time>2025-12-23T08:10:40Z</time>
   </trkpt>
   <trkpt lat="10.3143530" lon="123.8620660">
    <ele>176.9</ele>
    <time>2025-12-23T08:10:41Z</time>
   </trkpt>
   <trkpt lat="10.3143640" lon="123.8620660">
    <ele>177.1</ele>
    <time>2025-12-23T08:10:42Z</time>
   </trkpt>
   <trkpt lat="10.3143850" lon="123.8620630">
    <ele>177.5</ele>
    <time>2025-12-23T08:10:43Z</time>
   </trkpt>
   <trkpt lat="10.3143940" lon="123.8620620">
    <ele>177.6</ele>
    <time>2025-12-23T08:10:44Z</time>
   </trkpt>
   <trkpt lat="10.3144020" lon="123.8620620">
    <ele>177.8</ele>
    <time>2025-12-23T08:10:45Z</time>
   </trkpt>
   <trkpt lat="10.3144120" lon="123.8620620">
    <ele>177.9</ele>
    <time>2025-12-23T08:10:46Z</time>
   </trkpt>
   <trkpt lat="10.3144240" lon="123.8620660">
    <ele>178.2</ele>
    <time>2025-12-23T08:10:47Z</time>
   </trkpt>
   <trkpt lat="10.3144330" lon="123.8620680">
    <ele>178.3</ele>
    <time>2025-12-23T08:10:48Z</time>
   </trkpt>
   <trkpt lat="10.3144450" lon="123.8620670">
    <ele>178.5</ele>
    <time>2025-12-23T08:10:49Z</time>
   </trkpt>
   <trkpt lat="10.3144530" lon="123.8620610">
    <ele>178.7</ele>
    <time>2025-12-23T08:10:50Z</time>
   </trkpt>
   <trkpt lat="10.3144630" lon="123.8620540">
    <ele>178.9</ele>
    <time>2025-12-23T08:10:51Z</time>
   </trkpt>
   <trkpt lat="10.3144730" lon="123.8620510">
    <ele>179.1</ele>
    <time>2025-12-23T08:10:52Z</time>
   </trkpt>
   <trkpt lat="10.3144830" lon="123.8620450">
    <ele>179.3</ele>
    <time>2025-12-23T08:10:53Z</time>
   </trkpt>
   <trkpt lat="10.3144940" lon="123.8620420">
    <ele>179.5</ele>
    <time>2025-12-23T08:10:54Z</time>
   </trkpt>
   <trkpt lat="10.3145100" lon="123.8620340">
    <ele>179.9</ele>
    <time>2025-12-23T08:10:55Z</time>
   </trkpt>
   <trkpt lat="10.3145180" lon="123.8620290">
    <ele>180.0</ele>
    <time>2025-12-23T08:10:56Z</time>
   </trkpt>
   <trkpt lat="10.3145260" lon="123.8620230">
    <ele>180.2</ele>
    <time>2025-12-23T08:10:57Z</time>
   </trkpt>
   <trkpt lat="10.3145500" lon="123.8620030">
    <ele>180.8</ele>
    <time>2025-12-23T08:10:58Z</time>
   </trkpt>
   <trkpt lat="10.3145580" lon="123.8619960">
    <ele>181.0</ele>
    <time>2025-12-23T08:10:59Z</time>
   </trkpt>
   <trkpt lat="10.3145740" lon="123.8619910">
    <ele>181.3</ele>
    <time>2025-12-23T08:11:00Z</time>
   </trkpt>
   <trkpt lat="10.3145890" lon="123.8619910">
    <ele>181.6</ele>
    <time>2025-12-23T08:11:01Z</time>
   </trkpt>
   <trkpt lat="10.3146020" lon="123.8619940">
    <ele>181.9</ele>
    <time>2025-12-23T08:11:02Z</time>
   </trkpt>
   <trkpt lat="10.3146100" lon="123.8620000">
    <ele>182.1</ele>
    <time>2025-12-23T08:11:03Z</time>
   </trkpt>
   <trkpt lat="10.3146170" lon="123.8620070">
    <ele>182.3</ele>
    <time>2025-12-23T08:11:04Z</time>
   </trkpt>
   <trkpt lat="10.3146280" lon="123.8620080">
    <ele>182.5</ele>
    <time>2025-12-23T08:11:05Z</time>
   </trkpt>
   <trkpt lat="10.3146380" lon="123.8620080">
    <ele>182.7</ele>
    <time>2025-12-23T08:11:06Z</time>
   </trkpt>
   <trkpt lat="10.3146500" lon="123.8620090">
    <ele>183.0</ele>
    <time>2025-12-23T08:11:07Z</time>
   </trkpt>
   <trkpt lat="10.3146620" lon="123.8620090">
    <ele>183.3</ele>
    <time>2025-12-23T08:11:08Z</time>
   </trkpt>
   <trkpt lat="10.3146720" lon="123.8620150">
    <ele>183.5</ele>
    <time>2025-12-23T08:11:09Z</time>
   </trkpt>
   <trkpt lat="10.3146760" lon="123.8620220">
    <ele>183.7</ele>
    <time>2025-12-23T08:11:10Z</time>
   </trkpt>
   <trkpt lat="10.3146860" lon="123.8620260">
    <ele>183.9</ele>
    <time>2025-12-23T08:11:11Z</time>
   </trkpt>
   <trkpt lat="10.3146960" lon="123.8620230">
    <ele>184.2</ele>
    <time>2025-12-23T08:11:12Z</time>
   </trkpt>
   <trkpt lat="10.3147040" lon="123.8620210">
    <ele>184.4</ele>
    <time>2025-12-23T08:11:13Z</time>
   </trkpt>
   <trkpt lat="10.3147190" lon="123.8620140">
    <ele>184.8</ele>
    <time>2025-12-23T08:11:14Z</time>
   </trkpt>
   <trkpt lat="10.3147260" lon="123.8620110">
    <ele>185.0</ele>
    <time>2025-12-23T08:11:15Z</time>
   </trkpt>
   <trkpt lat="10.3147330" lon="123.8620080">
    <ele>185.1</ele>
    <time>2025-12-23T08:11:16Z</time>
   </trkpt>
   <trkpt lat="10.3147400" lon="123.8620050">
    <ele>185.3</ele>
    <time>2025-12-23T08:11:17Z</time>
   </trkpt>
   <trkpt lat="10.3147510" lon="123.8620020">
    <ele>185.6</ele>
    <time>2025-12-23T08:11:18Z</time>
   </trkpt>
   <trkpt lat="10.3147610" lon="123.8620050">
    <ele>185.9</ele>
    <time>2025-12-23T08:11:19Z</time>
   </trkpt>
   <trkpt lat="10.3147670" lon="123.8620100">
    <ele>186.0</ele>
    <time>2025-12-23T08:11:20Z</time>
   </trkpt>
   <trkpt lat="10.3147750" lon="123.8620100">
    <ele>186.2</ele>
    <time>2025-12-23T08:11:21Z</time>
   </trkpt>
   <trkpt lat="10.3147830" lon="123.8620060">
    <ele>186.4</ele>
    <time>2025-12-23T08:11:22Z</time>
   </trkpt>
   <trkpt lat="10.3147930" lon="123.8620020">
    <ele>186.7</ele>
    <time>2025-12-23T08:11:23Z</time>
   </trkpt>
   <trkpt lat="10.3148020" lon="123.8619980">
    <ele>186.9</ele>
    <time>2025-12-23T08:11:24Z</time>
   </trkpt>
   <trkpt lat="10.3148100" lon="123.8620010">
    <ele>187.1</ele>
    <time>2025-12-23T08:11:25Z</time>
   </trkpt>
   <trkpt lat="10.3148200" lon="123.8620050">
    <ele>187.4</ele>
    <time>2025-12-23T08:11:26Z</time>
   </trkpt>
   <trkpt lat="10.3148270" lon="123.8620110">
    <ele>187.6</ele>
    <time>2025-12-23T08:11:27Z</time>
   </trkpt>
   <trkpt lat="10.3148330" lon="123.8620100">
    <ele>187.8</ele>
    <time>2025-12-23T08:11:28Z</time>
   </trkpt>
   <trkpt lat="10.3148420" lon="123.8620100">
    <ele>188.0</ele>
    <time>2025-12-23T08:11:29Z</time>
   </trkpt>
   <trkpt lat="10.3148550" lon="123.8620060">
    <ele>188.3</ele>
    <time>2025-12-23T08:11:30Z</time>
   </trkpt>
   <trkpt lat="10.3148640" lon="123.8620040">
    <ele>188.5</ele>
    <time>2025-12-23T08:11:31Z</time>
   </trkpt>
   <trkpt lat="10.3148720" lon="123.8620040">
    <ele>188.7</ele>
    <time>2025-12-23T08:11:32Z</time>
   </trkpt>
   <trkpt lat="10.3148780" lon="123.8620080">
    <ele>188.8</ele>
    <time>2025-12-23T08:11:33Z</time>
   </trkpt>
   <trkpt lat="10.3148830" lon="123.8620140">
    <ele>189.0</ele>
    <time>2025-12-23T08:11:34Z</time>
   </trkpt>
   <trkpt lat="10.3148890" lon="123.8620210">
    <ele>189.2</ele>
    <time>2025-12-23T08:11:35Z</time>
   </trkpt>
   <trkpt lat="10.3148970" lon="123.8620230">
    <ele>189.4</ele>
    <time>2025-12-23T08:11:36Z</time>
   </trkpt>
   <trkpt lat="10.3149070" lon="123.8620230">
    <ele>189.6</ele>
    <time>2025-12-23T08:11:37Z</time>
   </trkpt>
   <trkpt lat="10.3149160" lon="123.8620220">
    <ele>189.8</ele>
    <time>2025-12-23T08:11:38Z</time>
   </trkpt>
   <trkpt lat="10.3149260" lon="123.8620220">
    <ele>190.0</ele>
    <time>2025-12-23T08:11:39Z</time>
   </trkpt>
   <trkpt lat="10.3149340" lon="123.8620230">
    <ele>190.1</ele>
    <time>2025-12-23T08:11:40Z</time>
   </trkpt>
   <trkpt lat="10.3149400" lon="123.8620210">
    <ele>190.3</ele>
    <time>2025-12-23T08:11:41Z</time>
   </trkpt>
   <trkpt lat="10.3149470" lon="123.8620160">
    <ele>190.4</ele>
    <time>2025-12-23T08:11:42Z</time>
   </trkpt>
   <trkpt lat="10.3149550" lon="123.8620070">
    <ele>190.7</ele>
    <time>2025-12-23T08:11:43Z</time>
   </trkpt>
   <trkpt lat="10.3149630" lon="123.8620010">
    <ele>190.8</ele>
    <time>2025-12-23T08:11:44Z</time>
   </trkpt>
   <trkpt lat="10.3149710" lon="123.8619900">
    <ele>191.1</ele>
    <time>2025-12-23T08:11:45Z</time>
   </trkpt>
   <trkpt lat="10.3149770" lon="123.8619810">
    <ele>191.3</ele>
    <time>2025-12-23T08:11:46Z</time>
   </trkpt>
   <trkpt lat="10.3149830" lon="123.8619700">
    <ele>191.5</ele>
    <time>2025-12-23T08:11:47Z</time>
   </trkpt>
   <trkpt lat="10.3149890" lon="123.8619580">
    <ele>191.7</ele>
    <time>2025-12-23T08:11:48Z</time>
   </trkpt>
   <trkpt lat="10.3150050" lon="123.8619450">
    <ele>192.0</ele>
    <time>2025-12-23T08:11:49Z</time>
   </trkpt>
   <trkpt lat="10.3150110" lon="123.8619400">
    <ele>192.2</ele>
    <time>2025-12-23T08:11:50Z</time>
   </trkpt>
   <trkpt lat="10.3150170" lon="123.8619350">
    <ele>192.3</ele>
    <time>2025-12-23T08:11:51Z</time>
   </trkpt>
   <trkpt lat="10.3150190" lon="123.8619250">
    <ele>192.4</ele>
    <time>2025-12-23T08:11:52Z</time>
   </trkpt>
   <trkpt lat="10.3150220" lon="123.8619150">
    <ele>192.6</ele>
    <time>2025-12-23T08:11:53Z</time>
   </trkpt>
   <trkpt lat="10.3150250" lon="123.8619090">
    <ele>192.7</ele>
    <time>2025-12-23T08:11:54Z</time>
   </trkpt>
   <trkpt lat="10.3150300" lon="123.8619010">
    <ele>192.8</ele>
    <time>2025-12-23T08:11:55Z</time>
   </trkpt>
   <trkpt lat="10.3150370" lon="123.8618980">
    <ele>193.0</ele>
    <time>2025-12-23T08:11:56Z</time>
   </trkpt>
   <trkpt lat="10.3150460" lon="123.8618940">
    <ele>193.1</ele>
    <time>2025-12-23T08:11:57Z</time>
   </trkpt>
   <trkpt lat="10.3150530" lon="123.8618890">
    <ele>193.2</ele>
    <time>2025-12-23T08:11:58Z</time>
   </trkpt>
   <trkpt lat="10.3150610" lon="123.8618830">
    <ele>193.4</ele>
    <time>2025-12-23T08:11:59Z</time>
   </trkpt>
   <trkpt lat="10.3150710" lon="123.8618780">
    <ele>193.6</ele>
    <time>2025-12-23T08:12:00Z</time>
   </trkpt>
   <trkpt lat="10.3150790" lon="123.8618760">
    <ele>193.7</ele>
    <time>2025-12-23T08:12:01Z</time>
   </trkpt>
   <trkpt lat="10.3150880" lon="123.8618720">
    <ele>193.8</ele>
    <time>2025-12-23T08:12:02Z</time>
   </trkpt>
   <trkpt lat="10.3150950" lon="123.8618700">
    <ele>193.9</ele>
    <time>2025-12-23T08:12:03Z</time>
   </trkpt>
   <trkpt lat="10.3151000" lon="123.8618670">
    <ele>194.0</ele>
    <time>2025-12-23T08:12:04Z</time>
   </trkpt>
   <trkpt lat="10.3151040" lon="123.8618620">
    <ele>194.1</ele>
    <time>2025-12-23T08:12:05Z</time>
   </trkpt>
   <trkpt lat="10.3151090" lon="123.8618540">
    <ele>194.3</ele>
    <time>2025-12-23T08:12:06Z</time>
   </trkpt>
   <trkpt lat="10.3151160" lon="123.8618480">
    <ele>194.4</ele>
    <time>2025-12-23T08:12:07Z</time>
   </trkpt>
   <trkpt lat="10.3151240" lon="123.8618410">
    <ele>194.6</ele>
    <time>2025-12-23T08:12:08Z</time>
   </trkpt>
   <trkpt lat="10.3151300" lon="123.8618350">
    <ele>194.8</ele>
    <time>2025-12-23T08:12:09Z</time>
   </trkpt>
   <trkpt lat="10.3151380" lon="123.8618340">
    <ele>194.9</ele>
    <time>2025-12-23T08:12:10Z</time>
   </trkpt>
   <trkpt lat="10.3151480" lon="123.8618310">
    <ele>195.1</ele>
    <time>2025-12-23T08:12:11Z</time>
   </trkpt>
   <trkpt lat="10.3151530" lon="123.8618290">
    <ele>195.2</ele>
    <time>2025-12-23T08:12:12Z</time>
   </trkpt>
   <trkpt lat="10.3151630" lon="123.8618280">
    <ele>195.4</ele>
    <time>2025-12-23T08:12:13Z</time>
   </trkpt>
   <trkpt lat="10.3151710" lon="123.8618290">
    <ele>195.5</ele>
    <time>2025-12-23T08:12:14Z</time>
   </trkpt>
   <trkpt lat="10.3151820" lon="123.8618320">
    <ele>195.7</ele>
    <time>2025-12-23T08:12:15Z</time>
   </trkpt>
   <trkpt lat="10.3151920" lon="123.8618310">
    <ele>195.9</ele>
    <time>2025-12-23T08:12:16Z</time>
   </trkpt>
   <trkpt lat="10.3152020" lon="123.8618310">
    <ele>196.1</ele>
    <time>2025-12-23T08:12:17Z</time>
   </trkpt>
   <trkpt lat="10.3152120" lon="123.8618280">
    <ele>196.4</ele>
    <time>2025-12-23T08:12:18Z</time>
   </trkpt>
   <trkpt lat="10.3152230" lon="123.8618250">
    <ele>196.6</ele>
    <time>2025-12-23T08:12:19Z</time>
   </trkpt>
   <trkpt lat="10.3152320" lon="123.8618230">
    <ele>196.8</ele>
    <time>2025-12-23T08:12:20Z</time>
   </trkpt>
   <trkpt lat="10.3152400" lon="123.8618210">
    <ele>196.9</ele>
    <time>2025-12-23T08:12:21Z</time>
   </trkpt>
   <trkpt lat="10.3152460" lon="123.8618210">
    <ele>197.1</ele>
    <time>2025-12-23T08:12:22Z</time>
   </trkpt>
   <trkpt lat="10.3152570" lon="123.8618240">
    <ele>197.3</ele>
    <time>2025-12-23T08:12:23Z</time>
   </trkpt>
   <trkpt lat="10.3152740" lon="123.8618250">
    <ele>197.6</ele>
    <time>2025-12-23T08:12:24Z</time>
   </trkpt>
   <trkpt lat="10.3152810" lon="123.8618250">
    <ele>197.8</ele>
    <time>2025-12-23T08:12:25Z</time>
   </trkpt>
   <trkpt lat="10.3152880" lon="123.8618260">
    <ele>197.9</ele>
    <time>2025-12-23T08:12:26Z</time>
   </trkpt>
   <trkpt lat="10.3152950" lon="123.8618260">
    <ele>198.1</ele>
    <time>2025-12-23T08:12:27Z</time>
   </trkpt>
   <trkpt lat="10.3153070" lon="123.8618240">
    <ele>198.3</ele>
    <time>2025-12-23T08:12:28Z</time>
   </trkpt>
   <trkpt lat="10.3153170" lon="123.8618230">
    <ele>198.5</ele>
    <time>2025-12-23T08:12:29Z</time>
   </trkpt>
   <trkpt lat="10.3153290" lon="123.8618230">
    <ele>198.7</ele>
    <time>2025-12-23T08:12:30Z</time>
   </trkpt>
   <trkpt lat="10.3153380" lon="123.8618250">
    <ele>198.9</ele>
    <time>2025-12-23T08:12:31Z</time>
   </trkpt>
   <trkpt lat="10.3153430" lon="123.8618260">
    <ele>199.0</ele>
    <time>2025-12-23T08:12:32Z</time>
   </trkpt>
   <trkpt lat="10.3153500" lon="123.8618240">
    <ele>199.1</ele>
    <time>2025-12-23T08:12:33Z</time>
   </trkpt>
   <trkpt lat="10.3153560" lon="123.8618240">
    <ele>199.2</ele>
    <time>2025-12-23T08:12:34Z</time>
   </trkpt>
   <trkpt lat="10.3153610" lon="123.8618240">
    <ele>199.3</ele>
    <time>2025-12-23T08:12:35Z</time>
   </trkpt>
   <trkpt lat="10.3153660" lon="123.8618210">
    <ele>199.4</ele>
    <time>2025-12-23T08:12:36Z</time>
   </trkpt>
   <trkpt lat="10.3153690" lon="123.8618160">
    <ele>199.5</ele>
    <time>2025-12-23T08:12:37Z</time>
   </trkpt>
   <trkpt lat="10.3153710" lon="123.8618120">
    <ele>199.5</ele>
    <time>2025-12-23T08:12:38Z</time>
   </trkpt>
   <trkpt lat="10.3153750" lon="123.8618090">
    <ele>199.6</ele>
    <time>2025-12-23T08:12:39Z</time>
   </trkpt>
   <trkpt lat="10.3153790" lon="123.8618070">
    <ele>199.7</ele>
    <time>2025-12-23T08:12:40Z</time>
   </trkpt>
   <trkpt lat="10.3153780" lon="123.8618050">
    <ele>199.7</ele>
    <time>2025-12-23T08:12:41Z</time>
   </trkpt>
   <trkpt lat="10.3153780" lon="123.8618040">
    <ele>199.7</ele>
    <time>2025-12-23T08:12:42Z</time>
   </trkpt>
   <trkpt lat="10.3153810" lon="123.8618030">
    <ele>199.8</ele>
    <time>2025-12-23T08:12:43Z</time>
   </trkpt>
   <trkpt lat="10.3153810" lon="123.8618030">
    <ele>199.8</ele>
    <time>2025-12-23T08:12:44Z</time>
   </trkpt>
   <trkpt lat="10.3153860" lon="123.8618060">
    <ele>199.9</ele>
    <time>2025-12-23T08:12:45Z</time>
   </trkpt>
   <trkpt lat="10.3153880" lon="123.8618100">
    <ele>199.9</ele>
    <time>2025-12-23T08:12:46Z</time>
   </trkpt>
   <trkpt lat="10.3153870" lon="123.8618120">
    <ele>200.0</ele>
    <time>2025-12-23T08:12:47Z</time>
   </trkpt>
   <trkpt lat="10.3153860" lon="123.8618150">
    <ele>200.0</ele>
    <time>2025-12-23T08:12:48Z</time>
   </trkpt>
   <trkpt lat="10.3153850" lon="123.8618160">
    <ele>200.0</ele>
    <time>2025-12-23T08:12:49Z</time>
   </trkpt>
   <trkpt lat="10.3153850" lon="123.8618170">
    <ele>200.1</ele>
    <time>2025-12-23T08:12:50Z</time>
   </trkpt>
   <trkpt lat="10.3153850" lon="123.8618170">
    <ele>200.1</ele>
    <time>2025-12-23T08:12:51Z</time>
   </trkpt>
   <trkpt lat="10.3153850" lon="123.8618170">
    <ele>200.1</ele>
    <time>2025-12-23T08:12:52Z</time>
   </trkpt>
   <trkpt lat="10.3153850" lon="123.8618170">
    <ele>200.1</ele>
    <time>2025-12-23T08:12:53Z</time>
   </trkpt>
   <trkpt lat="10.3153850" lon="123.8618170">
    <ele>200.1</ele>
    <time>2025-12-23T08:12:54Z</time>
   </trkpt>
   <trkpt lat="10.3153850" lon="123.8618170">
    <ele>200.1</ele>
    <time>2025-12-23T08:12:55Z</time>
   </trkpt>
   <trkpt lat="10.3153850" lon="123.8618170">
    <ele>200.1</ele>
    <time>2025-12-23T08:12:56Z</time>
   </trkpt>
   <trkpt lat="10.3153850" lon="123.8618170">
    <ele>200.1</ele>
    <time>2025-12-23T08:12:57Z</time>
   </trkpt>
   <trkpt lat="10.3153850" lon="123.8618170">
    <ele>200.1</ele>
    <time>2025-12-23T08:12:58Z</time>
   </trkpt>
   <trkpt lat="10.3153850" lon="123.8618170">
    <ele>200.1</ele>
    <time>2025-12-23T08:12:59Z</time>
   </trkpt>
   <trkpt lat="10.3153850" lon="123.8618170">
    <ele>200.1</ele>
    <time>2025-12-23T08:13:00Z</time>
   </trkpt>
   <trkpt lat="10.3153850" lon="123.8618170">
    <ele>200.1</ele>
    <time>2025-12-23T08:13:01Z</time>
   </trkpt>
   <trkpt lat="10.3153850" lon="123.8618170">
    <ele>200.1</ele>
    <time>2025-12-23T08:13:02Z</time>
   </trkpt>
   <trkpt lat="10.3153850" lon="123.8618170">
    <ele>200.1</ele>
    <time>2025-12-23T08:13:03Z</time>
   </trkpt>
   <trkpt lat="10.3153850" lon="123.8618170">
    <ele>200.1</ele>
    <time>2025-12-23T08:13:04Z</time>
   </trkpt>
   <trkpt lat="10.3153850" lon="123.8618170">
    <ele>200.1</ele>
    <time>2025-12-23T08:13:05Z</time>
   </trkpt>
   <trkpt lat="10.3153850" lon="123.8618170">
    <ele>200.1</ele>
    <time>2025-12-23T08:13:06Z</time>
   </trkpt>
   <trkpt lat="10.3153850" lon="123.8618170">
    <ele>200.1</ele>
    <time>2025-12-23T08:13:07Z</time>
   </trkpt>
   <trkpt lat="10.3153850" lon="123.8618170">
    <ele>200.1</ele>
    <time>2025-12-23T08:13:08Z</time>
   </trkpt>
   <trkpt lat="10.3153850" lon="123.8618170">
    <ele>200.1</ele>
    <time>2025-12-23T08:13:09Z</time>
   </trkpt>
   <trkpt lat="10.3153850" lon="123.8618170">
    <ele>200.1</ele>
    <time>2025-12-23T08:13:10Z</time>
   </trkpt>
   <trkpt lat="10.3153850" lon="123.8618170">
    <ele>200.1</ele>
    <time>2025-12-23T08:13:11Z</time>
   </trkpt>
   <trkpt lat="10.3153850" lon="123.8618170">
    <ele>200.1</ele>
    <time>2025-12-23T08:13:12Z</time>
   </trkpt>
   <trkpt lat="10.3153850" lon="123.8618170">
    <ele>200.1</ele>
    <time>2025-12-23T08:13:13Z</time>
   </trkpt>
   <trkpt lat="10.3153850" lon="123.8618170">
    <ele>200.1</ele>
    <time>2025-12-23T08:13:14Z</time>
   </trkpt>
   <trkpt lat="10.3153850" lon="123.8618170">
    <ele>200.1</ele>
    <time>2025-12-23T08:13:15Z</time>
   </trkpt>
   <trkpt lat="10.3153850" lon="123.8618170">
    <ele>200.1</ele>
    <time>2025-12-23T08:13:16Z</time>
   </trkpt>
   <trkpt lat="10.3153850" lon="123.8618170">
    <ele>200.1</ele>
    <time>2025-12-23T08:13:17Z</time>
   </trkpt>
   <trkpt lat="10.3153850" lon="123.8618170">
    <ele>200.1</ele>
    <time>2025-12-23T08:13:18Z</time>
   </trkpt>
   <trkpt lat="10.3153850" lon="123.8618170">
    <ele>200.1</ele>
    <time>2025-12-23T08:13:19Z</time>
   </trkpt>
   <trkpt lat="10.3153850" lon="123.8618170">
    <ele>200.1</ele>
    <time>2025-12-23T08:13:20Z</time>
   </trkpt>
   <trkpt lat="10.3153850" lon="123.8618170">
    <ele>200.1</ele>
    <time>2025-12-23T08:13:21Z</time>
   </trkpt>
   <trkpt lat="10.3153900" lon="123.8617970">
    <ele>200.3</ele>
    <time>2025-12-23T08:13:22Z</time>
   </trkpt>
   <trkpt lat="10.3153960" lon="123.8617890">
    <ele>200.5</ele>
    <time>2025-12-23T08:13:23Z</time>
   </trkpt>
   <trkpt lat="10.3154030" lon="123.8617850">
    <ele>200.6</ele>
    <time>2025-12-23T08:13:24Z</time>
   </trkpt>
   <trkpt lat="10.3154110" lon="123.8617820">
    <ele>200.7</ele>
    <time>2025-12-23T08:13:25Z</time>
   </trkpt>
   <trkpt lat="10.3154220" lon="123.8617800">
    <ele>200.8</ele>
    <time>2025-12-23T08:13:26Z</time>
   </trkpt>
   <trkpt lat="10.3154320" lon="123.8617750">
    <ele>201.0</ele>
    <time>2025-12-23T08:13:27Z</time>
   </trkpt>
   <trkpt lat="10.3154430" lon="123.8617690">
    <ele>201.1</ele>
    <time>2025-12-23T08:13:28Z</time>
   </trkpt>
   <trkpt lat="10.3154540" lon="123.8617640">
    <ele>201.3</ele>
    <time>2025-12-23T08:13:29Z</time>
   </trkpt>
   <trkpt lat="10.3154630" lon="123.8617620">
    <ele>201.4</ele>
    <time>2025-12-23T08:13:30Z</time>
   </trkpt>
   <trkpt lat="10.3154730" lon="123.8617590">
    <ele>201.5</ele>
    <time>2025-12-23T08:13:31Z</time>
   </trkpt>
   <trkpt lat="10.3154810" lon="123.8617570">
    <ele>201.7</ele>
    <time>2025-12-23T08:13:32Z</time>
   </trkpt>
   <trkpt lat="10.3154920" lon="123.8617580">
    <ele>201.8</ele>
    <time>2025-12-23T08:13:33Z</time>
   </trkpt>
   <trkpt lat="10.3155120" lon="123.8617540">
    <ele>202.1</ele>
    <time>2025-12-23T08:13:34Z</time>
   </trkpt>
   <trkpt lat="10.3155190" lon="123.8617510">
    <ele>202.2</ele>
    <time>2025-12-23T08:13:35Z</time>
   </trkpt>
   <trkpt lat="10.3155270" lon="123.8617470">
    <ele>202.3</ele>
    <time>2025-12-23T08:13:36Z</time>
   </trkpt>
   <trkpt lat="10.3155360" lon="123.8617430">
    <ele>202.5</ele>
    <time>2025-12-23T08:13:37Z</time>
   </trkpt>
   <trkpt lat="10.3155450" lon="123.8617380">
    <ele>202.7</ele>
    <time>2025-12-23T08:13:38Z</time>
   </trkpt>
   <trkpt lat="10.3155520" lon="123.8617350">
    <ele>202.8</ele>
    <time>2025-12-23T08:13:39Z</time>
   </trkpt>
   <trkpt lat="10.3155620" lon="123.8617320">
    <ele>203.0</ele>
    <time>2025-12-23T08:13:40Z</time>
   </trkpt>
   <trkpt lat="10.3155720" lon="123.8617300">
    <ele>203.2</ele>
    <time>2025-12-23T08:13:41Z</time>
   </trkpt>
   <trkpt lat="10.3155840" lon="123.8617280">
    <ele>203.4</ele>
    <time>2025-12-23T08:13:42Z</time>
   </trkpt>
   <trkpt lat="10.3155960" lon="123.8617280">
    <ele>203.6</ele>
    <time>2025-12-23T08:13:43Z</time>
   </trkpt>
   <trkpt lat="10.3156070" lon="123.8617260">
    <ele>203.8</ele>
    <time>2025-12-23T08:13:44Z</time>
   </trkpt>
   <trkpt lat="10.3156140" lon="123.8617200">
    <ele>204.0</ele>
    <time>2025-12-23T08:13:45Z</time>
   </trkpt>
   <trkpt lat="10.3156220" lon="123.8617140">
    <ele>204.1</ele>
    <time>2025-12-23T08:13:46Z</time>
   </trkpt>
   <trkpt lat="10.3156300" lon="123.8617130">
    <ele>204.3</ele>
    <time>2025-12-23T08:13:47Z</time>
   </trkpt>
   <trkpt lat="10.3156410" lon="123.8617100">
    <ele>204.5</ele>
    <time>2025-12-23T08:13:48Z</time>
   </trkpt>
   <trkpt lat="10.3156520" lon="123.8617050">
    <ele>204.8</ele>
    <time>2025-12-23T08:13:49Z</time>
   </trkpt>
   <trkpt lat="10.3156600" lon="123.8617010">
    <ele>204.9</ele>
    <time>2025-12-23T08:13:50Z</time>
   </trkpt>
   <trkpt lat="10.3156670" lon="123.8616960">
    <ele>205.1</ele>
    <time>2025-12-23T08:13:51Z</time>
   </trkpt>
   <trkpt lat="10.3156720" lon="123.8616900">
    <ele>205.2</ele>
    <time>2025-12-23T08:13:52Z</time>
   </trkpt>
   <trkpt lat="10.3156780" lon="123.8616830">
    <ele>205.4</ele>
    <time>2025-12-23T08:13:53Z</time>
   </trkpt>
   <trkpt lat="10.3156860" lon="123.8616770">
    <ele>205.6</ele>
    <time>2025-12-23T08:13:54Z</time>
   </trkpt>
   <trkpt lat="10.3156960" lon="123.8616740">
    <ele>205.8</ele>
    <time>2025-12-23T08:13:55Z</time>
   </trkpt>
   <trkpt lat="10.3157090" lon="123.8616680">
    <ele>206.1</ele>
    <time>2025-12-23T08:13:56Z</time>
   </trkpt>
   <trkpt lat="10.3157170" lon="123.8616610">
    <ele>206.3</ele>
    <time>2025-12-23T08:13:57Z</time>
   </trkpt>
   <trkpt lat="10.3157260" lon="123.8616540">
    <ele>206.5</ele>
    <time>2025-12-23T08:13:58Z</time>
   </trkpt>
   <trkpt lat="10.3157340" lon="123.8616520">
    <ele>206.7</ele>
    <time>2025-12-23T08:13:59Z</time>
   </trkpt>
   <trkpt lat="10.3157420" lon="123.8616500">
    <ele>206.8</ele>
    <time>2025-12-23T08:14:00Z</time>
   </trkpt>
   <trkpt lat="10.3157470" lon="123.8616500">
    <ele>206.9</ele>
    <time>2025-12-23T08:14:01Z</time>
   </trkpt>
   <trkpt lat="10.3157550" lon="123.8616480">
    <ele>207.1</ele>
    <time>2025-12-23T08:14:02Z</time>
   </trkpt>
   <trkpt lat="10.3157630" lon="123.8616460">
    <ele>207.3</ele>
    <time>2025-12-23T08:14:03Z</time>
   </trkpt>
   <trkpt lat="10.3157700" lon="123.8616460">
    <ele>207.5</ele>
    <time>2025-12-23T08:14:04Z</time>
   </trkpt>
   <trkpt lat="10.3157780" lon="123.8616430">
    <ele>207.7</ele>
    <time>2025-12-23T08:14:05Z</time>
   </trkpt>
   <trkpt lat="10.3157860" lon="123.8616400">
    <ele>207.9</ele>
    <time>2025-12-23T08:14:06Z</time>
   </trkpt>
   <trkpt lat="10.3157970" lon="123.8616280">
    <ele>208.3</ele>
    <time>2025-12-23T08:14:07Z</time>
   </trkpt>
   <trkpt lat="10.3158000" lon="123.8616220">
    <ele>208.4</ele>
    <time>2025-12-23T08:14:08Z</time>
   </trkpt>
   <trkpt lat="10.3158030" lon="123.8616150">
    <ele>208.6</ele>
    <time>2025-12-23T08:14:09Z</time>
   </trkpt>
   <trkpt lat="10.3158060" lon="123.8616080">
    <ele>208.8</ele>
    <time>2025-12-23T08:14:10Z</time>
   </trkpt>
   <trkpt lat="10.3158130" lon="123.8616000">
    <ele>209.0</ele>
    <time>2025-12-23T08:14:11Z</time>
   </trkpt>
   <trkpt lat="10.3158210" lon="123.8615930">
    <ele>209.3</ele>
    <time>2025-12-23T08:14:12Z</time>
   </trkpt>
   <trkpt lat="10.3158270" lon="123.8615850">
    <ele>209.5</ele>
    <time>2025-12-23T08:14:13Z</time>
   </trkpt>
   <trkpt lat="10.3158340" lon="123.8615770">
    <ele>209.8</ele>
    <time>2025-12-23T08:14:14Z</time>
   </trkpt>
   <trkpt lat="10.3158410" lon="123.8615700">
    <ele>210.1</ele>
    <time>2025-12-23T08:14:15Z</time>
   </trkpt>
   <trkpt lat="10.3158440" lon="123.8615630">
    <ele>210.3</ele>
    <time>2025-12-23T08:14:16Z</time>
   </trkpt>
   <trkpt lat="10.3158470" lon="123.8615610">
    <ele>210.4</ele>
    <time>2025-12-23T08:14:17Z</time>
   </trkpt>
   <trkpt lat="10.3158500" lon="123.8615580">
    <ele>210.5</ele>
    <time>2025-12-23T08:14:18Z</time>
   </trkpt>
   <trkpt lat="10.3158560" lon="123.8615540">
    <ele>210.7</ele>
    <time>2025-12-23T08:14:19Z</time>
   </trkpt>
   <trkpt lat="10.3158620" lon="123.8615450">
    <ele>211.0</ele>
    <time>2025-12-23T08:14:20Z</time>
   </trkpt>
   <trkpt lat="10.3158670" lon="123.8615380">
    <ele>211.2</ele>
    <time>2025-12-23T08:14:21Z</time>
   </trkpt>
   <trkpt lat="10.3158740" lon="123.8615340">
    <ele>211.4</ele>
    <time>2025-12-23T08:14:22Z</time>
   </trkpt>
   <trkpt lat="10.3158780" lon="123.8615350">
    <ele>211.5</ele>
    <time>2025-12-23T08:14:23Z</time>
   </trkpt>
   <trkpt lat="10.3158820" lon="123.8615330">
    <ele>211.7</ele>
    <time>2025-12-23T08:14:24Z</time>
   </trkpt>
   <trkpt lat="10.3158880" lon="123.8615260">
    <ele>211.9</ele>
    <time>2025-12-23T08:14:25Z</time>
   </trkpt>
   <trkpt lat="10.3158940" lon="123.8615230">
    <ele>212.1</ele>
    <time>2025-12-23T08:14:26Z</time>
   </trkpt>
   <trkpt lat="10.3159030" lon="123.8615210">
    <ele>212.4</ele>
    <time>2025-12-23T08:14:27Z</time>
   </trkpt>
   <trkpt lat="10.3159130" lon="123.8615210">
    <ele>212.7</ele>
    <time>2025-12-23T08:14:28Z</time>
   </trkpt>
   <trkpt lat="10.3159220" lon="123.8615210">
    <ele>213.0</ele>
    <time>2025-12-23T08:14:29Z</time>
   </trkpt>
   <trkpt lat="10.3159330" lon="123.8615200">
    <ele>213.4</ele>
    <time>2025-12-23T08:14:30Z</time>
   </trkpt>
   <trkpt lat="10.3159440" lon="123.8615240">
    <ele>213.8</ele>
    <time>2025-12-23T08:14:31Z</time>
   </trkpt>
   <trkpt lat="10.3159540" lon="123.8615240">
    <ele>214.1</ele>
    <time>2025-12-23T08:14:32Z</time>
   </trkpt>
   <trkpt lat="10.3159660" lon="123.8615260">
    <ele>214.5</ele>
    <time>2025-12-23T08:14:33Z</time>
   </trkpt>
   <trkpt lat="10.3159730" lon="123.8615230">
    <ele>214.7</ele>
    <time>2025-12-23T08:14:34Z</time>
   </trkpt>
   <trkpt lat="10.3159800" lon="123.8615260">
    <ele>215.0</ele>
    <time>2025-12-23T08:14:35Z</time>
   </trkpt>
   <trkpt lat="10.3159880" lon="123.8615270">
    <ele>215.2</ele>
    <time>2025-12-23T08:14:36Z</time>
   </trkpt>
   <trkpt lat="10.3159910" lon="123.8615250">
    <ele>215.4</ele>
    <time>2025-12-23T08:14:37Z</time>
   </trkpt>
   <trkpt lat="10.3159950" lon="123.8615240">
    <ele>215.5</ele>
    <time>2025-12-23T08:14:38Z</time>
   </trkpt>
   <trkpt lat="10.3159970" lon="123.8615210">
    <ele>215.6</ele>
    <time>2025-12-23T08:14:39Z</time>
   </trkpt>
   <trkpt lat="10.3159970" lon="123.8615200">
    <ele>215.6</ele>
    <time>2025-12-23T08:14:40Z</time>
   </trkpt>
   <trkpt lat="10.3159970" lon="123.8615180">
    <ele>215.7</ele>
    <time>2025-12-23T08:14:41Z</time>
   </trkpt>
   <trkpt lat="10.3159980" lon="123.8615170">
    <ele>215.7</ele>
    <time>2025-12-23T08:14:42Z</time>
   </trkpt>
   <trkpt lat="10.3159980" lon="123.8615170">
    <ele>215.7</ele>
    <time>2025-12-23T08:14:43Z</time>
   </trkpt>
   <trkpt lat="10.3159990" lon="123.8615160">
    <ele>215.8</ele>
    <time>2025-12-23T08:14:44Z</time>
   </trkpt>
   <trkpt lat="10.3159990" lon="123.8615170">
    <ele>215.8</ele>
    <time>2025-12-23T08:14:45Z</time>
   </trkpt>
   <trkpt lat="10.3160000" lon="123.8615150">
    <ele>215.9</ele>
    <time>2025-12-23T08:14:46Z</time>
   </trkpt>
   <trkpt lat="10.3160000" lon="123.8615150">
    <ele>215.9</ele>
    <time>2025-12-23T08:14:47Z</time>
   </trkpt>
   <trkpt lat="10.3160000" lon="123.8615150">
    <ele>215.9</ele>
    <time>2025-12-23T08:14:48Z</time>
   </trkpt>
   <trkpt lat="10.3160000" lon="123.8615150">
    <ele>215.9</ele>
    <time>2025-12-23T08:14:49Z</time>
   </trkpt>
   <trkpt lat="10.3160000" lon="123.8615150">
    <ele>215.9</ele>
    <time>2025-12-23T08:14:50Z</time>
   </trkpt>
   <trkpt lat="10.3160000" lon="123.8615150">
    <ele>215.9</ele>
    <time>2025-12-23T08:14:51Z</time>
   </trkpt>
   <trkpt lat="10.3160000" lon="123.8615150">
    <ele>215.9</ele>
    <time>2025-12-23T08:14:52Z</time>
   </trkpt>
   <trkpt lat="10.3160000" lon="123.8615150">
    <ele>215.9</ele>
    <time>2025-12-23T08:14:53Z</time>
   </trkpt>
   <trkpt lat="10.3160000" lon="123.8615150">
    <ele>215.9</ele>
    <time>2025-12-23T08:14:54Z</time>
   </trkpt>
   <trkpt lat="10.3160000" lon="123.8615150">
    <ele>215.9</ele>
    <time>2025-12-23T08:14:55Z</time>
   </trkpt>
   <trkpt lat="10.3160000" lon="123.8615150">
    <ele>215.9</ele>
    <time>2025-12-23T08:14:56Z</time>
   </trkpt>
   <trkpt lat="10.3160000" lon="123.8615150">
    <ele>215.9</ele>
    <time>2025-12-23T08:14:57Z</time>
   </trkpt>
   <trkpt lat="10.3160000" lon="123.8615150">
    <ele>215.9</ele>
    <time>2025-12-23T08:14:58Z</time>
   </trkpt>
   <trkpt lat="10.3160000" lon="123.8615150">
    <ele>215.9</ele>
    <time>2025-12-23T08:14:59Z</time>
   </trkpt>
   <trkpt lat="10.3160000" lon="123.8615150">
    <ele>215.9</ele>
    <time>2025-12-23T08:15:00Z</time>
   </trkpt>
   <trkpt lat="10.3160000" lon="123.8615150">
    <ele>215.9</ele>
    <time>2025-12-23T08:15:01Z</time>
   </trkpt>
   <trkpt lat="10.3160000" lon="123.8615150">
    <ele>215.9</ele>
    <time>2025-12-23T08:15:02Z</time>
   </trkpt>
   <trkpt lat="10.3160000" lon="123.8615150">
    <ele>215.9</ele>
    <time>2025-12-23T08:15:03Z</time>
   </trkpt>
   <trkpt lat="10.3160000" lon="123.8615150">
    <ele>215.9</ele>
    <time>2025-12-23T08:15:04Z</time>
   </trkpt>
   <trkpt lat="10.3160000" lon="123.8615150">
    <ele>215.9</ele>
    <time>2025-12-23T08:15:05Z</time>
   </trkpt>
   <trkpt lat="10.3160000" lon="123.8615150">
    <ele>215.9</ele>
    <time>2025-12-23T08:15:06Z</time>
   </trkpt>
   <trkpt lat="10.3160000" lon="123.8615150">
    <ele>215.9</ele>
    <time>2025-12-23T08:15:07Z</time>
   </trkpt>
   <trkpt lat="10.3160000" lon="123.8615150">
    <ele>215.9</ele>
    <time>2025-12-23T08:15:08Z</time>
   </trkpt>
   <trkpt lat="10.3160150" lon="123.8615040">
    <ele>216.5</ele>
    <time>2025-12-23T08:15:09Z</time>
   </trkpt>
   <trkpt lat="10.3160240" lon="123.8615000">
    <ele>216.9</ele>
    <time>2025-12-23T08:15:10Z</time>
   </trkpt>
   <trkpt lat="10.3160340" lon="123.8614930">
    <ele>217.3</ele>
    <time>2025-12-23T08:15:11Z</time>
   </trkpt>
   <trkpt lat="10.3160440" lon="123.8614840">
    <ele>217.8</ele>
    <time>2025-12-23T08:15:12Z</time>
   </trkpt>
   <trkpt lat="10.3160540" lon="123.8614740">
    <ele>218.3</ele>
    <time>2025-12-23T08:15:13Z</time>
   </trkpt>
   <trkpt lat="10.3160620" lon="123.8614670">
    <ele>218.6</ele>
    <time>2025-12-23T08:15:14Z</time>
   </trkpt>
   <trkpt lat="10.3160700" lon="123.8614620">
    <ele>218.9</ele>
    <time>2025-12-23T08:15:15Z</time>
   </trkpt>
   <trkpt lat="10.3160780" lon="123.8614570">
    <ele>219.3</ele>
    <time>2025-12-23T08:15:16Z</time>
   </trkpt>
   <trkpt lat="10.3160860" lon="123.8614510">
    <ele>219.6</ele>
    <time>2025-12-23T08:15:17Z</time>
   </trkpt>
   <trkpt lat="10.3160940" lon="123.8614510">
    <ele>219.9</ele>
    <time>2025-12-23T08:15:18Z</time>
   </trkpt>
   <trkpt lat="10.3160990" lon="123.8614530">
    <ele>220.1</ele>
    <time>2025-12-23T08:15:19Z</time>
   </trkpt>
   <trkpt lat="10.3161030" lon="123.8614560">
    <ele>220.3</ele>
    <time>2025-12-23T08:15:20Z</time>
   </trkpt>
   <trkpt lat="10.3161090" lon="123.8614590">
    <ele>220.5</ele>
    <time>2025-12-23T08:15:21Z</time>
   </trkpt>
   <trkpt lat="10.3161150" lon="123.8614590">
    <ele>220.8</ele>
    <time>2025-12-23T08:15:22Z</time>
   </trkpt>
   <trkpt lat="10.3161220" lon="123.8614580">
    <ele>221.0</ele>
    <time>2025-12-23T08:15:23Z</time>
   </trkpt>
   <trkpt lat="10.3161300" lon="123.8614570">
    <ele>221.3</ele>
    <time>2025-12-23T08:15:24Z</time>
   </trkpt>
   <trkpt lat="10.3161380" lon="123.8614510">
    <ele>221.7</ele>
    <time>2025-12-23T08:15:25Z</time>
   </trkpt>
   <trkpt lat="10.3161450" lon="123.8614450">
    <ele>222.0</ele>
    <time>2025-12-23T08:15:26Z</time>
   </trkpt>
   <trkpt lat="10.3161500" lon="123.8614420">
    <ele>222.2</ele>
    <time>2025-12-23T08:15:27Z</time>
   </trkpt>
   <trkpt lat="10.3161550" lon="123.8614350">
    <ele>222.5</ele>
    <time>2025-12-23T08:15:28Z</time>
   </trkpt>
   <trkpt lat="10.3161630" lon="123.8614300">
    <ele>222.9</ele>
    <time>2025-12-23T08:15:29Z</time>
   </trkpt>
   <trkpt lat="10.3161710" lon="123.8614270">
    <ele>223.2</ele>
    <time>2025-12-23T08:15:30Z</time>
   </trkpt>
   <trkpt lat="10.3161770" lon="123.8614220">
    <ele>223.5</ele>
    <time>2025-12-23T08:15:31Z</time>
   </trkpt>
   <trkpt lat="10.3161840" lon="123.8614170">
    <ele>223.8</ele>
    <time>2025-12-23T08:15:32Z</time>
   </trkpt>
   <trkpt lat="10.3161940" lon="123.8614150">
    <ele>224.2</ele>
    <time>2025-12-23T08:15:33Z</time>
   </trkpt>
   <trkpt lat="10.3161990" lon="123.8614150">
    <ele>224.4</ele>
    <time>2025-12-23T08:15:34Z</time>
   </trkpt>
   <trkpt lat="10.3162080" lon="123.8614120">
    <ele>224.7</ele>
    <time>2025-12-23T08:15:35Z</time>
   </trkpt>
   <trkpt lat="10.3162150" lon="123.8614100">
    <ele>225.0</ele>
    <time>2025-12-23T08:15:36Z</time>
   </trkpt>
   <trkpt lat="10.3162230" lon="123.8614080">
    <ele>225.3</ele>
    <time>2025-12-23T08:15:37Z</time>
   </trkpt>
   <trkpt lat="10.3162300" lon="123.8614070">
    <ele>225.6</ele>
    <time>2025-12-23T08:15:38Z</time>
   </trkpt>
   <trkpt lat="10.3162360" lon="123.8614000">
    <ele>225.9</ele>
    <time>2025-12-23T08:15:39Z</time>
   </trkpt>
   <trkpt lat="10.3162420" lon="123.8613950">
    <ele>226.2</ele>
    <time>2025-12-23T08:15:40Z</time>
   </trkpt>
   <trkpt lat="10.3162500" lon="123.8613900">
    <ele>226.6</ele>
    <time>2025-12-23T08:15:41Z</time>
   </trkpt>
   <trkpt lat="10.3162520" lon="123.8613870">
    <ele>226.7</ele>
    <time>2025-12-23T08:15:42Z</time>
   </trkpt>
   <trkpt lat="10.3162540" lon="123.8613840">
    <ele>226.9</ele>
    <time>2025-12-23T08:15:43Z</time>
   </trkpt>
   <trkpt lat="10.3162540" lon="123.8613830">
    <ele>226.9</ele>
    <time>2025-12-23T08:15:44Z</time>
   </trkpt>
   <trkpt lat="10.3162560" lon="123.8613850">
    <ele>227.0</ele>
    <time>2025-12-23T08:15:45Z</time>
   </trkpt>
   <trkpt lat="10.3162600" lon="123.8613830">
    <ele>227.2</ele>
    <time>2025-12-23T08:15:46Z</time>
   </trkpt>
   <trkpt lat="10.3162640" lon="123.8613830">
    <ele>227.3</ele>
    <time>2025-12-23T08:15:47Z</time>
   </trkpt>
   <trkpt lat="10.3162660" lon="123.8613820">
    <ele>227.4</ele>
    <time>2025-12-23T08:15:48Z</time>
   </trkpt>
   <trkpt lat="10.3162700" lon="123.8613830">
    <ele>227.6</ele>
    <time>2025-12-23T08:15:49Z</time>
   </trkpt>
   <trkpt lat="10.3162730" lon="123.8613810">
    <ele>227.7</ele>
    <time>2025-12-23T08:15:50Z</time>
   </trkpt>
   <trkpt lat="10.3162740" lon="123.8613790">
    <ele>227.8</ele>
    <time>2025-12-23T08:15:51Z</time>
   </trkpt>
   <trkpt lat="10.3162730" lon="123.8613770">
    <ele>227.9</ele>
    <time>2025-12-23T08:15:52Z</time>
   </trkpt>
   <trkpt lat="10.3162730" lon="123.8613770">
    <ele>227.9</ele>
    <time>2025-12-23T08:15:53Z</time>
   </trkpt>
   <trkpt lat="10.3162730" lon="123.8613770">
    <ele>227.9</ele>
    <time>2025-12-23T08:15:54Z</time>
   </trkpt>
   <trkpt lat="10.3162730" lon="123.8613770">
    <ele>227.9</ele>
    <time>2025-12-23T08:15:55Z</time>
   </trkpt>
   <trkpt lat="10.3162730" lon="123.8613770">
    <ele>227.9</ele>
    <time>2025-12-23T08:15:56Z</time>
   </trkpt>
   <trkpt lat="10.3162730" lon="123.8613770">
    <ele>227.9</ele>
    <time>2025-12-23T08:15:57Z</time>
   </trkpt>
   <trkpt lat="10.3162730" lon="123.8613770">
    <ele>227.9</ele>
    <time>2025-12-23T08:15:58Z</time>
   </trkpt>
   <trkpt lat="10.3162730" lon="123.8613770">
    <ele>227.9</ele>
    <time>2025-12-23T08:15:59Z</time>
   </trkpt>
   <trkpt lat="10.3162730" lon="123.8613770">
    <ele>227.9</ele>
    <time>2025-12-23T08:16:00Z</time>
   </trkpt>
   <trkpt lat="10.3162730" lon="123.8613770">
    <ele>227.9</ele>
    <time>2025-12-23T08:16:01Z</time>
   </trkpt>
   <trkpt lat="10.3162730" lon="123.8613770">
    <ele>227.9</ele>
    <time>2025-12-23T08:16:02Z</time>
   </trkpt>
   <trkpt lat="10.3162730" lon="123.8613770">
    <ele>227.9</ele>
    <time>2025-12-23T08:16:03Z</time>
   </trkpt>
   <trkpt lat="10.3162730" lon="123.8613770">
    <ele>227.9</ele>
    <time>2025-12-23T08:16:04Z</time>
   </trkpt>
   <trkpt lat="10.3162730" lon="123.8613770">
    <ele>227.9</ele>
    <time>2025-12-23T08:16:05Z</time>
   </trkpt>
   <trkpt lat="10.3162730" lon="123.8613770">
    <ele>227.9</ele>
    <time>2025-12-23T08:16:06Z</time>
   </trkpt>
   <trkpt lat="10.3162860" lon="123.8613590">
    <ele>228.7</ele>
    <time>2025-12-23T08:16:07Z</time>
   </trkpt>
   <trkpt lat="10.3162940" lon="123.8613500">
    <ele>229.1</ele>
    <time>2025-12-23T08:16:08Z</time>
   </trkpt>
   <trkpt lat="10.3163010" lon="123.8613430">
    <ele>229.5</ele>
    <time>2025-12-23T08:16:09Z</time>
   </trkpt>
   <trkpt lat="10.3163080" lon="123.8613380">
    <ele>229.8</ele>
    <time>2025-12-23T08:16:10Z</time>
   </trkpt>
   <trkpt lat="10.3163130" lon="123.8613310">
    <ele>230.2</ele>
    <time>2025-12-23T08:16:11Z</time>
   </trkpt>
   <trkpt lat="10.3163150" lon="123.8613280">
    <ele>230.3</ele>
    <time>2025-12-23T08:16:12Z</time>
   </trkpt>
   <trkpt lat="10.3163190" lon="123.8613260">
    <ele>230.5</ele>
    <time>2025-12-23T08:16:13Z</time>
   </trkpt>
   <trkpt lat="10.3163230" lon="123.8613250">
    <ele>230.6</ele>
    <time>2025-12-23T08:16:14Z</time>
   </trkpt>
   <trkpt lat="10.3163280" lon="123.8613230">
    <ele>230.8</ele>
    <time>2025-12-23T08:16:15Z</time>
   </trkpt>
   <trkpt lat="10.3163300" lon="123.8613170">
    <ele>231.1</ele>
    <time>2025-12-23T08:16:16Z</time>
   </trkpt>
   <trkpt lat="10.3163370" lon="123.8613120">
    <ele>231.4</ele>
    <time>2025-12-23T08:16:17Z</time>
   </trkpt>
   <trkpt lat="10.3163420" lon="123.8613110">
    <ele>231.6</ele>
    <time>2025-12-23T08:16:18Z</time>
   </trkpt>
   <trkpt lat="10.3163490" lon="123.8613080">
    <ele>231.9</ele>
    <time>2025-12-23T08:16:19Z</time>
   </trkpt>
   <trkpt lat="10.3163530" lon="123.8613090">
    <ele>232.0</ele>
    <time>2025-12-23T08:16:20Z</time>
   </trkpt>
   <trkpt lat="10.3163550" lon="123.8613090">
    <ele>232.1</ele>
    <time>2025-12-23T08:16:21Z</time>
   </trkpt>
   <trkpt lat="10.3163580" lon="123.8613080">
    <ele>232.2</ele>
    <time>2025-12-23T08:16:22Z</time>
   </trkpt>
   <trkpt lat="10.3163610" lon="123.8613060">
    <ele>232.3</ele>
    <time>2025-12-23T08:16:23Z</time>
   </trkpt>
   <trkpt lat="10.3163590" lon="123.8613020">
    <ele>232.5</ele>
    <time>2025-12-23T08:16:24Z</time>
   </trkpt>
   <trkpt lat="10.3163580" lon="123.8613000">
    <ele>232.6</ele>
    <time>2025-12-23T08:16:25Z</time>
   </trkpt>
   <trkpt lat="10.3163580" lon="123.8613000">
    <ele>232.6</ele>
    <time>2025-12-23T08:16:26Z</time>
   </trkpt>
   <trkpt lat="10.3163580" lon="123.8613000">
    <ele>232.6</ele>
    <time>2025-12-23T08:16:27Z</time>
   </trkpt>
   <trkpt lat="10.3163580" lon="123.8613000">
    <ele>232.6</ele>
    <time>2025-12-23T08:16:28Z</time>
   </trkpt>
   <trkpt lat="10.3163580" lon="123.8613000">
    <ele>232.6</ele>
    <time>2025-12-23T08:16:29Z</time>
   </trkpt>
   <trkpt lat="10.3163580" lon="123.8613000">
    <ele>232.6</ele>
    <time>2025-12-23T08:16:30Z</time>
   </trkpt>
   <trkpt lat="10.3163580" lon="123.8613000">
    <ele>232.6</ele>
    <time>2025-12-23T08:16:31Z</time>
   </trkpt>
   <trkpt lat="10.3163580" lon="123.8613000">
    <ele>232.6</ele>
    <time>2025-12-23T08:16:32Z</time>
   </trkpt>
   <trkpt lat="10.3163580" lon="123.8613000">
    <ele>232.6</ele>
    <time>2025-12-23T08:16:33Z</time>
   </trkpt>
   <trkpt lat="10.3163580" lon="123.8613000">
    <ele>232.6</ele>
    <time>2025-12-23T08:16:34Z</time>
   </trkpt>
   <trkpt lat="10.3163580" lon="123.8613000">
    <ele>232.6</ele>
    <time>2025-12-23T08:16:35Z</time>
   </trkpt>
   <trkpt lat="10.3163580" lon="123.8613000">
    <ele>232.6</ele>
    <time>2025-12-23T08:16:36Z</time>
   </trkpt>
   <trkpt lat="10.3163580" lon="123.8613000">
    <ele>232.6</ele>
    <time>2025-12-23T08:16:37Z</time>
   </trkpt>
   <trkpt lat="10.3163580" lon="123.8613000">
    <ele>232.6</ele>
    <time>2025-12-23T08:16:38Z</time>
   </trkpt>
   <trkpt lat="10.3163580" lon="123.8613000">
    <ele>232.6</ele>
    <time>2025-12-23T08:16:39Z</time>
   </trkpt>
   <trkpt lat="10.3163580" lon="123.8613000">
    <ele>232.6</ele>
    <time>2025-12-23T08:16:40Z</time>
   </trkpt>
   <trkpt lat="10.3163580" lon="123.8613000">
    <ele>232.6</ele>
    <time>2025-12-23T08:16:41Z</time>
   </trkpt>
   <trkpt lat="10.3163580" lon="123.8613000">
    <ele>232.6</ele>
    <time>2025-12-23T08:16:42Z</time>
   </trkpt>
   <trkpt lat="10.3163580" lon="123.8613000">
    <ele>232.6</ele>
    <time>2025-12-23T08:16:43Z</time>
   </trkpt>
   <trkpt lat="10.3163580" lon="123.8613000">
    <ele>232.6</ele>
    <time>2025-12-23T08:16:44Z</time>
   </trkpt>
   <trkpt lat="10.3163580" lon="123.8613000">
    <ele>232.6</ele>
    <time>2025-12-23T08:16:45Z</time>
   </trkpt>
   <trkpt lat="10.3163580" lon="123.8613000">
    <ele>232.6</ele>
    <time>2025-12-23T08:16:46Z</time>
   </trkpt>
   <trkpt lat="10.3163580" lon="123.8613000">
    <ele>232.6</ele>
    <time>2025-12-23T08:16:47Z</time>
   </trkpt>
   <trkpt lat="10.3163730" lon="123.8612880">
    <ele>233.3</ele>
    <time>2025-12-23T08:16:48Z</time>
   </trkpt>
   <trkpt lat="10.3163830" lon="123.8612820">
    <ele>233.8</ele>
    <time>2025-12-23T08:16:49Z</time>
   </trkpt>
   <trkpt lat="10.3163920" lon="123.8612780">
    <ele>234.1</ele>
    <time>2025-12-23T08:16:50Z</time>
   </trkpt>
   <trkpt lat="10.3164020" lon="123.8612740">
    <ele>234.5</ele>
    <time>2025-12-23T08:16:51Z</time>
   </trkpt>
   <trkpt lat="10.3164070" lon="123.8612670">
    <ele>234.9</ele>
    <time>2025-12-23T08:16:52Z</time>
   </trkpt>
   <trkpt lat="10.3164110" lon="123.8612600">
    <ele>235.1</ele>
    <time>2025-12-23T08:16:53Z</time>
   </trkpt>
   <trkpt lat="10.3164130" lon="123.8612530">
    <ele>235.4</ele>
    <time>2025-12-23T08:16:54Z</time>
   </trkpt>
   <trkpt lat="10.3164160" lon="123.8612460">
    <ele>235.7</ele>
    <time>2025-12-23T08:16:55Z</time>
   </trkpt>
   <trkpt lat="10.3164210" lon="123.8612390">
    <ele>236.0</ele>
    <time>2025-12-23T08:16:56Z</time>
   </trkpt>
   <trkpt lat="10.3164280" lon="123.8612330">
    <ele>236.3</ele>
    <time>2025-12-23T08:16:57Z</time>
   </trkpt>
   <trkpt lat="10.3164370" lon="123.8612270">
    <ele>236.7</ele>
    <time>2025-12-23T08:16:58Z</time>
   </trkpt>
   <trkpt lat="10.3164440" lon="123.8612220">
    <ele>237.0</ele>
    <time>2025-12-23T08:16:59Z</time>
   </trkpt>
   <trkpt lat="10.3164490" lon="123.8612140">
    <ele>237.4</ele>
    <time>2025-12-23T08:17:00Z</time>
   </trkpt>
   <trkpt lat="10.3164540" lon="123.8612070">
    <ele>237.7</ele>
    <time>2025-12-23T08:17:01Z</time>
   </trkpt>
   <trkpt lat="10.3164630" lon="123.8612030">
    <ele>238.0</ele>
    <time>2025-12-23T08:17:02Z</time>
   </trkpt>
   <trkpt lat="10.3164680" lon="123.8611980">
    <ele>238.3</ele>
    <time>2025-12-23T08:17:03Z</time>
   </trkpt>
   <trkpt lat="10.3164710" lon="123.8611930">
    <ele>238.5</ele>
    <time>2025-12-23T08:17:04Z</time>
   </trkpt>
   <trkpt lat="10.3164780" lon="123.8611900">
    <ele>238.8</ele>
    <time>2025-12-23T08:17:05Z</time>
   </trkpt>
   <trkpt lat="10.3164850" lon="123.8611860">
    <ele>239.0</ele>
    <time>2025-12-23T08:17:06Z</time>
   </trkpt>
   <trkpt lat="10.3164900" lon="123.8611840">
    <ele>239.2</ele>
    <time>2025-12-23T08:17:07Z</time>
   </trkpt>
   <trkpt lat="10.3164960" lon="123.8611840">
    <ele>239.5</ele>
    <time>2025-12-23T08:17:08Z</time>
   </trkpt>
   <trkpt lat="10.3165010" lon="123.8611820">
    <ele>239.6</ele>
    <time>2025-12-23T08:17:09Z</time>
   </trkpt>
   <trkpt lat="10.3165040" lon="123.8611800">
    <ele>239.8</ele>
    <time>2025-12-23T08:17:10Z</time>
   </trkpt>
   <trkpt lat="10.3165090" lon="123.8611770">
    <ele>240.0</ele>
    <time>2025-12-23T08:17:11Z</time>
   </trkpt>
   <trkpt lat="10.3165150" lon="123.8611700">
    <ele>240.3</ele>
    <time>2025-12-23T08:17:12Z</time>
   </trkpt>
   <trkpt lat="10.3165200" lon="123.8611650">
    <ele>240.5</ele>
    <time>2025-12-23T08:17:13Z</time>
   </trkpt>
   <trkpt lat="10.3165240" lon="123.8611590">
    <ele>240.8</ele>
    <time>2025-12-23T08:17:14Z</time>
   </trkpt>
   <trkpt lat="10.3165270" lon="123.8611540">
    <ele>241.0</ele>
    <time>2025-12-23T08:17:15Z</time>
   </trkpt>
   <trkpt lat="10.3165330" lon="123.8611530">
    <ele>241.2</ele>
    <time>2025-12-23T08:17:16Z</time>
   </trkpt>
   <trkpt lat="10.3165390" lon="123.8611520">
    <ele>241.4</ele>
    <time>2025-12-23T08:17:17Z</time>
   </trkpt>
   <trkpt lat="10.3165450" lon="123.8611530">
    <ele>241.6</ele>
    <time>2025-12-23T08:17:18Z</time>
   </trkpt>
   <trkpt lat="10.3165510" lon="123.8611510">
    <ele>241.8</ele>
    <time>2025-12-23T08:17:19Z</time>
   </trkpt>
   <trkpt lat="10.3165580" lon="123.8611470">
    <ele>242.1</ele>
    <time>2025-12-23T08:17:20Z</time>
   </trkpt>
   <trkpt lat="10.3165660" lon="123.8611440">
    <ele>242.4</ele>
    <time>2025-12-23T08:17:21Z</time>
   </trkpt>
   <trkpt lat="10.3165730" lon="123.8611420">
    <ele>242.7</ele>
    <time>2025-12-23T08:17:22Z</time>
   </trkpt>
   <trkpt lat="10.3165780" lon="123.8611370">
    <ele>242.9</ele>
    <time>2025-12-23T08:17:23Z</time>
   </trkpt>
   <trkpt lat="10.3165820" lon="123.8611370">
    <ele>243.1</ele>
    <time>2025-12-23T08:17:24Z</time>
   </trkpt>
   <trkpt lat="10.3165860" lon="123.8611370">
    <ele>243.2</ele>
    <time>2025-12-23T08:17:25Z</time>
   </trkpt>
   <trkpt lat="10.3165880" lon="123.8611350">
    <ele>243.3</ele>
    <time>2025-12-23T08:17:26Z</time>
   </trkpt>
   <trkpt lat="10.3165920" lon="123.8611340">
    <ele>243.5</ele>
    <time>2025-12-23T08:17:27Z</time>
   </trkpt>
   <trkpt lat="10.3165950" lon="123.8611340">
    <ele>243.6</ele>
    <time>2025-12-23T08:17:28Z</time>
   </trkpt>
   <trkpt lat="10.3165980" lon="123.8611300">
    <ele>243.7</ele>
    <time>2025-12-23T08:17:29Z</time>
   </trkpt>
   <trkpt lat="10.3165970" lon="123.8611270">
    <ele>243.8</ele>
    <time>2025-12-23T08:17:30Z</time>
   </trkpt>
   <trkpt lat="10.3165940" lon="123.8611240">
    <ele>244.0</ele>
    <time>2025-12-23T08:17:31Z</time>
   </trkpt>
   <trkpt lat="10.3165930" lon="123.8611210">
    <ele>244.1</ele>
    <time>2025-12-23T08:17:32Z</time>
   </trkpt>
   <trkpt lat="10.3165910" lon="123.8611200">
    <ele>244.2</ele>
    <time>2025-12-23T08:17:33Z</time>
   </trkpt>
   <trkpt lat="10.3165880" lon="123.8611190">
    <ele>244.3</ele>
    <time>2025-12-23T08:17:34Z</time>
   </trkpt>
   <trkpt lat="10.3165870" lon="123.8611180">
    <ele>244.3</ele>
    <time>2025-12-23T08:17:35Z</time>
   </trkpt>
   <trkpt lat="10.3165870" lon="123.8611180">
    <ele>244.3</ele>
    <time>2025-12-23T08:17:36Z</time>
   </trkpt>
   <trkpt lat="10.3165730" lon="123.8611210">
    <ele>244.8</ele>
    <time>2025-12-23T08:17:37Z</time>
   </trkpt>
   <trkpt lat="10.3165660" lon="123.8611210">
    <ele>245.1</ele>
    <time>2025-12-23T08:17:38Z</time>
   </trkpt>
   <trkpt lat="10.3165630" lon="123.8611230">
    <ele>245.2</ele>
    <time>2025-12-23T08:17:39Z</time>
   </trkpt>
   <trkpt lat="10.3165580" lon="123.8611230">
    <ele>245.4</ele>
    <time>2025-12-23T08:17:40Z</time>
   </trkpt>
   <trkpt lat="10.3165570" lon="123.8611230">
    <ele>245.4</ele>
    <time>2025-12-23T08:17:41Z</time>
   </trkpt>
   <trkpt lat="10.3165570" lon="123.8611230">
    <ele>245.4</ele>
    <time>2025-12-23T08:17:42Z</time>
   </trkpt>
   <trkpt lat="10.3165570" lon="123.8611230">
    <ele>245.4</ele>
    <time>2025-12-23T08:17:43Z</time>
   </trkpt>
   <trkpt lat="10.3165570" lon="123.8611230">
    <ele>245.4</ele>
    <time>2025-12-23T08:17:44Z</time>
   </trkpt>
   <trkpt lat="10.3165570" lon="123.8611230">
    <ele>245.4</ele>
    <time>2025-12-23T08:17:45Z</time>
   </trkpt>
   <trkpt lat="10.3165570" lon="123.8611230">
    <ele>245.4</ele>
    <time>2025-12-23T08:17:46Z</time>
   </trkpt>
   <trkpt lat="10.3165580" lon="123.8611190">
    <ele>245.6</ele>
    <time>2025-12-23T08:17:47Z</time>
   </trkpt>
   <trkpt lat="10.3165620" lon="123.8611200">
    <ele>245.7</ele>
    <time>2025-12-23T08:17:48Z</time>
   </trkpt>
   <trkpt lat="10.3165650" lon="123.8611190">
    <ele>245.8</ele>
    <time>2025-12-23T08:17:49Z</time>
   </trkpt>
   <trkpt lat="10.3165640" lon="123.8611200">
    <ele>245.9</ele>
    <time>2025-12-23T08:17:50Z</time>
   </trkpt>
   <trkpt lat="10.3165630" lon="123.8611180">
    <ele>245.9</ele>
    <time>2025-12-23T08:17:51Z</time>
   </trkpt>
   <trkpt lat="10.3165610" lon="123.8611170">
    <ele>246.0</ele>
    <time>2025-12-23T08:17:52Z</time>
   </trkpt>
   <trkpt lat="10.3165600" lon="123.8611170">
    <ele>246.1</ele>
    <time>2025-12-23T08:17:53Z</time>
   </trkpt>
   <trkpt lat="10.3165600" lon="123.8611170">
    <ele>246.1</ele>
    <time>2025-12-23T08:17:54Z</time>
   </trkpt>
   <trkpt lat="10.3165600" lon="123.8611170">
    <ele>246.1</ele>
    <time>2025-12-23T08:17:55Z</time>
   </trkpt>
   <trkpt lat="10.3165600" lon="123.8611170">
    <ele>246.1</ele>
    <time>2025-12-23T08:17:56Z</time>
   </trkpt>
   <trkpt lat="10.3165600" lon="123.8611170">
    <ele>246.1</ele>
    <time>2025-12-23T08:17:57Z</time>
   </trkpt>
   <trkpt lat="10.3165600" lon="123.8611170">
    <ele>246.1</ele>
    <time>2025-12-23T08:17:58Z</time>
   </trkpt>
   <trkpt lat="10.3165600" lon="123.8611170">
    <ele>246.1</ele>
    <time>2025-12-23T08:17:59Z</time>
   </trkpt>
   <trkpt lat="10.3165600" lon="123.8611170">
    <ele>246.1</ele>
    <time>2025-12-23T08:18:00Z</time>
   </trkpt>
   <trkpt lat="10.3165600" lon="123.8611170">
    <ele>246.1</ele>
    <time>2025-12-23T08:18:01Z</time>
   </trkpt>
   <trkpt lat="10.3165600" lon="123.8611170">
    <ele>246.1</ele>
    <time>2025-12-23T08:18:02Z</time>
   </trkpt>
   <trkpt lat="10.3165600" lon="123.8611170">
    <ele>246.1</ele>
    <time>2025-12-23T08:18:03Z</time>
   </trkpt>
   <trkpt lat="10.3165480" lon="123.8611140">
    <ele>246.5</ele>
    <time>2025-12-23T08:18:04Z</time>
   </trkpt>
   <trkpt lat="10.3165430" lon="123.8611120">
    <ele>246.7</ele>
    <time>2025-12-23T08:18:05Z</time>
   </trkpt>
   <trkpt lat="10.3165420" lon="123.8611120">
    <ele>246.7</ele>
    <time>2025-12-23T08:18:06Z</time>
   </trkpt>
   <trkpt lat="10.3165410" lon="123.8611100">
    <ele>246.8</ele>
    <time>2025-12-23T08:18:07Z</time>
   </trkpt>
   <trkpt lat="10.3165420" lon="123.8611100">
    <ele>246.8</ele>
    <time>2025-12-23T08:18:08Z</time>
   </trkpt>
   <trkpt lat="10.3165420" lon="123.8611100">
    <ele>246.8</ele>
    <time>2025-12-23T08:18:09Z</time>
   </trkpt>
   <trkpt lat="10.3165420" lon="123.8611100">
    <ele>246.8</ele>
    <time>2025-12-23T08:18:10Z</time>
   </trkpt>
   <trkpt lat="10.3165420" lon="123.8611100">
    <ele>246.8</ele>
    <time>2025-12-23T08:18:11Z</time>
   </trkpt>
   <trkpt lat="10.3165420" lon="123.8611100">
    <ele>246.8</ele>
    <time>2025-12-23T08:18:12Z</time>
   </trkpt>
   <trkpt lat="10.3165420" lon="123.8611100">
    <ele>246.8</ele>
    <time>2025-12-23T08:18:13Z</time>
   </trkpt>
   <trkpt lat="10.3165420" lon="123.8611100">
    <ele>246.8</ele>
    <time>2025-12-23T08:18:14Z</time>
   </trkpt>
   <trkpt lat="10.3165420" lon="123.8611100">
    <ele>246.8</ele>
    <time>2025-12-23T08:18:15Z</time>
   </trkpt>
   <trkpt lat="10.3165420" lon="123.8611100">
    <ele>246.8</ele>
    <time>2025-12-23T08:18:16Z</time>
   </trkpt>
   <trkpt lat="10.3165660" lon="123.8611050">
    <ele>247.7</ele>
    <time>2025-12-23T08:18:17Z</time>
   </trkpt>
   <trkpt lat="10.3165830" lon="123.8611030">
    <ele>248.3</ele>
    <time>2025-12-23T08:18:18Z</time>
   </trkpt>
   <trkpt lat="10.3165960" lon="123.8611020">
    <ele>248.8</ele>
    <time>2025-12-23T08:18:19Z</time>
   </trkpt>
   <trkpt lat="10.3166110" lon="123.8611020">
    <ele>249.3</ele>
    <time>2025-12-23T08:18:20Z</time>
   </trkpt>
   <trkpt lat="10.3166230" lon="123.8611010">
    <ele>249.7</ele>
    <time>2025-12-23T08:18:21Z</time>
   </trkpt>
   <trkpt lat="10.3166340" lon="123.8611040">
    <ele>250.0</ele>
    <time>2025-12-23T08:18:22Z</time>
   </trkpt>
   <trkpt lat="10.3166450" lon="123.8611040">
    <ele>250.4</ele>
    <time>2025-12-23T08:18:23Z</time>
   </trkpt>
   <trkpt lat="10.3166550" lon="123.8611020">
    <ele>250.7</ele>
    <time>2025-12-23T08:18:24Z</time>
   </trkpt>
   <trkpt lat="10.3166640" lon="123.8611010">
    <ele>251.0</ele>
    <time>2025-12-23T08:18:25Z</time>
   </trkpt>
   <trkpt lat="10.3166730" lon="123.8611000">
    <ele>251.3</ele>
    <time>2025-12-23T08:18:26Z</time>
   </trkpt>
   <trkpt lat="10.3166800" lon="123.8610980">
    <ele>251.5</ele>
    <time>2025-12-23T08:18:27Z</time>
   </trkpt>
   <trkpt lat="10.3166870" lon="123.8610970">
    <ele>251.8</ele>
    <time>2025-12-23T08:18:28Z</time>
   </trkpt>
   <trkpt lat="10.3166950" lon="123.8610920">
    <ele>252.0</ele>
    <time>2025-12-23T08:18:29Z</time>
   </trkpt>
   <trkpt lat="10.3167030" lon="123.8610900">
    <ele>252.3</ele>
    <time>2025-12-23T08:18:30Z</time>
   </trkpt>
   <trkpt lat="10.3167090" lon="123.8610910">
    <ele>252.5</ele>
    <time>2025-12-23T08:18:31Z</time>
   </trkpt>
   <trkpt lat="10.3167150" lon="123.8610890">
    <ele>252.7</ele>
    <time>2025-12-23T08:18:32Z</time>
   </trkpt>
   <trkpt lat="10.3167190" lon="123.8610880">
    <ele>252.8</ele>
    <time>2025-12-23T08:18:33Z</time>
   </trkpt>
   <trkpt lat="10.3167250" lon="123.8610870">
    <ele>253.0</ele>
    <time>2025-12-23T08:18:34Z</time>
   </trkpt>
   <trkpt lat="10.3167320" lon="123.8610860">
    <ele>253.2</ele>
    <time>2025-12-23T08:18:35Z</time>
   </trkpt>
   <trkpt lat="10.3167400" lon="123.8610840">
    <ele>253.4</ele>
    <time>2025-12-23T08:18:36Z</time>
   </trkpt>
   <trkpt lat="10.3167450" lon="123.8610810">
    <ele>253.6</ele>
    <time>2025-12-23T08:18:37Z</time>
   </trkpt>
   <trkpt lat="10.3167540" lon="123.8610790">
    <ele>253.8</ele>
    <time>2025-12-23T08:18:38Z</time>
   </trkpt>
   <trkpt lat="10.3167650" lon="123.8610800">
    <ele>254.1</ele>
    <time>2025-12-23T08:18:39Z</time>
   </trkpt>
   <trkpt lat="10.3167740" lon="123.8610770">
    <ele>254.4</ele>
    <time>2025-12-23T08:18:40Z</time>
   </trkpt>
   <trkpt lat="10.3167790" lon="123.8610740">
    <ele>254.6</ele>
    <time>2025-12-23T08:18:41Z</time>
   </trkpt>
   <trkpt lat="10.3167860" lon="123.8610770">
    <ele>254.8</ele>
    <time>2025-12-23T08:18:42Z</time>
   </trkpt>
   <trkpt lat="10.3167930" lon="123.8610810">
    <ele>255.0</ele>
    <time>2025-12-23T08:18:43Z</time>
   </trkpt>
   <trkpt lat="10.3167990" lon="123.8610870">
    <ele>255.2</ele>
    <time>2025-12-23T08:18:44Z</time>
   </trkpt>
   <trkpt lat="10.3168040" lon="123.8610890">
    <ele>255.3</ele>
    <time>2025-12-23T08:18:45Z</time>
   </trkpt>
   <trkpt lat="10.3168060" lon="123.8610880">
    <ele>255.4</ele>
    <time>2025-12-23T08:18:46Z</time>
   </trkpt>
   <trkpt lat="10.3168120" lon="123.8610890">
    <ele>255.5</ele>
    <time>2025-12-23T08:18:47Z</time>
   </trkpt>
   <trkpt lat="10.3168200" lon="123.8610900">
    <ele>255.7</ele>
    <time>2025-12-23T08:18:48Z</time>
   </trkpt>
   <trkpt lat="10.3168260" lon="123.8610950">
    <ele>255.9</ele>
    <time>2025-12-23T08:18:49Z</time>
   </trkpt>
   <trkpt lat="10.3168300" lon="123.8611010">
    <ele>256.1</ele>
    <time>2025-12-23T08:18:50Z</time>
   </trkpt>
   <trkpt lat="10.3168380" lon="123.8611040">
    <ele>256.3</ele>
    <time>2025-12-23T08:18:51Z</time>
   </trkpt>
   <trkpt lat="10.3168460" lon="123.8611070">
    <ele>256.5</ele>
    <time>2025-12-23T08:18:52Z</time>
   </trkpt>
   <trkpt lat="10.3168530" lon="123.8611090">
    <ele>256.7</ele>
    <time>2025-12-23T08:18:53Z</time>
   </trkpt>
   <trkpt lat="10.3168610" lon="123.8611120">
    <ele>256.9</ele>
    <time>2025-12-23T08:18:54Z</time>
   </trkpt>
   <trkpt lat="10.3168690" lon="123.8611150">
    <ele>257.1</ele>
    <time>2025-12-23T08:18:55Z</time>
   </trkpt>
   <trkpt lat="10.3168750" lon="123.8611170">
    <ele>257.3</ele>
    <time>2025-12-23T08:18:56Z</time>
   </trkpt>
   <trkpt lat="10.3168800" lon="123.8611210">
    <ele>257.4</ele>
    <time>2025-12-23T08:18:57Z</time>
   </trkpt>
   <trkpt lat="10.3168850" lon="123.8611250">
    <ele>257.6</ele>
    <time>2025-12-23T08:18:58Z</time>
   </trkpt>
   <trkpt lat="10.3168930" lon="123.8611280">
    <ele>257.8</ele>
    <time>2025-12-23T08:18:59Z</time>
   </trkpt>
   <trkpt lat="10.3169020" lon="123.8611300">
    <ele>258.0</ele>
    <time>2025-12-23T08:19:00Z</time>
   </trkpt>
   <trkpt lat="10.3169110" lon="123.8611310">
    <ele>258.2</ele>
    <time>2025-12-23T08:19:01Z</time>
   </trkpt>
   <trkpt lat="10.3169180" lon="123.8611350">
    <ele>258.4</ele>
    <time>2025-12-23T08:19:02Z</time>
   </trkpt>
   <trkpt lat="10.3169230" lon="123.8611390">
    <ele>258.6</ele>
    <time>2025-12-23T08:19:03Z</time>
   </trkpt>
   <trkpt lat="10.3169310" lon="123.8611440">
    <ele>258.8</ele>
    <time>2025-12-23T08:19:04Z</time>
   </trkpt>
   <trkpt lat="10.3169380" lon="123.8611480">
    <ele>259.0</ele>
    <time>2025-12-23T08:19:05Z</time>
   </trkpt>
   <trkpt lat="10.3169410" lon="123.8611510">
    <ele>259.1</ele>
    <time>2025-12-23T08:19:06Z</time>
   </trkpt>
   <trkpt lat="10.3169430" lon="123.8611550">
    <ele>259.2</ele>
    <time>2025-12-23T08:19:07Z</time>
   </trkpt>
   <trkpt lat="10.3169470" lon="123.8611580">
    <ele>259.3</ele>
    <time>2025-12-23T08:19:08Z</time>
   </trkpt>
   <trkpt lat="10.3169520" lon="123.8611590">
    <ele>259.4</ele>
    <time>2025-12-23T08:19:09Z</time>
   </trkpt>
   <trkpt lat="10.3169550" lon="123.8611620">
    <ele>259.5</ele>
    <time>2025-12-23T08:19:10Z</time>
   </trkpt>
   <trkpt lat="10.3169560" lon="123.8611660">
    <ele>259.6</ele>
    <time>2025-12-23T08:19:11Z</time>
   </trkpt>
   <trkpt lat="10.3169570" lon="123.8611720">
    <ele>259.8</ele>
    <time>2025-12-23T08:19:12Z</time>
   </trkpt>
   <trkpt lat="10.3169600" lon="123.8611710">
    <ele>259.8</ele>
    <time>2025-12-23T08:19:13Z</time>
   </trkpt>
   <trkpt lat="10.3169620" lon="123.8611720">
    <ele>259.9</ele>
    <time>2025-12-23T08:19:14Z</time>
   </trkpt>
   <trkpt lat="10.3169640" lon="123.8611740">
    <ele>260.0</ele>
    <time>2025-12-23T08:19:15Z</time>
   </trkpt>
   <trkpt lat="10.3169670" lon="123.8611760">
    <ele>260.0</ele>
    <time>2025-12-23T08:19:16Z</time>
   </trkpt>
   <trkpt lat="10.3169680" lon="123.8611760">
    <ele>260.1</ele>
    <time>2025-12-23T08:19:17Z</time>
   </trkpt>
   <trkpt lat="10.3169680" lon="123.8611770">
    <ele>260.1</ele>
    <time>2025-12-23T08:19:18Z</time>
   </trkpt>
   <trkpt lat="10.3169680" lon="123.8611770">
    <ele>260.1</ele>
    <time>2025-12-23T08:19:19Z</time>
   </trkpt>
   <trkpt lat="10.3169910" lon="123.8611830">
    <ele>260.6</ele>
    <time>2025-12-23T08:19:20Z</time>
   </trkpt>
   <trkpt lat="10.3170030" lon="123.8611870">
    <ele>260.9</ele>
    <time>2025-12-23T08:19:21Z</time>
   </trkpt>
   <trkpt lat="10.3170100" lon="123.8611910">
    <ele>261.1</ele>
    <time>2025-12-23T08:19:22Z</time>
   </trkpt>
   <trkpt lat="10.3170180" lon="123.8611990">
    <ele>261.4</ele>
    <time>2025-12-23T08:19:23Z</time>
   </trkpt>
   <trkpt lat="10.3170260" lon="123.8612080">
    <ele>261.6</ele>
    <time>2025-12-23T08:19:24Z</time>
   </trkpt>
   <trkpt lat="10.3170340" lon="123.8612130">
    <ele>261.9</ele>
    <time>2025-12-23T08:19:25Z</time>
   </trkpt>
   <trkpt lat="10.3170410" lon="123.8612160">
    <ele>262.0</ele>
    <time>2025-12-23T08:19:26Z</time>
   </trkpt>
   <trkpt lat="10.3170490" lon="123.8612200">
    <ele>262.2</ele>
    <time>2025-12-23T08:19:27Z</time>
   </trkpt>
   <trkpt lat="10.3170560" lon="123.8612230">
    <ele>262.4</ele>
    <time>2025-12-23T08:19:28Z</time>
   </trkpt>
   <trkpt lat="10.3170660" lon="123.8612280">
    <ele>262.7</ele>
    <time>2025-12-23T08:19:29Z</time>
   </trkpt>
   <trkpt lat="10.3170770" lon="123.8612300">
    <ele>262.9</ele>
    <time>2025-12-23T08:19:30Z</time>
   </trkpt>
   <trkpt lat="10.3170850" lon="123.8612280">
    <ele>263.1</ele>
    <time>2025-12-23T08:19:31Z</time>
   </trkpt>
   <trkpt lat="10.3170920" lon="123.8612220">
    <ele>263.3</ele>
    <time>2025-12-23T08:19:32Z</time>
   </trkpt>
   <trkpt lat="10.3171000" lon="123.8612180">
    <ele>263.5</ele>
    <time>2025-12-23T08:19:33Z</time>
   </trkpt>
   <trkpt lat="10.3171070" lon="123.8612160">
    <ele>263.7</ele>
    <time>2025-12-23T08:19:34Z</time>
   </trkpt>
   <trkpt lat="10.3171140" lon="123.8612180">
    <ele>263.8</ele>
    <time>2025-12-23T08:19:35Z</time>
   </trkpt>
   <trkpt lat="10.3171200" lon="123.8612210">
    <ele>263.9</ele>
    <time>2025-12-23T08:19:36Z</time>
   </trkpt>
   <trkpt lat="10.3171270" lon="123.8612230">
    <ele>264.1</ele>
    <time>2025-12-23T08:19:37Z</time>
   </trkpt>
   <trkpt lat="10.3171360" lon="123.8612240">
    <ele>264.3</ele>
    <time>2025-12-23T08:19:38Z</time>
   </trkpt>
   <trkpt lat="10.3171440" lon="123.8612250">
    <ele>264.5</ele>
    <time>2025-12-23T08:19:39Z</time>
   </trkpt>
   <trkpt lat="10.3171520" lon="123.8612230">
    <ele>264.6</ele>
    <time>2025-12-23T08:19:40Z</time>
   </trkpt>
   <trkpt lat="10.3171580" lon="123.8612250">
    <ele>264.8</ele>
    <time>2025-12-23T08:19:41Z</time>
   </trkpt>
   <trkpt lat="10.3171660" lon="123.8612270">
    <ele>264.9</ele>
    <time>2025-12-23T08:19:42Z</time>
   </trkpt>
   <trkpt lat="10.3171730" lon="123.8612290">
    <ele>265.1</ele>
    <time>2025-12-23T08:19:43Z</time>
   </trkpt>
   <trkpt lat="10.3171770" lon="123.8612300">
    <ele>265.2</ele>
    <time>2025-12-23T08:19:44Z</time>
   </trkpt>
   <trkpt lat="10.3171820" lon="123.8612310">
    <ele>265.3</ele>
    <time>2025-12-23T08:19:45Z</time>
   </trkpt>
   <trkpt lat="10.3171840" lon="123.8612300">
    <ele>265.3</ele>
    <time>2025-12-23T08:19:46Z</time>
   </trkpt>
   <trkpt lat="10.3171870" lon="123.8612280">
    <ele>265.4</ele>
    <time>2025-12-23T08:19:47Z</time>
   </trkpt>
   <trkpt lat="10.3171900" lon="123.8612270">
    <ele>265.4</ele>
    <time>2025-12-23T08:19:48Z</time>
   </trkpt>
   <trkpt lat="10.3171920" lon="123.8612290">
    <ele>265.5</ele>
    <time>2025-12-23T08:19:49Z</time>
   </trkpt>
   <trkpt lat="10.3171960" lon="123.8612310">
    <ele>265.6</ele>
    <time>2025-12-23T08:19:50Z</time>
   </trkpt>
   <trkpt lat="10.3171980" lon="123.8612330">
    <ele>265.7</ele>
    <time>2025-12-23T08:19:51Z</time>
   </trkpt>
   <trkpt lat="10.3171960" lon="123.8612330">
    <ele>265.7</ele>
    <time>2025-12-23T08:19:52Z</time>
   </trkpt>
   <trkpt lat="10.3171950" lon="123.8612330">
    <ele>265.7</ele>
    <time>2025-12-23T08:19:53Z</time>
   </trkpt>
   <trkpt lat="10.3171950" lon="123.8612330">
    <ele>265.7</ele>
    <time>2025-12-23T08:19:54Z</time>
   </trkpt>
   <trkpt lat="10.3171950" lon="123.8612330">
    <ele>265.7</ele>
    <time>2025-12-23T08:19:55Z</time>
   </trkpt>
   <trkpt lat="10.3171950" lon="123.8612330">
    <ele>265.7</ele>
    <time>2025-12-23T08:19:56Z</time>
   </trkpt>
   <trkpt lat="10.3171950" lon="123.8612330">
    <ele>265.7</ele>
    <time>2025-12-23T08:19:57Z</time>
   </trkpt>
   <trkpt lat="10.3171950" lon="123.8612330">
    <ele>265.7</ele>
    <time>2025-12-23T08:19:58Z</time>
   </trkpt>
   <trkpt lat="10.3171950" lon="123.8612330">
    <ele>265.7</ele>
    <time>2025-12-23T08:19:59Z</time>
   </trkpt>
   <trkpt lat="10.3172190" lon="123.8612360">
    <ele>266.4</ele>
    <time>2025-12-23T08:20:00Z</time>
   </trkpt>
   <trkpt lat="10.3172330" lon="123.8612360">
    <ele>266.8</ele>
    <time>2025-12-23T08:20:01Z</time>
   </trkpt>
   <trkpt lat="10.3172460" lon="123.8612360">
    <ele>267.2</ele>
    <time>2025-12-23T08:20:02Z</time>
   </trkpt>
   <trkpt lat="10.3172590" lon="123.8612380">
    <ele>267.6</ele>
    <time>2025-12-23T08:20:03Z</time>
   </trkpt>
   <trkpt lat="10.3172760" lon="123.8612390">
    <ele>268.1</ele>
    <time>2025-12-23T08:20:04Z</time>
   </trkpt>
   <trkpt lat="10.3172860" lon="123.8612400">
    <ele>268.4</ele>
    <time>2025-12-23T08:20:05Z</time>
   </trkpt>
   <trkpt lat="10.3172940" lon="123.8612430">
    <ele>268.6</ele>
    <time>2025-12-23T08:20:06Z</time>
   </trkpt>
   <trkpt lat="10.3173020" lon="123.8612480">
    <ele>268.9</ele>
    <time>2025-12-23T08:20:07Z</time>
   </trkpt>
   <trkpt lat="10.3173090" lon="123.8612520">
    <ele>269.1</ele>
    <time>2025-12-23T08:20:08Z</time>
   </trkpt>
   <trkpt lat="10.3173170" lon="123.8612550">
    <ele>269.4</ele>
    <time>2025-12-23T08:20:09Z</time>
   </trkpt>
   <trkpt lat="10.3173240" lon="123.8612600">
    <ele>269.7</ele>
    <time>2025-12-23T08:20:10Z</time>
   </trkpt>
   <trkpt lat="10.3173350" lon="123.8612620">
    <ele>270.0</ele>
    <time>2025-12-23T08:20:11Z</time>
   </trkpt>
   <trkpt lat="10.3173440" lon="123.8612640">
    <ele>270.3</ele>
    <time>2025-12-23T08:20:12Z</time>
   </trkpt>
   <trkpt lat="10.3173520" lon="123.8612690">
    <ele>270.6</ele>
    <time>2025-12-23T08:20:13Z</time>
   </trkpt>
   <trkpt lat="10.3173590" lon="123.8612730">
    <ele>270.8</ele>
    <time>2025-12-23T08:20:14Z</time>
   </trkpt>
   <trkpt lat="10.3173670" lon="123.8612750">
    <ele>271.1</ele>
    <time>2025-12-23T08:20:15Z</time>
   </trkpt>
   <trkpt lat="10.3173760" lon="123.8612740">
    <ele>271.4</ele>
    <time>2025-12-23T08:20:16Z</time>
   </trkpt>
   <trkpt lat="10.3173850" lon="123.8612700">
    <ele>271.7</ele>
    <time>2025-12-23T08:20:17Z</time>
   </trkpt>
   <trkpt lat="10.3173930" lon="123.8612670">
    <ele>272.0</ele>
    <time>2025-12-23T08:20:18Z</time>
   </trkpt>
   <trkpt lat="10.3173970" lon="123.8612630">
    <ele>272.1</ele>
    <time>2025-12-23T08:20:19Z</time>
   </trkpt>
   <trkpt lat="10.3174010" lon="123.8612600">
    <ele>272.3</ele>
    <time>2025-12-23T08:20:20Z</time>
   </trkpt>
   <trkpt lat="10.3174020" lon="123.8612590">
    <ele>272.3</ele>
    <time>2025-12-23T08:20:21Z</time>
   </trkpt>
   <trkpt lat="10.3174040" lon="123.8612580">
    <ele>272.4</ele>
    <time>2025-12-23T08:20:22Z</time>
   </trkpt>
   <trkpt lat="10.3174050" lon="123.8612570">
    <ele>272.5</ele>
    <time>2025-12-23T08:20:23Z</time>
   </trkpt>
   <trkpt lat="10.3174060" lon="123.8612560">
    <ele>272.5</ele>
    <time>2025-12-23T08:20:24Z</time>
   </trkpt>
   <trkpt lat="10.3174070" lon="123.8612550">
    <ele>272.5</ele>
    <time>2025-12-23T08:20:25Z</time>
   </trkpt>
   <trkpt lat="10.3174080" lon="123.8612540">
    <ele>272.6</ele>
    <time>2025-12-23T08:20:26Z</time>
   </trkpt>
   <trkpt lat="10.3174090" lon="123.8612530">
    <ele>272.6</ele>
    <time>2025-12-23T08:20:27Z</time>
   </trkpt>
   <trkpt lat="10.3174110" lon="123.8612520">
    <ele>272.7</ele>
    <time>2025-12-23T08:20:28Z</time>
   </trkpt>
   <trkpt lat="10.3174120" lon="123.8612510">
    <ele>272.7</ele>
    <time>2025-12-23T08:20:29Z</time>
   </trkpt>
   <trkpt lat="10.3174130" lon="123.8612500">
    <ele>272.8</ele>
    <time>2025-12-23T08:20:30Z</time>
   </trkpt>
   <trkpt lat="10.3174140" lon="123.8612480">
    <ele>272.9</ele>
    <time>2025-12-23T08:20:31Z</time>
   </trkpt>
   <trkpt lat="10.3174150" lon="123.8612470">
    <ele>272.9</ele>
    <time>2025-12-23T08:20:32Z</time>
   </trkpt>
   <trkpt lat="10.3174160" lon="123.8612460">
    <ele>272.9</ele>
    <time>2025-12-23T08:20:33Z</time>
   </trkpt>
   <trkpt lat="10.3174180" lon="123.8612450">
    <ele>273.0</ele>
    <time>2025-12-23T08:20:34Z</time>
   </trkpt>
   <trkpt lat="10.3174190" lon="123.8612440">
    <ele>273.1</ele>
    <time>2025-12-23T08:20:35Z</time>
   </trkpt>
   <trkpt lat="10.3174200" lon="123.8612430">
    <ele>273.1</ele>
    <time>2025-12-23T08:20:36Z</time>
   </trkpt>
   <trkpt lat="10.3174210" lon="123.8612420">
    <ele>273.2</ele>
    <time>2025-12-23T08:20:37Z</time>
   </trkpt>
   <trkpt lat="10.3174220" lon="123.8612410">
    <ele>273.2</ele>
    <time>2025-12-23T08:20:38Z</time>
   </trkpt>
   <trkpt lat="10.3174230" lon="123.8612400">
    <ele>273.2</ele>
    <time>2025-12-23T08:20:39Z</time>
   </trkpt>
   <trkpt lat="10.3174250" lon="123.8612390">
    <ele>273.3</ele>
    <time>2025-12-23T08:20:40Z</time>
   </trkpt>
   <trkpt lat="10.3174260" lon="123.8612380">
    <ele>273.4</ele>
    <time>2025-12-23T08:20:41Z</time>
   </trkpt>
   <trkpt lat="10.3174270" lon="123.8612370">
    <ele>273.4</ele>
    <time>2025-12-23T08:20:42Z</time>
   </trkpt>
   <trkpt lat="10.3174330" lon="123.8612230">
    <ele>273.9</ele>
    <time>2025-12-23T08:20:43Z</time>
   </trkpt>
   <trkpt lat="10.3174360" lon="123.8612090">
    <ele>274.4</ele>
    <time>2025-12-23T08:20:44Z</time>
   </trkpt>
   <trkpt lat="10.3174380" lon="123.8612010">
    <ele>274.6</ele>
    <time>2025-12-23T08:20:45Z</time>
   </trkpt>
   <trkpt lat="10.3174380" lon="123.8611940">
    <ele>274.9</ele>
    <time>2025-12-23T08:20:46Z</time>
   </trkpt>
   <trkpt lat="10.3174480" lon="123.8611840">
    <ele>275.3</ele>
    <time>2025-12-23T08:20:47Z</time>
   </trkpt>
   <trkpt lat="10.3174560" lon="123.8611690">
    <ele>275.9</ele>
    <time>2025-12-23T08:20:48Z</time>
   </trkpt>
   <trkpt lat="10.3174550" lon="123.8611630">
    <ele>276.1</ele>
    <time>2025-12-23T08:20:49Z</time>
   </trkpt>
   <trkpt lat="10.3174580" lon="123.8611580">
    <ele>276.3</ele>
    <time>2025-12-23T08:20:50Z</time>
   </trkpt>
   <trkpt lat="10.3174590" lon="123.8611510">
    <ele>276.5</ele>
    <time>2025-12-23T08:20:51Z</time>
   </trkpt>
   <trkpt lat="10.3174580" lon="123.8611470">
    <ele>276.7</ele>
    <time>2025-12-23T08:20:52Z</time>
   </trkpt>
   <trkpt lat="10.3174600" lon="123.8611480">
    <ele>276.7</ele>
    <time>2025-12-23T08:20:53Z</time>
   </trkpt>
   <trkpt lat="10.3174580" lon="123.8611480">
    <ele>276.8</ele>
    <time>2025-12-23T08:20:54Z</time>
   </trkpt>
   <trkpt lat="10.3174560" lon="123.8611450">
    <ele>276.9</ele>
    <time>2025-12-23T08:20:55Z</time>
   </trkpt>
   <trkpt lat="10.3174560" lon="123.8611430">
    <ele>277.0</ele>
    <time>2025-12-23T08:20:56Z</time>
   </trkpt>
   <trkpt lat="10.3174560" lon="123.8611420">
    <ele>277.0</ele>
    <time>2025-12-23T08:20:57Z</time>
   </trkpt>
   <trkpt lat="10.3174570" lon="123.8611420">
    <ele>277.1</ele>
    <time>2025-12-23T08:20:58Z</time>
   </trkpt>
   <trkpt lat="10.3174570" lon="123.8611420">
    <ele>277.1</ele>
    <time>2025-12-23T08:20:59Z</time>
   </trkpt>
   <trkpt lat="10.3174570" lon="123.8611420">
    <ele>277.1</ele>
    <time>2025-12-23T08:21:00Z</time>
   </trkpt>
   <trkpt lat="10.3174570" lon="123.8611420">
    <ele>277.1</ele>
    <time>2025-12-23T08:21:01Z</time>
   </trkpt>
   <trkpt lat="10.3174570" lon="123.8611420">
    <ele>277.1</ele>
    <time>2025-12-23T08:21:02Z</time>
   </trkpt>
   <trkpt lat="10.3174570" lon="123.8611420">
    <ele>277.1</ele>
    <time>2025-12-23T08:21:03Z</time>
   </trkpt>
   <trkpt lat="10.3174570" lon="123.8611420">
    <ele>277.1</ele>
    <time>2025-12-23T08:21:04Z</time>
   </trkpt>
   <trkpt lat="10.3174570" lon="123.8611420">
    <ele>277.1</ele>
    <time>2025-12-23T08:21:05Z</time>
   </trkpt>
   <trkpt lat="10.3174570" lon="123.8611420">
    <ele>277.1</ele>
    <time>2025-12-23T08:21:06Z</time>
   </trkpt>
   <trkpt lat="10.3174570" lon="123.8611420">
    <ele>277.1</ele>
    <time>2025-12-23T08:21:07Z</time>
   </trkpt>
   <trkpt lat="10.3174570" lon="123.8611420">
    <ele>277.1</ele>
    <time>2025-12-23T08:21:08Z</time>
   </trkpt>
   <trkpt lat="10.3174570" lon="123.8611420">
    <ele>277.1</ele>
    <time>2025-12-23T08:21:09Z</time>
   </trkpt>
   <trkpt lat="10.3174620" lon="123.8611380">
    <ele>277.3</ele>
    <time>2025-12-23T08:21:10Z</time>
   </trkpt>
   <trkpt lat="10.3174670" lon="123.8611330">
    <ele>277.5</ele>
    <time>2025-12-23T08:21:11Z</time>
   </trkpt>
   <trkpt lat="10.3174710" lon="123.8611280">
    <ele>277.8</ele>
    <time>2025-12-23T08:21:12Z</time>
   </trkpt>
   <trkpt lat="10.3174710" lon="123.8611230">
    <ele>277.9</ele>
    <time>2025-12-23T08:21:13Z</time>
   </trkpt>
   <trkpt lat="10.3174720" lon="123.8611190">
    <ele>278.1</ele>
    <time>2025-12-23T08:21:14Z</time>
   </trkpt>
   <trkpt lat="10.3174720" lon="123.8611170">
    <ele>278.1</ele>
    <time>2025-12-23T08:21:15Z</time>
   </trkpt>
   <trkpt lat="10.3174740" lon="123.8611180">
    <ele>278.2</ele>
    <time>2025-12-23T08:21:16Z</time>
   </trkpt>
   <trkpt lat="10.3174750" lon="123.8611180">
    <ele>278.3</ele>
    <time>2025-12-23T08:21:17Z</time>
   </trkpt>
   <trkpt lat="10.3174750" lon="123.8611180">
    <ele>278.3</ele>
    <time>2025-12-23T08:21:18Z</time>
   </trkpt>
   <trkpt lat="10.3174820" lon="123.8611150">
    <ele>278.5</ele>
    <time>2025-12-23T08:21:19Z</time>
   </trkpt>
   <trkpt lat="10.3174890" lon="123.8611100">
    <ele>278.8</ele>
    <time>2025-12-23T08:21:20Z</time>
   </trkpt>
   <trkpt lat="10.3174930" lon="123.8611030">
    <ele>279.1</ele>
    <time>2025-12-23T08:21:21Z</time>
   </trkpt>
   <trkpt lat="10.3174960" lon="123.8610960">
    <ele>279.4</ele>
    <time>2025-12-23T08:21:22Z</time>
   </trkpt>
   <trkpt lat="10.3174980" lon="123.8610880">
    <ele>279.6</ele>
    <time>2025-12-23T08:21:23Z</time>
   </trkpt>
   <trkpt lat="10.3175030" lon="123.8610810">
    <ele>279.9</ele>
    <time>2025-12-23T08:21:24Z</time>
   </trkpt>
   <trkpt lat="10.3175120" lon="123.8610760">
    <ele>280.3</ele>
    <time>2025-12-23T08:21:25Z</time>
   </trkpt>
   <trkpt lat="10.3175190" lon="123.8610720">
    <ele>280.6</ele>
    <time>2025-12-23T08:21:26Z</time>
   </trkpt>
   <trkpt lat="10.3175220" lon="123.8610690">
    <ele>280.7</ele>
    <time>2025-12-23T08:21:27Z</time>
   </trkpt>
   <trkpt lat="10.3175270" lon="123.8610660">
    <ele>280.9</ele>
    <time>2025-12-23T08:21:28Z</time>
   </trkpt>
   <trkpt lat="10.3175280" lon="123.8610630">
    <ele>281.0</ele>
    <time>2025-12-23T08:21:29Z</time>
   </trkpt>
   <trkpt lat="10.3175310" lon="123.8610600">
    <ele>281.2</ele>
    <time>2025-12-23T08:21:30Z</time>
   </trkpt>
   <trkpt lat="10.3175340" lon="123.8610520">
    <ele>281.5</ele>
    <time>2025-12-23T08:21:31Z</time>
   </trkpt>
   <trkpt lat="10.3175350" lon="123.8610440">
    <ele>281.8</ele>
    <time>2025-12-23T08:21:32Z</time>
   </trkpt>
   <trkpt lat="10.3175360" lon="123.8610400">
    <ele>281.9</ele>
    <time>2025-12-23T08:21:33Z</time>
   </trkpt>
   <trkpt lat="10.3175350" lon="123.8610380">
    <ele>282.0</ele>
    <time>2025-12-23T08:21:34Z</time>
   </trkpt>
   <trkpt lat="10.3175330" lon="123.8610350">
    <ele>282.1</ele>
    <time>2025-12-23T08:21:35Z</time>
   </trkpt>
   <trkpt lat="10.3175330" lon="123.8610320">
    <ele>282.2</ele>
    <time>2025-12-23T08:21:36Z</time>
   </trkpt>
   <trkpt lat="10.3175310" lon="123.8610280">
    <ele>282.4</ele>
    <time>2025-12-23T08:21:37Z</time>
   </trkpt>
   <trkpt lat="10.3175290" lon="123.8610280">
    <ele>282.4</ele>
    <time>2025-12-23T08:21:38Z</time>
   </trkpt>
   <trkpt lat="10.3175300" lon="123.8610280">
    <ele>282.5</ele>
    <time>2025-12-23T08:21:39Z</time>
   </trkpt>
   <trkpt lat="10.3175300" lon="123.8610260">
    <ele>282.5</ele>
    <time>2025-12-23T08:21:40Z</time>
   </trkpt>
   <trkpt lat="10.3175300" lon="123.8610250">
    <ele>282.6</ele>
    <time>2025-12-23T08:21:41Z</time>
   </trkpt>
   <trkpt lat="10.3175300" lon="123.8610250">
    <ele>282.6</ele>
    <time>2025-12-23T08:21:42Z</time>
   </trkpt>
   <trkpt lat="10.3175300" lon="123.8610250">
    <ele>282.6</ele>
    <time>2025-12-23T08:21:43Z</time>
   </trkpt>
   <trkpt lat="10.3175300" lon="123.8610250">
    <ele>282.6</ele>
    <time>2025-12-23T08:21:44Z</time>
   </trkpt>
   <trkpt lat="10.3175300" lon="123.8610250">
    <ele>282.6</ele>
    <time>2025-12-23T08:21:45Z</time>
   </trkpt>
   <trkpt lat="10.3175300" lon="123.8610250">
    <ele>282.6</ele>
    <time>2025-12-23T08:21:46Z</time>
   </trkpt>
   <trkpt lat="10.3175300" lon="123.8610250">
    <ele>282.6</ele>
    <time>2025-12-23T08:21:47Z</time>
   </trkpt>
   <trkpt lat="10.3175300" lon="123.8610250">
    <ele>282.6</ele>
    <time>2025-12-23T08:21:48Z</time>
   </trkpt>
   <trkpt lat="10.3175300" lon="123.8610250">
    <ele>282.6</ele>
    <time>2025-12-23T08:21:49Z</time>
   </trkpt>
   <trkpt lat="10.3175300" lon="123.8610250">
    <ele>282.6</ele>
    <time>2025-12-23T08:21:50Z</time>
   </trkpt>
   <trkpt lat="10.3175300" lon="123.8610250">
    <ele>282.6</ele>
    <time>2025-12-23T08:21:51Z</time>
   </trkpt>
   <trkpt lat="10.3175300" lon="123.8610250">
    <ele>282.6</ele>
    <time>2025-12-23T08:21:52Z</time>
   </trkpt>
   <trkpt lat="10.3175300" lon="123.8610250">
    <ele>282.6</ele>
    <time>2025-12-23T08:21:53Z</time>
   </trkpt>
   <trkpt lat="10.3175300" lon="123.8610250">
    <ele>282.6</ele>
    <time>2025-12-23T08:21:54Z</time>
   </trkpt>
   <trkpt lat="10.3175300" lon="123.8610250">
    <ele>282.6</ele>
    <time>2025-12-23T08:21:55Z</time>
   </trkpt>
   <trkpt lat="10.3175300" lon="123.8610250">
    <ele>282.6</ele>
    <time>2025-12-23T08:21:56Z</time>
   </trkpt>
   <trkpt lat="10.3175300" lon="123.8610250">
    <ele>282.6</ele>
    <time>2025-12-23T08:21:57Z</time>
   </trkpt>
   <trkpt lat="10.3175300" lon="123.8610250">
    <ele>282.6</ele>
    <time>2025-12-23T08:21:58Z</time>
   </trkpt>
   <trkpt lat="10.3175300" lon="123.8610250">
    <ele>282.6</ele>
    <time>2025-12-23T08:21:59Z</time>
   </trkpt>
   <trkpt lat="10.3175300" lon="123.8610250">
    <ele>282.6</ele>
    <time>2025-12-23T08:22:00Z</time>
   </trkpt>
   <trkpt lat="10.3175300" lon="123.8610250">
    <ele>282.6</ele>
    <time>2025-12-23T08:22:01Z</time>
   </trkpt>
   <trkpt lat="10.3175300" lon="123.8610250">
    <ele>282.6</ele>
    <time>2025-12-23T08:22:02Z</time>
   </trkpt>
   <trkpt lat="10.3175300" lon="123.8610250">
    <ele>282.6</ele>
    <time>2025-12-23T08:22:03Z</time>
   </trkpt>
   <trkpt lat="10.3175300" lon="123.8610250">
    <ele>282.6</ele>
    <time>2025-12-23T08:22:04Z</time>
   </trkpt>
   <trkpt lat="10.3175300" lon="123.8610250">
    <ele>282.6</ele>
    <time>2025-12-23T08:22:05Z</time>
   </trkpt>
   <trkpt lat="10.3175300" lon="123.8610250">
    <ele>282.6</ele>
    <time>2025-12-23T08:22:06Z</time>
   </trkpt>
   <trkpt lat="10.3175300" lon="123.8610250">
    <ele>282.6</ele>
    <time>2025-12-23T08:22:07Z</time>
   </trkpt>
   <trkpt lat="10.3175300" lon="123.8610250">
    <ele>282.6</ele>
    <time>2025-12-23T08:22:08Z</time>
   </trkpt>
   <trkpt lat="10.3175300" lon="123.8610250">
    <ele>282.6</ele>
    <time>2025-12-23T08:22:09Z</time>
   </trkpt>
   <trkpt lat="10.3175300" lon="123.8610250">
    <ele>282.6</ele>
    <time>2025-12-23T08:22:10Z</time>
   </trkpt>
   <trkpt lat="10.3175300" lon="123.8610250">
    <ele>282.6</ele>
    <time>2025-12-23T08:22:11Z</time>
   </trkpt>
   <trkpt lat="10.3175300" lon="123.8610250">
    <ele>282.6</ele>
    <time>2025-12-23T08:22:12Z</time>
   </trkpt>
   <trkpt lat="10.3175300" lon="123.8610250">
    <ele>282.6</ele>
    <time>2025-12-23T08:22:13Z</time>
   </trkpt>
   <trkpt lat="10.3175300" lon="123.8610250">
    <ele>282.6</ele>
    <time>2025-12-23T08:22:14Z</time>
   </trkpt>
   <trkpt lat="10.3175300" lon="123.8610250">
    <ele>282.6</ele>
    <time>2025-12-23T08:22:15Z</time>
   </trkpt>
   <trkpt lat="10.3175300" lon="123.8610250">
    <ele>282.6</ele>
    <time>2025-12-23T08:22:16Z</time>
   </trkpt>
   <trkpt lat="10.3175300" lon="123.8610250">
    <ele>282.6</ele>
    <time>2025-12-23T08:22:17Z</time>
   </trkpt>
   <trkpt lat="10.3175300" lon="123.8610250">
    <ele>282.6</ele>
    <time>2025-12-23T08:22:18Z</time>
   </trkpt>
   <trkpt lat="10.3175300" lon="123.8610250">
    <ele>282.6</ele>
    <time>2025-12-23T08:22:19Z</time>
   </trkpt>
   <trkpt lat="10.3175300" lon="123.8610250">
    <ele>282.6</ele>
    <time>2025-12-23T08:22:20Z</time>
   </trkpt>
   <trkpt lat="10.3175300" lon="123.8610250">
    <ele>282.6</ele>
    <time>2025-12-23T08:22:21Z</time>
   </trkpt>
   <trkpt lat="10.3175300" lon="123.8610250">
    <ele>282.6</ele>
    <time>2025-12-23T08:22:22Z</time>
   </trkpt>
   <trkpt lat="10.3175300" lon="123.8610250">
    <ele>282.6</ele>
    <time>2025-12-23T08:22:23Z</time>
   </trkpt>
   <trkpt lat="10.3175300" lon="123.8610250">
    <ele>282.6</ele>
    <time>2025-12-23T08:22:24Z</time>
   </trkpt>
   <trkpt lat="10.3175300" lon="123.8610250">
    <ele>282.6</ele>
    <time>2025-12-23T08:22:25Z</time>
   </trkpt>
   <trkpt lat="10.3175300" lon="123.8610250">
    <ele>282.6</ele>
    <time>2025-12-23T08:22:26Z</time>
   </trkpt>
   <trkpt lat="10.3175300" lon="123.8610250">
    <ele>282.6</ele>
    <time>2025-12-23T08:22:27Z</time>
   </trkpt>
   <trkpt lat="10.3175300" lon="123.8610250">
    <ele>282.6</ele>
    <time>2025-12-23T08:22:28Z</time>
   </trkpt>
   <trkpt lat="10.3175300" lon="123.8610250">
    <ele>282.6</ele>
    <time>2025-12-23T08:22:29Z</time>
   </trkpt>
   <trkpt lat="10.3175300" lon="123.8610250">
    <ele>282.6</ele>
    <time>2025-12-23T08:22:30Z</time>
   </trkpt>
   <trkpt lat="10.3175300" lon="123.8610250">
    <ele>282.6</ele>
    <time>2025-12-23T08:22:31Z</time>
   </trkpt>
   <trkpt lat="10.3175300" lon="123.8610250">
    <ele>282.6</ele>
    <time>2025-12-23T08:22:32Z</time>
   </trkpt>
   <trkpt lat="10.3175300" lon="123.8610250">
    <ele>282.6</ele>
    <time>2025-12-23T08:22:33Z</time>
   </trkpt>
   <trkpt lat="10.3175300" lon="123.8610250">
    <ele>282.6</ele>
    <time>2025-12-23T08:22:34Z</time>
   </trkpt>
   <trkpt lat="10.3175300" lon="123.8610250">
    <ele>282.6</ele>
    <time>2025-12-23T08:22:35Z</time>
   </trkpt>
   <trkpt lat="10.3175300" lon="123.8610250">
    <ele>282.6</ele>
    <time>2025-12-23T08:22:36Z</time>
   </trkpt>
   <trkpt lat="10.3175300" lon="123.8610250">
    <ele>282.6</ele>
    <time>2025-12-23T08:22:37Z</time>
   </trkpt>
   <trkpt lat="10.3175300" lon="123.8610250">
    <ele>282.6</ele>
    <time>2025-12-23T08:22:38Z</time>
   </trkpt>
   <trkpt lat="10.3175300" lon="123.8610250">
    <ele>282.6</ele>
    <time>2025-12-23T08:22:39Z</time>
   </trkpt>
   <trkpt lat="10.3175300" lon="123.8610250">
    <ele>282.6</ele>
    <time>2025-12-23T08:22:40Z</time>
   </trkpt>
   <trkpt lat="10.3175300" lon="123.8610250">
    <ele>282.6</ele>
    <time>2025-12-23T08:22:41Z</time>
   </trkpt>
   <trkpt lat="10.3175300" lon="123.8610250">
    <ele>282.6</ele>
    <time>2025-12-23T08:22:42Z</time>
   </trkpt>
   <trkpt lat="10.3175410" lon="123.8610260">
    <ele>283.0</ele>
    <time>2025-12-23T08:22:43Z</time>
   </trkpt>
   <trkpt lat="10.3175470" lon="123.8610190">
    <ele>283.3</ele>
    <time>2025-12-23T08:22:44Z</time>
   </trkpt>
   <trkpt lat="10.3175540" lon="123.8610110">
    <ele>283.6</ele>
    <time>2025-12-23T08:22:45Z</time>
   </trkpt>
   <trkpt lat="10.3175590" lon="123.8610010">
    <ele>284.0</ele>
    <time>2025-12-23T08:22:46Z</time>
   </trkpt>
   <trkpt lat="10.3175600" lon="123.8609900">
    <ele>284.4</ele>
    <time>2025-12-23T08:22:47Z</time>
   </trkpt>
   <trkpt lat="10.3175600" lon="123.8609780">
    <ele>284.8</ele>
    <time>2025-12-23T08:22:48Z</time>
   </trkpt>
   <trkpt lat="10.3175590" lon="123.8609660">
    <ele>285.2</ele>
    <time>2025-12-23T08:22:49Z</time>
   </trkpt>
   <trkpt lat="10.3175630" lon="123.8609600">
    <ele>285.5</ele>
    <time>2025-12-23T08:22:50Z</time>
   </trkpt>
   <trkpt lat="10.3175650" lon="123.8609550">
    <ele>285.7</ele>
    <time>2025-12-23T08:22:51Z</time>
   </trkpt>
   <trkpt lat="10.3175630" lon="123.8609490">
    <ele>285.9</ele>
    <time>2025-12-23T08:22:52Z</time>
   </trkpt>
   <trkpt lat="10.3175650" lon="123.8609400">
    <ele>286.2</ele>
    <time>2025-12-23T08:22:53Z</time>
   </trkpt>
   <trkpt lat="10.3175670" lon="123.8609300">
    <ele>286.5</ele>
    <time>2025-12-23T08:22:54Z</time>
   </trkpt>
   <trkpt lat="10.3175700" lon="123.8609200">
    <ele>286.8</ele>
    <time>2025-12-23T08:22:55Z</time>
   </trkpt>
   <trkpt lat="10.3175750" lon="123.8609100">
    <ele>287.2</ele>
    <time>2025-12-23T08:22:56Z</time>
   </trkpt>
   <trkpt lat="10.3175810" lon="123.8608990">
    <ele>287.6</ele>
    <time>2025-12-23T08:22:57Z</time>
   </trkpt>
   <trkpt lat="10.3175860" lon="123.8608890">
    <ele>288.0</ele>
    <time>2025-12-23T08:22:58Z</time>
   </trkpt>
   <trkpt lat="10.3175910" lon="123.8608790">
    <ele>288.3</ele>
    <time>2025-12-23T08:22:59Z</time>
   </trkpt>
   <trkpt lat="10.3175950" lon="123.8608700">
    <ele>288.6</ele>
    <time>2025-12-23T08:23:00Z</time>
   </trkpt>
   <trkpt lat="10.3175940" lon="123.8608620">
    <ele>288.9</ele>
    <time>2025-12-23T08:23:01Z</time>
   </trkpt>
   <trkpt lat="10.3175890" lon="123.8608530">
    <ele>289.2</ele>
    <time>2025-12-23T08:23:02Z</time>
   </trkpt>
   <trkpt lat="10.3175830" lon="123.8608430">
    <ele>289.6</ele>
    <time>2025-12-23T08:23:03Z</time>
   </trkpt>
   <trkpt lat="10.3175830" lon="123.8608350">
    <ele>289.8</ele>
    <time>2025-12-23T08:23:04Z</time>
   </trkpt>
   <trkpt lat="10.3175870" lon="123.8608270">
    <ele>290.1</ele>
    <time>2025-12-23T08:23:05Z</time>
   </trkpt>
   <trkpt lat="10.3175910" lon="123.8608200">
    <ele>290.3</ele>
    <time>2025-12-23T08:23:06Z</time>
   </trkpt>
   <trkpt lat="10.3175950" lon="123.8608130">
    <ele>290.5</ele>
    <time>2025-12-23T08:23:07Z</time>
   </trkpt>
   <trkpt lat="10.3175970" lon="123.8608070">
    <ele>290.7</ele>
    <time>2025-12-23T08:23:08Z</time>
   </trkpt>
   <trkpt lat="10.3175980" lon="123.8608000">
    <ele>290.9</ele>
    <time>2025-12-23T08:23:09Z</time>
   </trkpt>
   <trkpt lat="10.3175990" lon="123.8607910">
    <ele>291.2</ele>
    <time>2025-12-23T08:23:10Z</time>
   </trkpt>
   <trkpt lat="10.3176040" lon="123.8607800">
    <ele>291.5</ele>
    <time>2025-12-23T08:23:11Z</time>
   </trkpt>
   <trkpt lat="10.3176090" lon="123.8607690">
    <ele>291.9</ele>
    <time>2025-12-23T08:23:12Z</time>
   </trkpt>
   <trkpt lat="10.3176170" lon="123.8607580">
    <ele>292.3</ele>
    <time>2025-12-23T08:23:13Z</time>
   </trkpt>
   <trkpt lat="10.3176220" lon="123.8607480">
    <ele>292.6</ele>
    <time>2025-12-23T08:23:14Z</time>
   </trkpt>
   <trkpt lat="10.3176270" lon="123.8607390">
    <ele>292.9</ele>
    <time>2025-12-23T08:23:15Z</time>
   </trkpt>
   <trkpt lat="10.3176340" lon="123.8607340">
    <ele>293.1</ele>
    <time>2025-12-23T08:23:16Z</time>
   </trkpt>
   <trkpt lat="10.3176370" lon="123.8607260">
    <ele>293.4</ele>
    <time>2025-12-23T08:23:17Z</time>
   </trkpt>
   <trkpt lat="10.3176390" lon="123.8607180">
    <ele>293.6</ele>
    <time>2025-12-23T08:23:18Z</time>
   </trkpt>
   <trkpt lat="10.3176430" lon="123.8607090">
    <ele>293.8</ele>
    <time>2025-12-23T08:23:19Z</time>
   </trkpt>
   <trkpt lat="10.3176470" lon="123.8607010">
    <ele>294.1</ele>
    <time>2025-12-23T08:23:20Z</time>
   </trkpt>
   <trkpt lat="10.3176520" lon="123.8606970">
    <ele>294.3</ele>
    <time>2025-12-23T08:23:21Z</time>
   </trkpt>
   <trkpt lat="10.3176550" lon="123.8606900">
    <ele>294.5</ele>
    <time>2025-12-23T08:23:22Z</time>
   </trkpt>
   <trkpt lat="10.3176580" lon="123.8606840">
    <ele>294.6</ele>
    <time>2025-12-23T08:23:23Z</time>
   </trkpt>
   <trkpt lat="10.3176610" lon="123.8606810">
    <ele>294.8</ele>
    <time>2025-12-23T08:23:24Z</time>
   </trkpt>
   <trkpt lat="10.3176640" lon="123.8606760">
    <ele>294.9</ele>
    <time>2025-12-23T08:23:25Z</time>
   </trkpt>
   <trkpt lat="10.3176700" lon="123.8606730">
    <ele>295.1</ele>
    <time>2025-12-23T08:23:26Z</time>
   </trkpt>
   <trkpt lat="10.3176760" lon="123.8606680">
    <ele>295.3</ele>
    <time>2025-12-23T08:23:27Z</time>
   </trkpt>
   <trkpt lat="10.3176830" lon="123.8606650">
    <ele>295.5</ele>
    <time>2025-12-23T08:23:28Z</time>
   </trkpt>
   <trkpt lat="10.3176940" lon="123.8606620">
    <ele>295.8</ele>
    <time>2025-12-23T08:23:29Z</time>
   </trkpt>
   <trkpt lat="10.3177010" lon="123.8606660">
    <ele>296.1</ele>
    <time>2025-12-23T08:23:30Z</time>
   </trkpt>
   <trkpt lat="10.3177070" lon="123.8606630">
    <ele>296.3</ele>
    <time>2025-12-23T08:23:31Z</time>
   </trkpt>
   <trkpt lat="10.3177130" lon="123.8606590">
    <ele>296.4</ele>
    <time>2025-12-23T08:23:32Z</time>
   </trkpt>
   <trkpt lat="10.3177190" lon="123.8606500">
    <ele>296.7</ele>
    <time>2025-12-23T08:23:33Z</time>
   </trkpt>
   <trkpt lat="10.3177250" lon="123.8606440">
    <ele>297.0</ele>
    <time>2025-12-23T08:23:34Z</time>
   </trkpt>
   <trkpt lat="10.3177280" lon="123.8606400">
    <ele>297.1</ele>
    <time>2025-12-23T08:23:35Z</time>
   </trkpt>
   <trkpt lat="10.3177310" lon="123.8606350">
    <ele>297.3</ele>
    <time>2025-12-23T08:23:36Z</time>
   </trkpt>
   <trkpt lat="10.3177330" lon="123.8606270">
    <ele>297.5</ele>
    <time>2025-12-23T08:23:37Z</time>
   </trkpt>
   <trkpt lat="10.3177340" lon="123.8606180">
    <ele>297.7</ele>
    <time>2025-12-23T08:23:38Z</time>
   </trkpt>
   <trkpt lat="10.3177350" lon="123.8606070">
    <ele>298.0</ele>
    <time>2025-12-23T08:23:39Z</time>
   </trkpt>
   <trkpt lat="10.3177390" lon="123.8605970">
    <ele>298.3</ele>
    <time>2025-12-23T08:23:40Z</time>
   </trkpt>
   <trkpt lat="10.3177450" lon="123.8605870">
    <ele>298.6</ele>
    <time>2025-12-23T08:23:41Z</time>
   </trkpt>
   <trkpt lat="10.3177510" lon="123.8605770">
    <ele>299.0</ele>
    <time>2025-12-23T08:23:42Z</time>
   </trkpt>
   <trkpt lat="10.3177600" lon="123.8605700">
    <ele>299.3</ele>
    <time>2025-12-23T08:23:43Z</time>
   </trkpt>
   <trkpt lat="10.3177670" lon="123.8605630">
    <ele>299.5</ele>
    <time>2025-12-23T08:23:44Z</time>
   </trkpt>
   <trkpt lat="10.3177710" lon="123.8605570">
    <ele>299.7</ele>
    <time>2025-12-23T08:23:45Z</time>
   </trkpt>
   <trkpt lat="10.3177780" lon="123.8605490">
    <ele>300.0</ele>
    <time>2025-12-23T08:23:46Z</time>
   </trkpt>
   <trkpt lat="10.3177840" lon="123.8605390">
    <ele>300.3</ele>
    <time>2025-12-23T08:23:47Z</time>
   </trkpt>
   <trkpt lat="10.3177870" lon="123.8605300">
    <ele>300.5</ele>
    <time>2025-12-23T08:23:48Z</time>
   </trkpt>
   <trkpt lat="10.3177880" lon="123.8605260">
    <ele>300.6</ele>
    <time>2025-12-23T08:23:49Z</time>
   </trkpt>
   <trkpt lat="10.3177900" lon="123.8605160">
    <ele>300.9</ele>
    <time>2025-12-23T08:23:50Z</time>
   </trkpt>
   <trkpt lat="10.3177910" lon="123.8605050">
    <ele>301.2</ele>
    <time>2025-12-23T08:23:51Z</time>
   </trkpt>
   <trkpt lat="10.3178000" lon="123.8604990">
    <ele>301.4</ele>
    <time>2025-12-23T08:23:52Z</time>
   </trkpt>
   <trkpt lat="10.3178080" lon="123.8604930">
    <ele>301.6</ele>
    <time>2025-12-23T08:23:53Z</time>
   </trkpt>
   <trkpt lat="10.3178100" lon="123.8604900">
    <ele>301.7</ele>
    <time>2025-12-23T08:23:54Z</time>
   </trkpt>
   <trkpt lat="10.3178100" lon="123.8604860">
    <ele>301.8</ele>
    <time>2025-12-23T08:23:55Z</time>
   </trkpt>
   <trkpt lat="10.3178140" lon="123.8604790">
    <ele>302.0</ele>
    <time>2025-12-23T08:23:56Z</time>
   </trkpt>
   <trkpt lat="10.3178190" lon="123.8604710">
    <ele>302.2</ele>
    <time>2025-12-23T08:23:57Z</time>
   </trkpt>
   <trkpt lat="10.3178240" lon="123.8604620">
    <ele>302.4</ele>
    <time>2025-12-23T08:23:58Z</time>
   </trkpt>
   <trkpt lat="10.3178290" lon="123.8604560">
    <ele>302.6</ele>
    <time>2025-12-23T08:23:59Z</time>
   </trkpt>
   <trkpt lat="10.3178350" lon="123.8604480">
    <ele>302.8</ele>
    <time>2025-12-23T08:24:00Z</time>
   </trkpt>
   <trkpt lat="10.3178440" lon="123.8604390">
    <ele>303.1</ele>
    <time>2025-12-23T08:24:01Z</time>
   </trkpt>
   <trkpt lat="10.3178540" lon="123.8604340">
    <ele>303.3</ele>
    <time>2025-12-23T08:24:02Z</time>
   </trkpt>
   <trkpt lat="10.3178640" lon="123.8604270">
    <ele>303.6</ele>
    <time>2025-12-23T08:24:03Z</time>
   </trkpt>
   <trkpt lat="10.3178710" lon="123.8604230">
    <ele>303.7</ele>
    <time>2025-12-23T08:24:04Z</time>
   </trkpt>
   <trkpt lat="10.3178790" lon="123.8604180">
    <ele>303.9</ele>
    <time>2025-12-23T08:24:05Z</time>
   </trkpt>
   <trkpt lat="10.3178850" lon="123.8604160">
    <ele>304.0</ele>
    <time>2025-12-23T08:24:06Z</time>
   </trkpt>
   <trkpt lat="10.3178870" lon="123.8604130">
    <ele>304.1</ele>
    <time>2025-12-23T08:24:07Z</time>
   </trkpt>
   <trkpt lat="10.3178890" lon="123.8604090">
    <ele>304.1</ele>
    <time>2025-12-23T08:24:08Z</time>
   </trkpt>
   <trkpt lat="10.3178920" lon="123.8604040">
    <ele>304.2</ele>
    <time>2025-12-23T08:24:09Z</time>
   </trkpt>
   <trkpt lat="10.3178980" lon="123.8603940">
    <ele>304.5</ele>
    <time>2025-12-23T08:24:10Z</time>
   </trkpt>
   <trkpt lat="10.3179050" lon="123.8603850">
    <ele>304.6</ele>
    <time>2025-12-23T08:24:11Z</time>
   </trkpt>
   <trkpt lat="10.3179100" lon="123.8603750">
    <ele>304.8</ele>
    <time>2025-12-23T08:24:12Z</time>
   </trkpt>
   <trkpt lat="10.3179170" lon="123.8603690">
    <ele>305.0</ele>
    <time>2025-12-23T08:24:13Z</time>
   </trkpt>
   <trkpt lat="10.3179210" lon="123.8603610">
    <ele>305.1</ele>
    <time>2025-12-23T08:24:14Z</time>
   </trkpt>
   <trkpt lat="10.3179270" lon="123.8603510">
    <ele>305.3</ele>
    <time>2025-12-23T08:24:15Z</time>
   </trkpt>
   <trkpt lat="10.3179350" lon="123.8603420">
    <ele>305.5</ele>
    <time>2025-12-23T08:24:16Z</time>
   </trkpt>
   <trkpt lat="10.3179430" lon="123.8603350">
    <ele>305.6</ele>
    <time>2025-12-23T08:24:17Z</time>
   </trkpt>
   <trkpt lat="10.3179490" lon="123.8603280">
    <ele>305.8</ele>
    <time>2025-12-23T08:24:18Z</time>
   </trkpt>
   <trkpt lat="10.3179570" lon="123.8603190">
    <ele>305.9</ele>
    <time>2025-12-23T08:24:19Z</time>
   </trkpt>
   <trkpt lat="10.3179640" lon="123.8603130">
    <ele>306.0</ele>
    <time>2025-12-23T08:24:20Z</time>
   </trkpt>
   <trkpt lat="10.3179730" lon="123.8603040">
    <ele>306.2</ele>
    <time>2025-12-23T08:24:21Z</time>
   </trkpt>
   <trkpt lat="10.3179790" lon="123.8602940">
    <ele>306.3</ele>
    <time>2025-12-23T08:24:22Z</time>
   </trkpt>
   <trkpt lat="10.3179810" lon="123.8602880">
    <ele>306.4</ele>
    <time>2025-12-23T08:24:23Z</time>
   </trkpt>
   <trkpt lat="10.3179860" lon="123.8602860">
    <ele>306.5</ele>
    <time>2025-12-23T08:24:24Z</time>
   </trkpt>
   <trkpt lat="10.3179890" lon="123.8602880">
    <ele>306.5</ele>
    <time>2025-12-23T08:24:25Z</time>
   </trkpt>
   <trkpt lat="10.3179920" lon="123.8602900">
    <ele>306.6</ele>
    <time>2025-12-23T08:24:26Z</time>
   </trkpt>
   <trkpt lat="10.3179930" lon="123.8602890">
    <ele>306.6</ele>
    <time>2025-12-23T08:24:27Z</time>
   </trkpt>
   <trkpt lat="10.3179940" lon="123.8602890">
    <ele>306.6</ele>
    <time>2025-12-23T08:24:28Z</time>
   </trkpt>
   <trkpt lat="10.3179930" lon="123.8602950">
    <ele>306.7</ele>
    <time>2025-12-23T08:24:29Z</time>
   </trkpt>
   <trkpt lat="10.3179910" lon="123.8603000">
    <ele>306.7</ele>
    <time>2025-12-23T08:24:30Z</time>
   </trkpt>
   <trkpt lat="10.3179890" lon="123.8603020">
    <ele>306.8</ele>
    <time>2025-12-23T08:24:31Z</time>
   </trkpt>
   <trkpt lat="10.3179880" lon="123.8603060">
    <ele>306.8</ele>
    <time>2025-12-23T08:24:32Z</time>
   </trkpt>
   <trkpt lat="10.3179900" lon="123.8603080">
    <ele>306.8</ele>
    <time>2025-12-23T08:24:33Z</time>
   </trkpt>
   <trkpt lat="10.3179950" lon="123.8603080">
    <ele>306.9</ele>
    <time>2025-12-23T08:24:34Z</time>
   </trkpt>
   <trkpt lat="10.3180000" lon="123.8603130">
    <ele>307.0</ele>
    <time>2025-12-23T08:24:35Z</time>
   </trkpt>
   <trkpt lat="10.3180040" lon="123.8603170">
    <ele>307.0</ele>
    <time>2025-12-23T08:24:36Z</time>
   </trkpt>
   <trkpt lat="10.3180060" lon="123.8603210">
    <ele>307.1</ele>
    <time>2025-12-23T08:24:37Z</time>
   </trkpt>
   <trkpt lat="10.3180070" lon="123.8603210">
    <ele>307.1</ele>
    <time>2025-12-23T08:24:38Z</time>
   </trkpt>
   <trkpt lat="10.3180050" lon="123.8603200">
    <ele>307.1</ele>
    <time>2025-12-23T08:24:39Z</time>
   </trkpt>
   <trkpt lat="10.3180020" lon="123.8603160">
    <ele>307.2</ele>
    <time>2025-12-23T08:24:40Z</time>
   </trkpt>
   <trkpt lat="10.3180000" lon="123.8603130">
    <ele>307.2</ele>
    <time>2025-12-23T08:24:41Z</time>
   </trkpt>
   <trkpt lat="10.3180000" lon="123.8603050">
    <ele>307.3</ele>
    <time>2025-12-23T08:24:42Z</time>
   </trkpt>
   <trkpt lat="10.3180040" lon="123.8603050">
    <ele>307.3</ele>
    <time>2025-12-23T08:24:43Z</time>
   </trkpt>
   <trkpt lat="10.3180060" lon="123.8603080">
    <ele>307.4</ele>
    <time>2025-12-23T08:24:44Z</time>
   </trkpt>
   <trkpt lat="10.3180060" lon="123.8603090">
    <ele>307.4</ele>
    <time>2025-12-23T08:24:45Z</time>
   </trkpt>
   <trkpt lat="10.3180060" lon="123.8603070">
    <ele>307.4</ele>
    <time>2025-12-23T08:24:46Z</time>
   </trkpt>
   <trkpt lat="10.3180070" lon="123.8603050">
    <ele>307.4</ele>
    <time>2025-12-23T08:24:47Z</time>
   </trkpt>
   <trkpt lat="10.3180060" lon="123.8603040">
    <ele>307.4</ele>
    <time>2025-12-23T08:24:48Z</time>
   </trkpt>
   <trkpt lat="10.3180040" lon="123.8603060">
    <ele>307.4</ele>
    <time>2025-12-23T08:24:49Z</time>
   </trkpt>
   <trkpt lat="10.3180030" lon="123.8603060">
    <ele>307.4</ele>
    <time>2025-12-23T08:24:50Z</time>
   </trkpt>
   <trkpt lat="10.3180010" lon="123.8603060">
    <ele>307.5</ele>
    <time>2025-12-23T08:24:52Z</time>
   </trkpt>
   <trkpt lat="10.3180000" lon="123.8603070">
    <ele>307.5</ele>
    <time>2025-12-23T08:24:53Z</time>
   </trkpt>
   <trkpt lat="10.3180000" lon="123.8603070">
    <ele>307.5</ele>
    <time>2025-12-23T08:24:54Z</time>
   </trkpt>
   <trkpt lat="10.3180000" lon="123.8603070">
    <ele>307.5</ele>
    <time>2025-12-23T08:24:55Z</time>
   </trkpt>
   <trkpt lat="10.3179970" lon="123.8603190">
    <ele>307.6</ele>
    <time>2025-12-23T08:42:22Z</time>
   </trkpt>
   <trkpt lat="10.3179950" lon="123.8603130">
    <ele>307.6</ele>
    <time>2025-12-23T08:42:23Z</time>
   </trkpt>
   <trkpt lat="10.3179930" lon="123.8603090">
    <ele>307.7</ele>
    <time>2025-12-23T08:42:24Z</time>
   </trkpt>
   <trkpt lat="10.3179920" lon="123.8603030">
    <ele>307.7</ele>
    <time>2025-12-23T08:42:25Z</time>
   </trkpt>
   <trkpt lat="10.3179940" lon="123.8602930">
    <ele>307.8</ele>
    <time>2025-12-23T08:42:26Z</time>
   </trkpt>
   <trkpt lat="10.3179960" lon="123.8602860">
    <ele>307.8</ele>
    <time>2025-12-23T08:42:27Z</time>
   </trkpt>
   <trkpt lat="10.3179950" lon="123.8602830">
    <ele>307.9</ele>
    <time>2025-12-23T08:42:28Z</time>
   </trkpt>
   <trkpt lat="10.3179940" lon="123.8602780">
    <ele>307.9</ele>
    <time>2025-12-23T08:42:29Z</time>
   </trkpt>
   <trkpt lat="10.3179900" lon="123.8602750">
    <ele>307.9</ele>
    <time>2025-12-23T08:42:30Z</time>
   </trkpt>
   <trkpt lat="10.3179920" lon="123.8602710">
    <ele>308.0</ele>
    <time>2025-12-23T08:42:31Z</time>
   </trkpt>
   <trkpt lat="10.3179930" lon="123.8602680">
    <ele>308.0</ele>
    <time>2025-12-23T08:42:32Z</time>
   </trkpt>
   <trkpt lat="10.3179960" lon="123.8602600">
    <ele>308.0</ele>
    <time>2025-12-23T08:42:33Z</time>
   </trkpt>
   <trkpt lat="10.3180010" lon="123.8602560">
    <ele>308.1</ele>
    <time>2025-12-23T08:42:34Z</time>
   </trkpt>
   <trkpt lat="10.3180060" lon="123.8602520">
    <ele>308.1</ele>
    <time>2025-12-23T08:42:35Z</time>
   </trkpt>
   <trkpt lat="10.3180130" lon="123.8602470">
    <ele>308.1</ele>
    <time>2025-12-23T08:42:36Z</time>
   </trkpt>
   <trkpt lat="10.3180170" lon="123.8602400">
    <ele>308.2</ele>
    <time>2025-12-23T08:42:37Z</time>
   </trkpt>
   <trkpt lat="10.3180220" lon="123.8602330">
    <ele>308.2</ele>
    <time>2025-12-23T08:42:38Z</time>
   </trkpt>
   <trkpt lat="10.3180320" lon="123.8602320">
    <ele>308.3</ele>
    <time>2025-12-23T08:42:39Z</time>
   </trkpt>
   <trkpt lat="10.3180370" lon="123.8602300">
    <ele>308.3</ele>
    <time>2025-12-23T08:42:40Z</time>
   </trkpt>
   <trkpt lat="10.3180430" lon="123.8602260">
    <ele>308.3</ele>
    <time>2025-12-23T08:42:41Z</time>
   </trkpt>
   <trkpt lat="10.3180510" lon="123.8602230">
    <ele>308.3</ele>
    <time>2025-12-23T08:42:42Z</time>
   </trkpt>
   <trkpt lat="10.3180610" lon="123.8602160">
    <ele>308.4</ele>
    <time>2025-12-23T08:42:43Z</time>
   </trkpt>
   <trkpt lat="10.3180710" lon="123.8602070">
    <ele>308.4</ele>
    <time>2025-12-23T08:42:44Z</time>
   </trkpt>
   <trkpt lat="10.3180780" lon="123.8601990">
    <ele>308.4</ele>
    <time>2025-12-23T08:42:45Z</time>
   </trkpt>
   <trkpt lat="10.3180800" lon="123.8601900">
    <ele>308.4</ele>
    <time>2025-12-23T08:42:46Z</time>
   </trkpt>
   <trkpt lat="10.3180830" lon="123.8601820">
    <ele>308.4</ele>
    <time>2025-12-23T08:42:47Z</time>
   </trkpt>
   <trkpt lat="10.3180880" lon="123.8601780">
    <ele>308.4</ele>
    <time>2025-12-23T08:42:48Z</time>
   </trkpt>
   <trkpt lat="10.3180950" lon="123.8601760">
    <ele>308.4</ele>
    <time>2025-12-23T08:42:49Z</time>
   </trkpt>
   <trkpt lat="10.3181030" lon="123.8601730">
    <ele>308.5</ele>
    <time>2025-12-23T08:42:50Z</time>
   </trkpt>
   <trkpt lat="10.3181080" lon="123.8601660">
    <ele>308.5</ele>
    <time>2025-12-23T08:42:51Z</time>
   </trkpt>
   <trkpt lat="10.3181130" lon="123.8601560">
    <ele>308.5</ele>
    <time>2025-12-23T08:42:52Z</time>
   </trkpt>
   <trkpt lat="10.3181180" lon="123.8601460">
    <ele>308.5</ele>
    <time>2025-12-23T08:42:53Z</time>
   </trkpt>
   <trkpt lat="10.3181220" lon="123.8601350">
    <ele>308.5</ele>
    <time>2025-12-23T08:42:54Z</time>
   </trkpt>
   <trkpt lat="10.3181270" lon="123.8601280">
    <ele>308.5</ele>
    <time>2025-12-23T08:42:55Z</time>
   </trkpt>
   <trkpt lat="10.3181330" lon="123.8601230">
    <ele>308.5</ele>
    <time>2025-12-23T08:42:56Z</time>
   </trkpt>
   <trkpt lat="10.3181410" lon="123.8601200">
    <ele>308.5</ele>
    <time>2025-12-23T08:42:57Z</time>
   </trkpt>
   <trkpt lat="10.3181470" lon="123.8601160">
    <ele>308.5</ele>
    <time>2025-12-23T08:42:58Z</time>
   </trkpt>
   <trkpt lat="10.3181550" lon="123.8601140">
    <ele>308.5</ele>
    <time>2025-12-23T08:42:59Z</time>
   </trkpt>
   <trkpt lat="10.3181650" lon="123.8601120">
    <ele>308.5</ele>
    <time>2025-12-23T08:43:00Z</time>
   </trkpt>
   <trkpt lat="10.3181770" lon="123.8601070">
    <ele>308.5</ele>
    <time>2025-12-23T08:43:01Z</time>
   </trkpt>
   <trkpt lat="10.3181880" lon="123.8601010">
    <ele>308.5</ele>
    <time>2025-12-23T08:43:02Z</time>
   </trkpt>
   <trkpt lat="10.3181990" lon="123.8600920">
    <ele>308.5</ele>
    <time>2025-12-23T08:43:03Z</time>
   </trkpt>
   <trkpt lat="10.3182090" lon="123.8600870">
    <ele>308.6</ele>
    <time>2025-12-23T08:43:04Z</time>
   </trkpt>
   <trkpt lat="10.3182180" lon="123.8600800">
    <ele>308.6</ele>
    <time>2025-12-23T08:43:05Z</time>
   </trkpt>
   <trkpt lat="10.3182280" lon="123.8600690">
    <ele>308.6</ele>
    <time>2025-12-23T08:43:06Z</time>
   </trkpt>
   <trkpt lat="10.3182350" lon="123.8600600">
    <ele>308.6</ele>
    <time>2025-12-23T08:43:07Z</time>
   </trkpt>
   <trkpt lat="10.3182370" lon="123.8600520">
    <ele>308.6</ele>
    <time>2025-12-23T08:43:08Z</time>
   </trkpt>
   <trkpt lat="10.3182370" lon="123.8600400">
    <ele>308.6</ele>
    <time>2025-12-23T08:43:09Z</time>
   </trkpt>
   <trkpt lat="10.3182340" lon="123.8600390">
    <ele>308.6</ele>
    <time>2025-12-23T08:43:10Z</time>
   </trkpt>
   <trkpt lat="10.3182310" lon="123.8600390">
    <ele>308.6</ele>
    <time>2025-12-23T08:43:11Z</time>
   </trkpt>
   <trkpt lat="10.3182280" lon="123.8600390">
    <ele>308.6</ele>
    <time>2025-12-23T08:43:12Z</time>
   </trkpt>
   <trkpt lat="10.3182250" lon="123.8600380">
    <ele>308.6</ele>
    <time>2025-12-23T08:43:13Z</time>
   </trkpt>
   <trkpt lat="10.3182220" lon="123.8600380">
    <ele>308.6</ele>
    <time>2025-12-23T08:43:14Z</time>
   </trkpt>
   <trkpt lat="10.3182190" lon="123.8600380">
    <ele>308.6</ele>
    <time>2025-12-23T08:43:15Z</time>
   </trkpt>
   <trkpt lat="10.3182160" lon="123.8600370">
    <ele>308.6</ele>
    <time>2025-12-23T08:43:16Z</time>
   </trkpt>
   <trkpt lat="10.3182130" lon="123.8600370">
    <ele>308.6</ele>
    <time>2025-12-23T08:43:17Z</time>
   </trkpt>
   <trkpt lat="10.3182100" lon="123.8600370">
    <ele>308.6</ele>
    <time>2025-12-23T08:43:18Z</time>
   </trkpt>
   <trkpt lat="10.3182070" lon="123.8600360">
    <ele>308.6</ele>
    <time>2025-12-23T08:43:19Z</time>
   </trkpt>
   <trkpt lat="10.3182040" lon="123.8600360">
    <ele>308.6</ele>
    <time>2025-12-23T08:43:20Z</time>
   </trkpt>
   <trkpt lat="10.3181970" lon="123.8600380">
    <ele>308.6</ele>
    <time>2025-12-23T08:43:21Z</time>
   </trkpt>
   <trkpt lat="10.3181960" lon="123.8600410">
    <ele>308.6</ele>
    <time>2025-12-23T08:43:22Z</time>
   </trkpt>
   <trkpt lat="10.3181980" lon="123.8600450">
    <ele>308.6</ele>
    <time>2025-12-23T08:43:23Z</time>
   </trkpt>
   <trkpt lat="10.3181990" lon="123.8600480">
    <ele>308.6</ele>
    <time>2025-12-23T08:43:24Z</time>
   </trkpt>
   <trkpt lat="10.3181970" lon="123.8600500">
    <ele>308.6</ele>
    <time>2025-12-23T08:43:25Z</time>
   </trkpt>
   <trkpt lat="10.3181920" lon="123.8600530">
    <ele>308.5</ele>
    <time>2025-12-23T08:43:26Z</time>
   </trkpt>
   <trkpt lat="10.3181870" lon="123.8600540">
    <ele>308.5</ele>
    <time>2025-12-23T08:43:27Z</time>
   </trkpt>
   <trkpt lat="10.3181820" lon="123.8600520">
    <ele>308.5</ele>
    <time>2025-12-23T08:43:28Z</time>
   </trkpt>
   <trkpt lat="10.3181780" lon="123.8600480">
    <ele>308.5</ele>
    <time>2025-12-23T08:43:29Z</time>
   </trkpt>
   <trkpt lat="10.3181740" lon="123.8600470">
    <ele>308.5</ele>
    <time>2025-12-23T08:43:30Z</time>
   </trkpt>
   <trkpt lat="10.3181720" lon="123.8600480">
    <ele>308.5</ele>
    <time>2025-12-23T08:43:31Z</time>
   </trkpt>
   <trkpt lat="10.3181720" lon="123.8600470">
    <ele>308.5</ele>
    <time>2025-12-23T08:43:32Z</time>
   </trkpt>
   <trkpt lat="10.3181720" lon="123.8600470">
    <ele>308.5</ele>
    <time>2025-12-23T08:43:33Z</time>
   </trkpt>
   <trkpt lat="10.3181720" lon="123.8600470">
    <ele>308.5</ele>
    <time>2025-12-23T08:43:34Z</time>
   </trkpt>
   <trkpt lat="10.3181720" lon="123.8600470">
    <ele>308.5</ele>
    <time>2025-12-23T08:43:35Z</time>
   </trkpt>
   <trkpt lat="10.3181720" lon="123.8600470">
    <ele>308.5</ele>
    <time>2025-12-23T08:43:36Z</time>
   </trkpt>
   <trkpt lat="10.3181720" lon="123.8600470">
    <ele>308.5</ele>
    <time>2025-12-23T08:43:37Z</time>
   </trkpt>
   <trkpt lat="10.3181720" lon="123.8600470">
    <ele>308.5</ele>
    <time>2025-12-23T08:43:38Z</time>
   </trkpt>
   <trkpt lat="10.3181720" lon="123.8600470">
    <ele>308.5</ele>
    <time>2025-12-23T08:43:39Z</time>
   </trkpt>
   <trkpt lat="10.3181800" lon="123.8600480">
    <ele>308.5</ele>
    <time>2025-12-23T08:43:40Z</time>
   </trkpt>
   <trkpt lat="10.3181850" lon="123.8600470">
    <ele>308.5</ele>
    <time>2025-12-23T08:43:41Z</time>
   </trkpt>
   <trkpt lat="10.3181890" lon="123.8600460">
    <ele>308.5</ele>
    <time>2025-12-23T08:43:42Z</time>
   </trkpt>
   <trkpt lat="10.3181930" lon="123.8600420">
    <ele>308.5</ele>
    <time>2025-12-23T08:43:43Z</time>
   </trkpt>
   <trkpt lat="10.3181960" lon="123.8600420">
    <ele>308.5</ele>
    <time>2025-12-23T08:43:44Z</time>
   </trkpt>
   <trkpt lat="10.3181960" lon="123.8600440">
    <ele>308.5</ele>
    <time>2025-12-23T08:43:45Z</time>
   </trkpt>
   <trkpt lat="10.3181970" lon="123.8600450">
    <ele>308.5</ele>
    <time>2025-12-23T08:43:46Z</time>
   </trkpt>
   <trkpt lat="10.3181970" lon="123.8600450">
    <ele>308.5</ele>
    <time>2025-12-23T08:43:47Z</time>
   </trkpt>
   <trkpt lat="10.3181870" lon="123.8600490">
    <ele>308.5</ele>
    <time>2025-12-23T08:43:48Z</time>
   </trkpt>
   <trkpt lat="10.3181770" lon="123.8600560">
    <ele>308.5</ele>
    <time>2025-12-23T08:43:49Z</time>
   </trkpt>
   <trkpt lat="10.3181670" lon="123.8600640">
    <ele>308.5</ele>
    <time>2025-12-23T08:43:50Z</time>
   </trkpt>
   <trkpt lat="10.3181570" lon="123.8600670">
    <ele>308.5</ele>
    <time>2025-12-23T08:43:51Z</time>
   </trkpt>
   <trkpt lat="10.3181460" lon="123.8600710">
    <ele>308.5</ele>
    <time>2025-12-23T08:43:52Z</time>
   </trkpt>
   <trkpt lat="10.3181370" lon="123.8600760">
    <ele>308.5</ele>
    <time>2025-12-23T08:43:53Z</time>
   </trkpt>
   <trkpt lat="10.3181340" lon="123.8600850">
    <ele>308.5</ele>
    <time>2025-12-23T08:43:54Z</time>
   </trkpt>
   <trkpt lat="10.3181330" lon="123.8600970">
    <ele>308.5</ele>
    <time>2025-12-23T08:43:55Z</time>
   </trkpt>
   <trkpt lat="10.3181320" lon="123.8601080">
    <ele>308.4</ele>
    <time>2025-12-23T08:43:56Z</time>
   </trkpt>
   <trkpt lat="10.3181320" lon="123.8601130">
    <ele>308.4</ele>
    <time>2025-12-23T08:43:57Z</time>
   </trkpt>
   <trkpt lat="10.3181280" lon="123.8601160">
    <ele>308.4</ele>
    <time>2025-12-23T08:43:58Z</time>
   </trkpt>
   <trkpt lat="10.3181220" lon="123.8601210">
    <ele>308.4</ele>
    <time>2025-12-23T08:43:59Z</time>
   </trkpt>
   <trkpt lat="10.3181150" lon="123.8601280">
    <ele>308.4</ele>
    <time>2025-12-23T08:44:00Z</time>
   </trkpt>
   <trkpt lat="10.3181080" lon="123.8601380">
    <ele>308.4</ele>
    <time>2025-12-23T08:44:01Z</time>
   </trkpt>
   <trkpt lat="10.3181020" lon="123.8601460">
    <ele>308.4</ele>
    <time>2025-12-23T08:44:02Z</time>
   </trkpt>
   <trkpt lat="10.3180950" lon="123.8601530">
    <ele>308.3</ele>
    <time>2025-12-23T08:44:03Z</time>
   </trkpt>
   <trkpt lat="10.3180860" lon="123.8601590">
    <ele>308.3</ele>
    <time>2025-12-23T08:44:04Z</time>
   </trkpt>
   <trkpt lat="10.3180790" lon="123.8601680">
    <ele>308.3</ele>
    <time>2025-12-23T08:44:05Z</time>
   </trkpt>
   <trkpt lat="10.3180700" lon="123.8601790">
    <ele>308.2</ele>
    <time>2025-12-23T08:44:06Z</time>
   </trkpt>
   <trkpt lat="10.3180640" lon="123.8601870">
    <ele>308.2</ele>
    <time>2025-12-23T08:44:07Z</time>
   </trkpt>
   <trkpt lat="10.3180580" lon="123.8601950">
    <ele>308.1</ele>
    <time>2025-12-23T08:44:08Z</time>
   </trkpt>
   <trkpt lat="10.3180540" lon="123.8602050">
    <ele>308.1</ele>
    <time>2025-12-23T08:44:09Z</time>
   </trkpt>
   <trkpt lat="10.3180440" lon="123.8602120">
    <ele>308.0</ele>
    <time>2025-12-23T08:44:10Z</time>
   </trkpt>
   <trkpt lat="10.3180360" lon="123.8602190">
    <ele>308.0</ele>
    <time>2025-12-23T08:44:11Z</time>
   </trkpt>
   <trkpt lat="10.3180290" lon="123.8602240">
    <ele>307.9</ele>
    <time>2025-12-23T08:44:12Z</time>
   </trkpt>
   <trkpt lat="10.3180230" lon="123.8602320">
    <ele>307.8</ele>
    <time>2025-12-23T08:44:13Z</time>
   </trkpt>
   <trkpt lat="10.3180100" lon="123.8602470">
    <ele>307.7</ele>
    <time>2025-12-23T08:44:14Z</time>
   </trkpt>
   <trkpt lat="10.3180040" lon="123.8602530">
    <ele>307.6</ele>
    <time>2025-12-23T08:44:15Z</time>
   </trkpt>
   <trkpt lat="10.3179970" lon="123.8602590">
    <ele>307.5</ele>
    <time>2025-12-23T08:44:16Z</time>
   </trkpt>
   <trkpt lat="10.3179900" lon="123.8602660">
    <ele>307.4</ele>
    <time>2025-12-23T08:44:17Z</time>
   </trkpt>
   <trkpt lat="10.3179840" lon="123.8602730">
    <ele>307.4</ele>
    <time>2025-12-23T08:44:18Z</time>
   </trkpt>
   <trkpt lat="10.3179820" lon="123.8602790">
    <ele>307.3</ele>
    <time>2025-12-23T08:44:19Z</time>
   </trkpt>
   <trkpt lat="10.3179790" lon="123.8602860">
    <ele>307.2</ele>
    <time>2025-12-23T08:44:20Z</time>
   </trkpt>
   <trkpt lat="10.3179780" lon="123.8602930">
    <ele>307.2</ele>
    <time>2025-12-23T08:44:21Z</time>
   </trkpt>
   <trkpt lat="10.3179780" lon="123.8603030">
    <ele>307.1</ele>
    <time>2025-12-23T08:44:22Z</time>
   </trkpt>
   <trkpt lat="10.3179730" lon="123.8603160">
    <ele>306.9</ele>
    <time>2025-12-23T08:44:23Z</time>
   </trkpt>
   <trkpt lat="10.3179640" lon="123.8603230">
    <ele>306.8</ele>
    <time>2025-12-23T08:44:24Z</time>
   </trkpt>
   <trkpt lat="10.3179590" lon="123.8603280">
    <ele>306.7</ele>
    <time>2025-12-23T08:44:25Z</time>
   </trkpt>
   <trkpt lat="10.3179550" lon="123.8603360">
    <ele>306.6</ele>
    <time>2025-12-23T08:44:26Z</time>
   </trkpt>
   <trkpt lat="10.3179520" lon="123.8603430">
    <ele>306.5</ele>
    <time>2025-12-23T08:44:27Z</time>
   </trkpt>
   <trkpt lat="10.3179480" lon="123.8603440">
    <ele>306.5</ele>
    <time>2025-12-23T08:44:28Z</time>
   </trkpt>
   <trkpt lat="10.3179440" lon="123.8603470">
    <ele>306.4</ele>
    <time>2025-12-23T08:44:29Z</time>
   </trkpt>
   <trkpt lat="10.3179430" lon="123.8603470">
    <ele>306.4</ele>
    <time>2025-12-23T08:44:30Z</time>
   </trkpt>
   <trkpt lat="10.3179440" lon="123.8603470">
    <ele>306.4</ele>
    <time>2025-12-23T08:44:31Z</time>
   </trkpt>
   <trkpt lat="10.3179440" lon="123.8603480">
    <ele>306.4</ele>
    <time>2025-12-23T08:44:32Z</time>
   </trkpt>
   <trkpt lat="10.3179410" lon="123.8603490">
    <ele>306.3</ele>
    <time>2025-12-23T08:44:33Z</time>
   </trkpt>
   <trkpt lat="10.3179400" lon="123.8603510">
    <ele>306.3</ele>
    <time>2025-12-23T08:44:34Z</time>
   </trkpt>
   <trkpt lat="10.3179390" lon="123.8603540">
    <ele>306.3</ele>
    <time>2025-12-23T08:44:35Z</time>
   </trkpt>
   <trkpt lat="10.3179380" lon="123.8603550">
    <ele>306.2</ele>
    <time>2025-12-23T08:44:36Z</time>
   </trkpt>
   <trkpt lat="10.3179390" lon="123.8603560">
    <ele>306.2</ele>
    <time>2025-12-23T08:44:37Z</time>
   </trkpt>
   <trkpt lat="10.3179400" lon="123.8603560">
    <ele>306.2</ele>
    <time>2025-12-23T08:44:38Z</time>
   </trkpt>
   <trkpt lat="10.3179400" lon="123.8603570">
    <ele>306.2</ele>
    <time>2025-12-23T08:44:39Z</time>
   </trkpt>
   <trkpt lat="10.3179400" lon="123.8603570">
    <ele>306.2</ele>
    <time>2025-12-23T08:44:40Z</time>
   </trkpt>
   <trkpt lat="10.3179400" lon="123.8603570">
    <ele>306.2</ele>
    <time>2025-12-23T08:44:41Z</time>
   </trkpt>
   <trkpt lat="10.3179360" lon="123.8603700">
    <ele>306.0</ele>
    <time>2025-12-23T08:44:42Z</time>
   </trkpt>
   <trkpt lat="10.3179340" lon="123.8603740">
    <ele>306.0</ele>
    <time>2025-12-23T08:44:43Z</time>
   </trkpt>
   <trkpt lat="10.3179330" lon="123.8603750">
    <ele>306.0</ele>
    <time>2025-12-23T08:44:44Z</time>
   </trkpt>
   <trkpt lat="10.3179330" lon="123.8603750">
    <ele>306.0</ele>
    <time>2025-12-23T08:44:45Z</time>
   </trkpt>
   <trkpt lat="10.3179330" lon="123.8603750">
    <ele>306.0</ele>
    <time>2025-12-23T08:44:46Z</time>
   </trkpt>
   <trkpt lat="10.3179330" lon="123.8603750">
    <ele>306.0</ele>
    <time>2025-12-23T08:44:47Z</time>
   </trkpt>
   <trkpt lat="10.3179330" lon="123.8603750">
    <ele>306.0</ele>
    <time>2025-12-23T08:44:48Z</time>
   </trkpt>
   <trkpt lat="10.3179330" lon="123.8603750">
    <ele>306.0</ele>
    <time>2025-12-23T08:44:49Z</time>
   </trkpt>
   <trkpt lat="10.3179330" lon="123.8603750">
    <ele>306.0</ele>
    <time>2025-12-23T08:44:50Z</time>
   </trkpt>
   <trkpt lat="10.3179330" lon="123.8603750">
    <ele>306.0</ele>
    <time>2025-12-23T08:44:51Z</time>
   </trkpt>
   <trkpt lat="10.3179330" lon="123.8603750">
    <ele>306.0</ele>
    <time>2025-12-23T08:44:52Z</time>
   </trkpt>
   <trkpt lat="10.3179330" lon="123.8603750">
    <ele>306.0</ele>
    <time>2025-12-23T08:44:53Z</time>
   </trkpt>
   <trkpt lat="10.3179330" lon="123.8603750">
    <ele>306.0</ele>
    <time>2025-12-23T08:44:54Z</time>
   </trkpt>
   <trkpt lat="10.3179330" lon="123.8603750">
    <ele>306.0</ele>
    <time>2025-12-23T08:44:55Z</time>
   </trkpt>
   <trkpt lat="10.3179330" lon="123.8603750">
    <ele>306.0</ele>
    <time>2025-12-23T08:44:56Z</time>
   </trkpt>
   <trkpt lat="10.3179330" lon="123.8603750">
    <ele>306.0</ele>
    <time>2025-12-23T08:44:57Z</time>
   </trkpt>
   <trkpt lat="10.3179330" lon="123.8603750">
    <ele>306.0</ele>
    <time>2025-12-23T08:44:58Z</time>
   </trkpt>
   <trkpt lat="10.3179330" lon="123.8603750">
    <ele>306.0</ele>
    <time>2025-12-23T08:44:59Z</time>
   </trkpt>
   <trkpt lat="10.3179330" lon="123.8603750">
    <ele>306.0</ele>
    <time>2025-12-23T08:45:00Z</time>
   </trkpt>
   <trkpt lat="10.3179260" lon="123.8603790">
    <ele>305.8</ele>
    <time>2025-12-23T08:45:01Z</time>
   </trkpt>
   <trkpt lat="10.3179210" lon="123.8603850">
    <ele>305.7</ele>
    <time>2025-12-23T08:45:02Z</time>
   </trkpt>
   <trkpt lat="10.3179200" lon="123.8603900">
    <ele>305.7</ele>
    <time>2025-12-23T08:45:03Z</time>
   </trkpt>
   <trkpt lat="10.3179160" lon="123.8603980">
    <ele>305.5</ele>
    <time>2025-12-23T08:45:04Z</time>
   </trkpt>
   <trkpt lat="10.3179090" lon="123.8604050">
    <ele>305.4</ele>
    <time>2025-12-23T08:45:05Z</time>
   </trkpt>
   <trkpt lat="10.3178970" lon="123.8604110">
    <ele>305.2</ele>
    <time>2025-12-23T08:45:06Z</time>
   </trkpt>
   <trkpt lat="10.3178860" lon="123.8604160">
    <ele>305.0</ele>
    <time>2025-12-23T08:45:07Z</time>
   </trkpt>
   <trkpt lat="10.3178780" lon="123.8604200">
    <ele>304.9</ele>
    <time>2025-12-23T08:45:08Z</time>
   </trkpt>
   <trkpt lat="10.3178700" lon="123.8604250">
    <ele>304.7</ele>
    <time>2025-12-23T08:45:09Z</time>
   </trkpt>
   <trkpt lat="10.3178630" lon="123.8604320">
    <ele>304.5</ele>
    <time>2025-12-23T08:45:10Z</time>
   </trkpt>
   <trkpt lat="10.3178550" lon="123.8604350">
    <ele>304.4</ele>
    <time>2025-12-23T08:45:11Z</time>
   </trkpt>
   <trkpt lat="10.3178490" lon="123.8604380">
    <ele>304.3</ele>
    <time>2025-12-23T08:45:12Z</time>
   </trkpt>
   <trkpt lat="10.3178460" lon="123.8604460">
    <ele>304.1</ele>
    <time>2025-12-23T08:45:13Z</time>
   </trkpt>
   <trkpt lat="10.3178420" lon="123.8604520">
    <ele>304.0</ele>
    <time>2025-12-23T08:45:14Z</time>
   </trkpt>
   <trkpt lat="10.3178370" lon="123.8604540">
    <ele>303.9</ele>
    <time>2025-12-23T08:45:15Z</time>
   </trkpt>
   <trkpt lat="10.3178290" lon="123.8604560">
    <ele>303.8</ele>
    <time>2025-12-23T08:45:16Z</time>
   </trkpt>
   <trkpt lat="10.3178240" lon="123.8604600">
    <ele>303.6</ele>
    <time>2025-12-23T08:45:17Z</time>
   </trkpt>
   <trkpt lat="10.3178200" lon="123.8604650">
    <ele>303.5</ele>
    <time>2025-12-23T08:45:18Z</time>
   </trkpt>
   <trkpt lat="10.3178140" lon="123.8604720">
    <ele>303.3</ele>
    <time>2025-12-23T08:45:19Z</time>
   </trkpt>
   <trkpt lat="10.3178040" lon="123.8604780">
    <ele>303.1</ele>
    <time>2025-12-23T08:45:20Z</time>
   </trkpt>
   <trkpt lat="10.3177970" lon="123.8604830">
    <ele>302.9</ele>
    <time>2025-12-23T08:45:21Z</time>
   </trkpt>
   <trkpt lat="10.3177970" lon="123.8604940">
    <ele>302.7</ele>
    <time>2025-12-23T08:45:22Z</time>
   </trkpt>
   <trkpt lat="10.3177940" lon="123.8605100">
    <ele>302.3</ele>
    <time>2025-12-23T08:45:23Z</time>
   </trkpt>
   <trkpt lat="10.3177910" lon="123.8605170">
    <ele>302.2</ele>
    <time>2025-12-23T08:45:24Z</time>
   </trkpt>
   <trkpt lat="10.3177890" lon="123.8605230">
    <ele>302.0</ele>
    <time>2025-12-23T08:45:25Z</time>
   </trkpt>
   <trkpt lat="10.3177860" lon="123.8605290">
    <ele>301.9</ele>
    <time>2025-12-23T08:45:26Z</time>
   </trkpt>
   <trkpt lat="10.3177820" lon="123.8605390">
    <ele>301.6</ele>
    <time>2025-12-23T08:45:27Z</time>
   </trkpt>
   <trkpt lat="10.3177790" lon="123.8605500">
    <ele>301.4</ele>
    <time>2025-12-23T08:45:28Z</time>
   </trkpt>
   <trkpt lat="10.3177790" lon="123.8605630">
    <ele>301.1</ele>
    <time>2025-12-23T08:45:29Z</time>
   </trkpt>
   <trkpt lat="10.3177780" lon="123.8605750">
    <ele>300.8</ele>
    <time>2025-12-23T08:45:30Z</time>
   </trkpt>
   <trkpt lat="10.3177750" lon="123.8605840">
    <ele>300.5</ele>
    <time>2025-12-23T08:45:31Z</time>
   </trkpt>
   <trkpt lat="10.3177680" lon="123.8605850">
    <ele>300.4</ele>
    <time>2025-12-23T08:45:32Z</time>
   </trkpt>
   <trkpt lat="10.3177580" lon="123.8605860">
    <ele>300.1</ele>
    <time>2025-12-23T08:45:33Z</time>
   </trkpt>
   <trkpt lat="10.3177490" lon="123.8605900">
    <ele>299.9</ele>
    <time>2025-12-23T08:45:34Z</time>
   </trkpt>
   <trkpt lat="10.3177440" lon="123.8605950">
    <ele>299.7</ele>
    <time>2025-12-23T08:45:35Z</time>
   </trkpt>
   <trkpt lat="10.3177390" lon="123.8605980">
    <ele>299.5</ele>
    <time>2025-12-23T08:45:36Z</time>
   </trkpt>
   <trkpt lat="10.3177340" lon="123.8606020">
    <ele>299.3</ele>
    <time>2025-12-23T08:45:37Z</time>
   </trkpt>
   <trkpt lat="10.3177330" lon="123.8606050">
    <ele>299.3</ele>
    <time>2025-12-23T08:45:38Z</time>
   </trkpt>
   <trkpt lat="10.3177340" lon="123.8606050">
    <ele>299.2</ele>
    <time>2025-12-23T08:45:39Z</time>
   </trkpt>
   <trkpt lat="10.3177360" lon="123.8606050">
    <ele>299.2</ele>
    <time>2025-12-23T08:45:40Z</time>
   </trkpt>
   <trkpt lat="10.3177340" lon="123.8606050">
    <ele>299.1</ele>
    <time>2025-12-23T08:45:41Z</time>
   </trkpt>
   <trkpt lat="10.3177330" lon="123.8606060">
    <ele>299.1</ele>
    <time>2025-12-23T08:45:42Z</time>
   </trkpt>
   <trkpt lat="10.3177310" lon="123.8606050">
    <ele>299.0</ele>
    <time>2025-12-23T08:45:43Z</time>
   </trkpt>
   <trkpt lat="10.3177300" lon="123.8606000">
    <ele>298.9</ele>
    <time>2025-12-23T08:45:44Z</time>
   </trkpt>
   <trkpt lat="10.3177300" lon="123.8605940">
    <ele>298.8</ele>
    <time>2025-12-23T08:45:45Z</time>
   </trkpt>
   <trkpt lat="10.3177270" lon="123.8605890">
    <ele>298.6</ele>
    <time>2025-12-23T08:45:46Z</time>
   </trkpt>
   <trkpt lat="10.3177250" lon="123.8605920">
    <ele>298.5</ele>
    <time>2025-12-23T08:45:47Z</time>
   </trkpt>
   <trkpt lat="10.3177260" lon="123.8605950">
    <ele>298.4</ele>
    <time>2025-12-23T08:45:48Z</time>
   </trkpt>
   <trkpt lat="10.3177260" lon="123.8605960">
    <ele>298.4</ele>
    <time>2025-12-23T08:45:49Z</time>
   </trkpt>
   <trkpt lat="10.3177270" lon="123.8605970">
    <ele>298.3</ele>
    <time>2025-12-23T08:45:50Z</time>
   </trkpt>
   <trkpt lat="10.3177270" lon="123.8605970">
    <ele>298.3</ele>
    <time>2025-12-23T08:45:51Z</time>
   </trkpt>
   <trkpt lat="10.3177270" lon="123.8605970">
    <ele>298.3</ele>
    <time>2025-12-23T08:45:52Z</time>
   </trkpt>
   <trkpt lat="10.3177270" lon="123.8605970">
    <ele>298.3</ele>
    <time>2025-12-23T08:45:53Z</time>
   </trkpt>
   <trkpt lat="10.3177270" lon="123.8605970">
    <ele>298.3</ele>
    <time>2025-12-23T08:45:54Z</time>
   </trkpt>
   <trkpt lat="10.3177270" lon="123.8605970">
    <ele>298.3</ele>
    <time>2025-12-23T08:45:55Z</time>
   </trkpt>
   <trkpt lat="10.3177270" lon="123.8605970">
    <ele>298.3</ele>
    <time>2025-12-23T08:45:56Z</time>
   </trkpt>
   <trkpt lat="10.3177270" lon="123.8605970">
    <ele>298.3</ele>
    <time>2025-12-23T08:45:57Z</time>
   </trkpt>
   <trkpt lat="10.3177270" lon="123.8605970">
    <ele>298.3</ele>
    <time>2025-12-23T08:45:58Z</time>
   </trkpt>
   <trkpt lat="10.3177270" lon="123.8605970">
    <ele>298.3</ele>
    <time>2025-12-23T08:45:59Z</time>
   </trkpt>
   <trkpt lat="10.3177280" lon="123.8606100">
    <ele>298.0</ele>
    <time>2025-12-23T08:46:00Z</time>
   </trkpt>
   <trkpt lat="10.3177250" lon="123.8606150">
    <ele>297.8</ele>
    <time>2025-12-23T08:46:01Z</time>
   </trkpt>
   <trkpt lat="10.3177220" lon="123.8606200">
    <ele>297.7</ele>
    <time>2025-12-23T08:46:02Z</time>
   </trkpt>
   <trkpt lat="10.3177160" lon="123.8606230">
    <ele>297.5</ele>
    <time>2025-12-23T08:46:03Z</time>
   </trkpt>
   <trkpt lat="10.3177110" lon="123.8606260">
    <ele>297.3</ele>
    <time>2025-12-23T08:46:04Z</time>
   </trkpt>
   <trkpt lat="10.3177020" lon="123.8606280">
    <ele>297.1</ele>
    <time>2025-12-23T08:46:05Z</time>
   </trkpt>
   <trkpt lat="10.3176960" lon="123.8606300">
    <ele>296.9</ele>
    <time>2025-12-23T08:46:06Z</time>
   </trkpt>
   <trkpt lat="10.3176890" lon="123.8606320">
    <ele>296.7</ele>
    <time>2025-12-23T08:46:07Z</time>
   </trkpt>
   <trkpt lat="10.3176850" lon="123.8606370">
    <ele>296.5</ele>
    <time>2025-12-23T08:46:08Z</time>
   </trkpt>
   <trkpt lat="10.3176790" lon="123.8606430">
    <ele>296.3</ele>
    <time>2025-12-23T08:46:09Z</time>
   </trkpt>
   <trkpt lat="10.3176730" lon="123.8606500">
    <ele>296.1</ele>
    <time>2025-12-23T08:46:10Z</time>
   </trkpt>
   <trkpt lat="10.3176680" lon="123.8606570">
    <ele>295.8</ele>
    <time>2025-12-23T08:46:11Z</time>
   </trkpt>
   <trkpt lat="10.3176660" lon="123.8606650">
    <ele>295.6</ele>
    <time>2025-12-23T08:46:12Z</time>
   </trkpt>
   <trkpt lat="10.3176600" lon="123.8606730">
    <ele>295.3</ele>
    <time>2025-12-23T08:46:13Z</time>
   </trkpt>
   <trkpt lat="10.3176530" lon="123.8606820">
    <ele>295.0</ele>
    <time>2025-12-23T08:46:14Z</time>
   </trkpt>
   <trkpt lat="10.3176460" lon="123.8606880">
    <ele>294.8</ele>
    <time>2025-12-23T08:46:15Z</time>
   </trkpt>
   <trkpt lat="10.3176390" lon="123.8606920">
    <ele>294.6</ele>
    <time>2025-12-23T08:46:16Z</time>
   </trkpt>
   <trkpt lat="10.3176360" lon="123.8606960">
    <ele>294.4</ele>
    <time>2025-12-23T08:46:17Z</time>
   </trkpt>
   <trkpt lat="10.3176330" lon="123.8607010">
    <ele>294.3</ele>
    <time>2025-12-23T08:46:18Z</time>
   </trkpt>
   <trkpt lat="10.3176320" lon="123.8607090">
    <ele>294.0</ele>
    <time>2025-12-23T08:46:19Z</time>
   </trkpt>
   <trkpt lat="10.3176310" lon="123.8607150">
    <ele>293.9</ele>
    <time>2025-12-23T08:46:20Z</time>
   </trkpt>
   <trkpt lat="10.3176270" lon="123.8607210">
    <ele>293.7</ele>
    <time>2025-12-23T08:46:21Z</time>
   </trkpt>
   <trkpt lat="10.3176210" lon="123.8607290">
    <ele>293.4</ele>
    <time>2025-12-23T08:46:22Z</time>
   </trkpt>
   <trkpt lat="10.3176130" lon="123.8607370">
    <ele>293.1</ele>
    <time>2025-12-23T08:46:23Z</time>
   </trkpt>
   <trkpt lat="10.3176040" lon="123.8607440">
    <ele>292.8</ele>
    <time>2025-12-23T08:46:24Z</time>
   </trkpt>
   <trkpt lat="10.3175990" lon="123.8607520">
    <ele>292.5</ele>
    <time>2025-12-23T08:46:25Z</time>
   </trkpt>
   <trkpt lat="10.3175970" lon="123.8607620">
    <ele>292.2</ele>
    <time>2025-12-23T08:46:26Z</time>
   </trkpt>
   <trkpt lat="10.3175960" lon="123.8607710">
    <ele>292.0</ele>
    <time>2025-12-23T08:46:27Z</time>
   </trkpt>
   <trkpt lat="10.3175940" lon="123.8607760">
    <ele>291.8</ele>
    <time>2025-12-23T08:46:28Z</time>
   </trkpt>
   <trkpt lat="10.3175920" lon="123.8607790">
    <ele>291.7</ele>
    <time>2025-12-23T08:46:29Z</time>
   </trkpt>
   <trkpt lat="10.3175910" lon="123.8607820">
    <ele>291.6</ele>
    <time>2025-12-23T08:46:30Z</time>
   </trkpt>
   <trkpt lat="10.3175900" lon="123.8607850">
    <ele>291.5</ele>
    <time>2025-12-23T08:46:31Z</time>
   </trkpt>
   <trkpt lat="10.3175900" lon="123.8607920">
    <ele>291.3</ele>
    <time>2025-12-23T08:46:32Z</time>
   </trkpt>
   <trkpt lat="10.3175930" lon="123.8608030">
    <ele>291.0</ele>
    <time>2025-12-23T08:46:33Z</time>
   </trkpt>
   <trkpt lat="10.3175910" lon="123.8608120">
    <ele>290.8</ele>
    <time>2025-12-23T08:46:34Z</time>
   </trkpt>
   <trkpt lat="10.3175870" lon="123.8608190">
    <ele>290.5</ele>
    <time>2025-12-23T08:46:35Z</time>
   </trkpt>
   <trkpt lat="10.3175850" lon="123.8608270">
    <ele>290.3</ele>
    <time>2025-12-23T08:46:36Z</time>
   </trkpt>
   <trkpt lat="10.3175850" lon="123.8608360">
    <ele>290.0</ele>
    <time>2025-12-23T08:46:37Z</time>
   </trkpt>
   <trkpt lat="10.3175830" lon="123.8608460">
    <ele>289.7</ele>
    <time>2025-12-23T08:46:38Z</time>
   </trkpt>
   <trkpt lat="10.3175780" lon="123.8608550">
    <ele>289.4</ele>
    <time>2025-12-23T08:46:39Z</time>
   </trkpt>
   <trkpt lat="10.3175740" lon="123.8608620">
    <ele>289.2</ele>
    <time>2025-12-23T08:46:40Z</time>
   </trkpt>
   <trkpt lat="10.3175720" lon="123.8608700">
    <ele>288.9</ele>
    <time>2025-12-23T08:46:41Z</time>
   </trkpt>
   <trkpt lat="10.3175680" lon="123.8608790">
    <ele>288.6</ele>
    <time>2025-12-23T08:46:42Z</time>
   </trkpt>
   <trkpt lat="10.3175690" lon="123.8608900">
    <ele>288.3</ele>
    <time>2025-12-23T08:46:43Z</time>
   </trkpt>
   <trkpt lat="10.3175690" lon="123.8609000">
    <ele>287.9</ele>
    <time>2025-12-23T08:46:44Z</time>
   </trkpt>
   <trkpt lat="10.3175700" lon="123.8609120">
    <ele>287.6</ele>
    <time>2025-12-23T08:46:45Z</time>
   </trkpt>
   <trkpt lat="10.3175710" lon="123.8609220">
    <ele>287.2</ele>
    <time>2025-12-23T08:46:46Z</time>
   </trkpt>
   <trkpt lat="10.3175710" lon="123.8609310">
    <ele>287.0</ele>
    <time>2025-12-23T08:46:47Z</time>
   </trkpt>
   <trkpt lat="10.3175710" lon="123.8609420">
    <ele>286.6</ele>
    <time>2025-12-23T08:46:48Z</time>
   </trkpt>
   <trkpt lat="10.3175690" lon="123.8609470">
    <ele>286.4</ele>
    <time>2025-12-23T08:46:49Z</time>
   </trkpt>
   <trkpt lat="10.3175680" lon="123.8609480">
    <ele>286.4</ele>
    <time>2025-12-23T08:46:50Z</time>
   </trkpt>
   <trkpt lat="10.3175680" lon="123.8609520">
    <ele>286.3</ele>
    <time>2025-12-23T08:46:51Z</time>
   </trkpt>
   <trkpt lat="10.3175710" lon="123.8609550">
    <ele>286.1</ele>
    <time>2025-12-23T08:46:52Z</time>
   </trkpt>
   <trkpt lat="10.3175750" lon="123.8609610">
    <ele>285.9</ele>
    <time>2025-12-23T08:46:53Z</time>
   </trkpt>
   <trkpt lat="10.3175760" lon="123.8609690">
    <ele>285.6</ele>
    <time>2025-12-23T08:46:54Z</time>
   </trkpt>
   <trkpt lat="10.3175730" lon="123.8609760">
    <ele>285.4</ele>
    <time>2025-12-23T08:46:55Z</time>
   </trkpt>
   <trkpt lat="10.3175680" lon="123.8609820">
    <ele>285.1</ele>
    <time>2025-12-23T08:46:56Z</time>
   </trkpt>
   <trkpt lat="10.3175630" lon="123.8609850">
    <ele>284.9</ele>
    <time>2025-12-23T08:46:57Z</time>
   </trkpt>
   <trkpt lat="10.3175570" lon="123.8609860">
    <ele>284.7</ele>
    <time>2025-12-23T08:46:58Z</time>
   </trkpt>
   <trkpt lat="10.3175520" lon="123.8609850">
    <ele>284.5</ele>
    <time>2025-12-23T08:46:59Z</time>
   </trkpt>
   <trkpt lat="10.3175510" lon="123.8609900">
    <ele>284.3</ele>
    <time>2025-12-23T08:47:00Z</time>
   </trkpt>
   <trkpt lat="10.3175530" lon="123.8609950">
    <ele>284.2</ele>
    <time>2025-12-23T08:47:01Z</time>
   </trkpt>
   <trkpt lat="10.3175520" lon="123.8610000">
    <ele>284.0</ele>
    <time>2025-12-23T08:47:02Z</time>
   </trkpt>
   <trkpt lat="10.3175480" lon="123.8610050">
    <ele>283.8</ele>
    <time>2025-12-23T08:47:03Z</time>
   </trkpt>
   <trkpt lat="10.3175420" lon="123.8610080">
    <ele>283.5</ele>
    <time>2025-12-23T08:47:04Z</time>
   </trkpt>
   <trkpt lat="10.3175380" lon="123.8610100">
    <ele>283.4</ele>
    <time>2025-12-23T08:47:05Z</time>
   </trkpt>
   <trkpt lat="10.3175330" lon="123.8610160">
    <ele>283.1</ele>
    <time>2025-12-23T08:47:06Z</time>
   </trkpt>
   <trkpt lat="10.3175260" lon="123.8610220">
    <ele>282.8</ele>
    <time>2025-12-23T08:47:07Z</time>
   </trkpt>
   <trkpt lat="10.3175190" lon="123.8610290">
    <ele>282.5</ele>
    <time>2025-12-23T08:47:08Z</time>
   </trkpt>
   <trkpt lat="10.3175120" lon="123.8610310">
    <ele>282.2</ele>
    <time>2025-12-23T08:47:09Z</time>
   </trkpt>
   <trkpt lat="10.3175080" lon="123.8610330">
    <ele>282.1</ele>
    <time>2025-12-23T08:47:10Z</time>
   </trkpt>
   <trkpt lat="10.3175040" lon="123.8610340">
    <ele>281.9</ele>
    <time>2025-12-23T08:47:11Z</time>
   </trkpt>
   <trkpt lat="10.3175040" lon="123.8610380">
    <ele>281.8</ele>
    <time>2025-12-23T08:47:12Z</time>
   </trkpt>
   <trkpt lat="10.3175020" lon="123.8610410">
    <ele>281.6</ele>
    <time>2025-12-23T08:47:13Z</time>
   </trkpt>
   <trkpt lat="10.3175020" lon="123.8610440">
    <ele>281.5</ele>
    <time>2025-12-23T08:47:14Z</time>
   </trkpt>
   <trkpt lat="10.3175000" lon="123.8610470">
    <ele>281.4</ele>
    <time>2025-12-23T08:47:15Z</time>
   </trkpt>
   <trkpt lat="10.3174970" lon="123.8610520">
    <ele>281.2</ele>
    <time>2025-12-23T08:47:16Z</time>
   </trkpt>
   <trkpt lat="10.3174900" lon="123.8610550">
    <ele>281.0</ele>
    <time>2025-12-23T08:47:17Z</time>
   </trkpt>
   <trkpt lat="10.3174850" lon="123.8610570">
    <ele>280.8</ele>
    <time>2025-12-23T08:47:18Z</time>
   </trkpt>
   <trkpt lat="10.3174820" lon="123.8610600">
    <ele>280.6</ele>
    <time>2025-12-23T08:47:19Z</time>
   </trkpt>
   <trkpt lat="10.3174810" lon="123.8610660">
    <ele>280.4</ele>
    <time>2025-12-23T08:47:20Z</time>
   </trkpt>
   <trkpt lat="10.3174800" lon="123.8610720">
    <ele>280.2</ele>
    <time>2025-12-23T08:47:21Z</time>
   </trkpt>
   <trkpt lat="10.3174780" lon="123.8610790">
    <ele>280.0</ele>
    <time>2025-12-23T08:47:22Z</time>
   </trkpt>
   <trkpt lat="10.3174760" lon="123.8610840">
    <ele>279.8</ele>
    <time>2025-12-23T08:47:23Z</time>
   </trkpt>
   <trkpt lat="10.3174720" lon="123.8610910">
    <ele>279.5</ele>
    <time>2025-12-23T08:47:24Z</time>
   </trkpt>
   <trkpt lat="10.3174660" lon="123.8610970">
    <ele>279.2</ele>
    <time>2025-12-23T08:47:25Z</time>
   </trkpt>
   <trkpt lat="10.3174620" lon="123.8611030">
    <ele>279.0</ele>
    <time>2025-12-23T08:47:26Z</time>
   </trkpt>
   <trkpt lat="10.3174580" lon="123.8611130">
    <ele>278.6</ele>
    <time>2025-12-23T08:47:27Z</time>
   </trkpt>
   <trkpt lat="10.3174540" lon="123.8611230">
    <ele>278.2</ele>
    <time>2025-12-23T08:47:28Z</time>
   </trkpt>
   <trkpt lat="10.3174520" lon="123.8611340">
    <ele>277.8</ele>
    <time>2025-12-23T08:47:29Z</time>
   </trkpt>
   <trkpt lat="10.3174470" lon="123.8611400">
    <ele>277.6</ele>
    <time>2025-12-23T08:47:30Z</time>
   </trkpt>
   <trkpt lat="10.3174460" lon="123.8611460">
    <ele>277.4</ele>
    <time>2025-12-23T08:47:31Z</time>
   </trkpt>
   <trkpt lat="10.3174460" lon="123.8611500">
    <ele>277.2</ele>
    <time>2025-12-23T08:47:32Z</time>
   </trkpt>
   <trkpt lat="10.3174460" lon="123.8611530">
    <ele>277.1</ele>
    <time>2025-12-23T08:47:33Z</time>
   </trkpt>
   <trkpt lat="10.3174480" lon="123.8611570">
    <ele>277.0</ele>
    <time>2025-12-23T08:47:34Z</time>
   </trkpt>
   <trkpt lat="10.3174500" lon="123.8611610">
    <ele>276.8</ele>
    <time>2025-12-23T08:47:35Z</time>
   </trkpt>
   <trkpt lat="10.3174510" lon="123.8611630">
    <ele>276.8</ele>
    <time>2025-12-23T08:47:36Z</time>
   </trkpt>
   <trkpt lat="10.3174510" lon="123.8611650">
    <ele>276.7</ele>
    <time>2025-12-23T08:47:37Z</time>
   </trkpt>
   <trkpt lat="10.3174520" lon="123.8611630">
    <ele>276.6</ele>
    <time>2025-12-23T08:47:38Z</time>
   </trkpt>
   <trkpt lat="10.3174530" lon="123.8611660">
    <ele>276.5</ele>
    <time>2025-12-23T08:47:39Z</time>
   </trkpt>
   <trkpt lat="10.3174550" lon="123.8611680">
    <ele>276.4</ele>
    <time>2025-12-23T08:47:40Z</time>
   </trkpt>
   <trkpt lat="10.3174560" lon="123.8611730">
    <ele>276.3</ele>
    <time>2025-12-23T08:47:41Z</time>
   </trkpt>
   <trkpt lat="10.3174550" lon="123.8611770">
    <ele>276.1</ele>
    <time>2025-12-23T08:47:42Z</time>
   </trkpt>
   <trkpt lat="10.3174540" lon="123.8611810">
    <ele>276.0</ele>
    <time>2025-12-23T08:47:43Z</time>
   </trkpt>
   <trkpt lat="10.3174530" lon="123.8611850">
    <ele>275.8</ele>
    <time>2025-12-23T08:47:44Z</time>
   </trkpt>
   <trkpt lat="10.3174520" lon="123.8611890">
    <ele>275.7</ele>
    <time>2025-12-23T08:47:45Z</time>
   </trkpt>
   <trkpt lat="10.3174500" lon="123.8611930">
    <ele>275.6</ele>
    <time>2025-12-23T08:47:46Z</time>
   </trkpt>
   <trkpt lat="10.3174490" lon="123.8611970">
    <ele>275.4</ele>
    <time>2025-12-23T08:47:47Z</time>
   </trkpt>
   <trkpt lat="10.3174480" lon="123.8612010">
    <ele>275.3</ele>
    <time>2025-12-23T08:47:48Z</time>
   </trkpt>
   <trkpt lat="10.3174470" lon="123.8612050">
    <ele>275.2</ele>
    <time>2025-12-23T08:47:49Z</time>
   </trkpt>
   <trkpt lat="10.3174460" lon="123.8612090">
    <ele>275.0</ele>
    <time>2025-12-23T08:47:50Z</time>
   </trkpt>
   <trkpt lat="10.3174410" lon="123.8612220">
    <ele>274.6</ele>
    <time>2025-12-23T08:47:51Z</time>
   </trkpt>
   <trkpt lat="10.3174380" lon="123.8612310">
    <ele>274.3</ele>
    <time>2025-12-23T08:47:52Z</time>
   </trkpt>
   <trkpt lat="10.3174370" lon="123.8612400">
    <ele>274.0</ele>
    <time>2025-12-23T08:47:53Z</time>
   </trkpt>
   <trkpt lat="10.3174360" lon="123.8612490">
    <ele>273.7</ele>
    <time>2025-12-23T08:47:54Z</time>
   </trkpt>
   <trkpt lat="10.3174380" lon="123.8612560">
    <ele>273.4</ele>
    <time>2025-12-23T08:47:55Z</time>
   </trkpt>
   <trkpt lat="10.3174380" lon="123.8612630">
    <ele>273.2</ele>
    <time>2025-12-23T08:47:56Z</time>
   </trkpt>
   <trkpt lat="10.3174380" lon="123.8612700">
    <ele>273.0</ele>
    <time>2025-12-23T08:47:57Z</time>
   </trkpt>
   <trkpt lat="10.3174370" lon="123.8612730">
    <ele>272.9</ele>
    <time>2025-12-23T08:47:58Z</time>
   </trkpt>
   <trkpt lat="10.3174350" lon="123.8612760">
    <ele>272.8</ele>
    <time>2025-12-23T08:47:59Z</time>
   </trkpt>
   <trkpt lat="10.3174310" lon="123.8612790">
    <ele>272.6</ele>
    <time>2025-12-23T08:48:00Z</time>
   </trkpt>
   <trkpt lat="10.3174260" lon="123.8612810">
    <ele>272.5</ele>
    <time>2025-12-23T08:48:01Z</time>
   </trkpt>
   <trkpt lat="10.3174220" lon="123.8612840">
    <ele>272.3</ele>
    <time>2025-12-23T08:48:02Z</time>
   </trkpt>
   <trkpt lat="10.3174180" lon="123.8612850">
    <ele>272.2</ele>
    <time>2025-12-23T08:48:03Z</time>
   </trkpt>
   <trkpt lat="10.3174120" lon="123.8612860">
    <ele>272.0</ele>
    <time>2025-12-23T08:48:04Z</time>
   </trkpt>
   <trkpt lat="10.3174060" lon="123.8612860">
    <ele>271.8</ele>
    <time>2025-12-23T08:48:05Z</time>
   </trkpt>
   <trkpt lat="10.3173980" lon="123.8612840">
    <ele>271.5</ele>
    <time>2025-12-23T08:48:06Z</time>
   </trkpt>
   <trkpt lat="10.3173910" lon="123.8612870">
    <ele>271.3</ele>
    <time>2025-12-23T08:48:07Z</time>
   </trkpt>
   <trkpt lat="10.3173860" lon="123.8612880">
    <ele>271.1</ele>
    <time>2025-12-23T08:48:08Z</time>
   </trkpt>
   <trkpt lat="10.3173800" lon="123.8612850">
    <ele>270.9</ele>
    <time>2025-12-23T08:48:09Z</time>
   </trkpt>
   <trkpt lat="10.3173740" lon="123.8612840">
    <ele>270.7</ele>
    <time>2025-12-23T08:48:10Z</time>
   </trkpt>
   <trkpt lat="10.3173680" lon="123.8612850">
    <ele>270.6</ele>
    <time>2025-12-23T08:48:11Z</time>
   </trkpt>
   <trkpt lat="10.3173610" lon="123.8612840">
    <ele>270.3</ele>
    <time>2025-12-23T08:48:12Z</time>
   </trkpt>
   <trkpt lat="10.3173560" lon="123.8612840">
    <ele>270.2</ele>
    <time>2025-12-23T08:48:13Z</time>
   </trkpt>
   <trkpt lat="10.3173500" lon="123.8612840">
    <ele>270.0</ele>
    <time>2025-12-23T08:48:14Z</time>
   </trkpt>
   <trkpt lat="10.3173440" lon="123.8612810">
    <ele>269.8</ele>
    <time>2025-12-23T08:48:15Z</time>
   </trkpt>
   <trkpt lat="10.3173370" lon="123.8612790">
    <ele>269.6</ele>
    <time>2025-12-23T08:48:16Z</time>
   </trkpt>
   <trkpt lat="10.3173290" lon="123.8612750">
    <ele>269.3</ele>
    <time>2025-12-23T08:48:17Z</time>
   </trkpt>
   <trkpt lat="10.3173200" lon="123.8612720">
    <ele>269.0</ele>
    <time>2025-12-23T08:48:18Z</time>
   </trkpt>
   <trkpt lat="10.3173080" lon="123.8612690">
    <ele>268.7</ele>
    <time>2025-12-23T08:48:19Z</time>
   </trkpt>
   <trkpt lat="10.3172980" lon="123.8612640">
    <ele>268.3</ele>
    <time>2025-12-23T08:48:20Z</time>
   </trkpt>
   <trkpt lat="10.3172880" lon="123.8612580">
    <ele>268.0</ele>
    <time>2025-12-23T08:48:21Z</time>
   </trkpt>
   <trkpt lat="10.3172800" lon="123.8612510">
    <ele>267.7</ele>
    <time>2025-12-23T08:48:22Z</time>
   </trkpt>
   <trkpt lat="10.3172730" lon="123.8612450">
    <ele>267.4</ele>
    <time>2025-12-23T08:48:23Z</time>
   </trkpt>
   <trkpt lat="10.3172650" lon="123.8612410">
    <ele>267.2</ele>
    <time>2025-12-23T08:48:24Z</time>
   </trkpt>
   <trkpt lat="10.3172570" lon="123.8612380">
    <ele>266.9</ele>
    <time>2025-12-23T08:48:25Z</time>
   </trkpt>
   <trkpt lat="10.3172510" lon="123.8612380">
    <ele>266.7</ele>
    <time>2025-12-23T08:48:26Z</time>
   </trkpt>
   <trkpt lat="10.3172430" lon="123.8612370">
    <ele>266.5</ele>
    <time>2025-12-23T08:48:27Z</time>
   </trkpt>
   <trkpt lat="10.3172330" lon="123.8612370">
    <ele>266.2</ele>
    <time>2025-12-23T08:48:28Z</time>
   </trkpt>
   <trkpt lat="10.3172270" lon="123.8612380">
    <ele>266.0</ele>
    <time>2025-12-23T08:48:29Z</time>
   </trkpt>
   <trkpt lat="10.3172220" lon="123.8612380">
    <ele>265.9</ele>
    <time>2025-12-23T08:48:30Z</time>
   </trkpt>
   <trkpt lat="10.3172170" lon="123.8612400">
    <ele>265.8</ele>
    <time>2025-12-23T08:48:31Z</time>
   </trkpt>
   <trkpt lat="10.3172120" lon="123.8612400">
    <ele>265.7</ele>
    <time>2025-12-23T08:48:32Z</time>
   </trkpt>
   <trkpt lat="10.3172060" lon="123.8612390">
    <ele>265.6</ele>
    <time>2025-12-23T08:48:33Z</time>
   </trkpt>
   <trkpt lat="10.3172000" lon="123.8612350">
    <ele>265.4</ele>
    <time>2025-12-23T08:48:34Z</time>
   </trkpt>
   <trkpt lat="10.3171960" lon="123.8612320">
    <ele>265.3</ele>
    <time>2025-12-23T08:48:35Z</time>
   </trkpt>
   <trkpt lat="10.3171920" lon="123.8612320">
    <ele>265.2</ele>
    <time>2025-12-23T08:48:36Z</time>
   </trkpt>
   <trkpt lat="10.3171860" lon="123.8612340">
    <ele>265.1</ele>
    <time>2025-12-23T08:48:37Z</time>
   </trkpt>
   <trkpt lat="10.3171790" lon="123.8612370">
    <ele>264.9</ele>
    <time>2025-12-23T08:48:38Z</time>
   </trkpt>
   <trkpt lat="10.3171710" lon="123.8612370">
    <ele>264.7</ele>
    <time>2025-12-23T08:48:39Z</time>
   </trkpt>
   <trkpt lat="10.3171620" lon="123.8612350">
    <ele>264.5</ele>
    <time>2025-12-23T08:48:40Z</time>
   </trkpt>
   <trkpt lat="10.3171540" lon="123.8612330">
    <ele>264.3</ele>
    <time>2025-12-23T08:48:41Z</time>
   </trkpt>
   <trkpt lat="10.3171470" lon="123.8612330">
    <ele>264.2</ele>
    <time>2025-12-23T08:48:42Z</time>
   </trkpt>
   <trkpt lat="10.3171400" lon="123.8612350">
    <ele>264.0</ele>
    <time>2025-12-23T08:48:43Z</time>
   </trkpt>
   <trkpt lat="10.3171340" lon="123.8612370">
    <ele>263.9</ele>
    <time>2025-12-23T08:48:44Z</time>
   </trkpt>
   <trkpt lat="10.3171290" lon="123.8612350">
    <ele>263.7</ele>
    <time>2025-12-23T08:48:45Z</time>
   </trkpt>
   <trkpt lat="10.3171250" lon="123.8612330">
    <ele>263.6</ele>
    <time>2025-12-23T08:48:46Z</time>
   </trkpt>
   <trkpt lat="10.3171200" lon="123.8612300">
    <ele>263.5</ele>
    <time>2025-12-23T08:48:47Z</time>
   </trkpt>
   <trkpt lat="10.3171120" lon="123.8612290">
    <ele>263.3</ele>
    <time>2025-12-23T08:48:48Z</time>
   </trkpt>
   <trkpt lat="10.3171060" lon="123.8612300">
    <ele>263.1</ele>
    <time>2025-12-23T08:48:49Z</time>
   </trkpt>
   <trkpt lat="10.3171020" lon="123.8612270">
    <ele>263.0</ele>
    <time>2025-12-23T08:48:50Z</time>
   </trkpt>
   <trkpt lat="10.3170960" lon="123.8612260">
    <ele>262.9</ele>
    <time>2025-12-23T08:48:51Z</time>
   </trkpt>
   <trkpt lat="10.3170880" lon="123.8612300">
    <ele>262.7</ele>
    <time>2025-12-23T08:48:52Z</time>
   </trkpt>
   <trkpt lat="10.3170830" lon="123.8612320">
    <ele>262.5</ele>
    <time>2025-12-23T08:48:53Z</time>
   </trkpt>
   <trkpt lat="10.3170770" lon="123.8612340">
    <ele>262.4</ele>
    <time>2025-12-23T08:48:54Z</time>
   </trkpt>
   <trkpt lat="10.3170680" lon="123.8612330">
    <ele>262.2</ele>
    <time>2025-12-23T08:48:55Z</time>
   </trkpt>
   <trkpt lat="10.3170540" lon="123.8612310">
    <ele>261.8</ele>
    <time>2025-12-23T08:48:56Z</time>
   </trkpt>
   <trkpt lat="10.3170400" lon="123.8612280">
    <ele>261.4</ele>
    <time>2025-12-23T08:48:57Z</time>
   </trkpt>
   <trkpt lat="10.3170310" lon="123.8612250">
    <ele>261.2</ele>
    <time>2025-12-23T08:48:58Z</time>
   </trkpt>
   <trkpt lat="10.3170250" lon="123.8612240">
    <ele>261.1</ele>
    <time>2025-12-23T08:48:59Z</time>
   </trkpt>
   <trkpt lat="10.3170220" lon="123.8612220">
    <ele>261.0</ele>
    <time>2025-12-23T08:49:00Z</time>
   </trkpt>
   <trkpt lat="10.3170210" lon="123.8612190">
    <ele>260.9</ele>
    <time>2025-12-23T08:49:01Z</time>
   </trkpt>
   <trkpt lat="10.3170170" lon="123.8612140">
    <ele>260.7</ele>
    <time>2025-12-23T08:49:02Z</time>
   </trkpt>
   <trkpt lat="10.3170090" lon="123.8612100">
    <ele>260.5</ele>
    <time>2025-12-23T08:49:03Z</time>
   </trkpt>
   <trkpt lat="10.3170000" lon="123.8612060">
    <ele>260.3</ele>
    <time>2025-12-23T08:49:04Z</time>
   </trkpt>
   <trkpt lat="10.3169900" lon="123.8612050">
    <ele>260.0</ele>
    <time>2025-12-23T08:49:05Z</time>
   </trkpt>
   <trkpt lat="10.3169800" lon="123.8612020">
    <ele>259.7</ele>
    <time>2025-12-23T08:49:06Z</time>
   </trkpt>
   <trkpt lat="10.3169730" lon="123.8611980">
    <ele>259.5</ele>
    <time>2025-12-23T08:49:07Z</time>
   </trkpt>
   <trkpt lat="10.3169660" lon="123.8611940">
    <ele>259.3</ele>
    <time>2025-12-23T08:49:08Z</time>
   </trkpt>
   <trkpt lat="10.3169590" lon="123.8611900">
    <ele>259.1</ele>
    <time>2025-12-23T08:49:09Z</time>
   </trkpt>
   <trkpt lat="10.3169510" lon="123.8611860">
    <ele>258.9</ele>
    <time>2025-12-23T08:49:10Z</time>
   </trkpt>
   <trkpt lat="10.3169430" lon="123.8611830">
    <ele>258.7</ele>
    <time>2025-12-23T08:49:11Z</time>
   </trkpt>
   <trkpt lat="10.3169370" lon="123.8611810">
    <ele>258.5</ele>
    <time>2025-12-23T08:49:12Z</time>
   </trkpt>
   <trkpt lat="10.3169320" lon="123.8611780">
    <ele>258.3</ele>
    <time>2025-12-23T08:49:13Z</time>
   </trkpt>
   <trkpt lat="10.3169250" lon="123.8611750">
    <ele>258.1</ele>
    <time>2025-12-23T08:49:14Z</time>
   </trkpt>
   <trkpt lat="10.3169160" lon="123.8611720">
    <ele>257.9</ele>
    <time>2025-12-23T08:49:15Z</time>
   </trkpt>
   <trkpt lat="10.3169060" lon="123.8611710">
    <ele>257.6</ele>
    <time>2025-12-23T08:49:16Z</time>
   </trkpt>
   <trkpt lat="10.3168990" lon="123.8611670">
    <ele>257.4</ele>
    <time>2025-12-23T08:49:17Z</time>
   </trkpt>
   <trkpt lat="10.3168960" lon="123.8611630">
    <ele>257.3</ele>
    <time>2025-12-23T08:49:18Z</time>
   </trkpt>
   <trkpt lat="10.3168930" lon="123.8611630">
    <ele>257.2</ele>
    <time>2025-12-23T08:49:19Z</time>
   </trkpt>
   <trkpt lat="10.3168890" lon="123.8611650">
    <ele>257.1</ele>
    <time>2025-12-23T08:49:20Z</time>
   </trkpt>
   <trkpt lat="10.3168830" lon="123.8611670">
    <ele>256.9</ele>
    <time>2025-12-23T08:49:21Z</time>
   </trkpt>
   <trkpt lat="10.3168760" lon="123.8611650">
    <ele>256.7</ele>
    <time>2025-12-23T08:49:22Z</time>
   </trkpt>
   <trkpt lat="10.3168680" lon="123.8611580">
    <ele>256.5</ele>
    <time>2025-12-23T08:49:23Z</time>
   </trkpt>
   <trkpt lat="10.3168600" lon="123.8611500">
    <ele>256.2</ele>
    <time>2025-12-23T08:49:24Z</time>
   </trkpt>
   <trkpt lat="10.3168530" lon="123.8611460">
    <ele>256.0</ele>
    <time>2025-12-23T08:49:25Z</time>
   </trkpt>
   <trkpt lat="10.3168480" lon="123.8611410">
    <ele>255.8</ele>
    <time>2025-12-23T08:49:26Z</time>
   </trkpt>
   <trkpt lat="10.3168440" lon="123.8611380">
    <ele>255.6</ele>
    <time>2025-12-23T08:49:27Z</time>
   </trkpt>
   <trkpt lat="10.3168390" lon="123.8611350">
    <ele>255.5</ele>
    <time>2025-12-23T08:49:28Z</time>
   </trkpt>
   <trkpt lat="10.3168320" lon="123.8611310">
    <ele>255.2</ele>
    <time>2025-12-23T08:49:29Z</time>
   </trkpt>
   <trkpt lat="10.3168270" lon="123.8611260">
    <ele>255.1</ele>
    <time>2025-12-23T08:49:30Z</time>
   </trkpt>
   <trkpt lat="10.3168210" lon="123.8611200">
    <ele>254.8</ele>
    <time>2025-12-23T08:49:31Z</time>
   </trkpt>
   <trkpt lat="10.3168150" lon="123.8611150">
    <ele>254.6</ele>
    <time>2025-12-23T08:49:32Z</time>
   </trkpt>
   <trkpt lat="10.3168070" lon="123.8611110">
    <ele>254.3</ele>
    <time>2025-12-23T08:49:33Z</time>
   </trkpt>
   <trkpt lat="10.3168020" lon="123.8611090">
    <ele>254.2</ele>
    <time>2025-12-23T08:49:34Z</time>
   </trkpt>
   <trkpt lat="10.3167950" lon="123.8611080">
    <ele>254.0</ele>
    <time>2025-12-23T08:49:35Z</time>
   </trkpt>
   <trkpt lat="10.3167890" lon="123.8611080">
    <ele>253.8</ele>
    <time>2025-12-23T08:49:36Z</time>
   </trkpt>
   <trkpt lat="10.3167850" lon="123.8611080">
    <ele>253.7</ele>
    <time>2025-12-23T08:49:37Z</time>
   </trkpt>
   <trkpt lat="10.3167800" lon="123.8611070">
    <ele>253.5</ele>
    <time>2025-12-23T08:49:38Z</time>
   </trkpt>
   <trkpt lat="10.3167730" lon="123.8611030">
    <ele>253.3</ele>
    <time>2025-12-23T08:49:39Z</time>
   </trkpt>
   <trkpt lat="10.3167670" lon="123.8610990">
    <ele>253.0</ele>
    <time>2025-12-23T08:49:40Z</time>
   </trkpt>
   <trkpt lat="10.3167570" lon="123.8610970">
    <ele>252.7</ele>
    <time>2025-12-23T08:49:41Z</time>
   </trkpt>
   <trkpt lat="10.3167470" lon="123.8610940">
    <ele>252.4</ele>
    <time>2025-12-23T08:49:42Z</time>
   </trkpt>
   <trkpt lat="10.3167400" lon="123.8610940">
    <ele>252.1</ele>
    <time>2025-12-23T08:49:43Z</time>
   </trkpt>
   <trkpt lat="10.3167340" lon="123.8610910">
    <ele>251.9</ele>
    <time>2025-12-23T08:49:44Z</time>
   </trkpt>
   <trkpt lat="10.3167260" lon="123.8610920">
    <ele>251.7</ele>
    <time>2025-12-23T08:49:45Z</time>
   </trkpt>
   <trkpt lat="10.3167200" lon="123.8610920">
    <ele>251.5</ele>
    <time>2025-12-23T08:49:46Z</time>
   </trkpt>
   <trkpt lat="10.3167170" lon="123.8610900">
    <ele>251.3</ele>
    <time>2025-12-23T08:49:47Z</time>
   </trkpt>
   <trkpt lat="10.3167160" lon="123.8610880">
    <ele>251.3</ele>
    <time>2025-12-23T08:49:48Z</time>
   </trkpt>
   <trkpt lat="10.3167160" lon="123.8610850">
    <ele>251.2</ele>
    <time>2025-12-23T08:49:49Z</time>
   </trkpt>
   <trkpt lat="10.3167140" lon="123.8610810">
    <ele>251.0</ele>
    <time>2025-12-23T08:49:50Z</time>
   </trkpt>
   <trkpt lat="10.3167090" lon="123.8610770">
    <ele>250.8</ele>
    <time>2025-12-23T08:49:51Z</time>
   </trkpt>
   <trkpt lat="10.3167010" lon="123.8610770">
    <ele>250.5</ele>
    <time>2025-12-23T08:49:52Z</time>
   </trkpt>
   <trkpt lat="10.3166980" lon="123.8610740">
    <ele>250.4</ele>
    <time>2025-12-23T08:49:53Z</time>
   </trkpt>
   <trkpt lat="10.3166960" lon="123.8610720">
    <ele>250.3</ele>
    <time>2025-12-23T08:49:54Z</time>
   </trkpt>
   <trkpt lat="10.3166910" lon="123.8610720">
    <ele>250.1</ele>
    <time>2025-12-23T08:49:55Z</time>
   </trkpt>
   <trkpt lat="10.3166840" lon="123.8610720">
    <ele>249.8</ele>
    <time>2025-12-23T08:49:56Z</time>
   </trkpt>
   <trkpt lat="10.3166790" lon="123.8610720">
    <ele>249.7</ele>
    <time>2025-12-23T08:49:57Z</time>
   </trkpt>
   <trkpt lat="10.3166740" lon="123.8610710">
    <ele>249.5</ele>
    <time>2025-12-23T08:49:58Z</time>
   </trkpt>
   <trkpt lat="10.3166700" lon="123.8610720">
    <ele>249.3</ele>
    <time>2025-12-23T08:49:59Z</time>
   </trkpt>
   <trkpt lat="10.3166680" lon="123.8610770">
    <ele>249.1</ele>
    <time>2025-12-23T08:50:00Z</time>
   </trkpt>
   <trkpt lat="10.3166690" lon="123.8610810">
    <ele>249.0</ele>
    <time>2025-12-23T08:50:01Z</time>
   </trkpt>
   <trkpt lat="10.3166670" lon="123.8610860">
    <ele>248.8</ele>
    <time>2025-12-23T08:50:02Z</time>
   </trkpt>
   <trkpt lat="10.3166620" lon="123.8610920">
    <ele>248.5</ele>
    <time>2025-12-23T08:50:03Z</time>
   </trkpt>
   <trkpt lat="10.3166570" lon="123.8610930">
    <ele>248.3</ele>
    <time>2025-12-23T08:50:04Z</time>
   </trkpt>
   <trkpt lat="10.3166540" lon="123.8610890">
    <ele>248.1</ele>
    <time>2025-12-23T08:50:05Z</time>
   </trkpt>
   <trkpt lat="10.3166510" lon="123.8610880">
    <ele>248.0</ele>
    <time>2025-12-23T08:50:06Z</time>
   </trkpt>
   <trkpt lat="10.3166500" lon="123.8610870">
    <ele>247.9</ele>
    <time>2025-12-23T08:50:07Z</time>
   </trkpt>
   <trkpt lat="10.3166470" lon="123.8610880">
    <ele>247.8</ele>
    <time>2025-12-23T08:50:08Z</time>
   </trkpt>
   <trkpt lat="10.3166450" lon="123.8610890">
    <ele>247.7</ele>
    <time>2025-12-23T08:50:09Z</time>
   </trkpt>
   <trkpt lat="10.3166440" lon="123.8610940">
    <ele>247.5</ele>
    <time>2025-12-23T08:50:10Z</time>
   </trkpt>
   <trkpt lat="10.3166390" lon="123.8611000">
    <ele>247.2</ele>
    <time>2025-12-23T08:50:11Z</time>
   </trkpt>
   <trkpt lat="10.3166340" lon="123.8611060">
    <ele>246.9</ele>
    <time>2025-12-23T08:50:12Z</time>
   </trkpt>
   <trkpt lat="10.3166320" lon="123.8611080">
    <ele>246.8</ele>
    <time>2025-12-23T08:50:13Z</time>
   </trkpt>
   <trkpt lat="10.3166290" lon="123.8611120">
    <ele>246.6</ele>
    <time>2025-12-23T08:50:14Z</time>
   </trkpt>
   <trkpt lat="10.3166240" lon="123.8611200">
    <ele>246.3</ele>
    <time>2025-12-23T08:50:15Z</time>
   </trkpt>
   <trkpt lat="10.3166180" lon="123.8611270">
    <ele>245.9</ele>
    <time>2025-12-23T08:50:16Z</time>
   </trkpt>
   <trkpt lat="10.3166120" lon="123.8611300">
    <ele>245.7</ele>
    <time>2025-12-23T08:50:17Z</time>
   </trkpt>
   <trkpt lat="10.3166050" lon="123.8611280">
    <ele>245.4</ele>
    <time>2025-12-23T08:50:18Z</time>
   </trkpt>
   <trkpt lat="10.3165980" lon="123.8611240">
    <ele>245.1</ele>
    <time>2025-12-23T08:50:19Z</time>
   </trkpt>
   <trkpt lat="10.3165920" lon="123.8611210">
    <ele>244.8</ele>
    <time>2025-12-23T08:50:20Z</time>
   </trkpt>
   <trkpt lat="10.3165880" lon="123.8611180">
    <ele>244.6</ele>
    <time>2025-12-23T08:50:21Z</time>
   </trkpt>
   <trkpt lat="10.3165820" lon="123.8611160">
    <ele>244.4</ele>
    <time>2025-12-23T08:50:22Z</time>
   </trkpt>
   <trkpt lat="10.3165760" lon="123.8611160">
    <ele>244.2</ele>
    <time>2025-12-23T08:50:23Z</time>
   </trkpt>
   <trkpt lat="10.3165710" lon="123.8611160">
    <ele>244.0</ele>
    <time>2025-12-23T08:50:24Z</time>
   </trkpt>
   <trkpt lat="10.3165680" lon="123.8611180">
    <ele>243.9</ele>
    <time>2025-12-23T08:50:25Z</time>
   </trkpt>
   <trkpt lat="10.3165670" lon="123.8611220">
    <ele>243.7</ele>
    <time>2025-12-23T08:50:26Z</time>
   </trkpt>
   <trkpt lat="10.3165660" lon="123.8611270">
    <ele>243.5</ele>
    <time>2025-12-23T08:50:27Z</time>
   </trkpt>
   <trkpt lat="10.3165620" lon="123.8611320">
    <ele>243.3</ele>
    <time>2025-12-23T08:50:28Z</time>
   </trkpt>
   <trkpt lat="10.3165570" lon="123.8611360">
    <ele>243.0</ele>
    <time>2025-12-23T08:50:29Z</time>
   </trkpt>
   <trkpt lat="10.3165510" lon="123.8611400">
    <ele>242.7</ele>
    <time>2025-12-23T08:50:30Z</time>
   </trkpt>
   <trkpt lat="10.3165470" lon="123.8611440">
    <ele>242.5</ele>
    <time>2025-12-23T08:50:31Z</time>
   </trkpt>
   <trkpt lat="10.3165450" lon="123.8611500">
    <ele>242.3</ele>
    <time>2025-12-23T08:50:32Z</time>
   </trkpt>
   <trkpt lat="10.3165370" lon="123.8611530">
    <ele>242.0</ele>
    <time>2025-12-23T08:50:33Z</time>
   </trkpt>
   <trkpt lat="10.3165270" lon="123.8611490">
    <ele>241.6</ele>
    <time>2025-12-23T08:50:34Z</time>
   </trkpt>
   <trkpt lat="10.3165210" lon="123.8611470">
    <ele>241.3</ele>
    <time>2025-12-23T08:50:35Z</time>
   </trkpt>
   <trkpt lat="10.3165190" lon="123.8611480">
    <ele>241.2</ele>
    <time>2025-12-23T08:50:36Z</time>
   </trkpt>
   <trkpt lat="10.3165160" lon="123.8611460">
    <ele>241.1</ele>
    <time>2025-12-23T08:50:37Z</time>
   </trkpt>
   <trkpt lat="10.3165130" lon="123.8611440">
    <ele>241.0</ele>
    <time>2025-12-23T08:50:38Z</time>
   </trkpt>
   <trkpt lat="10.3165130" lon="123.8611420">
    <ele>240.9</ele>
    <time>2025-12-23T08:50:39Z</time>
   </trkpt>
   <trkpt lat="10.3165130" lon="123.8611430">
    <ele>240.8</ele>
    <time>2025-12-23T08:50:40Z</time>
   </trkpt>
   <trkpt lat="10.3165130" lon="123.8611460">
    <ele>240.7</ele>
    <time>2025-12-23T08:50:41Z</time>
   </trkpt>
   <trkpt lat="10.3165110" lon="123.8611500">
    <ele>240.6</ele>
    <time>2025-12-23T08:50:42Z</time>
   </trkpt>
   <trkpt lat="10.3165100" lon="123.8611550">
    <ele>240.4</ele>
    <time>2025-12-23T08:50:43Z</time>
   </trkpt>
   <trkpt lat="10.3165090" lon="123.8611600">
    <ele>240.2</ele>
    <time>2025-12-23T08:50:44Z</time>
   </trkpt>
   <trkpt lat="10.3165100" lon="123.8611630">
    <ele>240.1</ele>
    <time>2025-12-23T08:50:45Z</time>
   </trkpt>
   <trkpt lat="10.3165080" lon="123.8611670">
    <ele>239.9</ele>
    <time>2025-12-23T08:50:46Z</time>
   </trkpt>
   <trkpt lat="10.3165020" lon="123.8611690">
    <ele>239.7</ele>
    <time>2025-12-23T08:50:47Z</time>
   </trkpt>
   <trkpt lat="10.3164900" lon="123.8611680">
    <ele>239.3</ele>
    <time>2025-12-23T08:50:48Z</time>
   </trkpt>
   <trkpt lat="10.3164790" lon="123.8611700">
    <ele>238.9</ele>
    <time>2025-12-23T08:50:49Z</time>
   </trkpt>
   <trkpt lat="10.3164730" lon="123.8611730">
    <ele>238.7</ele>
    <time>2025-12-23T08:50:50Z</time>
   </trkpt>
   <trkpt lat="10.3164670" lon="123.8611790">
    <ele>238.4</ele>
    <time>2025-12-23T08:50:51Z</time>
   </trkpt>
   <trkpt lat="10.3164610" lon="123.8611830">
    <ele>238.1</ele>
    <time>2025-12-23T08:50:52Z</time>
   </trkpt>
   <trkpt lat="10.3164540" lon="123.8611890">
    <ele>237.8</ele>
    <time>2025-12-23T08:50:53Z</time>
   </trkpt>
   <trkpt lat="10.3164490" lon="123.8611960">
    <ele>237.5</ele>
    <time>2025-12-23T08:50:54Z</time>
   </trkpt>
   <trkpt lat="10.3164450" lon="123.8612020">
    <ele>237.3</ele>
    <time>2025-12-23T08:50:55Z</time>
   </trkpt>
   <trkpt lat="10.3164370" lon="123.8612070">
    <ele>237.0</ele>
    <time>2025-12-23T08:50:56Z</time>
   </trkpt>
   <trkpt lat="10.3164340" lon="123.8612110">
    <ele>236.8</ele>
    <time>2025-12-23T08:50:57Z</time>
   </trkpt>
   <trkpt lat="10.3164280" lon="123.8612180">
    <ele>236.5</ele>
    <time>2025-12-23T08:50:58Z</time>
   </trkpt>
   <trkpt lat="10.3164200" lon="123.8612220">
    <ele>236.2</ele>
    <time>2025-12-23T08:50:59Z</time>
   </trkpt>
   <trkpt lat="10.3164120" lon="123.8612210">
    <ele>235.9</ele>
    <time>2025-12-23T08:51:00Z</time>
   </trkpt>
   <trkpt lat="10.3164090" lon="123.8612220">
    <ele>235.8</ele>
    <time>2025-12-23T08:51:01Z</time>
   </trkpt>
   <trkpt lat="10.3164080" lon="123.8612220">
    <ele>235.7</ele>
    <time>2025-12-23T08:51:02Z</time>
   </trkpt>
   <trkpt lat="10.3164050" lon="123.8612230">
    <ele>235.6</ele>
    <time>2025-12-23T08:51:03Z</time>
   </trkpt>
   <trkpt lat="10.3164030" lon="123.8612230">
    <ele>235.6</ele>
    <time>2025-12-23T08:51:04Z</time>
   </trkpt>
   <trkpt lat="10.3164050" lon="123.8612230">
    <ele>235.5</ele>
    <time>2025-12-23T08:51:05Z</time>
   </trkpt>
   <trkpt lat="10.3164050" lon="123.8612250">
    <ele>235.4</ele>
    <time>2025-12-23T08:51:06Z</time>
   </trkpt>
   <trkpt lat="10.3164020" lon="123.8612260">
    <ele>235.3</ele>
    <time>2025-12-23T08:51:07Z</time>
   </trkpt>
   <trkpt lat="10.3163980" lon="123.8612270">
    <ele>235.2</ele>
    <time>2025-12-23T08:51:08Z</time>
   </trkpt>
   <trkpt lat="10.3163940" lon="123.8612270">
    <ele>235.0</ele>
    <time>2025-12-23T08:51:09Z</time>
   </trkpt>
   <trkpt lat="10.3163900" lon="123.8612280">
    <ele>234.9</ele>
    <time>2025-12-23T08:51:10Z</time>
   </trkpt>
   <trkpt lat="10.3163860" lon="123.8612320">
    <ele>234.7</ele>
    <time>2025-12-23T08:51:11Z</time>
   </trkpt>
   <trkpt lat="10.3163800" lon="123.8612380">
    <ele>234.4</ele>
    <time>2025-12-23T08:51:12Z</time>
   </trkpt>
   <trkpt lat="10.3163760" lon="123.8612420">
    <ele>234.2</ele>
    <time>2025-12-23T08:51:13Z</time>
   </trkpt>
   <trkpt lat="10.3163730" lon="123.8612470">
    <ele>234.0</ele>
    <time>2025-12-23T08:51:14Z</time>
   </trkpt>
   <trkpt lat="10.3163690" lon="123.8612510">
    <ele>233.8</ele>
    <time>2025-12-23T08:51:15Z</time>
   </trkpt>
   <trkpt lat="10.3163650" lon="123.8612570">
    <ele>233.5</ele>
    <time>2025-12-23T08:51:16Z</time>
   </trkpt>
   <trkpt lat="10.3163570" lon="123.8612600">
    <ele>233.2</ele>
    <time>2025-12-23T08:51:17Z</time>
   </trkpt>
   <trkpt lat="10.3163480" lon="123.8612640">
    <ele>232.8</ele>
    <time>2025-12-23T08:51:18Z</time>
   </trkpt>
   <trkpt lat="10.3163460" lon="123.8612690">
    <ele>232.6</ele>
    <time>2025-12-23T08:51:19Z</time>
   </trkpt>
   <trkpt lat="10.3163450" lon="123.8612760">
    <ele>232.4</ele>
    <time>2025-12-23T08:51:20Z</time>
   </trkpt>
   <trkpt lat="10.3163440" lon="123.8612810">
    <ele>232.2</ele>
    <time>2025-12-23T08:51:21Z</time>
   </trkpt>
   <trkpt lat="10.3163430" lon="123.8612880">
    <ele>232.0</ele>
    <time>2025-12-23T08:51:22Z</time>
   </trkpt>
   <trkpt lat="10.3163410" lon="123.8612940">
    <ele>231.7</ele>
    <time>2025-12-23T08:51:23Z</time>
   </trkpt>
   <trkpt lat="10.3163390" lon="123.8612990">
    <ele>231.5</ele>
    <time>2025-12-23T08:51:24Z</time>
   </trkpt>
   <trkpt lat="10.3163330" lon="123.8613000">
    <ele>231.3</ele>
    <time>2025-12-23T08:51:25Z</time>
   </trkpt>
   <trkpt lat="10.3163260" lon="123.8613030">
    <ele>231.0</ele>
    <time>2025-12-23T08:51:26Z</time>
   </trkpt>
   <trkpt lat="10.3163200" lon="123.8613030">
    <ele>230.8</ele>
    <time>2025-12-23T08:51:27Z</time>
   </trkpt>
   <trkpt lat="10.3163150" lon="123.8613040">
    <ele>230.6</ele>
    <time>2025-12-23T08:51:28Z</time>
   </trkpt>
   <trkpt lat="10.3163100" lon="123.8613090">
    <ele>230.4</ele>
    <time>2025-12-23T08:51:29Z</time>
   </trkpt>
   <trkpt lat="10.3163050" lon="123.8613120">
    <ele>230.2</ele>
    <time>2025-12-23T08:51:30Z</time>
   </trkpt>
   <trkpt lat="10.3163000" lon="123.8613170">
    <ele>229.9</ele>
    <time>2025-12-23T08:51:31Z</time>
   </trkpt>
   <trkpt lat="10.3162980" lon="123.8613230">
    <ele>229.7</ele>
    <time>2025-12-23T08:51:32Z</time>
   </trkpt>
   <trkpt lat="10.3162950" lon="123.8613280">
    <ele>229.5</ele>
    <time>2025-12-23T08:51:33Z</time>
   </trkpt>
   <trkpt lat="10.3162920" lon="123.8613330">
    <ele>229.3</ele>
    <time>2025-12-23T08:51:34Z</time>
   </trkpt>
   <trkpt lat="10.3162870" lon="123.8613400">
    <ele>229.0</ele>
    <time>2025-12-23T08:51:35Z</time>
   </trkpt>
   <trkpt lat="10.3162840" lon="123.8613440">
    <ele>228.8</ele>
    <time>2025-12-23T08:51:36Z</time>
   </trkpt>
   <trkpt lat="10.3162790" lon="123.8613510">
    <ele>228.5</ele>
    <time>2025-12-23T08:51:37Z</time>
   </trkpt>
   <trkpt lat="10.3162730" lon="123.8613560">
    <ele>228.2</ele>
    <time>2025-12-23T08:51:38Z</time>
   </trkpt>
   <trkpt lat="10.3162660" lon="123.8613610">
    <ele>227.9</ele>
    <time>2025-12-23T08:51:39Z</time>
   </trkpt>
   <trkpt lat="10.3162610" lon="123.8613660">
    <ele>227.6</ele>
    <time>2025-12-23T08:51:40Z</time>
   </trkpt>
   <trkpt lat="10.3162580" lon="123.8613720">
    <ele>227.4</ele>
    <time>2025-12-23T08:51:41Z</time>
   </trkpt>
   <trkpt lat="10.3162590" lon="123.8613740">
    <ele>227.3</ele>
    <time>2025-12-23T08:51:42Z</time>
   </trkpt>
   <trkpt lat="10.3162590" lon="123.8613760">
    <ele>227.2</ele>
    <time>2025-12-23T08:51:43Z</time>
   </trkpt>
   <trkpt lat="10.3162620" lon="123.8613760">
    <ele>227.1</ele>
    <time>2025-12-23T08:51:44Z</time>
   </trkpt>
   <trkpt lat="10.3162660" lon="123.8613760">
    <ele>227.0</ele>
    <time>2025-12-23T08:51:45Z</time>
   </trkpt>
   <trkpt lat="10.3162670" lon="123.8613770">
    <ele>226.9</ele>
    <time>2025-12-23T08:51:46Z</time>
   </trkpt>
   <trkpt lat="10.3162670" lon="123.8613790">
    <ele>226.9</ele>
    <time>2025-12-23T08:51:47Z</time>
   </trkpt>
   <trkpt lat="10.3162670" lon="123.8613790">
    <ele>226.9</ele>
    <time>2025-12-23T08:51:48Z</time>
   </trkpt>
   <trkpt lat="10.3162660" lon="123.8613810">
    <ele>226.8</ele>
    <time>2025-12-23T08:51:49Z</time>
   </trkpt>
   <trkpt lat="10.3162630" lon="123.8613870">
    <ele>226.5</ele>
    <time>2025-12-23T08:51:50Z</time>
   </trkpt>
   <trkpt lat="10.3162610" lon="123.8613960">
    <ele>226.2</ele>
    <time>2025-12-23T08:51:51Z</time>
   </trkpt>
   <trkpt lat="10.3162570" lon="123.8614030">
    <ele>225.9</ele>
    <time>2025-12-23T08:51:52Z</time>
   </trkpt>
   <trkpt lat="10.3162530" lon="123.8614060">
    <ele>225.8</ele>
    <time>2025-12-23T08:51:53Z</time>
   </trkpt>
   <trkpt lat="10.3162490" lon="123.8614080">
    <ele>225.6</ele>
    <time>2025-12-23T08:51:54Z</time>
   </trkpt>
   <trkpt lat="10.3162430" lon="123.8614090">
    <ele>225.4</ele>
    <time>2025-12-23T08:51:55Z</time>
   </trkpt>
   <trkpt lat="10.3162370" lon="123.8614080">
    <ele>225.1</ele>
    <time>2025-12-23T08:51:56Z</time>
   </trkpt>
   <trkpt lat="10.3162340" lon="123.8614090">
    <ele>225.0</ele>
    <time>2025-12-23T08:51:57Z</time>
   </trkpt>
   <trkpt lat="10.3162320" lon="123.8614090">
    <ele>225.0</ele>
    <time>2025-12-23T08:51:58Z</time>
   </trkpt>
   <trkpt lat="10.3162270" lon="123.8614100">
    <ele>224.8</ele>
    <time>2025-12-23T08:51:59Z</time>
   </trkpt>
   <trkpt lat="10.3162220" lon="123.8614130">
    <ele>224.6</ele>
    <time>2025-12-23T08:52:00Z</time>
   </trkpt>
   <trkpt lat="10.3162170" lon="123.8614170">
    <ele>224.3</ele>
    <time>2025-12-23T08:52:01Z</time>
   </trkpt>
   <trkpt lat="10.3162120" lon="123.8614220">
    <ele>224.1</ele>
    <time>2025-12-23T08:52:02Z</time>
   </trkpt>
   <trkpt lat="10.3162060" lon="123.8614250">
    <ele>223.8</ele>
    <time>2025-12-23T08:52:03Z</time>
   </trkpt>
   <trkpt lat="10.3161980" lon="123.8614270">
    <ele>223.5</ele>
    <time>2025-12-23T08:52:04Z</time>
   </trkpt>
   <trkpt lat="10.3161910" lon="123.8614280">
    <ele>223.3</ele>
    <time>2025-12-23T08:52:05Z</time>
   </trkpt>
   <trkpt lat="10.3161860" lon="123.8614280">
    <ele>223.1</ele>
    <time>2025-12-23T08:52:06Z</time>
   </trkpt>
   <trkpt lat="10.3161790" lon="123.8614280">
    <ele>222.9</ele>
    <time>2025-12-23T08:52:07Z</time>
   </trkpt>
   <trkpt lat="10.3161730" lon="123.8614310">
    <ele>222.6</ele>
    <time>2025-12-23T08:52:08Z</time>
   </trkpt>
   <trkpt lat="10.3161700" lon="123.8614330">
    <ele>222.5</ele>
    <time>2025-12-23T08:52:09Z</time>
   </trkpt>
   <trkpt lat="10.3161650" lon="123.8614340">
    <ele>222.3</ele>
    <time>2025-12-23T08:52:10Z</time>
   </trkpt>
   <trkpt lat="10.3161610" lon="123.8614370">
    <ele>222.1</ele>
    <time>2025-12-23T08:52:11Z</time>
   </trkpt>
   <trkpt lat="10.3161590" lon="123.8614370">
    <ele>222.1</ele>
    <time>2025-12-23T08:52:12Z</time>
   </trkpt>
   <trkpt lat="10.3161520" lon="123.8614360">
    <ele>221.8</ele>
    <time>2025-12-23T08:52:13Z</time>
   </trkpt>
   <trkpt lat="10.3161440" lon="123.8614380">
    <ele>221.5</ele>
    <time>2025-12-23T08:52:14Z</time>
   </trkpt>
   <trkpt lat="10.3161340" lon="123.8614420">
    <ele>221.2</ele>
    <time>2025-12-23T08:52:15Z</time>
   </trkpt>
   <trkpt lat="10.3161260" lon="123.8614440">
    <ele>220.9</ele>
    <time>2025-12-23T08:52:16Z</time>
   </trkpt>
   <trkpt lat="10.3161190" lon="123.8614490">
    <ele>220.6</ele>
    <time>2025-12-23T08:52:17Z</time>
   </trkpt>
   <trkpt lat="10.3161150" lon="123.8614560">
    <ele>220.3</ele>
    <time>2025-12-23T08:52:18Z</time>
   </trkpt>
   <trkpt lat="10.3161060" lon="123.8614590">
    <ele>220.0</ele>
    <time>2025-12-23T08:52:19Z</time>
   </trkpt>
   <trkpt lat="10.3160980" lon="123.8614640">
    <ele>219.7</ele>
    <time>2025-12-23T08:52:20Z</time>
   </trkpt>
   <trkpt lat="10.3160880" lon="123.8614670">
    <ele>219.3</ele>
    <time>2025-12-23T08:52:21Z</time>
   </trkpt>
   <trkpt lat="10.3160780" lon="123.8614680">
    <ele>219.0</ele>
    <time>2025-12-23T08:52:22Z</time>
   </trkpt>
   <trkpt lat="10.3160710" lon="123.8614700">
    <ele>218.7</ele>
    <time>2025-12-23T08:52:23Z</time>
   </trkpt>
   <trkpt lat="10.3160670" lon="123.8614740">
    <ele>218.5</ele>
    <time>2025-12-23T08:52:24Z</time>
   </trkpt>
   <trkpt lat="10.3160620" lon="123.8614760">
    <ele>218.3</ele>
    <time>2025-12-23T08:52:25Z</time>
   </trkpt>
   <trkpt lat="10.3160590" lon="123.8614770">
    <ele>218.2</ele>
    <time>2025-12-23T08:52:26Z</time>
   </trkpt>
   <trkpt lat="10.3160560" lon="123.8614790">
    <ele>218.1</ele>
    <time>2025-12-23T08:52:27Z</time>
   </trkpt>
   <trkpt lat="10.3160510" lon="123.8614860">
    <ele>217.8</ele>
    <time>2025-12-23T08:52:28Z</time>
   </trkpt>
   <trkpt lat="10.3160480" lon="123.8614950">
    <ele>217.5</ele>
    <time>2025-12-23T08:52:29Z</time>
   </trkpt>
   <trkpt lat="10.3160430" lon="123.8615010">
    <ele>217.3</ele>
    <time>2025-12-23T08:52:30Z</time>
   </trkpt>
   <trkpt lat="10.3160290" lon="123.8615080">
    <ele>216.7</ele>
    <time>2025-12-23T08:52:31Z</time>
   </trkpt>
   <trkpt lat="10.3160230" lon="123.8615120">
    <ele>216.5</ele>
    <time>2025-12-23T08:52:32Z</time>
   </trkpt>
   <trkpt lat="10.3160160" lon="123.8615150">
    <ele>216.3</ele>
    <time>2025-12-23T08:52:33Z</time>
   </trkpt>
   <trkpt lat="10.3160090" lon="123.8615190">
    <ele>216.0</ele>
    <time>2025-12-23T08:52:34Z</time>
   </trkpt>
   <trkpt lat="10.3159990" lon="123.8615240">
    <ele>215.6</ele>
    <time>2025-12-23T08:52:35Z</time>
   </trkpt>
   <trkpt lat="10.3159870" lon="123.8615240">
    <ele>215.3</ele>
    <time>2025-12-23T08:52:36Z</time>
   </trkpt>
   <trkpt lat="10.3159730" lon="123.8615220">
    <ele>214.8</ele>
    <time>2025-12-23T08:52:37Z</time>
   </trkpt>
   <trkpt lat="10.3159640" lon="123.8615220">
    <ele>214.5</ele>
    <time>2025-12-23T08:52:38Z</time>
   </trkpt>
   <trkpt lat="10.3159570" lon="123.8615220">
    <ele>214.3</ele>
    <time>2025-12-23T08:52:39Z</time>
   </trkpt>
   <trkpt lat="10.3159530" lon="123.8615180">
    <ele>214.1</ele>
    <time>2025-12-23T08:52:40Z</time>
   </trkpt>
   <trkpt lat="10.3159470" lon="123.8615180">
    <ele>214.0</ele>
    <time>2025-12-23T08:52:41Z</time>
   </trkpt>
   <trkpt lat="10.3159380" lon="123.8615160">
    <ele>213.7</ele>
    <time>2025-12-23T08:52:42Z</time>
   </trkpt>
   <trkpt lat="10.3159280" lon="123.8615160">
    <ele>213.4</ele>
    <time>2025-12-23T08:52:43Z</time>
   </trkpt>
   <trkpt lat="10.3159200" lon="123.8615130">
    <ele>213.1</ele>
    <time>2025-12-23T08:52:44Z</time>
   </trkpt>
   <trkpt lat="10.3159130" lon="123.8615110">
    <ele>212.9</ele>
    <time>2025-12-23T08:52:45Z</time>
   </trkpt>
   <trkpt lat="10.3159090" lon="123.8615150">
    <ele>212.7</ele>
    <time>2025-12-23T08:52:46Z</time>
   </trkpt>
   <trkpt lat="10.3159050" lon="123.8615210">
    <ele>212.5</ele>
    <time>2025-12-23T08:52:47Z</time>
   </trkpt>
   <trkpt lat="10.3158990" lon="123.8615260">
    <ele>212.3</ele>
    <time>2025-12-23T08:52:48Z</time>
   </trkpt>
   <trkpt lat="10.3158920" lon="123.8615290">
    <ele>212.0</ele>
    <time>2025-12-23T08:52:49Z</time>
   </trkpt>
   <trkpt lat="10.3158870" lon="123.8615330">
    <ele>211.9</ele>
    <time>2025-12-23T08:52:50Z</time>
   </trkpt>
   <trkpt lat="10.3158850" lon="123.8615350">
    <ele>211.8</ele>
    <time>2025-12-23T08:52:51Z</time>
   </trkpt>
   <trkpt lat="10.3158830" lon="123.8615380">
    <ele>211.7</ele>
    <time>2025-12-23T08:52:52Z</time>
   </trkpt>
   <trkpt lat="10.3158800" lon="123.8615410">
    <ele>211.6</ele>
    <time>2025-12-23T08:52:53Z</time>
   </trkpt>
   <trkpt lat="10.3158750" lon="123.8615440">
    <ele>211.4</ele>
    <time>2025-12-23T08:52:54Z</time>
   </trkpt>
   <trkpt lat="10.3158740" lon="123.8615490">
    <ele>211.3</ele>
    <time>2025-12-23T08:52:55Z</time>
   </trkpt>
   <trkpt lat="10.3158720" lon="123.8615530">
    <ele>211.2</ele>
    <time>2025-12-23T08:52:56Z</time>
   </trkpt>
   <trkpt lat="10.3158670" lon="123.8615530">
    <ele>211.0</ele>
    <time>2025-12-23T08:52:57Z</time>
   </trkpt>
   <trkpt lat="10.3158600" lon="123.8615580">
    <ele>210.8</ele>
    <time>2025-12-23T08:52:58Z</time>
   </trkpt>
   <trkpt lat="10.3158560" lon="123.8615620">
    <ele>210.7</ele>
    <time>2025-12-23T08:52:59Z</time>
   </trkpt>
   <trkpt lat="10.3158520" lon="123.8615670">
    <ele>210.5</ele>
    <time>2025-12-23T08:53:00Z</time>
   </trkpt>
   <trkpt lat="10.3158480" lon="123.8615720">
    <ele>210.3</ele>
    <time>2025-12-23T08:53:01Z</time>
   </trkpt>
   <trkpt lat="10.3158440" lon="123.8615760">
    <ele>210.2</ele>
    <time>2025-12-23T08:53:02Z</time>
   </trkpt>
   <trkpt lat="10.3158400" lon="123.8615810">
    <ele>210.0</ele>
    <time>2025-12-23T08:53:03Z</time>
   </trkpt>
   <trkpt lat="10.3158290" lon="123.8615990">
    <ele>209.5</ele>
    <time>2025-12-23T08:53:04Z</time>
   </trkpt>
   <trkpt lat="10.3158250" lon="123.8616060">
    <ele>209.3</ele>
    <time>2025-12-23T08:53:05Z</time>
   </trkpt>
   <trkpt lat="10.3158220" lon="123.8616130">
    <ele>209.1</ele>
    <time>2025-12-23T08:53:06Z</time>
   </trkpt>
   <trkpt lat="10.3158190" lon="123.8616230">
    <ele>208.9</ele>
    <time>2025-12-23T08:53:07Z</time>
   </trkpt>
   <trkpt lat="10.3158130" lon="123.8616320">
    <ele>208.6</ele>
    <time>2025-12-23T08:53:08Z</time>
   </trkpt>
   <trkpt lat="10.3158050" lon="123.8616420">
    <ele>208.4</ele>
    <time>2025-12-23T08:53:09Z</time>
   </trkpt>
   <trkpt lat="10.3157950" lon="123.8616530">
    <ele>208.0</ele>
    <time>2025-12-23T08:53:10Z</time>
   </trkpt>
   <trkpt lat="10.3157830" lon="123.8616600">
    <ele>207.7</ele>
    <time>2025-12-23T08:53:11Z</time>
   </trkpt>
   <trkpt lat="10.3157720" lon="123.8616660">
    <ele>207.4</ele>
    <time>2025-12-23T08:53:12Z</time>
   </trkpt>
   <trkpt lat="10.3157630" lon="123.8616710">
    <ele>207.2</ele>
    <time>2025-12-23T08:53:13Z</time>
   </trkpt>
   <trkpt lat="10.3157520" lon="123.8616770">
    <ele>206.9</ele>
    <time>2025-12-23T08:53:14Z</time>
   </trkpt>
   <trkpt lat="10.3157410" lon="123.8616830">
    <ele>206.7</ele>
    <time>2025-12-23T08:53:15Z</time>
   </trkpt>
   <trkpt lat="10.3157290" lon="123.8616880">
    <ele>206.4</ele>
    <time>2025-12-23T08:53:16Z</time>
   </trkpt>
   <trkpt lat="10.3157180" lon="123.8616890">
    <ele>206.2</ele>
    <time>2025-12-23T08:53:17Z</time>
   </trkpt>
   <trkpt lat="10.3157100" lon="123.8616840">
    <ele>206.0</ele>
    <time>2025-12-23T08:53:18Z</time>
   </trkpt>
   <trkpt lat="10.3157020" lon="123.8616820">
    <ele>205.9</ele>
    <time>2025-12-23T08:53:19Z</time>
   </trkpt>
   <trkpt lat="10.3156950" lon="123.8616870">
    <ele>205.7</ele>
    <time>2025-12-23T08:53:20Z</time>
   </trkpt>
   <trkpt lat="10.3156870" lon="123.8616880">
    <ele>205.6</ele>
    <time>2025-12-23T08:53:21Z</time>
   </trkpt>
   <trkpt lat="10.3156830" lon="123.8616920">
    <ele>205.5</ele>
    <time>2025-12-23T08:53:22Z</time>
   </trkpt>
   <trkpt lat="10.3156790" lon="123.8617000">
    <ele>205.3</ele>
    <time>2025-12-23T08:53:23Z</time>
   </trkpt>
   <trkpt lat="10.3156750" lon="123.8617100">
    <ele>205.1</ele>
    <time>2025-12-23T08:53:24Z</time>
   </trkpt>
   <trkpt lat="10.3156690" lon="123.8617180">
    <ele>204.9</ele>
    <time>2025-12-23T08:53:25Z</time>
   </trkpt>
   <trkpt lat="10.3156640" lon="123.8617240">
    <ele>204.7</ele>
    <time>2025-12-23T08:53:26Z</time>
   </trkpt>
   <trkpt lat="10.3156550" lon="123.8617280">
    <ele>204.5</ele>
    <time>2025-12-23T08:53:27Z</time>
   </trkpt>
   <trkpt lat="10.3156460" lon="123.8617310">
    <ele>204.4</ele>
    <time>2025-12-23T08:53:28Z</time>
   </trkpt>
   <trkpt lat="10.3156340" lon="123.8617300">
    <ele>204.1</ele>
    <time>2025-12-23T08:53:29Z</time>
   </trkpt>
   <trkpt lat="10.3156240" lon="123.8617250">
    <ele>203.9</ele>
    <time>2025-12-23T08:53:30Z</time>
   </trkpt>
   <trkpt lat="10.3156150" lon="123.8617180">
    <ele>203.7</ele>
    <time>2025-12-23T08:53:31Z</time>
   </trkpt>
   <trkpt lat="10.3156050" lon="123.8617160">
    <ele>203.5</ele>
    <time>2025-12-23T08:53:32Z</time>
   </trkpt>
   <trkpt lat="10.3155980" lon="123.8617160">
    <ele>203.4</ele>
    <time>2025-12-23T08:53:33Z</time>
   </trkpt>
   <trkpt lat="10.3155890" lon="123.8617180">
    <ele>203.3</ele>
    <time>2025-12-23T08:53:34Z</time>
   </trkpt>
   <trkpt lat="10.3155830" lon="123.8617210">
    <ele>203.1</ele>
    <time>2025-12-23T08:53:35Z</time>
   </trkpt>
   <trkpt lat="10.3155760" lon="123.8617250">
    <ele>203.0</ele>
    <time>2025-12-23T08:53:36Z</time>
   </trkpt>
   <trkpt lat="10.3155690" lon="123.8617270">
    <ele>202.9</ele>
    <time>2025-12-23T08:53:37Z</time>
   </trkpt>
   <trkpt lat="10.3155640" lon="123.8617320">
    <ele>202.8</ele>
    <time>2025-12-23T08:53:38Z</time>
   </trkpt>
   <trkpt lat="10.3155560" lon="123.8617370">
    <ele>202.6</ele>
    <time>2025-12-23T08:53:39Z</time>
   </trkpt>
   <trkpt lat="10.3155470" lon="123.8617440">
    <ele>202.4</ele>
    <time>2025-12-23T08:53:40Z</time>
   </trkpt>
   <trkpt lat="10.3155390" lon="123.8617530">
    <ele>202.2</ele>
    <time>2025-12-23T08:53:41Z</time>
   </trkpt>
   <trkpt lat="10.3155330" lon="123.8617630">
    <ele>202.1</ele>
    <time>2025-12-23T08:53:42Z</time>
   </trkpt>
   <trkpt lat="10.3155260" lon="123.8617760">
    <ele>201.8</ele>
    <time>2025-12-23T08:53:43Z</time>
   </trkpt>
   <trkpt lat="10.3155180" lon="123.8617830">
    <ele>201.7</ele>
    <time>2025-12-23T08:53:44Z</time>
   </trkpt>
   <trkpt lat="10.3155090" lon="123.8617860">
    <ele>201.6</ele>
    <time>2025-12-23T08:53:45Z</time>
   </trkpt>
   <trkpt lat="10.3155030" lon="123.8617920">
    <ele>201.5</ele>
    <time>2025-12-23T08:53:46Z</time>
   </trkpt>
   <trkpt lat="10.3154960" lon="123.8617980">
    <ele>201.4</ele>
    <time>2025-12-23T08:53:47Z</time>
   </trkpt>
   <trkpt lat="10.3154890" lon="123.8618080">
    <ele>201.2</ele>
    <time>2025-12-23T08:53:48Z</time>
   </trkpt>
   <trkpt lat="10.3154860" lon="123.8618210">
    <ele>201.0</ele>
    <time>2025-12-23T08:53:49Z</time>
   </trkpt>
   <trkpt lat="10.3154840" lon="123.8618370">
    <ele>200.8</ele>
    <time>2025-12-23T08:53:50Z</time>
   </trkpt>
   <trkpt lat="10.3154840" lon="123.8618520">
    <ele>200.6</ele>
    <time>2025-12-23T08:53:51Z</time>
   </trkpt>
   <trkpt lat="10.3154810" lon="123.8618700">
    <ele>200.4</ele>
    <time>2025-12-23T08:53:52Z</time>
   </trkpt>
   <trkpt lat="10.3154760" lon="123.8618840">
    <ele>200.2</ele>
    <time>2025-12-23T08:53:53Z</time>
   </trkpt>
   <trkpt lat="10.3154690" lon="123.8618980">
    <ele>200.0</ele>
    <time>2025-12-23T08:53:54Z</time>
   </trkpt>
   <trkpt lat="10.3154640" lon="123.8619070">
    <ele>199.8</ele>
    <time>2025-12-23T08:53:55Z</time>
   </trkpt>
   <trkpt lat="10.3154580" lon="123.8619140">
    <ele>199.7</ele>
    <time>2025-12-23T08:53:56Z</time>
   </trkpt>
   <trkpt lat="10.3154520" lon="123.8619180">
    <ele>199.6</ele>
    <time>2025-12-23T08:53:57Z</time>
   </trkpt>
   <trkpt lat="10.3154490" lon="123.8619240">
    <ele>199.5</ele>
    <time>2025-12-23T08:53:58Z</time>
   </trkpt>
   <trkpt lat="10.3154440" lon="123.8619270">
    <ele>199.4</ele>
    <time>2025-12-23T08:53:59Z</time>
   </trkpt>
   <trkpt lat="10.3154390" lon="123.8619310">
    <ele>199.3</ele>
    <time>2025-12-23T08:54:00Z</time>
   </trkpt>
   <trkpt lat="10.3154340" lon="123.8619370">
    <ele>199.2</ele>
    <time>2025-12-23T08:54:01Z</time>
   </trkpt>
   <trkpt lat="10.3154270" lon="123.8619410">
    <ele>199.0</ele>
    <time>2025-12-23T08:54:02Z</time>
   </trkpt>
   <trkpt lat="10.3154210" lon="123.8619460">
    <ele>198.9</ele>
    <time>2025-12-23T08:54:03Z</time>
   </trkpt>
   <trkpt lat="10.3154170" lon="123.8619520">
    <ele>198.8</ele>
    <time>2025-12-23T08:54:04Z</time>
   </trkpt>
   <trkpt lat="10.3154160" lon="123.8619520">
    <ele>198.8</ele>
    <time>2025-12-23T08:54:05Z</time>
   </trkpt>
   <trkpt lat="10.3154210" lon="123.8619520">
    <ele>198.7</ele>
    <time>2025-12-23T08:54:06Z</time>
   </trkpt>
   <trkpt lat="10.3154240" lon="123.8619540">
    <ele>198.6</ele>
    <time>2025-12-23T08:54:07Z</time>
   </trkpt>
   <trkpt lat="10.3154280" lon="123.8619540">
    <ele>198.5</ele>
    <time>2025-12-23T08:54:08Z</time>
   </trkpt>
   <trkpt lat="10.3154300" lon="123.8619540">
    <ele>198.5</ele>
    <time>2025-12-23T08:54:09Z</time>
   </trkpt>
   <trkpt lat="10.3154300" lon="123.8619540">
    <ele>198.5</ele>
    <time>2025-12-23T08:54:10Z</time>
   </trkpt>
   <trkpt lat="10.3154280" lon="123.8619530">
    <ele>198.5</ele>
    <time>2025-12-23T08:54:11Z</time>
   </trkpt>
   <trkpt lat="10.3154270" lon="123.8619520">
    <ele>198.4</ele>
    <time>2025-12-23T08:54:12Z</time>
   </trkpt>
   <trkpt lat="10.3154260" lon="123.8619510">
    <ele>198.4</ele>
    <time>2025-12-23T08:54:13Z</time>
   </trkpt>
   <trkpt lat="10.3154250" lon="123.8619500">
    <ele>198.4</ele>
    <time>2025-12-23T08:54:14Z</time>
   </trkpt>
   <trkpt lat="10.3154250" lon="123.8619500">
    <ele>198.4</ele>
    <time>2025-12-23T08:54:15Z</time>
   </trkpt>
   <trkpt lat="10.3154250" lon="123.8619500">
    <ele>198.4</ele>
    <time>2025-12-23T08:54:16Z</time>
   </trkpt>
   <trkpt lat="10.3154190" lon="123.8619610">
    <ele>198.1</ele>
    <time>2025-12-23T08:54:17Z</time>
   </trkpt>
   <trkpt lat="10.3154100" lon="123.8619700">
    <ele>197.9</ele>
    <time>2025-12-23T08:54:18Z</time>
   </trkpt>
   <trkpt lat="10.3153970" lon="123.8619760">
    <ele>197.6</ele>
    <time>2025-12-23T08:54:19Z</time>
   </trkpt>
   <trkpt lat="10.3153890" lon="123.8619820">
    <ele>197.4</ele>
    <time>2025-12-23T08:54:20Z</time>
   </trkpt>
   <trkpt lat="10.3153830" lon="123.8619870">
    <ele>197.2</ele>
    <time>2025-12-23T08:54:21Z</time>
   </trkpt>
   <trkpt lat="10.3153790" lon="123.8619920">
    <ele>197.1</ele>
    <time>2025-12-23T08:54:22Z</time>
   </trkpt>
   <trkpt lat="10.3153750" lon="123.8619980">
    <ele>197.0</ele>
    <time>2025-12-23T08:54:23Z</time>
   </trkpt>
   <trkpt lat="10.3153700" lon="123.8620020">
    <ele>196.8</ele>
    <time>2025-12-23T08:54:24Z</time>
   </trkpt>
   <trkpt lat="10.3153630" lon="123.8620070">
    <ele>196.7</ele>
    <time>2025-12-23T08:54:25Z</time>
   </trkpt>
   <trkpt lat="10.3153600" lon="123.8620100">
    <ele>196.6</ele>
    <time>2025-12-23T08:54:26Z</time>
   </trkpt>
   <trkpt lat="10.3153560" lon="123.8620160">
    <ele>196.4</ele>
    <time>2025-12-23T08:54:27Z</time>
   </trkpt>
   <trkpt lat="10.3153490" lon="123.8620170">
    <ele>196.3</ele>
    <time>2025-12-23T08:54:28Z</time>
   </trkpt>
   <trkpt lat="10.3153390" lon="123.8620170">
    <ele>196.1</ele>
    <time>2025-12-23T08:54:29Z</time>
   </trkpt>
   <trkpt lat="10.3153300" lon="123.8620170">
    <ele>195.9</ele>
    <time>2025-12-23T08:54:30Z</time>
   </trkpt>
   <trkpt lat="10.3153230" lon="123.8620170">
    <ele>195.8</ele>
    <time>2025-12-23T08:54:31Z</time>
   </trkpt>
   <trkpt lat="10.3153150" lon="123.8620160">
    <ele>195.6</ele>
    <time>2025-12-23T08:54:32Z</time>
   </trkpt>
   <trkpt lat="10.3153050" lon="123.8620140">
    <ele>195.4</ele>
    <time>2025-12-23T08:54:33Z</time>
   </trkpt>
   <trkpt lat="10.3152970" lon="123.8620150">
    <ele>195.3</ele>
    <time>2025-12-23T08:54:34Z</time>
   </trkpt>
   <trkpt lat="10.3152890" lon="123.8620170">
    <ele>195.1</ele>
    <time>2025-12-23T08:54:35Z</time>
   </trkpt>
   <trkpt lat="10.3152830" lon="123.8620190">
    <ele>195.0</ele>
    <time>2025-12-23T08:54:36Z</time>
   </trkpt>
   <trkpt lat="10.3152790" lon="123.8620180">
    <ele>194.9</ele>
    <time>2025-12-23T08:54:37Z</time>
   </trkpt>
   <trkpt lat="10.3152750" lon="123.8620200">
    <ele>194.9</ele>
    <time>2025-12-23T08:54:38Z</time>
   </trkpt>
   <trkpt lat="10.3152710" lon="123.8620220">
    <ele>194.8</ele>
    <time>2025-12-23T08:54:39Z</time>
   </trkpt>
   <trkpt lat="10.3152640" lon="123.8620250">
    <ele>194.7</ele>
    <time>2025-12-23T08:54:40Z</time>
   </trkpt>
   <trkpt lat="10.3152570" lon="123.8620280">
    <ele>194.5</ele>
    <time>2025-12-23T08:54:41Z</time>
   </trkpt>
   <trkpt lat="10.3152510" lon="123.8620310">
    <ele>194.4</ele>
    <time>2025-12-23T08:54:42Z</time>
   </trkpt>
   <trkpt lat="10.3152430" lon="123.8620290">
    <ele>194.3</ele>
    <time>2025-12-23T08:54:43Z</time>
   </trkpt>
   <trkpt lat="10.3152360" lon="123.8620300">
    <ele>194.2</ele>
    <time>2025-12-23T08:54:44Z</time>
   </trkpt>
   <trkpt lat="10.3152250" lon="123.8620330">
    <ele>194.0</ele>
    <time>2025-12-23T08:54:45Z</time>
   </trkpt>
   <trkpt lat="10.3152150" lon="123.8620360">
    <ele>193.8</ele>
    <time>2025-12-23T08:54:46Z</time>
   </trkpt>
   <trkpt lat="10.3152060" lon="123.8620400">
    <ele>193.7</ele>
    <time>2025-12-23T08:54:47Z</time>
   </trkpt>
   <trkpt lat="10.3151970" lon="123.8620430">
    <ele>193.5</ele>
    <time>2025-12-23T08:54:48Z</time>
   </trkpt>
   <trkpt lat="10.3151850" lon="123.8620470">
    <ele>193.3</ele>
    <time>2025-12-23T08:54:49Z</time>
   </trkpt>
   <trkpt lat="10.3151740" lon="123.8620510">
    <ele>193.2</ele>
    <time>2025-12-23T08:54:50Z</time>
   </trkpt>
   <trkpt lat="10.3151650" lon="123.8620530">
    <ele>193.0</ele>
    <time>2025-12-23T08:54:51Z</time>
   </trkpt>
   <trkpt lat="10.3151570" lon="123.8620530">
    <ele>192.9</ele>
    <time>2025-12-23T08:54:52Z</time>
   </trkpt>
   <trkpt lat="10.3151470" lon="123.8620520">
    <ele>192.8</ele>
    <time>2025-12-23T08:54:53Z</time>
   </trkpt>
   <trkpt lat="10.3151380" lon="123.8620500">
    <ele>192.6</ele>
    <time>2025-12-23T08:54:54Z</time>
   </trkpt>
   <trkpt lat="10.3151290" lon="123.8620480">
    <ele>192.5</ele>
    <time>2025-12-23T08:54:55Z</time>
   </trkpt>
   <trkpt lat="10.3151190" lon="123.8620480">
    <ele>192.3</ele>
    <time>2025-12-23T08:54:56Z</time>
   </trkpt>
   <trkpt lat="10.3151050" lon="123.8620510">
    <ele>192.1</ele>
    <time>2025-12-23T08:54:57Z</time>
   </trkpt>
   <trkpt lat="10.3150900" lon="123.8620540">
    <ele>191.9</ele>
    <time>2025-12-23T08:54:58Z</time>
   </trkpt>
   <trkpt lat="10.3150770" lon="123.8620590">
    <ele>191.6</ele>
    <time>2025-12-23T08:54:59Z</time>
   </trkpt>
   <trkpt lat="10.3150680" lon="123.8620620">
    <ele>191.5</ele>
    <time>2025-12-23T08:55:00Z</time>
   </trkpt>
   <trkpt lat="10.3150620" lon="123.8620650">
    <ele>191.4</ele>
    <time>2025-12-23T08:55:01Z</time>
   </trkpt>
   <trkpt lat="10.3150480" lon="123.8620690">
    <ele>191.1</ele>
    <time>2025-12-23T08:55:02Z</time>
   </trkpt>
   <trkpt lat="10.3150400" lon="123.8620690">
    <ele>191.0</ele>
    <time>2025-12-23T08:55:03Z</time>
   </trkpt>
   <trkpt lat="10.3150310" lon="123.8620690">
    <ele>190.8</ele>
    <time>2025-12-23T08:55:04Z</time>
   </trkpt>
   <trkpt lat="10.3150230" lon="123.8620690">
    <ele>190.7</ele>
    <time>2025-12-23T08:55:05Z</time>
   </trkpt>
   <trkpt lat="10.3150110" lon="123.8620660">
    <ele>190.4</ele>
    <time>2025-12-23T08:55:06Z</time>
   </trkpt>
   <trkpt lat="10.3150000" lon="123.8620660">
    <ele>190.2</ele>
    <time>2025-12-23T08:55:07Z</time>
   </trkpt>
   <trkpt lat="10.3149910" lon="123.8620660">
    <ele>190.0</ele>
    <time>2025-12-23T08:55:08Z</time>
   </trkpt>
   <trkpt lat="10.3149730" lon="123.8620620">
    <ele>189.7</ele>
    <time>2025-12-23T08:55:09Z</time>
   </trkpt>
   <trkpt lat="10.3149640" lon="123.8620590">
    <ele>189.5</ele>
    <time>2025-12-23T08:55:10Z</time>
   </trkpt>
   <trkpt lat="10.3149560" lon="123.8620550">
    <ele>189.3</ele>
    <time>2025-12-23T08:55:11Z</time>
   </trkpt>
   <trkpt lat="10.3149480" lon="123.8620490">
    <ele>189.1</ele>
    <time>2025-12-23T08:55:12Z</time>
   </trkpt>
   <trkpt lat="10.3149410" lon="123.8620450">
    <ele>188.9</ele>
    <time>2025-12-23T08:55:13Z</time>
   </trkpt>
   <trkpt lat="10.3149340" lon="123.8620390">
    <ele>188.7</ele>
    <time>2025-12-23T08:55:14Z</time>
   </trkpt>
   <trkpt lat="10.3149260" lon="123.8620330">
    <ele>188.5</ele>
    <time>2025-12-23T08:55:15Z</time>
   </trkpt>
   <trkpt lat="10.3149160" lon="123.8620290">
    <ele>188.2</ele>
    <time>2025-12-23T08:55:16Z</time>
   </trkpt>
   <trkpt lat="10.3149050" lon="123.8620290">
    <ele>188.0</ele>
    <time>2025-12-23T08:55:17Z</time>
   </trkpt>
   <trkpt lat="10.3148840" lon="123.8620250">
    <ele>187.5</ele>
    <time>2025-12-23T08:55:18Z</time>
   </trkpt>
   <trkpt lat="10.3148750" lon="123.8620240">
    <ele>187.3</ele>
    <time>2025-12-23T08:55:19Z</time>
   </trkpt>
   <trkpt lat="10.3148660" lon="123.8620220">
    <ele>187.0</ele>
    <time>2025-12-23T08:55:20Z</time>
   </trkpt>
   <trkpt lat="10.3148590" lon="123.8620180">
    <ele>186.9</ele>
    <time>2025-12-23T08:55:21Z</time>
   </trkpt>
   <trkpt lat="10.3148500" lon="123.8620140">
    <ele>186.6</ele>
    <time>2025-12-23T08:55:22Z</time>
   </trkpt>
   <trkpt lat="10.3148380" lon="123.8620100">
    <ele>186.3</ele>
    <time>2025-12-23T08:55:23Z</time>
   </trkpt>
   <trkpt lat="10.3148300" lon="123.8620110">
    <ele>186.1</ele>
    <time>2025-12-23T08:55:24Z</time>
   </trkpt>
   <trkpt lat="10.3148220" lon="123.8620140">
    <ele>185.9</ele>
    <time>2025-12-23T08:55:25Z</time>
   </trkpt>
   <trkpt lat="10.3148110" lon="123.8620180">
    <ele>185.7</ele>
    <time>2025-12-23T08:55:26Z</time>
   </trkpt>
   <trkpt lat="10.3148020" lon="123.8620210">
    <ele>185.4</ele>
    <time>2025-12-23T08:55:27Z</time>
   </trkpt>
   <trkpt lat="10.3147910" lon="123.8620250">
    <ele>185.2</ele>
    <time>2025-12-23T08:55:28Z</time>
   </trkpt>
   <trkpt lat="10.3147820" lon="123.8620260">
    <ele>184.9</ele>
    <time>2025-12-23T08:55:29Z</time>
   </trkpt>
   <trkpt lat="10.3147670" lon="123.8620270">
    <ele>184.6</ele>
    <time>2025-12-23T08:55:30Z</time>
   </trkpt>
   <trkpt lat="10.3147590" lon="123.8620300">
    <ele>184.4</ele>
    <time>2025-12-23T08:55:31Z</time>
   </trkpt>
   <trkpt lat="10.3147510" lon="123.8620320">
    <ele>184.2</ele>
    <time>2025-12-23T08:55:32Z</time>
   </trkpt>
   <trkpt lat="10.3147430" lon="123.8620340">
    <ele>184.0</ele>
    <time>2025-12-23T08:55:33Z</time>
   </trkpt>
   <trkpt lat="10.3147280" lon="123.8620370">
    <ele>183.6</ele>
    <time>2025-12-23T08:55:34Z</time>
   </trkpt>
   <trkpt lat="10.3147160" lon="123.8620340">
    <ele>183.4</ele>
    <time>2025-12-23T08:55:35Z</time>
   </trkpt>
   <trkpt lat="10.3147080" lon="123.8620330">
    <ele>183.2</ele>
    <time>2025-12-23T08:55:36Z</time>
   </trkpt>
   <trkpt lat="10.3147000" lon="123.8620300">
    <ele>183.0</ele>
    <time>2025-12-23T08:55:37Z</time>
   </trkpt>
   <trkpt lat="10.3146910" lon="123.8620310">
    <ele>182.8</ele>
    <time>2025-12-23T08:55:38Z</time>
   </trkpt>
   <trkpt lat="10.3146810" lon="123.8620320">
    <ele>182.6</ele>
    <time>2025-12-23T08:55:39Z</time>
   </trkpt>
   <trkpt lat="10.3146700" lon="123.8620330">
    <ele>182.4</ele>
    <time>2025-12-23T08:55:40Z</time>
   </trkpt>
   <trkpt lat="10.3146590" lon="123.8620350">
    <ele>182.1</ele>
    <time>2025-12-23T08:55:41Z</time>
   </trkpt>
   <trkpt lat="10.3146510" lon="123.8620340">
    <ele>181.9</ele>
    <time>2025-12-23T08:55:42Z</time>
   </trkpt>
   <trkpt lat="10.3146460" lon="123.8620280">
    <ele>181.8</ele>
    <time>2025-12-23T08:55:43Z</time>
   </trkpt>
   <trkpt lat="10.3146430" lon="123.8620200">
    <ele>181.6</ele>
    <time>2025-12-23T08:55:44Z</time>
   </trkpt>
   <trkpt lat="10.3146340" lon="123.8620180">
    <ele>181.4</ele>
    <time>2025-12-23T08:55:45Z</time>
   </trkpt>
   <trkpt lat="10.3146240" lon="123.8620170">
    <ele>181.3</ele>
    <time>2025-12-23T08:55:46Z</time>
   </trkpt>
   <trkpt lat="10.3146130" lon="123.8620150">
    <ele>181.0</ele>
    <time>2025-12-23T08:55:47Z</time>
   </trkpt>
   <trkpt lat="10.3146020" lon="123.8620150">
    <ele>180.8</ele>
    <time>2025-12-23T08:55:48Z</time>
   </trkpt>
   <trkpt lat="10.3145910" lon="123.8620160">
    <ele>180.6</ele>
    <time>2025-12-23T08:55:49Z</time>
   </trkpt>
   <trkpt lat="10.3145780" lon="123.8620200">
    <ele>180.4</ele>
    <time>2025-12-23T08:55:50Z</time>
   </trkpt>
   <trkpt lat="10.3145630" lon="123.8620250">
    <ele>180.1</ele>
    <time>2025-12-23T08:55:51Z</time>
   </trkpt>
   <trkpt lat="10.3145490" lon="123.8620350">
    <ele>179.8</ele>
    <time>2025-12-23T08:55:52Z</time>
   </trkpt>
   <trkpt lat="10.3145350" lon="123.8620440">
    <ele>179.5</ele>
    <time>2025-12-23T08:55:53Z</time>
   </trkpt>
   <trkpt lat="10.3145190" lon="123.8620520">
    <ele>179.2</ele>
    <time>2025-12-23T08:55:54Z</time>
   </trkpt>
   <trkpt lat="10.3145030" lon="123.8620550">
    <ele>178.9</ele>
    <time>2025-12-23T08:55:55Z</time>
   </trkpt>
   <trkpt lat="10.3144840" lon="123.8620650">
    <ele>178.5</ele>
    <time>2025-12-23T08:55:56Z</time>
   </trkpt>
   <trkpt lat="10.3144770" lon="123.8620710">
    <ele>178.3</ele>
    <time>2025-12-23T08:55:57Z</time>
   </trkpt>
   <trkpt lat="10.3144700" lon="123.8620760">
    <ele>178.2</ele>
    <time>2025-12-23T08:55:58Z</time>
   </trkpt>
   <trkpt lat="10.3144510" lon="123.8620850">
    <ele>177.8</ele>
    <time>2025-12-23T08:55:59Z</time>
   </trkpt>
   <trkpt lat="10.3144420" lon="123.8620870">
    <ele>177.7</ele>
    <time>2025-12-23T08:56:00Z</time>
   </trkpt>
   <trkpt lat="10.3144340" lon="123.8620900">
    <ele>177.5</ele>
    <time>2025-12-23T08:56:01Z</time>
   </trkpt>
   <trkpt lat="10.3144190" lon="123.8620880">
    <ele>177.2</ele>
    <time>2025-12-23T08:56:02Z</time>
   </trkpt>
   <trkpt lat="10.3144030" lon="123.8620870">
    <ele>177.0</ele>
    <time>2025-12-23T08:56:03Z</time>
   </trkpt>
   <trkpt lat="10.3143870" lon="123.8620860">
    <ele>176.7</ele>
    <time>2025-12-23T08:56:04Z</time>
   </trkpt>
   <trkpt lat="10.3143720" lon="123.8620870">
    <ele>176.4</ele>
    <time>2025-12-23T08:56:05Z</time>
   </trkpt>
   <trkpt lat="10.3143620" lon="123.8620880">
    <ele>176.3</ele>
    <time>2025-12-23T08:56:06Z</time>
   </trkpt>
   <trkpt lat="10.3143520" lon="123.8620920">
    <ele>176.1</ele>
    <time>2025-12-23T08:56:07Z</time>
   </trkpt>
   <trkpt lat="10.3143400" lon="123.8620940">
    <ele>175.9</ele>
    <time>2025-12-23T08:56:08Z</time>
   </trkpt>
   <trkpt lat="10.3143200" lon="123.8620970">
    <ele>175.6</ele>
    <time>2025-12-23T08:56:09Z</time>
   </trkpt>
   <trkpt lat="10.3143110" lon="123.8620980">
    <ele>175.5</ele>
    <time>2025-12-23T08:56:10Z</time>
   </trkpt>
   <trkpt lat="10.3143030" lon="123.8620990">
    <ele>175.3</ele>
    <time>2025-12-23T08:56:11Z</time>
   </trkpt>
   <trkpt lat="10.3142940" lon="123.8621000">
    <ele>175.2</ele>
    <time>2025-12-23T08:56:12Z</time>
   </trkpt>
   <trkpt lat="10.3142840" lon="123.8621000">
    <ele>175.1</ele>
    <time>2025-12-23T08:56:13Z</time>
   </trkpt>
   <trkpt lat="10.3142740" lon="123.8621000">
    <ele>174.9</ele>
    <time>2025-12-23T08:56:14Z</time>
   </trkpt>
   <trkpt lat="10.3142630" lon="123.8621000">
    <ele>174.7</ele>
    <time>2025-12-23T08:56:15Z</time>
   </trkpt>
   <trkpt lat="10.3142530" lon="123.8620990">
    <ele>174.6</ele>
    <time>2025-12-23T08:56:16Z</time>
   </trkpt>
   <trkpt lat="10.3142430" lon="123.8621030">
    <ele>174.4</ele>
    <time>2025-12-23T08:56:17Z</time>
   </trkpt>
   <trkpt lat="10.3142310" lon="123.8621040">
    <ele>174.2</ele>
    <time>2025-12-23T08:56:18Z</time>
   </trkpt>
   <trkpt lat="10.3142210" lon="123.8621020">
    <ele>174.1</ele>
    <time>2025-12-23T08:56:19Z</time>
   </trkpt>
   <trkpt lat="10.3142100" lon="123.8621000">
    <ele>173.9</ele>
    <time>2025-12-23T08:56:20Z</time>
   </trkpt>
   <trkpt lat="10.3142000" lon="123.8621000">
    <ele>173.8</ele>
    <time>2025-12-23T08:56:21Z</time>
   </trkpt>
   <trkpt lat="10.3141880" lon="123.8621020">
    <ele>173.6</ele>
    <time>2025-12-23T08:56:22Z</time>
   </trkpt>
   <trkpt lat="10.3141780" lon="123.8621020">
    <ele>173.4</ele>
    <time>2025-12-23T08:56:23Z</time>
   </trkpt>
   <trkpt lat="10.3141690" lon="123.8621050">
    <ele>173.3</ele>
    <time>2025-12-23T08:56:24Z</time>
   </trkpt>
   <trkpt lat="10.3141630" lon="123.8621100">
    <ele>173.2</ele>
    <time>2025-12-23T08:56:25Z</time>
   </trkpt>
   <trkpt lat="10.3141590" lon="123.8621170">
    <ele>173.0</ele>
    <time>2025-12-23T08:56:26Z</time>
   </trkpt>
   <trkpt lat="10.3141550" lon="123.8621260">
    <ele>172.8</ele>
    <time>2025-12-23T08:56:27Z</time>
   </trkpt>
   <trkpt lat="10.3141530" lon="123.8621350">
    <ele>172.5</ele>
    <time>2025-12-23T08:56:28Z</time>
   </trkpt>
   <trkpt lat="10.3141510" lon="123.8621400">
    <ele>172.4</ele>
    <time>2025-12-23T08:56:29Z</time>
   </trkpt>
   <trkpt lat="10.3141450" lon="123.8621450">
    <ele>172.2</ele>
    <time>2025-12-23T08:56:30Z</time>
   </trkpt>
   <trkpt lat="10.3141400" lon="123.8621520">
    <ele>172.0</ele>
    <time>2025-12-23T08:56:31Z</time>
   </trkpt>
   <trkpt lat="10.3141340" lon="123.8621590">
    <ele>171.7</ele>
    <time>2025-12-23T08:56:32Z</time>
   </trkpt>
   <trkpt lat="10.3141290" lon="123.8621650">
    <ele>171.5</ele>
    <time>2025-12-23T08:56:33Z</time>
   </trkpt>
   <trkpt lat="10.3141230" lon="123.8621720">
    <ele>171.3</ele>
    <time>2025-12-23T08:56:34Z</time>
   </trkpt>
   <trkpt lat="10.3141160" lon="123.8621790">
    <ele>171.0</ele>
    <time>2025-12-23T08:56:35Z</time>
   </trkpt>
   <trkpt lat="10.3141130" lon="123.8621880">
    <ele>170.8</ele>
    <time>2025-12-23T08:56:36Z</time>
   </trkpt>
   <trkpt lat="10.3141100" lon="123.8621990">
    <ele>170.5</ele>
    <time>2025-12-23T08:56:37Z</time>
   </trkpt>
   <trkpt lat="10.3141080" lon="123.8622120">
    <ele>170.1</ele>
    <time>2025-12-23T08:56:38Z</time>
   </trkpt>
   <trkpt lat="10.3141070" lon="123.8622230">
    <ele>169.8</ele>
    <time>2025-12-23T08:56:39Z</time>
   </trkpt>
   <trkpt lat="10.3141100" lon="123.8622320">
    <ele>169.6</ele>
    <time>2025-12-23T08:56:40Z</time>
   </trkpt>
   <trkpt lat="10.3141150" lon="123.8622350">
    <ele>169.4</ele>
    <time>2025-12-23T08:56:41Z</time>
   </trkpt>
   <trkpt lat="10.3141190" lon="123.8622400">
    <ele>169.2</ele>
    <time>2025-12-23T08:56:42Z</time>
   </trkpt>
   <trkpt lat="10.3141220" lon="123.8622480">
    <ele>169.0</ele>
    <time>2025-12-23T08:56:43Z</time>
   </trkpt>
   <trkpt lat="10.3141220" lon="123.8622550">
    <ele>168.8</ele>
    <time>2025-12-23T08:56:44Z</time>
   </trkpt>
   <trkpt lat="10.3141200" lon="123.8622630">
    <ele>168.6</ele>
    <time>2025-12-23T08:56:45Z</time>
   </trkpt>
   <trkpt lat="10.3141190" lon="123.8622690">
    <ele>168.4</ele>
    <time>2025-12-23T08:56:46Z</time>
   </trkpt>
   <trkpt lat="10.3141180" lon="123.8622770">
    <ele>168.2</ele>
    <time>2025-12-23T08:56:47Z</time>
   </trkpt>
   <trkpt lat="10.3141170" lon="123.8622870">
    <ele>167.9</ele>
    <time>2025-12-23T08:56:48Z</time>
   </trkpt>
   <trkpt lat="10.3141140" lon="123.8622970">
    <ele>167.6</ele>
    <time>2025-12-23T08:56:49Z</time>
   </trkpt>
   <trkpt lat="10.3141120" lon="123.8623070">
    <ele>167.4</ele>
    <time>2025-12-23T08:56:50Z</time>
   </trkpt>
   <trkpt lat="10.3141110" lon="123.8623160">
    <ele>167.1</ele>
    <time>2025-12-23T08:56:51Z</time>
   </trkpt>
   <trkpt lat="10.3141110" lon="123.8623250">
    <ele>166.9</ele>
    <time>2025-12-23T08:56:52Z</time>
   </trkpt>
   <trkpt lat="10.3141100" lon="123.8623350">
    <ele>166.6</ele>
    <time>2025-12-23T08:56:53Z</time>
   </trkpt>
   <trkpt lat="10.3141100" lon="123.8623430">
    <ele>166.4</ele>
    <time>2025-12-23T08:56:54Z</time>
   </trkpt>
   <trkpt lat="10.3141100" lon="123.8623500">
    <ele>166.2</ele>
    <time>2025-12-23T08:56:55Z</time>
   </trkpt>
   <trkpt lat="10.3141080" lon="123.8623550">
    <ele>166.1</ele>
    <time>2025-12-23T08:56:56Z</time>
   </trkpt>
   <trkpt lat="10.3141020" lon="123.8623680">
    <ele>165.8</ele>
    <time>2025-12-23T08:56:57Z</time>
   </trkpt>
   <trkpt lat="10.3141000" lon="123.8623750">
    <ele>165.6</ele>
    <time>2025-12-23T08:56:58Z</time>
   </trkpt>
   <trkpt lat="10.3140970" lon="123.8623830">
    <ele>165.4</ele>
    <time>2025-12-23T08:56:59Z</time>
   </trkpt>
   <trkpt lat="10.3140940" lon="123.8623900">
    <ele>165.3</ele>
    <time>2025-12-23T08:57:00Z</time>
   </trkpt>
   <trkpt lat="10.3140910" lon="123.8623990">
    <ele>165.1</ele>
    <time>2025-12-23T08:57:01Z</time>
   </trkpt>
   <trkpt lat="10.3140910" lon="123.8624060">
    <ele>164.9</ele>
    <time>2025-12-23T08:57:02Z</time>
   </trkpt>
   <trkpt lat="10.3140940" lon="123.8624130">
    <ele>164.8</ele>
    <time>2025-12-23T08:57:03Z</time>
   </trkpt>
   <trkpt lat="10.3140980" lon="123.8624230">
    <ele>164.5</ele>
    <time>2025-12-23T08:57:04Z</time>
   </trkpt>
   <trkpt lat="10.3140990" lon="123.8624380">
    <ele>164.3</ele>
    <time>2025-12-23T08:57:05Z</time>
   </trkpt>
   <trkpt lat="10.3141020" lon="123.8624590">
    <ele>164.0</ele>
    <time>2025-12-23T08:57:06Z</time>
   </trkpt>
   <trkpt lat="10.3141140" lon="123.8624910">
    <ele>163.5</ele>
    <time>2025-12-23T08:57:07Z</time>
   </trkpt>
   <trkpt lat="10.3141160" lon="123.8624990">
    <ele>163.4</ele>
    <time>2025-12-23T08:57:08Z</time>
   </trkpt>
   <trkpt lat="10.3141190" lon="123.8625120">
    <ele>163.2</ele>
    <time>2025-12-23T08:57:09Z</time>
   </trkpt>
   <trkpt lat="10.3141230" lon="123.8625230">
    <ele>163.1</ele>
    <time>2025-12-23T08:57:10Z</time>
   </trkpt>
   <trkpt lat="10.3141280" lon="123.8625320">
    <ele>163.0</ele>
    <time>2025-12-23T08:57:11Z</time>
   </trkpt>
   <trkpt lat="10.3141420" lon="123.8625470">
    <ele>162.8</ele>
    <time>2025-12-23T08:57:12Z</time>
   </trkpt>
   <trkpt lat="10.3141480" lon="123.8625540">
    <ele>162.7</ele>
    <time>2025-12-23T08:57:13Z</time>
   </trkpt>
   <trkpt lat="10.3141550" lon="123.8625600">
    <ele>162.6</ele>
    <time>2025-12-23T08:57:14Z</time>
   </trkpt>
   <trkpt lat="10.3141610" lon="123.8625690">
    <ele>162.5</ele>
    <time>2025-12-23T08:57:15Z</time>
   </trkpt>
   <trkpt lat="10.3141690" lon="123.8625780">
    <ele>162.3</ele>
    <time>2025-12-23T08:57:16Z</time>
   </trkpt>
   <trkpt lat="10.3141740" lon="123.8625880">
    <ele>162.2</ele>
    <time>2025-12-23T08:57:17Z</time>
   </trkpt>
   <trkpt lat="10.3141790" lon="123.8625990">
    <ele>162.1</ele>
    <time>2025-12-23T08:57:18Z</time>
   </trkpt>
   <trkpt lat="10.3141840" lon="123.8626050">
    <ele>162.0</ele>
    <time>2025-12-23T08:57:19Z</time>
   </trkpt>
   <trkpt lat="10.3141880" lon="123.8626140">
    <ele>161.9</ele>
    <time>2025-12-23T08:57:20Z</time>
   </trkpt>
   <trkpt lat="10.3141920" lon="123.8626230">
    <ele>161.8</ele>
    <time>2025-12-23T08:57:21Z</time>
   </trkpt>
   <trkpt lat="10.3141920" lon="123.8626290">
    <ele>161.7</ele>
    <time>2025-12-23T08:57:22Z</time>
   </trkpt>
   <trkpt lat="10.3141920" lon="123.8626350">
    <ele>161.6</ele>
    <time>2025-12-23T08:57:23Z</time>
   </trkpt>
   <trkpt lat="10.3141900" lon="123.8626430">
    <ele>161.5</ele>
    <time>2025-12-23T08:57:24Z</time>
   </trkpt>
   <trkpt lat="10.3141860" lon="123.8626520">
    <ele>161.4</ele>
    <time>2025-12-23T08:57:25Z</time>
   </trkpt>
   <trkpt lat="10.3141860" lon="123.8626630">
    <ele>161.2</ele>
    <time>2025-12-23T08:57:26Z</time>
   </trkpt>
   <trkpt lat="10.3141890" lon="123.8626780">
    <ele>161.0</ele>
    <time>2025-12-23T08:57:27Z</time>
   </trkpt>
   <trkpt lat="10.3141940" lon="123.8626880">
    <ele>160.9</ele>
    <time>2025-12-23T08:57:28Z</time>
   </trkpt>
   <trkpt lat="10.3142020" lon="123.8626960">
    <ele>160.7</ele>
    <time>2025-12-23T08:57:29Z</time>
   </trkpt>
   <trkpt lat="10.3142070" lon="123.8627070">
    <ele>160.5</ele>
    <time>2025-12-23T08:57:30Z</time>
   </trkpt>
   <trkpt lat="10.3142110" lon="123.8627280">
    <ele>160.2</ele>
    <time>2025-12-23T08:57:31Z</time>
   </trkpt>
   <trkpt lat="10.3142120" lon="123.8627370">
    <ele>160.1</ele>
    <time>2025-12-23T08:57:32Z</time>
   </trkpt>
   <trkpt lat="10.3142130" lon="123.8627470">
    <ele>159.9</ele>
    <time>2025-12-23T08:57:33Z</time>
   </trkpt>
   <trkpt lat="10.3142180" lon="123.8627850">
    <ele>159.3</ele>
    <time>2025-12-23T08:57:34Z</time>
   </trkpt>
   <trkpt lat="10.3142200" lon="123.8628000">
    <ele>159.0</ele>
    <time>2025-12-23T08:57:35Z</time>
   </trkpt>
   <trkpt lat="10.3142220" lon="123.8628380">
    <ele>158.4</ele>
    <time>2025-12-23T08:57:36Z</time>
   </trkpt>
   <trkpt lat="10.3142250" lon="123.8628720">
    <ele>157.7</ele>
    <time>2025-12-23T08:57:37Z</time>
   </trkpt>
   <trkpt lat="10.3142280" lon="123.8629010">
    <ele>157.2</ele>
    <time>2025-12-23T08:57:38Z</time>
   </trkpt>
   <trkpt lat="10.3142260" lon="123.8629330">
    <ele>156.6</ele>
    <time>2025-12-23T08:57:39Z</time>
   </trkpt>
   <trkpt lat="10.3142230" lon="123.8629410">
    <ele>156.4</ele>
    <time>2025-12-23T08:57:40Z</time>
   </trkpt>
   <trkpt lat="10.3142160" lon="123.8629500">
    <ele>156.2</ele>
    <time>2025-12-23T08:57:41Z</time>
   </trkpt>
   <trkpt lat="10.3142130" lon="123.8629610">
    <ele>156.0</ele>
    <time>2025-12-23T08:57:42Z</time>
   </trkpt>
   <trkpt lat="10.3142110" lon="123.8629690">
    <ele>155.8</ele>
    <time>2025-12-23T08:57:43Z</time>
   </trkpt>
   <trkpt lat="10.3142030" lon="123.8629760">
    <ele>155.6</ele>
    <time>2025-12-23T08:57:44Z</time>
   </trkpt>
   <trkpt lat="10.3141940" lon="123.8629790">
    <ele>155.3</ele>
    <time>2025-12-23T08:57:45Z</time>
   </trkpt>
   <trkpt lat="10.3141870" lon="123.8629860">
    <ele>155.1</ele>
    <time>2025-12-23T08:57:46Z</time>
   </trkpt>
   <trkpt lat="10.3141810" lon="123.8630050">
    <ele>154.7</ele>
    <time>2025-12-23T08:57:47Z</time>
   </trkpt>
   <trkpt lat="10.3141770" lon="123.8630140">
    <ele>154.4</ele>
    <time>2025-12-23T08:57:48Z</time>
   </trkpt>
   <trkpt lat="10.3141740" lon="123.8630230">
    <ele>154.2</ele>
    <time>2025-12-23T08:57:49Z</time>
   </trkpt>
   <trkpt lat="10.3141700" lon="123.8630320">
    <ele>154.0</ele>
    <time>2025-12-23T08:57:50Z</time>
   </trkpt>
   <trkpt lat="10.3141670" lon="123.8630420">
    <ele>153.7</ele>
    <time>2025-12-23T08:57:51Z</time>
   </trkpt>
   <trkpt lat="10.3141660" lon="123.8630530">
    <ele>153.4</ele>
    <time>2025-12-23T08:57:52Z</time>
   </trkpt>
   <trkpt lat="10.3141630" lon="123.8630640">
    <ele>153.1</ele>
    <time>2025-12-23T08:57:53Z</time>
   </trkpt>
   <trkpt lat="10.3141580" lon="123.8630730">
    <ele>152.9</ele>
    <time>2025-12-23T08:57:54Z</time>
   </trkpt>
   <trkpt lat="10.3141520" lon="123.8630810">
    <ele>152.6</ele>
    <time>2025-12-23T08:57:55Z</time>
   </trkpt>
   <trkpt lat="10.3141360" lon="123.8630940">
    <ele>152.0</ele>
    <time>2025-12-23T08:57:56Z</time>
   </trkpt>
   <trkpt lat="10.3141300" lon="123.8631010">
    <ele>151.8</ele>
    <time>2025-12-23T08:57:57Z</time>
   </trkpt>
   <trkpt lat="10.3141240" lon="123.8631080">
    <ele>151.5</ele>
    <time>2025-12-23T08:57:58Z</time>
   </trkpt>
   <trkpt lat="10.3141150" lon="123.8631140">
    <ele>151.2</ele>
    <time>2025-12-23T08:57:59Z</time>
   </trkpt>
   <trkpt lat="10.3141110" lon="123.8631200">
    <ele>151.0</ele>
    <time>2025-12-23T08:58:00Z</time>
   </trkpt>
   <trkpt lat="10.3141060" lon="123.8631300">
    <ele>150.6</ele>
    <time>2025-12-23T08:58:01Z</time>
   </trkpt>
   <trkpt lat="10.3141000" lon="123.8631340">
    <ele>150.4</ele>
    <time>2025-12-23T08:58:02Z</time>
   </trkpt>
   <trkpt lat="10.3140930" lon="123.8631380">
    <ele>150.2</ele>
    <time>2025-12-23T08:58:03Z</time>
   </trkpt>
   <trkpt lat="10.3140890" lon="123.8631420">
    <ele>150.0</ele>
    <time>2025-12-23T08:58:04Z</time>
   </trkpt>
   <trkpt lat="10.3140860" lon="123.8631460">
    <ele>149.9</ele>
    <time>2025-12-23T08:58:05Z</time>
   </trkpt>
   <trkpt lat="10.3140850" lon="123.8631520">
    <ele>149.7</ele>
    <time>2025-12-23T08:58:06Z</time>
   </trkpt>
   <trkpt lat="10.3140800" lon="123.8631570">
    <ele>149.5</ele>
    <time>2025-12-23T08:58:07Z</time>
   </trkpt>
   <trkpt lat="10.3140760" lon="123.8631610">
    <ele>149.4</ele>
    <time>2025-12-23T08:58:08Z</time>
   </trkpt>
   <trkpt lat="10.3140740" lon="123.8631640">
    <ele>149.2</ele>
    <time>2025-12-23T08:58:09Z</time>
   </trkpt>
   <trkpt lat="10.3140750" lon="123.8631710">
    <ele>149.0</ele>
    <time>2025-12-23T08:58:10Z</time>
   </trkpt>
   <trkpt lat="10.3140760" lon="123.8631800">
    <ele>148.8</ele>
    <time>2025-12-23T08:58:11Z</time>
   </trkpt>
   <trkpt lat="10.3140780" lon="123.8631870">
    <ele>148.6</ele>
    <time>2025-12-23T08:58:12Z</time>
   </trkpt>
   <trkpt lat="10.3140790" lon="123.8631940">
    <ele>148.4</ele>
    <time>2025-12-23T08:58:13Z</time>
   </trkpt>
   <trkpt lat="10.3140820" lon="123.8632050">
    <ele>148.0</ele>
    <time>2025-12-23T08:58:14Z</time>
   </trkpt>
   <trkpt lat="10.3140850" lon="123.8632110">
    <ele>147.8</ele>
    <time>2025-12-23T08:58:15Z</time>
   </trkpt>
   <trkpt lat="10.3140900" lon="123.8632170">
    <ele>147.6</ele>
    <time>2025-12-23T08:58:16Z</time>
   </trkpt>
   <trkpt lat="10.3140940" lon="123.8632230">
    <ele>147.4</ele>
    <time>2025-12-23T08:58:17Z</time>
   </trkpt>
   <trkpt lat="10.3140980" lon="123.8632290">
    <ele>147.2</ele>
    <time>2025-12-23T08:58:18Z</time>
   </trkpt>
   <trkpt lat="10.3140990" lon="123.8632370">
    <ele>147.0</ele>
    <time>2025-12-23T08:58:19Z</time>
   </trkpt>
   <trkpt lat="10.3140970" lon="123.8632470">
    <ele>146.7</ele>
    <time>2025-12-23T08:58:20Z</time>
   </trkpt>
   <trkpt lat="10.3140930" lon="123.8632540">
    <ele>146.5</ele>
    <time>2025-12-23T08:58:21Z</time>
   </trkpt>
   <trkpt lat="10.3140910" lon="123.8632620">
    <ele>146.2</ele>
    <time>2025-12-23T08:58:22Z</time>
   </trkpt>
   <trkpt lat="10.3140840" lon="123.8632690">
    <ele>146.0</ele>
    <time>2025-12-23T08:58:23Z</time>
   </trkpt>
   <trkpt lat="10.3140740" lon="123.8632740">
    <ele>145.7</ele>
    <time>2025-12-23T08:58:24Z</time>
   </trkpt>
   <trkpt lat="10.3140610" lon="123.8632860">
    <ele>145.2</ele>
    <time>2025-12-23T08:58:25Z</time>
   </trkpt>
   <trkpt lat="10.3140510" lon="123.8632990">
    <ele>144.8</ele>
    <time>2025-12-23T08:58:26Z</time>
   </trkpt>
   <trkpt lat="10.3140400" lon="123.8633120">
    <ele>144.4</ele>
    <time>2025-12-23T08:58:27Z</time>
   </trkpt>
   <trkpt lat="10.3140270" lon="123.8633230">
    <ele>144.0</ele>
    <time>2025-12-23T08:58:28Z</time>
   </trkpt>
   <trkpt lat="10.3140180" lon="123.8633310">
    <ele>143.7</ele>
    <time>2025-12-23T08:58:29Z</time>
   </trkpt>
   <trkpt lat="10.3140090" lon="123.8633380">
    <ele>143.4</ele>
    <time>2025-12-23T08:58:30Z</time>
   </trkpt>
   <trkpt lat="10.3140040" lon="123.8633430">
    <ele>143.2</ele>
    <time>2025-12-23T08:58:31Z</time>
   </trkpt>
   <trkpt lat="10.3140000" lon="123.8633490">
    <ele>143.0</ele>
    <time>2025-12-23T08:58:32Z</time>
   </trkpt>
   <trkpt lat="10.3139990" lon="123.8633560">
    <ele>142.9</ele>
    <time>2025-12-23T08:58:33Z</time>
   </trkpt>
   <trkpt lat="10.3139920" lon="123.8633760">
    <ele>142.4</ele>
    <time>2025-12-23T08:58:34Z</time>
   </trkpt>
   <trkpt lat="10.3139880" lon="123.8633850">
    <ele>142.1</ele>
    <time>2025-12-23T08:58:35Z</time>
   </trkpt>
   <trkpt lat="10.3139830" lon="123.8633940">
    <ele>141.9</ele>
    <time>2025-12-23T08:58:36Z</time>
   </trkpt>
   <trkpt lat="10.3139740" lon="123.8634090">
    <ele>141.4</ele>
    <time>2025-12-23T08:58:37Z</time>
   </trkpt>
   <trkpt lat="10.3139650" lon="123.8634230">
    <ele>141.0</ele>
    <time>2025-12-23T08:58:38Z</time>
   </trkpt>
   <trkpt lat="10.3139560" lon="123.8634350">
    <ele>140.6</ele>
    <time>2025-12-23T08:58:39Z</time>
   </trkpt>
   <trkpt lat="10.3139470" lon="123.8634440">
    <ele>140.3</ele>
    <time>2025-12-23T08:58:40Z</time>
   </trkpt>
   <trkpt lat="10.3139380" lon="123.8634550">
    <ele>139.9</ele>
    <time>2025-12-23T08:58:41Z</time>
   </trkpt>
   <trkpt lat="10.3139280" lon="123.8634650">
    <ele>139.6</ele>
    <time>2025-12-23T08:58:42Z</time>
   </trkpt>
   <trkpt lat="10.3139190" lon="123.8634750">
    <ele>139.3</ele>
    <time>2025-12-23T08:58:43Z</time>
   </trkpt>
   <trkpt lat="10.3139080" lon="123.8634890">
    <ele>138.8</ele>
    <time>2025-12-23T08:58:44Z</time>
   </trkpt>
   <trkpt lat="10.3138990" lon="123.8635020">
    <ele>138.4</ele>
    <time>2025-12-23T08:58:45Z</time>
   </trkpt>
   <trkpt lat="10.3138930" lon="123.8635120">
    <ele>138.1</ele>
    <time>2025-12-23T08:58:46Z</time>
   </trkpt>
   <trkpt lat="10.3138860" lon="123.8635220">
    <ele>137.8</ele>
    <time>2025-12-23T08:58:47Z</time>
   </trkpt>
   <trkpt lat="10.3138780" lon="123.8635280">
    <ele>137.6</ele>
    <time>2025-12-23T08:58:48Z</time>
   </trkpt>
   <trkpt lat="10.3138720" lon="123.8635350">
    <ele>137.4</ele>
    <time>2025-12-23T08:58:49Z</time>
   </trkpt>
   <trkpt lat="10.3138660" lon="123.8635400">
    <ele>137.2</ele>
    <time>2025-12-23T08:58:50Z</time>
   </trkpt>
   <trkpt lat="10.3138570" lon="123.8635440">
    <ele>136.9</ele>
    <time>2025-12-23T08:58:51Z</time>
   </trkpt>
   <trkpt lat="10.3138460" lon="123.8635490">
    <ele>136.7</ele>
    <time>2025-12-23T08:58:52Z</time>
   </trkpt>
   <trkpt lat="10.3138280" lon="123.8635630">
    <ele>136.2</ele>
    <time>2025-12-23T08:58:53Z</time>
   </trkpt>
   <trkpt lat="10.3138210" lon="123.8635690">
    <ele>136.0</ele>
    <time>2025-12-23T08:58:54Z</time>
   </trkpt>
   <trkpt lat="10.3138150" lon="123.8635740">
    <ele>135.8</ele>
    <time>2025-12-23T08:58:55Z</time>
   </trkpt>
   <trkpt lat="10.3138040" lon="123.8635810">
    <ele>135.6</ele>
    <time>2025-12-23T08:58:56Z</time>
   </trkpt>
   <trkpt lat="10.3137980" lon="123.8635870">
    <ele>135.4</ele>
    <time>2025-12-23T08:58:57Z</time>
   </trkpt>
   <trkpt lat="10.3138000" lon="123.8635980">
    <ele>135.2</ele>
    <time>2025-12-23T08:58:58Z</time>
   </trkpt>
   <trkpt lat="10.3138000" lon="123.8636190">
    <ele>134.9</ele>
    <time>2025-12-23T08:58:59Z</time>
   </trkpt>
   <trkpt lat="10.3137990" lon="123.8636290">
    <ele>134.7</ele>
    <time>2025-12-23T08:59:00Z</time>
   </trkpt>
   <trkpt lat="10.3137980" lon="123.8636380">
    <ele>134.6</ele>
    <time>2025-12-23T08:59:01Z</time>
   </trkpt>
   <trkpt lat="10.3137910" lon="123.8636600">
    <ele>134.2</ele>
    <time>2025-12-23T08:59:02Z</time>
   </trkpt>
   <trkpt lat="10.3137880" lon="123.8636670">
    <ele>134.1</ele>
    <time>2025-12-23T08:59:03Z</time>
   </trkpt>
   <trkpt lat="10.3137840" lon="123.8636750">
    <ele>134.0</ele>
    <time>2025-12-23T08:59:04Z</time>
   </trkpt>
   <trkpt lat="10.3137780" lon="123.8636870">
    <ele>133.8</ele>
    <time>2025-12-23T08:59:05Z</time>
   </trkpt>
   <trkpt lat="10.3137680" lon="123.8637010">
    <ele>133.6</ele>
    <time>2025-12-23T08:59:06Z</time>
   </trkpt>
   <trkpt lat="10.3137590" lon="123.8637130">
    <ele>133.4</ele>
    <time>2025-12-23T08:59:07Z</time>
   </trkpt>
   <trkpt lat="10.3137540" lon="123.8637280">
    <ele>133.2</ele>
    <time>2025-12-23T08:59:08Z</time>
   </trkpt>
   <trkpt lat="10.3137520" lon="123.8637420">
    <ele>133.0</ele>
    <time>2025-12-23T08:59:09Z</time>
   </trkpt>
   <trkpt lat="10.3137520" lon="123.8637560">
    <ele>132.9</ele>
    <time>2025-12-23T08:59:10Z</time>
   </trkpt>
   <trkpt lat="10.3137510" lon="123.8637700">
    <ele>132.7</ele>
    <time>2025-12-23T08:59:11Z</time>
   </trkpt>
   <trkpt lat="10.3137470" lon="123.8637830">
    <ele>132.5</ele>
    <time>2025-12-23T08:59:12Z</time>
   </trkpt>
   <trkpt lat="10.3137370" lon="123.8637950">
    <ele>132.3</ele>
    <time>2025-12-23T08:59:13Z</time>
   </trkpt>
   <trkpt lat="10.3137270" lon="123.8638050">
    <ele>132.2</ele>
    <time>2025-12-23T08:59:14Z</time>
   </trkpt>
   <trkpt lat="10.3137190" lon="123.8638150">
    <ele>132.0</ele>
    <time>2025-12-23T08:59:15Z</time>
   </trkpt>
   <trkpt lat="10.3137120" lon="123.8638250">
    <ele>131.8</ele>
    <time>2025-12-23T08:59:16Z</time>
   </trkpt>
   <trkpt lat="10.3137070" lon="123.8638340">
    <ele>131.7</ele>
    <time>2025-12-23T08:59:17Z</time>
   </trkpt>
   <trkpt lat="10.3137020" lon="123.8638420">
    <ele>131.6</ele>
    <time>2025-12-23T08:59:18Z</time>
   </trkpt>
   <trkpt lat="10.3136970" lon="123.8638520">
    <ele>131.4</ele>
    <time>2025-12-23T08:59:19Z</time>
   </trkpt>
   <trkpt lat="10.3136950" lon="123.8638650">
    <ele>131.2</ele>
    <time>2025-12-23T08:59:20Z</time>
   </trkpt>
   <trkpt lat="10.3136950" lon="123.8638790">
    <ele>131.0</ele>
    <time>2025-12-23T08:59:21Z</time>
   </trkpt>
   <trkpt lat="10.3136950" lon="123.8638920">
    <ele>130.8</ele>
    <time>2025-12-23T08:59:22Z</time>
   </trkpt>
   <trkpt lat="10.3136930" lon="123.8639000">
    <ele>130.7</ele>
    <time>2025-12-23T08:59:23Z</time>
   </trkpt>
   <trkpt lat="10.3136870" lon="123.8639060">
    <ele>130.5</ele>
    <time>2025-12-23T08:59:24Z</time>
   </trkpt>
   <trkpt lat="10.3136800" lon="123.8639130">
    <ele>130.4</ele>
    <time>2025-12-23T08:59:25Z</time>
   </trkpt>
   <trkpt lat="10.3136720" lon="123.8639220">
    <ele>130.2</ele>
    <time>2025-12-23T08:59:26Z</time>
   </trkpt>
   <trkpt lat="10.3136540" lon="123.8639360">
    <ele>129.8</ele>
    <time>2025-12-23T08:59:27Z</time>
   </trkpt>
   <trkpt lat="10.3136450" lon="123.8639380">
    <ele>129.6</ele>
    <time>2025-12-23T08:59:28Z</time>
   </trkpt>
   <trkpt lat="10.3136360" lon="123.8639410">
    <ele>129.4</ele>
    <time>2025-12-23T08:59:29Z</time>
   </trkpt>
   <trkpt lat="10.3136260" lon="123.8639490">
    <ele>129.1</ele>
    <time>2025-12-23T08:59:30Z</time>
   </trkpt>
   <trkpt lat="10.3136230" lon="123.8639580">
    <ele>128.9</ele>
    <time>2025-12-23T08:59:31Z</time>
   </trkpt>
   <trkpt lat="10.3136230" lon="123.8639660">
    <ele>128.7</ele>
    <time>2025-12-23T08:59:32Z</time>
   </trkpt>
   <trkpt lat="10.3136260" lon="123.8639720">
    <ele>128.6</ele>
    <time>2025-12-23T08:59:33Z</time>
   </trkpt>
   <trkpt lat="10.3136300" lon="123.8639770">
    <ele>128.4</ele>
    <time>2025-12-23T08:59:34Z</time>
   </trkpt>
   <trkpt lat="10.3136350" lon="123.8639800">
    <ele>128.3</ele>
    <time>2025-12-23T08:59:35Z</time>
   </trkpt>
   <trkpt lat="10.3136390" lon="123.8639860">
    <ele>128.1</ele>
    <time>2025-12-23T08:59:36Z</time>
   </trkpt>
   <trkpt lat="10.3136440" lon="123.8639910">
    <ele>127.9</ele>
    <time>2025-12-23T08:59:37Z</time>
   </trkpt>
   <trkpt lat="10.3136480" lon="123.8639930">
    <ele>127.8</ele>
    <time>2025-12-23T08:59:38Z</time>
   </trkpt>
   <trkpt lat="10.3136520" lon="123.8639960">
    <ele>127.7</ele>
    <time>2025-12-23T08:59:39Z</time>
   </trkpt>
   <trkpt lat="10.3136570" lon="123.8639990">
    <ele>127.5</ele>
    <time>2025-12-23T08:59:40Z</time>
   </trkpt>
   <trkpt lat="10.3136650" lon="123.8640040">
    <ele>127.3</ele>
    <time>2025-12-23T08:59:41Z</time>
   </trkpt>
   <trkpt lat="10.3136730" lon="123.8640110">
    <ele>127.0</ele>
    <time>2025-12-23T08:59:42Z</time>
   </trkpt>
   <trkpt lat="10.3136800" lon="123.8640180">
    <ele>126.7</ele>
    <time>2025-12-23T08:59:43Z</time>
   </trkpt>
   <trkpt lat="10.3136900" lon="123.8640230">
    <ele>126.4</ele>
    <time>2025-12-23T08:59:44Z</time>
   </trkpt>
   <trkpt lat="10.3136950" lon="123.8640320">
    <ele>126.1</ele>
    <time>2025-12-23T08:59:45Z</time>
   </trkpt>
   <trkpt lat="10.3136980" lon="123.8640430">
    <ele>125.7</ele>
    <time>2025-12-23T08:59:46Z</time>
   </trkpt>
   <trkpt lat="10.3137010" lon="123.8640520">
    <ele>125.4</ele>
    <time>2025-12-23T08:59:47Z</time>
   </trkpt>
   <trkpt lat="10.3137050" lon="123.8640600">
    <ele>125.2</ele>
    <time>2025-12-23T08:59:48Z</time>
   </trkpt>
   <trkpt lat="10.3137060" lon="123.8640670">
    <ele>124.9</ele>
    <time>2025-12-23T08:59:49Z</time>
   </trkpt>
   <trkpt lat="10.3137080" lon="123.8640750">
    <ele>124.7</ele>
    <time>2025-12-23T08:59:50Z</time>
   </trkpt>
   <trkpt lat="10.3137140" lon="123.8640810">
    <ele>124.4</ele>
    <time>2025-12-23T08:59:51Z</time>
   </trkpt>
   <trkpt lat="10.3137210" lon="123.8640860">
    <ele>124.2</ele>
    <time>2025-12-23T08:59:52Z</time>
   </trkpt>
   <trkpt lat="10.3137300" lon="123.8640920">
    <ele>123.8</ele>
    <time>2025-12-23T08:59:53Z</time>
   </trkpt>
   <trkpt lat="10.3137370" lon="123.8640970">
    <ele>123.5</ele>
    <time>2025-12-23T08:59:54Z</time>
   </trkpt>
   <trkpt lat="10.3137400" lon="123.8641050">
    <ele>123.3</ele>
    <time>2025-12-23T08:59:55Z</time>
   </trkpt>
   <trkpt lat="10.3137420" lon="123.8641130">
    <ele>123.0</ele>
    <time>2025-12-23T08:59:56Z</time>
   </trkpt>
   <trkpt lat="10.3137470" lon="123.8641210">
    <ele>122.7</ele>
    <time>2025-12-23T08:59:57Z</time>
   </trkpt>
   <trkpt lat="10.3137490" lon="123.8641310">
    <ele>122.4</ele>
    <time>2025-12-23T08:59:58Z</time>
   </trkpt>
   <trkpt lat="10.3137440" lon="123.8641430">
    <ele>122.0</ele>
    <time>2025-12-23T08:59:59Z</time>
   </trkpt>
   <trkpt lat="10.3137410" lon="123.8641530">
    <ele>121.7</ele>
    <time>2025-12-23T09:00:00Z</time>
   </trkpt>
   <trkpt lat="10.3137350" lon="123.8641630">
    <ele>121.4</ele>
    <time>2025-12-23T09:00:01Z</time>
   </trkpt>
   <trkpt lat="10.3137280" lon="123.8641720">
    <ele>121.1</ele>
    <time>2025-12-23T09:00:02Z</time>
   </trkpt>
   <trkpt lat="10.3137160" lon="123.8641880">
    <ele>120.5</ele>
    <time>2025-12-23T09:00:03Z</time>
   </trkpt>
   <trkpt lat="10.3137100" lon="123.8641940">
    <ele>120.3</ele>
    <time>2025-12-23T09:00:04Z</time>
   </trkpt>
   <trkpt lat="10.3137050" lon="123.8642010">
    <ele>120.1</ele>
    <time>2025-12-23T09:00:05Z</time>
   </trkpt>
   <trkpt lat="10.3136990" lon="123.8642100">
    <ele>119.8</ele>
    <time>2025-12-23T09:00:06Z</time>
   </trkpt>
   <trkpt lat="10.3136930" lon="123.8642160">
    <ele>119.5</ele>
    <time>2025-12-23T09:00:07Z</time>
   </trkpt>
   <trkpt lat="10.3136890" lon="123.8642220">
    <ele>119.3</ele>
    <time>2025-12-23T09:00:08Z</time>
   </trkpt>
   <trkpt lat="10.3136860" lon="123.8642310">
    <ele>119.1</ele>
    <time>2025-12-23T09:00:09Z</time>
   </trkpt>
   <trkpt lat="10.3136790" lon="123.8642400">
    <ele>118.8</ele>
    <time>2025-12-23T09:00:10Z</time>
   </trkpt>
   <trkpt lat="10.3136730" lon="123.8642490">
    <ele>118.5</ele>
    <time>2025-12-23T09:00:11Z</time>
   </trkpt>
   <trkpt lat="10.3136690" lon="123.8642570">
    <ele>118.2</ele>
    <time>2025-12-23T09:00:12Z</time>
   </trkpt>
   <trkpt lat="10.3136700" lon="123.8642620">
    <ele>118.1</ele>
    <time>2025-12-23T09:00:13Z</time>
   </trkpt>
   <trkpt lat="10.3136790" lon="123.8642660">
    <ele>117.8</ele>
    <time>2025-12-23T09:00:14Z</time>
   </trkpt>
   <trkpt lat="10.3136880" lon="123.8642710">
    <ele>117.6</ele>
    <time>2025-12-23T09:00:15Z</time>
   </trkpt>
   <trkpt lat="10.3136960" lon="123.8642740">
    <ele>117.3</ele>
    <time>2025-12-23T09:00:16Z</time>
   </trkpt>
   <trkpt lat="10.3137030" lon="123.8642750">
    <ele>117.1</ele>
    <time>2025-12-23T09:00:17Z</time>
   </trkpt>
   <trkpt lat="10.3137090" lon="123.8642780">
    <ele>116.9</ele>
    <time>2025-12-23T09:00:18Z</time>
   </trkpt>
   <trkpt lat="10.3137160" lon="123.8642810">
    <ele>116.7</ele>
    <time>2025-12-23T09:00:19Z</time>
   </trkpt>
   <trkpt lat="10.3137250" lon="123.8642850">
    <ele>116.4</ele>
    <time>2025-12-23T09:00:20Z</time>
   </trkpt>
   <trkpt lat="10.3137340" lon="123.8642890">
    <ele>116.1</ele>
    <time>2025-12-23T09:00:21Z</time>
   </trkpt>
   <trkpt lat="10.3137400" lon="123.8642900">
    <ele>116.0</ele>
    <time>2025-12-23T09:00:22Z</time>
   </trkpt>
   <trkpt lat="10.3137410" lon="123.8642890">
    <ele>115.9</ele>
    <time>2025-12-23T09:00:23Z</time>
   </trkpt>
   <trkpt lat="10.3137410" lon="123.8642890">
    <ele>115.9</ele>
    <time>2025-12-23T09:00:24Z</time>
   </trkpt>
   <trkpt lat="10.3137430" lon="123.8642910">
    <ele>115.8</ele>
    <time>2025-12-23T09:00:25Z</time>
   </trkpt>
   <trkpt lat="10.3137480" lon="123.8642890">
    <ele>115.7</ele>
    <time>2025-12-23T09:00:26Z</time>
   </trkpt>
   <trkpt lat="10.3137510" lon="123.8642870">
    <ele>115.6</ele>
    <time>2025-12-23T09:00:27Z</time>
   </trkpt>
   <trkpt lat="10.3137580" lon="123.8642830">
    <ele>115.4</ele>
    <time>2025-12-23T09:00:28Z</time>
   </trkpt>
   <trkpt lat="10.3137690" lon="123.8642790">
    <ele>115.0</ele>
    <time>2025-12-23T09:00:29Z</time>
   </trkpt>
   <trkpt lat="10.3137780" lon="123.8642780">
    <ele>114.7</ele>
    <time>2025-12-23T09:00:30Z</time>
   </trkpt>
   <trkpt lat="10.3137850" lon="123.8642770">
    <ele>114.5</ele>
    <time>2025-12-23T09:00:31Z</time>
   </trkpt>
   <trkpt lat="10.3137950" lon="123.8642740">
    <ele>114.2</ele>
    <time>2025-12-23T09:00:32Z</time>
   </trkpt>
   <trkpt lat="10.3138010" lon="123.8642720">
    <ele>114.1</ele>
    <time>2025-12-23T09:00:33Z</time>
   </trkpt>
   <trkpt lat="10.3138040" lon="123.8642680">
    <ele>113.9</ele>
    <time>2025-12-23T09:00:34Z</time>
   </trkpt>
   <trkpt lat="10.3138040" lon="123.8642650">
    <ele>113.8</ele>
    <time>2025-12-23T09:00:35Z</time>
   </trkpt>
   <trkpt lat="10.3138010" lon="123.8642660">
    <ele>113.7</ele>
    <time>2025-12-23T09:00:36Z</time>
   </trkpt>
   <trkpt lat="10.3138040" lon="123.8642670">
    <ele>113.6</ele>
    <time>2025-12-23T09:00:37Z</time>
   </trkpt>
   <trkpt lat="10.3138060" lon="123.8642670">
    <ele>113.6</ele>
    <time>2025-12-23T09:00:38Z</time>
   </trkpt>
   <trkpt lat="10.3138090" lon="123.8642650">
    <ele>113.5</ele>
    <time>2025-12-23T09:00:39Z</time>
   </trkpt>
   <trkpt lat="10.3138120" lon="123.8642650">
    <ele>113.4</ele>
    <time>2025-12-23T09:00:40Z</time>
   </trkpt>
   <trkpt lat="10.3138200" lon="123.8642670">
    <ele>113.2</ele>
    <time>2025-12-23T09:00:41Z</time>
   </trkpt>
   <trkpt lat="10.3138330" lon="123.8642720">
    <ele>112.7</ele>
    <time>2025-12-23T09:00:42Z</time>
   </trkpt>
   <trkpt lat="10.3138440" lon="123.8642750">
    <ele>112.4</ele>
    <time>2025-12-23T09:00:43Z</time>
   </trkpt>
   <trkpt lat="10.3138630" lon="123.8642730">
    <ele>111.9</ele>
    <time>2025-12-23T09:00:44Z</time>
   </trkpt>
   <trkpt lat="10.3138720" lon="123.8642720">
    <ele>111.6</ele>
    <time>2025-12-23T09:00:45Z</time>
   </trkpt>
   <trkpt lat="10.3138810" lon="123.8642700">
    <ele>111.3</ele>
    <time>2025-12-23T09:00:46Z</time>
   </trkpt>
   <trkpt lat="10.3138940" lon="123.8642700">
    <ele>111.0</ele>
    <time>2025-12-23T09:00:47Z</time>
   </trkpt>
   <trkpt lat="10.3139080" lon="123.8642640">
    <ele>110.5</ele>
    <time>2025-12-23T09:00:48Z</time>
   </trkpt>
   <trkpt lat="10.3139220" lon="123.8642570">
    <ele>110.1</ele>
    <time>2025-12-23T09:00:49Z</time>
   </trkpt>
   <trkpt lat="10.3139360" lon="123.8642500">
    <ele>109.7</ele>
    <time>2025-12-23T09:00:50Z</time>
   </trkpt>
   <trkpt lat="10.3139420" lon="123.8642480">
    <ele>109.5</ele>
    <time>2025-12-23T09:00:51Z</time>
   </trkpt>
   <trkpt lat="10.3139520" lon="123.8642530">
    <ele>109.2</ele>
    <time>2025-12-23T09:00:52Z</time>
   </trkpt>
   <trkpt lat="10.3139530" lon="123.8642610">
    <ele>109.0</ele>
    <time>2025-12-23T09:00:53Z</time>
   </trkpt>
   <trkpt lat="10.3139540" lon="123.8642680">
    <ele>108.8</ele>
    <time>2025-12-23T09:00:54Z</time>
   </trkpt>
   <trkpt lat="10.3139520" lon="123.8642730">
    <ele>108.6</ele>
    <time>2025-12-23T09:00:55Z</time>
   </trkpt>
   <trkpt lat="10.3139480" lon="123.8642800">
    <ele>108.4</ele>
    <time>2025-12-23T09:00:56Z</time>
   </trkpt>
   <trkpt lat="10.3139420" lon="123.8642860">
    <ele>108.1</ele>
    <time>2025-12-23T09:00:57Z</time>
   </trkpt>
   <trkpt lat="10.3139340" lon="123.8642940">
    <ele>107.8</ele>
    <time>2025-12-23T09:00:58Z</time>
   </trkpt>
   <trkpt lat="10.3139300" lon="123.8643030">
    <ele>107.6</ele>
    <time>2025-12-23T09:00:59Z</time>
   </trkpt>
   <trkpt lat="10.3139260" lon="123.8643130">
    <ele>107.3</ele>
    <time>2025-12-23T09:01:00Z</time>
   </trkpt>
   <trkpt lat="10.3139220" lon="123.8643230">
    <ele>107.0</ele>
    <time>2025-12-23T09:01:01Z</time>
   </trkpt>
   <trkpt lat="10.3139200" lon="123.8643330">
    <ele>106.7</ele>
    <time>2025-12-23T09:01:02Z</time>
   </trkpt>
   <trkpt lat="10.3139190" lon="123.8643430">
    <ele>106.4</ele>
    <time>2025-12-23T09:01:03Z</time>
   </trkpt>
   <trkpt lat="10.3139200" lon="123.8643500">
    <ele>106.2</ele>
    <time>2025-12-23T09:01:04Z</time>
   </trkpt>
   <trkpt lat="10.3139220" lon="123.8643570">
    <ele>106.0</ele>
    <time>2025-12-23T09:01:05Z</time>
   </trkpt>
   <trkpt lat="10.3139200" lon="123.8643650">
    <ele>105.8</ele>
    <time>2025-12-23T09:01:06Z</time>
   </trkpt>
   <trkpt lat="10.3139160" lon="123.8643710">
    <ele>105.6</ele>
    <time>2025-12-23T09:01:07Z</time>
   </trkpt>
   <trkpt lat="10.3139120" lon="123.8643780">
    <ele>105.3</ele>
    <time>2025-12-23T09:01:08Z</time>
   </trkpt>
   <trkpt lat="10.3139100" lon="123.8643860">
    <ele>105.1</ele>
    <time>2025-12-23T09:01:09Z</time>
   </trkpt>
   <trkpt lat="10.3139080" lon="123.8643970">
    <ele>104.8</ele>
    <time>2025-12-23T09:01:10Z</time>
   </trkpt>
   <trkpt lat="10.3139080" lon="123.8644070">
    <ele>104.5</ele>
    <time>2025-12-23T09:01:11Z</time>
   </trkpt>
   <trkpt lat="10.3139070" lon="123.8644170">
    <ele>104.2</ele>
    <time>2025-12-23T09:01:12Z</time>
   </trkpt>
   <trkpt lat="10.3139030" lon="123.8644270">
    <ele>103.9</ele>
    <time>2025-12-23T09:01:13Z</time>
   </trkpt>
   <trkpt lat="10.3138990" lon="123.8644370">
    <ele>103.6</ele>
    <time>2025-12-23T09:01:14Z</time>
   </trkpt>
   <trkpt lat="10.3138970" lon="123.8644470">
    <ele>103.3</ele>
    <time>2025-12-23T09:01:15Z</time>
   </trkpt>
   <trkpt lat="10.3138970" lon="123.8644570">
    <ele>103.0</ele>
    <time>2025-12-23T09:01:16Z</time>
   </trkpt>
   <trkpt lat="10.3138960" lon="123.8644640">
    <ele>102.8</ele>
    <time>2025-12-23T09:01:17Z</time>
   </trkpt>
   <trkpt lat="10.3138930" lon="123.8644690">
    <ele>102.7</ele>
    <time>2025-12-23T09:01:18Z</time>
   </trkpt>
   <trkpt lat="10.3138910" lon="123.8644760">
    <ele>102.5</ele>
    <time>2025-12-23T09:01:19Z</time>
   </trkpt>
   <trkpt lat="10.3138880" lon="123.8644830">
    <ele>102.3</ele>
    <time>2025-12-23T09:01:20Z</time>
   </trkpt>
   <trkpt lat="10.3138860" lon="123.8644880">
    <ele>102.1</ele>
    <time>2025-12-23T09:01:21Z</time>
   </trkpt>
   <trkpt lat="10.3138880" lon="123.8644930">
    <ele>101.9</ele>
    <time>2025-12-23T09:01:22Z</time>
   </trkpt>
   <trkpt lat="10.3138860" lon="123.8644990">
    <ele>101.8</ele>
    <time>2025-12-23T09:01:23Z</time>
   </trkpt>
   <trkpt lat="10.3138850" lon="123.8645050">
    <ele>101.6</ele>
    <time>2025-12-23T09:01:24Z</time>
   </trkpt>
   <trkpt lat="10.3138810" lon="123.8645090">
    <ele>101.4</ele>
    <time>2025-12-23T09:01:25Z</time>
   </trkpt>
   <trkpt lat="10.3138810" lon="123.8645140">
    <ele>101.3</ele>
    <time>2025-12-23T09:01:26Z</time>
   </trkpt>
   <trkpt lat="10.3138810" lon="123.8645220">
    <ele>101.1</ele>
    <time>2025-12-23T09:01:27Z</time>
   </trkpt>
   <trkpt lat="10.3138820" lon="123.8645330">
    <ele>100.8</ele>
    <time>2025-12-23T09:01:28Z</time>
   </trkpt>
   <trkpt lat="10.3138800" lon="123.8645420">
    <ele>100.5</ele>
    <time>2025-12-23T09:01:29Z</time>
   </trkpt>
   <trkpt lat="10.3138800" lon="123.8645510">
    <ele>100.2</ele>
    <time>2025-12-23T09:01:30Z</time>
   </trkpt>
   <trkpt lat="10.3138790" lon="123.8645600">
    <ele>100.0</ele>
    <time>2025-12-23T09:01:31Z</time>
   </trkpt>
   <trkpt lat="10.3138770" lon="123.8645690">
    <ele>99.7</ele>
    <time>2025-12-23T09:01:32Z</time>
   </trkpt>
   <trkpt lat="10.3138780" lon="123.8645770">
    <ele>99.5</ele>
    <time>2025-12-23T09:01:33Z</time>
   </trkpt>
   <trkpt lat="10.3138770" lon="123.8645830">
    <ele>99.3</ele>
    <time>2025-12-23T09:01:34Z</time>
   </trkpt>
   <trkpt lat="10.3138760" lon="123.8645910">
    <ele>99.1</ele>
    <time>2025-12-23T09:01:35Z</time>
   </trkpt>
   <trkpt lat="10.3138720" lon="123.8645980">
    <ele>98.9</ele>
    <time>2025-12-23T09:01:36Z</time>
   </trkpt>
   <trkpt lat="10.3138670" lon="123.8646060">
    <ele>98.6</ele>
    <time>2025-12-23T09:01:37Z</time>
   </trkpt>
   <trkpt lat="10.3138630" lon="123.8646140">
    <ele>98.3</ele>
    <time>2025-12-23T09:01:38Z</time>
   </trkpt>
   <trkpt lat="10.3138580" lon="123.8646210">
    <ele>98.1</ele>
    <time>2025-12-23T09:01:39Z</time>
   </trkpt>
   <trkpt lat="10.3138540" lon="123.8646270">
    <ele>97.8</ele>
    <time>2025-12-23T09:01:40Z</time>
   </trkpt>
   <trkpt lat="10.3138490" lon="123.8646320">
    <ele>97.6</ele>
    <time>2025-12-23T09:01:41Z</time>
   </trkpt>
   <trkpt lat="10.3138470" lon="123.8646380">
    <ele>97.5</ele>
    <time>2025-12-23T09:01:42Z</time>
   </trkpt>
   <trkpt lat="10.3138450" lon="123.8646450">
    <ele>97.2</ele>
    <time>2025-12-23T09:01:43Z</time>
   </trkpt>
   <trkpt lat="10.3138440" lon="123.8646480">
    <ele>97.1</ele>
    <time>2025-12-23T09:01:44Z</time>
   </trkpt>
   <trkpt lat="10.3138440" lon="123.8646500">
    <ele>97.1</ele>
    <time>2025-12-23T09:01:45Z</time>
   </trkpt>
   <trkpt lat="10.3138440" lon="123.8646560">
    <ele>96.9</ele>
    <time>2025-12-23T09:01:46Z</time>
   </trkpt>
   <trkpt lat="10.3138450" lon="123.8646650">
    <ele>96.7</ele>
    <time>2025-12-23T09:01:47Z</time>
   </trkpt>
   <trkpt lat="10.3138460" lon="123.8646710">
    <ele>96.5</ele>
    <time>2025-12-23T09:01:48Z</time>
   </trkpt>
   <trkpt lat="10.3138510" lon="123.8646750">
    <ele>96.3</ele>
    <time>2025-12-23T09:01:49Z</time>
   </trkpt>
   <trkpt lat="10.3138570" lon="123.8646760">
    <ele>96.1</ele>
    <time>2025-12-23T09:01:50Z</time>
   </trkpt>
   <trkpt lat="10.3138640" lon="123.8646760">
    <ele>95.9</ele>
    <time>2025-12-23T09:01:51Z</time>
   </trkpt>
   <trkpt lat="10.3138720" lon="123.8646740">
    <ele>95.7</ele>
    <time>2025-12-23T09:01:52Z</time>
   </trkpt>
   <trkpt lat="10.3138760" lon="123.8646760">
    <ele>95.5</ele>
    <time>2025-12-23T09:01:53Z</time>
   </trkpt>
   <trkpt lat="10.3138790" lon="123.8646790">
    <ele>95.4</ele>
    <time>2025-12-23T09:01:54Z</time>
   </trkpt>
   <trkpt lat="10.3138770" lon="123.8646820">
    <ele>95.3</ele>
    <time>2025-12-23T09:01:55Z</time>
   </trkpt>
   <trkpt lat="10.3138740" lon="123.8646850">
    <ele>95.2</ele>
    <time>2025-12-23T09:01:56Z</time>
   </trkpt>
   <trkpt lat="10.3138690" lon="123.8646910">
    <ele>94.9</ele>
    <time>2025-12-23T09:01:57Z</time>
   </trkpt>
   <trkpt lat="10.3138650" lon="123.8646970">
    <ele>94.7</ele>
    <time>2025-12-23T09:01:58Z</time>
   </trkpt>
   <trkpt lat="10.3138600" lon="123.8646990">
    <ele>94.6</ele>
    <time>2025-12-23T09:01:59Z</time>
   </trkpt>
   <trkpt lat="10.3138590" lon="123.8647020">
    <ele>94.5</ele>
    <time>2025-12-23T09:02:00Z</time>
   </trkpt>
   <trkpt lat="10.3138600" lon="123.8647070">
    <ele>94.4</ele>
    <time>2025-12-23T09:02:01Z</time>
   </trkpt>
   <trkpt lat="10.3138610" lon="123.8647100">
    <ele>94.3</ele>
    <time>2025-12-23T09:02:02Z</time>
   </trkpt>
   <trkpt lat="10.3138610" lon="123.8647150">
    <ele>94.2</ele>
    <time>2025-12-23T09:02:03Z</time>
   </trkpt>
   <trkpt lat="10.3138610" lon="123.8647190">
    <ele>94.1</ele>
    <time>2025-12-23T09:02:04Z</time>
   </trkpt>
   <trkpt lat="10.3138580" lon="123.8647230">
    <ele>93.9</ele>
    <time>2025-12-23T09:02:05Z</time>
   </trkpt>
   <trkpt lat="10.3138520" lon="123.8647290">
    <ele>93.7</ele>
    <time>2025-12-23T09:02:06Z</time>
   </trkpt>
   <trkpt lat="10.3138460" lon="123.8647340">
    <ele>93.5</ele>
    <time>2025-12-23T09:02:07Z</time>
   </trkpt>
   <trkpt lat="10.3138400" lon="123.8647430">
    <ele>93.3</ele>
    <time>2025-12-23T09:02:08Z</time>
   </trkpt>
   <trkpt lat="10.3138350" lon="123.8647500">
    <ele>93.1</ele>
    <time>2025-12-23T09:02:09Z</time>
   </trkpt>
   <trkpt lat="10.3138310" lon="123.8647610">
    <ele>92.9</ele>
    <time>2025-12-23T09:02:10Z</time>
   </trkpt>
   <trkpt lat="10.3138250" lon="123.8647800">
    <ele>92.5</ele>
    <time>2025-12-23T09:02:11Z</time>
   </trkpt>
   <trkpt lat="10.3138240" lon="123.8647900">
    <ele>92.4</ele>
    <time>2025-12-23T09:02:12Z</time>
   </trkpt>
   <trkpt lat="10.3138230" lon="123.8647990">
    <ele>92.3</ele>
    <time>2025-12-23T09:02:13Z</time>
   </trkpt>
   <trkpt lat="10.3138230" lon="123.8648110">
    <ele>92.1</ele>
    <time>2025-12-23T09:02:14Z</time>
   </trkpt>
   <trkpt lat="10.3138190" lon="123.8648220">
    <ele>92.0</ele>
    <time>2025-12-23T09:02:15Z</time>
   </trkpt>
   <trkpt lat="10.3138180" lon="123.8648310">
    <ele>91.9</ele>
    <time>2025-12-23T09:02:16Z</time>
   </trkpt>
   <trkpt lat="10.3138180" lon="123.8648390">
    <ele>91.9</ele>
    <time>2025-12-23T09:02:17Z</time>
   </trkpt>
   <trkpt lat="10.3138200" lon="123.8648470">
    <ele>91.9</ele>
    <time>2025-12-23T09:02:18Z</time>
   </trkpt>
   <trkpt lat="10.3138210" lon="123.8648560">
    <ele>91.8</ele>
    <time>2025-12-23T09:02:19Z</time>
   </trkpt>
   <trkpt lat="10.3138230" lon="123.8648660">
    <ele>91.8</ele>
    <time>2025-12-23T09:02:20Z</time>
   </trkpt>
   <trkpt lat="10.3138250" lon="123.8648790">
    <ele>91.8</ele>
    <time>2025-12-23T09:02:21Z</time>
   </trkpt>
   <trkpt lat="10.3138260" lon="123.8648970">
    <ele>91.8</ele>
    <time>2025-12-23T09:02:22Z</time>
   </trkpt>
   <trkpt lat="10.3138230" lon="123.8649100">
    <ele>91.8</ele>
    <time>2025-12-23T09:02:23Z</time>
   </trkpt>
   <trkpt lat="10.3138240" lon="123.8649210">
    <ele>91.8</ele>
    <time>2025-12-23T09:02:24Z</time>
   </trkpt>
   <trkpt lat="10.3138290" lon="123.8649300">
    <ele>91.9</ele>
    <time>2025-12-23T09:02:25Z</time>
   </trkpt>
   <trkpt lat="10.3138370" lon="123.8649370">
    <ele>91.9</ele>
    <time>2025-12-23T09:02:26Z</time>
   </trkpt>
   <trkpt lat="10.3138420" lon="123.8649440">
    <ele>92.0</ele>
    <time>2025-12-23T09:02:27Z</time>
   </trkpt>
   <trkpt lat="10.3138480" lon="123.8649540">
    <ele>92.0</ele>
    <time>2025-12-23T09:02:28Z</time>
   </trkpt>
   <trkpt lat="10.3138580" lon="123.8649640">
    <ele>92.1</ele>
    <time>2025-12-23T09:02:29Z</time>
   </trkpt>
   <trkpt lat="10.3138670" lon="123.8649760">
    <ele>92.2</ele>
    <time>2025-12-23T09:02:30Z</time>
   </trkpt>
   <trkpt lat="10.3138740" lon="123.8649850">
    <ele>92.3</ele>
    <time>2025-12-23T09:02:31Z</time>
   </trkpt>
   <trkpt lat="10.3138810" lon="123.8649920">
    <ele>92.4</ele>
    <time>2025-12-23T09:02:32Z</time>
   </trkpt>
   <trkpt lat="10.3138880" lon="123.8650020">
    <ele>92.5</ele>
    <time>2025-12-23T09:02:33Z</time>
   </trkpt>
   <trkpt lat="10.3138950" lon="123.8650100">
    <ele>92.6</ele>
    <time>2025-12-23T09:02:34Z</time>
   </trkpt>
   <trkpt lat="10.3139010" lon="123.8650200">
    <ele>92.7</ele>
    <time>2025-12-23T09:02:35Z</time>
   </trkpt>
   <trkpt lat="10.3139090" lon="123.8650310">
    <ele>92.8</ele>
    <time>2025-12-23T09:02:36Z</time>
   </trkpt>
   <trkpt lat="10.3139140" lon="123.8650400">
    <ele>92.9</ele>
    <time>2025-12-23T09:02:37Z</time>
   </trkpt>
   <trkpt lat="10.3139170" lon="123.8650470">
    <ele>92.9</ele>
    <time>2025-12-23T09:02:38Z</time>
   </trkpt>
   <trkpt lat="10.3139220" lon="123.8650590">
    <ele>93.0</ele>
    <time>2025-12-23T09:02:39Z</time>
   </trkpt>
   <trkpt lat="10.3139270" lon="123.8650720">
    <ele>93.1</ele>
    <time>2025-12-23T09:02:40Z</time>
   </trkpt>
   <trkpt lat="10.3139320" lon="123.8650830">
    <ele>93.2</ele>
    <time>2025-12-23T09:02:41Z</time>
   </trkpt>
   <trkpt lat="10.3139370" lon="123.8650900">
    <ele>93.3</ele>
    <time>2025-12-23T09:02:42Z</time>
   </trkpt>
   <trkpt lat="10.3139410" lon="123.8650950">
    <ele>93.3</ele>
    <time>2025-12-23T09:02:43Z</time>
   </trkpt>
   <trkpt lat="10.3139460" lon="123.8651000">
    <ele>93.4</ele>
    <time>2025-12-23T09:02:44Z</time>
   </trkpt>
   <trkpt lat="10.3139500" lon="123.8651040">
    <ele>93.4</ele>
    <time>2025-12-23T09:02:45Z</time>
   </trkpt>
   <trkpt lat="10.3139580" lon="123.8651070">
    <ele>93.5</ele>
    <time>2025-12-23T09:02:46Z</time>
   </trkpt>
   <trkpt lat="10.3139660" lon="123.8651120">
    <ele>93.5</ele>
    <time>2025-12-23T09:02:47Z</time>
   </trkpt>
   <trkpt lat="10.3139750" lon="123.8651160">
    <ele>93.6</ele>
    <time>2025-12-23T09:02:48Z</time>
   </trkpt>
   <trkpt lat="10.3139890" lon="123.8651170">
    <ele>93.7</ele>
    <time>2025-12-23T09:02:49Z</time>
   </trkpt>
   <trkpt lat="10.3140110" lon="123.8651170">
    <ele>93.9</ele>
    <time>2025-12-23T09:02:50Z</time>
   </trkpt>
   <trkpt lat="10.3140220" lon="123.8651190">
    <ele>94.0</ele>
    <time>2025-12-23T09:02:51Z</time>
   </trkpt>
   <trkpt lat="10.3140330" lon="123.8651210">
    <ele>94.0</ele>
    <time>2025-12-23T09:02:52Z</time>
   </trkpt>
   <trkpt lat="10.3140520" lon="123.8651240">
    <ele>94.2</ele>
    <time>2025-12-23T09:02:53Z</time>
   </trkpt>
   <trkpt lat="10.3140620" lon="123.8651280">
    <ele>94.3</ele>
    <time>2025-12-23T09:02:54Z</time>
   </trkpt>
   <trkpt lat="10.3140670" lon="123.8651340">
    <ele>94.4</ele>
    <time>2025-12-23T09:02:55Z</time>
   </trkpt>
   <trkpt lat="10.3140690" lon="123.8651400">
    <ele>94.4</ele>
    <time>2025-12-23T09:02:56Z</time>
   </trkpt>
   <trkpt lat="10.3140700" lon="123.8651500">
    <ele>94.5</ele>
    <time>2025-12-23T09:02:57Z</time>
   </trkpt>
   <trkpt lat="10.3140710" lon="123.8651590">
    <ele>94.6</ele>
    <time>2025-12-23T09:02:58Z</time>
   </trkpt>
   <trkpt lat="10.3140720" lon="123.8651710">
    <ele>94.7</ele>
    <time>2025-12-23T09:02:59Z</time>
   </trkpt>
   <trkpt lat="10.3140740" lon="123.8651800">
    <ele>94.8</ele>
    <time>2025-12-23T09:03:00Z</time>
   </trkpt>
   <trkpt lat="10.3140740" lon="123.8651880">
    <ele>94.9</ele>
    <time>2025-12-23T09:03:01Z</time>
   </trkpt>
   <trkpt lat="10.3140730" lon="123.8651960">
    <ele>95.0</ele>
    <time>2025-12-23T09:03:02Z</time>
   </trkpt>
   <trkpt lat="10.3140630" lon="123.8652010">
    <ele>95.2</ele>
    <time>2025-12-23T09:03:03Z</time>
   </trkpt>
   <trkpt lat="10.3140480" lon="123.8652100">
    <ele>95.4</ele>
    <time>2025-12-23T09:03:04Z</time>
   </trkpt>
   <trkpt lat="10.3140400" lon="123.8652220">
    <ele>95.6</ele>
    <time>2025-12-23T09:03:05Z</time>
   </trkpt>
   <trkpt lat="10.3140330" lon="123.8652330">
    <ele>95.9</ele>
    <time>2025-12-23T09:03:06Z</time>
   </trkpt>
   <trkpt lat="10.3140260" lon="123.8652410">
    <ele>96.0</ele>
    <time>2025-12-23T09:03:07Z</time>
   </trkpt>
   <trkpt lat="10.3140190" lon="123.8652590">
    <ele>96.4</ele>
    <time>2025-12-23T09:03:08Z</time>
   </trkpt>
   <trkpt lat="10.3140150" lon="123.8652680">
    <ele>96.6</ele>
    <time>2025-12-23T09:03:09Z</time>
   </trkpt>
   <trkpt lat="10.3140110" lon="123.8652750">
    <ele>96.8</ele>
    <time>2025-12-23T09:03:10Z</time>
   </trkpt>
   <trkpt lat="10.3140150" lon="123.8652860">
    <ele>97.1</ele>
    <time>2025-12-23T09:03:11Z</time>
   </trkpt>
   <trkpt lat="10.3140220" lon="123.8653010">
    <ele>97.4</ele>
    <time>2025-12-23T09:03:12Z</time>
   </trkpt>
   <trkpt lat="10.3140280" lon="123.8653150">
    <ele>97.8</ele>
    <time>2025-12-23T09:03:13Z</time>
   </trkpt>
   <trkpt lat="10.3140370" lon="123.8653340">
    <ele>98.3</ele>
    <time>2025-12-23T09:03:14Z</time>
   </trkpt>
   <trkpt lat="10.3140430" lon="123.8653420">
    <ele>98.6</ele>
    <time>2025-12-23T09:03:15Z</time>
   </trkpt>
   <trkpt lat="10.3140490" lon="123.8653500">
    <ele>98.8</ele>
    <time>2025-12-23T09:03:16Z</time>
   </trkpt>
   <trkpt lat="10.3140560" lon="123.8653570">
    <ele>99.1</ele>
    <time>2025-12-23T09:03:17Z</time>
   </trkpt>
   <trkpt lat="10.3140630" lon="123.8653590">
    <ele>99.3</ele>
    <time>2025-12-23T09:03:18Z</time>
   </trkpt>
   <trkpt lat="10.3140700" lon="123.8653610">
    <ele>99.4</ele>
    <time>2025-12-23T09:03:19Z</time>
   </trkpt>
   <trkpt lat="10.3140730" lon="123.8653650">
    <ele>99.6</ele>
    <time>2025-12-23T09:03:20Z</time>
   </trkpt>
   <trkpt lat="10.3140780" lon="123.8653700">
    <ele>99.8</ele>
    <time>2025-12-23T09:03:21Z</time>
   </trkpt>
   <trkpt lat="10.3140830" lon="123.8653740">
    <ele>99.9</ele>
    <time>2025-12-23T09:03:22Z</time>
   </trkpt>
   <trkpt lat="10.3140880" lon="123.8653780">
    <ele>100.1</ele>
    <time>2025-12-23T09:03:23Z</time>
   </trkpt>
   <trkpt lat="10.3140940" lon="123.8653840">
    <ele>100.3</ele>
    <time>2025-12-23T09:03:24Z</time>
   </trkpt>
   <trkpt lat="10.3141030" lon="123.8653930">
    <ele>100.6</ele>
    <time>2025-12-23T09:03:25Z</time>
   </trkpt>
   <trkpt lat="10.3141100" lon="123.8653940">
    <ele>100.8</ele>
    <time>2025-12-23T09:03:26Z</time>
   </trkpt>
   <trkpt lat="10.3141190" lon="123.8653980">
    <ele>101.0</ele>
    <time>2025-12-23T09:03:27Z</time>
   </trkpt>
   <trkpt lat="10.3141270" lon="123.8654060">
    <ele>101.3</ele>
    <time>2025-12-23T09:03:28Z</time>
   </trkpt>
   <trkpt lat="10.3141340" lon="123.8654100">
    <ele>101.5</ele>
    <time>2025-12-23T09:03:29Z</time>
   </trkpt>
   <trkpt lat="10.3141420" lon="123.8654150">
    <ele>101.7</ele>
    <time>2025-12-23T09:03:30Z</time>
   </trkpt>
   <trkpt lat="10.3141500" lon="123.8654210">
    <ele>101.9</ele>
    <time>2025-12-23T09:03:31Z</time>
   </trkpt>
   <trkpt lat="10.3141570" lon="123.8654270">
    <ele>102.1</ele>
    <time>2025-12-23T09:03:32Z</time>
   </trkpt>
   <trkpt lat="10.3141680" lon="123.8654340">
    <ele>102.4</ele>
    <time>2025-12-23T09:03:33Z</time>
   </trkpt>
   <trkpt lat="10.3141810" lon="123.8654420">
    <ele>102.7</ele>
    <time>2025-12-23T09:03:34Z</time>
   </trkpt>
   <trkpt lat="10.3141920" lon="123.8654490">
    <ele>103.0</ele>
    <time>2025-12-23T09:03:35Z</time>
   </trkpt>
   <trkpt lat="10.3142050" lon="123.8654610">
    <ele>103.3</ele>
    <time>2025-12-23T09:03:36Z</time>
   </trkpt>
   <trkpt lat="10.3142140" lon="123.8654640">
    <ele>103.4</ele>
    <time>2025-12-23T09:03:37Z</time>
   </trkpt>
   <trkpt lat="10.3142210" lon="123.8654700">
    <ele>103.6</ele>
    <time>2025-12-23T09:03:38Z</time>
   </trkpt>
   <trkpt lat="10.3142270" lon="123.8654790">
    <ele>103.8</ele>
    <time>2025-12-23T09:03:39Z</time>
   </trkpt>
   <trkpt lat="10.3142310" lon="123.8654910">
    <ele>103.9</ele>
    <time>2025-12-23T09:03:40Z</time>
   </trkpt>
   <trkpt lat="10.3142360" lon="123.8655030">
    <ele>104.1</ele>
    <time>2025-12-23T09:03:41Z</time>
   </trkpt>
   <trkpt lat="10.3142420" lon="123.8655130">
    <ele>104.3</ele>
    <time>2025-12-23T09:03:42Z</time>
   </trkpt>
   <trkpt lat="10.3142490" lon="123.8655200">
    <ele>104.4</ele>
    <time>2025-12-23T09:03:43Z</time>
   </trkpt>
   <trkpt lat="10.3142560" lon="123.8655230">
    <ele>104.5</ele>
    <time>2025-12-23T09:03:44Z</time>
   </trkpt>
   <trkpt lat="10.3142640" lon="123.8655230">
    <ele>104.6</ele>
    <time>2025-12-23T09:03:45Z</time>
   </trkpt>
   <trkpt lat="10.3142760" lon="123.8655250">
    <ele>104.7</ele>
    <time>2025-12-23T09:03:46Z</time>
   </trkpt>
   <trkpt lat="10.3142890" lon="123.8655300">
    <ele>104.9</ele>
    <time>2025-12-23T09:03:47Z</time>
   </trkpt>
   <trkpt lat="10.3143020" lon="123.8655340">
    <ele>105.0</ele>
    <time>2025-12-23T09:03:48Z</time>
   </trkpt>
   <trkpt lat="10.3143170" lon="123.8655410">
    <ele>105.2</ele>
    <time>2025-12-23T09:03:49Z</time>
   </trkpt>
   <trkpt lat="10.3143320" lon="123.8655470">
    <ele>105.4</ele>
    <time>2025-12-23T09:03:50Z</time>
   </trkpt>
   <trkpt lat="10.3143450" lon="123.8655530">
    <ele>105.5</ele>
    <time>2025-12-23T09:03:51Z</time>
   </trkpt>
   <trkpt lat="10.3143590" lon="123.8655560">
    <ele>105.7</ele>
    <time>2025-12-23T09:03:52Z</time>
   </trkpt>
   <trkpt lat="10.3143730" lon="123.8655600">
    <ele>105.8</ele>
    <time>2025-12-23T09:03:53Z</time>
   </trkpt>
   <trkpt lat="10.3143810" lon="123.8655630">
    <ele>105.9</ele>
    <time>2025-12-23T09:03:54Z</time>
   </trkpt>
   <trkpt lat="10.3143910" lon="123.8655660">
    <ele>106.0</ele>
    <time>2025-12-23T09:03:55Z</time>
   </trkpt>
   <trkpt lat="10.3143980" lon="123.8655700">
    <ele>106.1</ele>
    <time>2025-12-23T09:03:56Z</time>
   </trkpt>
   <trkpt lat="10.3144050" lon="123.8655750">
    <ele>106.2</ele>
    <time>2025-12-23T09:03:57Z</time>
   </trkpt>
   <trkpt lat="10.3144090" lon="123.8655780">
    <ele>106.3</ele>
    <time>2025-12-23T09:03:58Z</time>
   </trkpt>
   <trkpt lat="10.3144140" lon="123.8655830">
    <ele>106.4</ele>
    <time>2025-12-23T09:03:59Z</time>
   </trkpt>
   <trkpt lat="10.3144200" lon="123.8655920">
    <ele>106.5</ele>
    <time>2025-12-23T09:04:00Z</time>
   </trkpt>
   <trkpt lat="10.3144280" lon="123.8656020">
    <ele>106.6</ele>
    <time>2025-12-23T09:04:01Z</time>
   </trkpt>
   <trkpt lat="10.3144410" lon="123.8656120">
    <ele>106.8</ele>
    <time>2025-12-23T09:04:02Z</time>
   </trkpt>
   <trkpt lat="10.3144490" lon="123.8656190">
    <ele>107.0</ele>
    <time>2025-12-23T09:04:03Z</time>
   </trkpt>
   <trkpt lat="10.3144570" lon="123.8656250">
    <ele>107.1</ele>
    <time>2025-12-23T09:04:04Z</time>
   </trkpt>
   <trkpt lat="10.3144750" lon="123.8656480">
    <ele>107.5</ele>
    <time>2025-12-23T09:04:05Z</time>
   </trkpt>
   <trkpt lat="10.3144770" lon="123.8656560">
    <ele>107.6</ele>
    <time>2025-12-23T09:04:06Z</time>
   </trkpt>
   <trkpt lat="10.3144740" lon="123.8656710">
    <ele>107.8</ele>
    <time>2025-12-23T09:04:07Z</time>
   </trkpt>
   <trkpt lat="10.3144690" lon="123.8656860">
    <ele>108.0</ele>
    <time>2025-12-23T09:04:08Z</time>
   </trkpt>
   <trkpt lat="10.3144600" lon="123.8657130">
    <ele>108.4</ele>
    <time>2025-12-23T09:04:09Z</time>
   </trkpt>
   <trkpt lat="10.3144560" lon="123.8657210">
    <ele>108.5</ele>
    <time>2025-12-23T09:04:10Z</time>
   </trkpt>
   <trkpt lat="10.3144550" lon="123.8657320">
    <ele>108.6</ele>
    <time>2025-12-23T09:04:11Z</time>
   </trkpt>
   <trkpt lat="10.3144550" lon="123.8657450">
    <ele>108.8</ele>
    <time>2025-12-23T09:04:12Z</time>
   </trkpt>
   <trkpt lat="10.3144540" lon="123.8657570">
    <ele>108.9</ele>
    <time>2025-12-23T09:04:13Z</time>
   </trkpt>
   <trkpt lat="10.3144540" lon="123.8657670">
    <ele>109.0</ele>
    <time>2025-12-23T09:04:14Z</time>
   </trkpt>
   <trkpt lat="10.3144520" lon="123.8657780">
    <ele>109.1</ele>
    <time>2025-12-23T09:04:15Z</time>
   </trkpt>
   <trkpt lat="10.3144510" lon="123.8657910">
    <ele>109.3</ele>
    <time>2025-12-23T09:04:16Z</time>
   </trkpt>
   <trkpt lat="10.3144450" lon="123.8658070">
    <ele>109.5</ele>
    <time>2025-12-23T09:04:17Z</time>
   </trkpt>
   <trkpt lat="10.3144360" lon="123.8658210">
    <ele>109.6</ele>
    <time>2025-12-23T09:04:18Z</time>
   </trkpt>
   <trkpt lat="10.3144320" lon="123.8658350">
    <ele>109.7</ele>
    <time>2025-12-23T09:04:19Z</time>
   </trkpt>
   <trkpt lat="10.3144300" lon="123.8658500">
    <ele>109.8</ele>
    <time>2025-12-23T09:04:20Z</time>
   </trkpt>
   <trkpt lat="10.3144310" lon="123.8658630">
    <ele>109.9</ele>
    <time>2025-12-23T09:04:21Z</time>
   </trkpt>
   <trkpt lat="10.3144330" lon="123.8658790">
    <ele>110.0</ele>
    <time>2025-12-23T09:04:22Z</time>
   </trkpt>
   <trkpt lat="10.3144320" lon="123.8659000">
    <ele>110.1</ele>
    <time>2025-12-23T09:04:23Z</time>
   </trkpt>
   <trkpt lat="10.3144290" lon="123.8659090">
    <ele>110.1</ele>
    <time>2025-12-23T09:04:24Z</time>
   </trkpt>
   <trkpt lat="10.3144250" lon="123.8659170">
    <ele>110.1</ele>
    <time>2025-12-23T09:04:25Z</time>
   </trkpt>
   <trkpt lat="10.3144160" lon="123.8659310">
    <ele>110.2</ele>
    <time>2025-12-23T09:04:26Z</time>
   </trkpt>
   <trkpt lat="10.3144100" lon="123.8659420">
    <ele>110.2</ele>
    <time>2025-12-23T09:04:27Z</time>
   </trkpt>
   <trkpt lat="10.3144050" lon="123.8659530">
    <ele>110.2</ele>
    <time>2025-12-23T09:04:28Z</time>
   </trkpt>
   <trkpt lat="10.3143970" lon="123.8659620">
    <ele>110.2</ele>
    <time>2025-12-23T09:04:29Z</time>
   </trkpt>
   <trkpt lat="10.3143900" lon="123.8659700">
    <ele>110.2</ele>
    <time>2025-12-23T09:04:30Z</time>
   </trkpt>
   <trkpt lat="10.3143810" lon="123.8659770">
    <ele>110.1</ele>
    <time>2025-12-23T09:04:31Z</time>
   </trkpt>
   <trkpt lat="10.3143750" lon="123.8659880">
    <ele>110.1</ele>
    <time>2025-12-23T09:04:32Z</time>
   </trkpt>
   <trkpt lat="10.3143690" lon="123.8659970">
    <ele>110.1</ele>
    <time>2025-12-23T09:04:33Z</time>
   </trkpt>
   <trkpt lat="10.3143630" lon="123.8660060">
    <ele>110.1</ele>
    <time>2025-12-23T09:04:34Z</time>
   </trkpt>
   <trkpt lat="10.3143580" lon="123.8660140">
    <ele>110.1</ele>
    <time>2025-12-23T09:04:35Z</time>
   </trkpt>
   <trkpt lat="10.3143570" lon="123.8660240">
    <ele>110.1</ele>
    <time>2025-12-23T09:04:36Z</time>
   </trkpt>
   <trkpt lat="10.3143610" lon="123.8660390">
    <ele>110.0</ele>
    <time>2025-12-23T09:04:37Z</time>
   </trkpt>
   <trkpt lat="10.3143670" lon="123.8660510">
    <ele>110.0</ele>
    <time>2025-12-23T09:04:38Z</time>
   </trkpt>
   <trkpt lat="10.3143740" lon="123.8660630">
    <ele>110.0</ele>
    <time>2025-12-23T09:04:39Z</time>
   </trkpt>
   <trkpt lat="10.3143800" lon="123.8660760">
    <ele>109.9</ele>
    <time>2025-12-23T09:04:40Z</time>
   </trkpt>
   <trkpt lat="10.3143810" lon="123.8660870">
    <ele>109.9</ele>
    <time>2025-12-23T09:04:41Z</time>
   </trkpt>
   <trkpt lat="10.3143840" lon="123.8660970">
    <ele>109.9</ele>
    <time>2025-12-23T09:04:42Z</time>
   </trkpt>
   <trkpt lat="10.3143890" lon="123.8661070">
    <ele>109.9</ele>
    <time>2025-12-23T09:04:43Z</time>
   </trkpt>
   <trkpt lat="10.3144060" lon="123.8661210">
    <ele>109.9</ele>
    <time>2025-12-23T09:04:44Z</time>
   </trkpt>
   <trkpt lat="10.3144120" lon="123.8661260">
    <ele>109.8</ele>
    <time>2025-12-23T09:04:45Z</time>
   </trkpt>
   <trkpt lat="10.3144190" lon="123.8661310">
    <ele>109.8</ele>
    <time>2025-12-23T09:04:46Z</time>
   </trkpt>
   <trkpt lat="10.3144360" lon="123.8661400">
    <ele>109.8</ele>
    <time>2025-12-23T09:04:47Z</time>
   </trkpt>
   <trkpt lat="10.3144440" lon="123.8661440">
    <ele>109.8</ele>
    <time>2025-12-23T09:04:48Z</time>
   </trkpt>
   <trkpt lat="10.3144520" lon="123.8661490">
    <ele>109.8</ele>
    <time>2025-12-23T09:04:49Z</time>
   </trkpt>
   <trkpt lat="10.3144650" lon="123.8661650">
    <ele>109.7</ele>
    <time>2025-12-23T09:04:50Z</time>
   </trkpt>
   <trkpt lat="10.3144680" lon="123.8661730">
    <ele>109.7</ele>
    <time>2025-12-23T09:04:51Z</time>
   </trkpt>
   <trkpt lat="10.3144710" lon="123.8661820">
    <ele>109.7</ele>
    <time>2025-12-23T09:04:52Z</time>
   </trkpt>
   <trkpt lat="10.3144770" lon="123.8662040">
    <ele>109.6</ele>
    <time>2025-12-23T09:04:53Z</time>
   </trkpt>
   <trkpt lat="10.3144790" lon="123.8662130">
    <ele>109.6</ele>
    <time>2025-12-23T09:04:54Z</time>
   </trkpt>
   <trkpt lat="10.3144820" lon="123.8662210">
    <ele>109.6</ele>
    <time>2025-12-23T09:04:55Z</time>
   </trkpt>
   <trkpt lat="10.3144940" lon="123.8662380">
    <ele>109.5</ele>
    <time>2025-12-23T09:04:56Z</time>
   </trkpt>
   <trkpt lat="10.3145010" lon="123.8662460">
    <ele>109.5</ele>
    <time>2025-12-23T09:04:57Z</time>
   </trkpt>
   <trkpt lat="10.3145070" lon="123.8662530">
    <ele>109.5</ele>
    <time>2025-12-23T09:04:58Z</time>
   </trkpt>
   <trkpt lat="10.3145150" lon="123.8662630">
    <ele>109.4</ele>
    <time>2025-12-23T09:04:59Z</time>
   </trkpt>
   <trkpt lat="10.3145210" lon="123.8662730">
    <ele>109.3</ele>
    <time>2025-12-23T09:05:00Z</time>
   </trkpt>
   <trkpt lat="10.3145270" lon="123.8662810">
    <ele>109.1</ele>
    <time>2025-12-23T09:05:01Z</time>
   </trkpt>
   <trkpt lat="10.3145360" lon="123.8662880">
    <ele>109.0</ele>
    <time>2025-12-23T09:05:02Z</time>
   </trkpt>
   <trkpt lat="10.3145440" lon="123.8662950">
    <ele>108.8</ele>
    <time>2025-12-23T09:05:03Z</time>
   </trkpt>
   <trkpt lat="10.3145510" lon="123.8663030">
    <ele>108.7</ele>
    <time>2025-12-23T09:05:04Z</time>
   </trkpt>
   <trkpt lat="10.3145550" lon="123.8663110">
    <ele>108.6</ele>
    <time>2025-12-23T09:05:05Z</time>
   </trkpt>
   <trkpt lat="10.3145590" lon="123.8663190">
    <ele>108.5</ele>
    <time>2025-12-23T09:05:06Z</time>
   </trkpt>
   <trkpt lat="10.3145600" lon="123.8663310">
    <ele>108.3</ele>
    <time>2025-12-23T09:05:07Z</time>
   </trkpt>
   <trkpt lat="10.3145610" lon="123.8663400">
    <ele>108.2</ele>
    <time>2025-12-23T09:05:08Z</time>
   </trkpt>
   <trkpt lat="10.3145610" lon="123.8663520">
    <ele>108.0</ele>
    <time>2025-12-23T09:05:09Z</time>
   </trkpt>
   <trkpt lat="10.3145610" lon="123.8663670">
    <ele>107.9</ele>
    <time>2025-12-23T09:05:10Z</time>
   </trkpt>
   <trkpt lat="10.3145600" lon="123.8663830">
    <ele>107.7</ele>
    <time>2025-12-23T09:05:11Z</time>
   </trkpt>
   <trkpt lat="10.3145620" lon="123.8663960">
    <ele>107.6</ele>
    <time>2025-12-23T09:05:12Z</time>
   </trkpt>
   <trkpt lat="10.3145670" lon="123.8664070">
    <ele>107.5</ele>
    <time>2025-12-23T09:05:13Z</time>
   </trkpt>
   <trkpt lat="10.3145730" lon="123.8664160">
    <ele>107.4</ele>
    <time>2025-12-23T09:05:14Z</time>
   </trkpt>
   <trkpt lat="10.3145770" lon="123.8664260">
    <ele>107.4</ele>
    <time>2025-12-23T09:05:15Z</time>
   </trkpt>
   <trkpt lat="10.3145840" lon="123.8664470">
    <ele>107.4</ele>
    <time>2025-12-23T09:05:16Z</time>
   </trkpt>
   <trkpt lat="10.3145870" lon="123.8664560">
    <ele>107.4</ele>
    <time>2025-12-23T09:05:17Z</time>
   </trkpt>
   <trkpt lat="10.3145890" lon="123.8664650">
    <ele>107.4</ele>
    <time>2025-12-23T09:05:18Z</time>
   </trkpt>
   <trkpt lat="10.3145930" lon="123.8664810">
    <ele>107.5</ele>
    <time>2025-12-23T09:05:19Z</time>
   </trkpt>
   <trkpt lat="10.3146000" lon="123.8664950">
    <ele>107.6</ele>
    <time>2025-12-23T09:05:20Z</time>
   </trkpt>
   <trkpt lat="10.3146030" lon="123.8665180">
    <ele>107.8</ele>
    <time>2025-12-23T09:05:21Z</time>
   </trkpt>
   <trkpt lat="10.3146000" lon="123.8665290">
    <ele>108.0</ele>
    <time>2025-12-23T09:05:22Z</time>
   </trkpt>
   <trkpt lat="10.3145970" lon="123.8665390">
    <ele>108.1</ele>
    <time>2025-12-23T09:05:23Z</time>
   </trkpt>
   <trkpt lat="10.3145950" lon="123.8665510">
    <ele>108.3</ele>
    <time>2025-12-23T09:05:24Z</time>
   </trkpt>
   <trkpt lat="10.3145950" lon="123.8665600">
    <ele>108.5</ele>
    <time>2025-12-23T09:05:25Z</time>
   </trkpt>
   <trkpt lat="10.3145930" lon="123.8665700">
    <ele>108.7</ele>
    <time>2025-12-23T09:05:26Z</time>
   </trkpt>
   <trkpt lat="10.3145930" lon="123.8665780">
    <ele>108.8</ele>
    <time>2025-12-23T09:05:27Z</time>
   </trkpt>
   <trkpt lat="10.3145940" lon="123.8665870">
    <ele>109.0</ele>
    <time>2025-12-23T09:05:28Z</time>
   </trkpt>
   <trkpt lat="10.3145960" lon="123.8665940">
    <ele>109.1</ele>
    <time>2025-12-23T09:05:29Z</time>
   </trkpt>
   <trkpt lat="10.3146000" lon="123.8666040">
    <ele>109.3</ele>
    <time>2025-12-23T09:05:30Z</time>
   </trkpt>
   <trkpt lat="10.3146020" lon="123.8666170">
    <ele>109.5</ele>
    <time>2025-12-23T09:05:31Z</time>
   </trkpt>
   <trkpt lat="10.3146040" lon="123.8666330">
    <ele>109.5</ele>
    <time>2025-12-23T09:05:32Z</time>
   </trkpt>
   <trkpt lat="10.3145970" lon="123.8666530">
    <ele>109.5</ele>
    <time>2025-12-23T09:05:33Z</time>
   </trkpt>
   <trkpt lat="10.3145910" lon="123.8666600">
    <ele>109.5</ele>
    <time>2025-12-23T09:05:34Z</time>
   </trkpt>
   <trkpt lat="10.3145850" lon="123.8666680">
    <ele>109.5</ele>
    <time>2025-12-23T09:05:35Z</time>
   </trkpt>
   <trkpt lat="10.3145670" lon="123.8666800">
    <ele>109.6</ele>
    <time>2025-12-23T09:05:36Z</time>
   </trkpt>
   <trkpt lat="10.3145610" lon="123.8666840">
    <ele>109.6</ele>
    <time>2025-12-23T09:05:37Z</time>
   </trkpt>
   <trkpt lat="10.3145540" lon="123.8666880">
    <ele>109.6</ele>
    <time>2025-12-23T09:05:38Z</time>
   </trkpt>
   <trkpt lat="10.3145370" lon="123.8667010">
    <ele>109.6</ele>
    <time>2025-12-23T09:05:39Z</time>
   </trkpt>
   <trkpt lat="10.3145300" lon="123.8667070">
    <ele>109.6</ele>
    <time>2025-12-23T09:05:40Z</time>
   </trkpt>
   <trkpt lat="10.3145240" lon="123.8667140">
    <ele>109.6</ele>
    <time>2025-12-23T09:05:41Z</time>
   </trkpt>
   <trkpt lat="10.3145140" lon="123.8667220">
    <ele>109.6</ele>
    <time>2025-12-23T09:05:42Z</time>
   </trkpt>
   <trkpt lat="10.3145050" lon="123.8667300">
    <ele>109.6</ele>
    <time>2025-12-23T09:05:43Z</time>
   </trkpt>
   <trkpt lat="10.3144960" lon="123.8667370">
    <ele>109.6</ele>
    <time>2025-12-23T09:05:44Z</time>
   </trkpt>
   <trkpt lat="10.3144820" lon="123.8667540">
    <ele>109.6</ele>
    <time>2025-12-23T09:05:45Z</time>
   </trkpt>
   <trkpt lat="10.3144750" lon="123.8667610">
    <ele>109.6</ele>
    <time>2025-12-23T09:05:46Z</time>
   </trkpt>
   <trkpt lat="10.3144690" lon="123.8667680">
    <ele>109.6</ele>
    <time>2025-12-23T09:05:47Z</time>
   </trkpt>
   <trkpt lat="10.3144580" lon="123.8667760">
    <ele>109.6</ele>
    <time>2025-12-23T09:05:48Z</time>
   </trkpt>
   <trkpt lat="10.3144510" lon="123.8667850">
    <ele>109.7</ele>
    <time>2025-12-23T09:05:49Z</time>
   </trkpt>
   <trkpt lat="10.3144440" lon="123.8667930">
    <ele>109.7</ele>
    <time>2025-12-23T09:05:50Z</time>
   </trkpt>
   <trkpt lat="10.3144320" lon="123.8668080">
    <ele>109.7</ele>
    <time>2025-12-23T09:05:51Z</time>
   </trkpt>
   <trkpt lat="10.3144270" lon="123.8668160">
    <ele>109.7</ele>
    <time>2025-12-23T09:05:52Z</time>
   </trkpt>
   <trkpt lat="10.3144220" lon="123.8668230">
    <ele>109.7</ele>
    <time>2025-12-23T09:05:53Z</time>
   </trkpt>
   <trkpt lat="10.3144160" lon="123.8668340">
    <ele>109.7</ele>
    <time>2025-12-23T09:05:54Z</time>
   </trkpt>
   <trkpt lat="10.3144080" lon="123.8668470">
    <ele>109.7</ele>
    <time>2025-12-23T09:05:55Z</time>
   </trkpt>
   <trkpt lat="10.3143920" lon="123.8668630">
    <ele>109.8</ele>
    <time>2025-12-23T09:05:56Z</time>
   </trkpt>
   <trkpt lat="10.3143840" lon="123.8668690">
    <ele>109.8</ele>
    <time>2025-12-23T09:05:57Z</time>
   </trkpt>
   <trkpt lat="10.3143770" lon="123.8668750">
    <ele>109.8</ele>
    <time>2025-12-23T09:05:58Z</time>
   </trkpt>
   <trkpt lat="10.3143640" lon="123.8668850">
    <ele>109.8</ele>
    <time>2025-12-23T09:05:59Z</time>
   </trkpt>
   <trkpt lat="10.3143480" lon="123.8668900">
    <ele>109.8</ele>
    <time>2025-12-23T09:06:00Z</time>
   </trkpt>
   <trkpt lat="10.3143350" lon="123.8668930">
    <ele>109.9</ele>
    <time>2025-12-23T09:06:01Z</time>
   </trkpt>
   <trkpt lat="10.3143220" lon="123.8668990">
    <ele>109.9</ele>
    <time>2025-12-23T09:06:02Z</time>
   </trkpt>
   <trkpt lat="10.3143030" lon="123.8669090">
    <ele>109.9</ele>
    <time>2025-12-23T09:06:03Z</time>
   </trkpt>
   <trkpt lat="10.3142950" lon="123.8669120">
    <ele>109.9</ele>
    <time>2025-12-23T09:06:04Z</time>
   </trkpt>
   <trkpt lat="10.3142880" lon="123.8669160">
    <ele>109.9</ele>
    <time>2025-12-23T09:06:05Z</time>
   </trkpt>
   <trkpt lat="10.3142770" lon="123.8669250">
    <ele>110.0</ele>
    <time>2025-12-23T09:06:06Z</time>
   </trkpt>
   <trkpt lat="10.3142640" lon="123.8669300">
    <ele>110.0</ele>
    <time>2025-12-23T09:06:07Z</time>
   </trkpt>
   <trkpt lat="10.3142430" lon="123.8669370">
    <ele>110.0</ele>
    <time>2025-12-23T09:06:08Z</time>
   </trkpt>
   <trkpt lat="10.3142340" lon="123.8669400">
    <ele>110.0</ele>
    <time>2025-12-23T09:06:09Z</time>
   </trkpt>
   <trkpt lat="10.3142260" lon="123.8669430">
    <ele>110.0</ele>
    <time>2025-12-23T09:06:10Z</time>
   </trkpt>
   <trkpt lat="10.3142090" lon="123.8669560">
    <ele>110.0</ele>
    <time>2025-12-23T09:06:11Z</time>
   </trkpt>
   <trkpt lat="10.3142030" lon="123.8669620">
    <ele>110.0</ele>
    <time>2025-12-23T09:06:12Z</time>
   </trkpt>
   <trkpt lat="10.3141970" lon="123.8669690">
    <ele>110.0</ele>
    <time>2025-12-23T09:06:13Z</time>
   </trkpt>
   <trkpt lat="10.3141850" lon="123.8669800">
    <ele>110.0</ele>
    <time>2025-12-23T09:06:14Z</time>
   </trkpt>
   <trkpt lat="10.3141740" lon="123.8669900">
    <ele>110.0</ele>
    <time>2025-12-23T09:06:15Z</time>
   </trkpt>
   <trkpt lat="10.3141610" lon="123.8670000">
    <ele>110.0</ele>
    <time>2025-12-23T09:06:16Z</time>
   </trkpt>
   <trkpt lat="10.3141500" lon="123.8670080">
    <ele>110.0</ele>
    <time>2025-12-23T09:06:17Z</time>
   </trkpt>
   <trkpt lat="10.3141380" lon="123.8670170">
    <ele>110.0</ele>
    <time>2025-12-23T09:06:18Z</time>
   </trkpt>
   <trkpt lat="10.3141260" lon="123.8670250">
    <ele>109.9</ele>
    <time>2025-12-23T09:06:19Z</time>
   </trkpt>
   <trkpt lat="10.3141130" lon="123.8670350">
    <ele>109.9</ele>
    <time>2025-12-23T09:06:20Z</time>
   </trkpt>
   <trkpt lat="10.3141010" lon="123.8670440">
    <ele>109.9</ele>
    <time>2025-12-23T09:06:21Z</time>
   </trkpt>
   <trkpt lat="10.3140890" lon="123.8670580">
    <ele>109.8</ele>
    <time>2025-12-23T09:06:22Z</time>
   </trkpt>
   <trkpt lat="10.3140780" lon="123.8670650">
    <ele>109.8</ele>
    <time>2025-12-23T09:06:23Z</time>
   </trkpt>
   <trkpt lat="10.3140700" lon="123.8670680">
    <ele>109.8</ele>
    <time>2025-12-23T09:06:24Z</time>
   </trkpt>
   <trkpt lat="10.3140640" lon="123.8670700">
    <ele>109.7</ele>
    <time>2025-12-23T09:06:25Z</time>
   </trkpt>
   <trkpt lat="10.3140570" lon="123.8670730">
    <ele>109.7</ele>
    <time>2025-12-23T09:06:26Z</time>
   </trkpt>
   <trkpt lat="10.3140460" lon="123.8670770">
    <ele>109.7</ele>
    <time>2025-12-23T09:06:27Z</time>
   </trkpt>
   <trkpt lat="10.3140350" lon="123.8670810">
    <ele>109.6</ele>
    <time>2025-12-23T09:06:28Z</time>
   </trkpt>
   <trkpt lat="10.3140240" lon="123.8670860">
    <ele>109.6</ele>
    <time>2025-12-23T09:06:29Z</time>
   </trkpt>
   <trkpt lat="10.3140120" lon="123.8670890">
    <ele>109.5</ele>
    <time>2025-12-23T09:06:30Z</time>
   </trkpt>
   <trkpt lat="10.3140010" lon="123.8670910">
    <ele>109.5</ele>
    <time>2025-12-23T09:06:31Z</time>
   </trkpt>
   <trkpt lat="10.3139890" lon="123.8670940">
    <ele>109.4</ele>
    <time>2025-12-23T09:06:32Z</time>
   </trkpt>
   <trkpt lat="10.3139780" lon="123.8670990">
    <ele>109.4</ele>
    <time>2025-12-23T09:06:33Z</time>
   </trkpt>
   <trkpt lat="10.3139670" lon="123.8671040">
    <ele>109.3</ele>
    <time>2025-12-23T09:06:34Z</time>
   </trkpt>
   <trkpt lat="10.3139560" lon="123.8671080">
    <ele>109.3</ele>
    <time>2025-12-23T09:06:35Z</time>
   </trkpt>
   <trkpt lat="10.3139440" lon="123.8671120">
    <ele>109.3</ele>
    <time>2025-12-23T09:06:36Z</time>
   </trkpt>
   <trkpt lat="10.3139320" lon="123.8671170">
    <ele>109.2</ele>
    <time>2025-12-23T09:06:37Z</time>
   </trkpt>
   <trkpt lat="10.3139220" lon="123.8671220">
    <ele>109.2</ele>
    <time>2025-12-23T09:06:38Z</time>
   </trkpt>
   <trkpt lat="10.3139120" lon="123.8671290">
    <ele>109.1</ele>
    <time>2025-12-23T09:06:39Z</time>
   </trkpt>
   <trkpt lat="10.3139030" lon="123.8671340">
    <ele>109.1</ele>
    <time>2025-12-23T09:06:40Z</time>
   </trkpt>
   <trkpt lat="10.3138950" lon="123.8671390">
    <ele>109.0</ele>
    <time>2025-12-23T09:06:41Z</time>
   </trkpt>
   <trkpt lat="10.3138870" lon="123.8671430">
    <ele>109.0</ele>
    <time>2025-12-23T09:06:42Z</time>
   </trkpt>
   <trkpt lat="10.3138790" lon="123.8671460">
    <ele>108.9</ele>
    <time>2025-12-23T09:06:43Z</time>
   </trkpt>
   <trkpt lat="10.3138700" lon="123.8671490">
    <ele>108.9</ele>
    <time>2025-12-23T09:06:44Z</time>
   </trkpt>
   <trkpt lat="10.3138620" lon="123.8671520">
    <ele>108.9</ele>
    <time>2025-12-23T09:06:45Z</time>
   </trkpt>
   <trkpt lat="10.3138540" lon="123.8671570">
    <ele>108.8</ele>
    <time>2025-12-23T09:06:46Z</time>
   </trkpt>
   <trkpt lat="10.3138450" lon="123.8671630">
    <ele>108.8</ele>
    <time>2025-12-23T09:06:47Z</time>
   </trkpt>
   <trkpt lat="10.3138340" lon="123.8671680">
    <ele>108.7</ele>
    <time>2025-12-23T09:06:48Z</time>
   </trkpt>
   <trkpt lat="10.3138210" lon="123.8671730">
    <ele>108.6</ele>
    <time>2025-12-23T09:06:49Z</time>
   </trkpt>
   <trkpt lat="10.3138080" lon="123.8671770">
    <ele>108.5</ele>
    <time>2025-12-23T09:06:50Z</time>
   </trkpt>
   <trkpt lat="10.3137940" lon="123.8671820">
    <ele>108.4</ele>
    <time>2025-12-23T09:06:51Z</time>
   </trkpt>
   <trkpt lat="10.3137820" lon="123.8671870">
    <ele>108.4</ele>
    <time>2025-12-23T09:06:52Z</time>
   </trkpt>
   <trkpt lat="10.3137700" lon="123.8671900">
    <ele>108.3</ele>
    <time>2025-12-23T09:06:53Z</time>
   </trkpt>
   <trkpt lat="10.3137570" lon="123.8671920">
    <ele>108.2</ele>
    <time>2025-12-23T09:06:54Z</time>
   </trkpt>
   <trkpt lat="10.3137460" lon="123.8671930">
    <ele>108.1</ele>
    <time>2025-12-23T09:06:55Z</time>
   </trkpt>
   <trkpt lat="10.3137280" lon="123.8671980">
    <ele>108.0</ele>
    <time>2025-12-23T09:06:56Z</time>
   </trkpt>
   <trkpt lat="10.3137190" lon="123.8672010">
    <ele>107.9</ele>
    <time>2025-12-23T09:06:57Z</time>
   </trkpt>
   <trkpt lat="10.3137110" lon="123.8672040">
    <ele>107.8</ele>
    <time>2025-12-23T09:06:58Z</time>
   </trkpt>
   <trkpt lat="10.3136990" lon="123.8672060">
    <ele>107.7</ele>
    <time>2025-12-23T09:06:59Z</time>
   </trkpt>
   <trkpt lat="10.3136910" lon="123.8672120">
    <ele>107.7</ele>
    <time>2025-12-23T09:07:00Z</time>
   </trkpt>
   <trkpt lat="10.3136850" lon="123.8672220">
    <ele>107.6</ele>
    <time>2025-12-23T09:07:01Z</time>
   </trkpt>
   <trkpt lat="10.3136770" lon="123.8672290">
    <ele>107.5</ele>
    <time>2025-12-23T09:07:02Z</time>
   </trkpt>
   <trkpt lat="10.3136690" lon="123.8672340">
    <ele>107.4</ele>
    <time>2025-12-23T09:07:03Z</time>
   </trkpt>
   <trkpt lat="10.3136590" lon="123.8672370">
    <ele>107.3</ele>
    <time>2025-12-23T09:07:04Z</time>
   </trkpt>
   <trkpt lat="10.3136500" lon="123.8672400">
    <ele>107.2</ele>
    <time>2025-12-23T09:07:05Z</time>
   </trkpt>
   <trkpt lat="10.3136400" lon="123.8672450">
    <ele>107.1</ele>
    <time>2025-12-23T09:07:06Z</time>
   </trkpt>
   <trkpt lat="10.3136290" lon="123.8672500">
    <ele>107.0</ele>
    <time>2025-12-23T09:07:07Z</time>
   </trkpt>
   <trkpt lat="10.3136090" lon="123.8672600">
    <ele>106.8</ele>
    <time>2025-12-23T09:07:08Z</time>
   </trkpt>
   <trkpt lat="10.3136020" lon="123.8672660">
    <ele>106.7</ele>
    <time>2025-12-23T09:07:09Z</time>
   </trkpt>
   <trkpt lat="10.3135950" lon="123.8672710">
    <ele>106.6</ele>
    <time>2025-12-23T09:07:10Z</time>
   </trkpt>
   <trkpt lat="10.3135840" lon="123.8672850">
    <ele>106.4</ele>
    <time>2025-12-23T09:07:11Z</time>
   </trkpt>
   <trkpt lat="10.3135700" lon="123.8672970">
    <ele>106.2</ele>
    <time>2025-12-23T09:07:12Z</time>
   </trkpt>
   <trkpt lat="10.3135550" lon="123.8673030">
    <ele>106.1</ele>
    <time>2025-12-23T09:07:13Z</time>
   </trkpt>
   <trkpt lat="10.3135430" lon="123.8673050">
    <ele>106.0</ele>
    <time>2025-12-23T09:07:14Z</time>
   </trkpt>
   <trkpt lat="10.3135290" lon="123.8673120">
    <ele>105.8</ele>
    <time>2025-12-23T09:07:15Z</time>
   </trkpt>
   <trkpt lat="10.3135170" lon="123.8673200">
    <ele>105.7</ele>
    <time>2025-12-23T09:07:16Z</time>
   </trkpt>
   <trkpt lat="10.3134990" lon="123.8673320">
    <ele>105.4</ele>
    <time>2025-12-23T09:07:17Z</time>
   </trkpt>
   <trkpt lat="10.3134930" lon="123.8673380">
    <ele>105.4</ele>
    <time>2025-12-23T09:07:18Z</time>
   </trkpt>
   <trkpt lat="10.3134860" lon="123.8673430">
    <ele>105.3</ele>
    <time>2025-12-23T09:07:19Z</time>
   </trkpt>
   <trkpt lat="10.3134790" lon="123.8673490">
    <ele>105.2</ele>
    <time>2025-12-23T09:07:20Z</time>
   </trkpt>
   <trkpt lat="10.3134700" lon="123.8673530">
    <ele>105.1</ele>
    <time>2025-12-23T09:07:21Z</time>
   </trkpt>
   <trkpt lat="10.3134610" lon="123.8673600">
    <ele>105.0</ele>
    <time>2025-12-23T09:07:22Z</time>
   </trkpt>
   <trkpt lat="10.3134540" lon="123.8673650">
    <ele>104.9</ele>
    <time>2025-12-23T09:07:23Z</time>
   </trkpt>
   <trkpt lat="10.3134460" lon="123.8673720">
    <ele>104.8</ele>
    <time>2025-12-23T09:07:24Z</time>
   </trkpt>
   <trkpt lat="10.3134370" lon="123.8673810">
    <ele>104.6</ele>
    <time>2025-12-23T09:07:25Z</time>
   </trkpt>
   <trkpt lat="10.3134230" lon="123.8673960">
    <ele>104.4</ele>
    <time>2025-12-23T09:07:26Z</time>
   </trkpt>
   <trkpt lat="10.3134180" lon="123.8674030">
    <ele>104.4</ele>
    <time>2025-12-23T09:07:27Z</time>
   </trkpt>
   <trkpt lat="10.3134140" lon="123.8674100">
    <ele>104.3</ele>
    <time>2025-12-23T09:07:28Z</time>
   </trkpt>
   <trkpt lat="10.3134230" lon="123.8674290">
    <ele>104.0</ele>
    <time>2025-12-23T09:07:29Z</time>
   </trkpt>
   <trkpt lat="10.3134260" lon="123.8674370">
    <ele>103.9</ele>
    <time>2025-12-23T09:07:30Z</time>
   </trkpt>
   <trkpt lat="10.3134300" lon="123.8674440">
    <ele>103.8</ele>
    <time>2025-12-23T09:07:31Z</time>
   </trkpt>
   <trkpt lat="10.3134320" lon="123.8674560">
    <ele>103.7</ele>
    <time>2025-12-23T09:07:32Z</time>
   </trkpt>
   <trkpt lat="10.3134350" lon="123.8674660">
    <ele>103.5</ele>
    <time>2025-12-23T09:07:33Z</time>
   </trkpt>
   <trkpt lat="10.3134330" lon="123.8674750">
    <ele>103.4</ele>
    <time>2025-12-23T09:07:34Z</time>
   </trkpt>
   <trkpt lat="10.3134290" lon="123.8674820">
    <ele>103.3</ele>
    <time>2025-12-23T09:07:35Z</time>
   </trkpt>
   <trkpt lat="10.3134260" lon="123.8674880">
    <ele>103.2</ele>
    <time>2025-12-23T09:07:36Z</time>
   </trkpt>
   <trkpt lat="10.3134240" lon="123.8674950">
    <ele>103.1</ele>
    <time>2025-12-23T09:07:37Z</time>
   </trkpt>
   <trkpt lat="10.3134210" lon="123.8675060">
    <ele>103.0</ele>
    <time>2025-12-23T09:07:38Z</time>
   </trkpt>
   <trkpt lat="10.3134080" lon="123.8675240">
    <ele>102.6</ele>
    <time>2025-12-23T09:07:39Z</time>
   </trkpt>
   <trkpt lat="10.3134010" lon="123.8675280">
    <ele>102.5</ele>
    <time>2025-12-23T09:07:40Z</time>
   </trkpt>
   <trkpt lat="10.3133950" lon="123.8675330">
    <ele>102.4</ele>
    <time>2025-12-23T09:07:41Z</time>
   </trkpt>
   <trkpt lat="10.3133860" lon="123.8675380">
    <ele>102.2</ele>
    <time>2025-12-23T09:07:42Z</time>
   </trkpt>
   <trkpt lat="10.3133790" lon="123.8675440">
    <ele>102.1</ele>
    <time>2025-12-23T09:07:43Z</time>
   </trkpt>
   <trkpt lat="10.3133720" lon="123.8675490">
    <ele>101.9</ele>
    <time>2025-12-23T09:07:44Z</time>
   </trkpt>
   <trkpt lat="10.3133640" lon="123.8675560">
    <ele>101.8</ele>
    <time>2025-12-23T09:07:45Z</time>
   </trkpt>
   <trkpt lat="10.3133550" lon="123.8675640">
    <ele>101.6</ele>
    <time>2025-12-23T09:07:46Z</time>
   </trkpt>
   <trkpt lat="10.3133430" lon="123.8675700">
    <ele>101.3</ele>
    <time>2025-12-23T09:07:47Z</time>
   </trkpt>
   <trkpt lat="10.3133340" lon="123.8675780">
    <ele>101.1</ele>
    <time>2025-12-23T09:07:48Z</time>
   </trkpt>
   <trkpt lat="10.3133260" lon="123.8675870">
    <ele>100.9</ele>
    <time>2025-12-23T09:07:49Z</time>
   </trkpt>
   <trkpt lat="10.3133250" lon="123.8675960">
    <ele>100.8</ele>
    <time>2025-12-23T09:07:50Z</time>
   </trkpt>
   <trkpt lat="10.3133230" lon="123.8676080">
    <ele>100.5</ele>
    <time>2025-12-23T09:07:51Z</time>
   </trkpt>
   <trkpt lat="10.3133190" lon="123.8676150">
    <ele>100.4</ele>
    <time>2025-12-23T09:07:52Z</time>
   </trkpt>
   <trkpt lat="10.3133140" lon="123.8676220">
    <ele>100.3</ele>
    <time>2025-12-23T09:07:53Z</time>
   </trkpt>
   <trkpt lat="10.3133070" lon="123.8676260">
    <ele>100.1</ele>
    <time>2025-12-23T09:07:54Z</time>
   </trkpt>
   <trkpt lat="10.3133010" lon="123.8676340">
    <ele>99.9</ele>
    <time>2025-12-23T09:07:55Z</time>
   </trkpt>
   <trkpt lat="10.3132930" lon="123.8676450">
    <ele>99.7</ele>
    <time>2025-12-23T09:07:56Z</time>
   </trkpt>
   <trkpt lat="10.3132850" lon="123.8676530">
    <ele>99.5</ele>
    <time>2025-12-23T09:07:57Z</time>
   </trkpt>
   <trkpt lat="10.3132800" lon="123.8676640">
    <ele>99.3</ele>
    <time>2025-12-23T09:07:58Z</time>
   </trkpt>
   <trkpt lat="10.3132720" lon="123.8676740">
    <ele>99.1</ele>
    <time>2025-12-23T09:07:59Z</time>
   </trkpt>
   <trkpt lat="10.3132560" lon="123.8676890">
    <ele>98.7</ele>
    <time>2025-12-23T09:08:00Z</time>
   </trkpt>
   <trkpt lat="10.3132490" lon="123.8676930">
    <ele>98.6</ele>
    <time>2025-12-23T09:08:01Z</time>
   </trkpt>
   <trkpt lat="10.3132420" lon="123.8676980">
    <ele>98.4</ele>
    <time>2025-12-23T09:08:02Z</time>
   </trkpt>
   <trkpt lat="10.3132310" lon="123.8677100">
    <ele>98.2</ele>
    <time>2025-12-23T09:08:03Z</time>
   </trkpt>
   <trkpt lat="10.3132210" lon="123.8677200">
    <ele>97.9</ele>
    <time>2025-12-23T09:08:04Z</time>
   </trkpt>
   <trkpt lat="10.3132060" lon="123.8677320">
    <ele>97.6</ele>
    <time>2025-12-23T09:08:05Z</time>
   </trkpt>
   <trkpt lat="10.3131980" lon="123.8677380">
    <ele>97.4</ele>
    <time>2025-12-23T09:08:06Z</time>
   </trkpt>
   <trkpt lat="10.3131910" lon="123.8677430">
    <ele>97.3</ele>
    <time>2025-12-23T09:08:07Z</time>
   </trkpt>
   <trkpt lat="10.3131810" lon="123.8677530">
    <ele>97.0</ele>
    <time>2025-12-23T09:08:08Z</time>
   </trkpt>
   <trkpt lat="10.3131700" lon="123.8677640">
    <ele>96.8</ele>
    <time>2025-12-23T09:08:09Z</time>
   </trkpt>
   <trkpt lat="10.3131610" lon="123.8677740">
    <ele>96.5</ele>
    <time>2025-12-23T09:08:10Z</time>
   </trkpt>
   <trkpt lat="10.3131510" lon="123.8677850">
    <ele>96.3</ele>
    <time>2025-12-23T09:08:11Z</time>
   </trkpt>
   <trkpt lat="10.3131360" lon="123.8678000">
    <ele>95.9</ele>
    <time>2025-12-23T09:08:12Z</time>
   </trkpt>
   <trkpt lat="10.3131300" lon="123.8678070">
    <ele>95.7</ele>
    <time>2025-12-23T09:08:13Z</time>
   </trkpt>
   <trkpt lat="10.3131240" lon="123.8678130">
    <ele>95.6</ele>
    <time>2025-12-23T09:08:14Z</time>
   </trkpt>
   <trkpt lat="10.3131130" lon="123.8678230">
    <ele>95.3</ele>
    <time>2025-12-23T09:08:15Z</time>
   </trkpt>
   <trkpt lat="10.3131010" lon="123.8678330">
    <ele>95.0</ele>
    <time>2025-12-23T09:08:16Z</time>
   </trkpt>
   <trkpt lat="10.3130920" lon="123.8678460">
    <ele>94.7</ele>
    <time>2025-12-23T09:08:17Z</time>
   </trkpt>
   <trkpt lat="10.3130850" lon="123.8678590">
    <ele>94.5</ele>
    <time>2025-12-23T09:08:18Z</time>
   </trkpt>
   <trkpt lat="10.3130740" lon="123.8678700">
    <ele>94.2</ele>
    <time>2025-12-23T09:08:19Z</time>
   </trkpt>
   <trkpt lat="10.3130630" lon="123.8678780">
    <ele>93.9</ele>
    <time>2025-12-23T09:08:20Z</time>
   </trkpt>
   <trkpt lat="10.3130540" lon="123.8678860">
    <ele>93.7</ele>
    <time>2025-12-23T09:08:21Z</time>
   </trkpt>
   <trkpt lat="10.3130470" lon="123.8678930">
    <ele>93.5</ele>
    <time>2025-12-23T09:08:22Z</time>
   </trkpt>
   <trkpt lat="10.3130390" lon="123.8678990">
    <ele>93.4</ele>
    <time>2025-12-23T09:08:23Z</time>
   </trkpt>
   <trkpt lat="10.3130350" lon="123.8679040">
    <ele>93.2</ele>
    <time>2025-12-23T09:08:24Z</time>
   </trkpt>
   <trkpt lat="10.3130290" lon="123.8679130">
    <ele>93.0</ele>
    <time>2025-12-23T09:08:25Z</time>
   </trkpt>
   <trkpt lat="10.3130240" lon="123.8679230">
    <ele>92.8</ele>
    <time>2025-12-23T09:08:26Z</time>
   </trkpt>
   <trkpt lat="10.3130140" lon="123.8679290">
    <ele>92.6</ele>
    <time>2025-12-23T09:08:27Z</time>
   </trkpt>
   <trkpt lat="10.3130040" lon="123.8679350">
    <ele>92.4</ele>
    <time>2025-12-23T09:08:28Z</time>
   </trkpt>
   <trkpt lat="10.3129970" lon="123.8679380">
    <ele>92.3</ele>
    <time>2025-12-23T09:08:29Z</time>
   </trkpt>
   <trkpt lat="10.3129870" lon="123.8679440">
    <ele>92.1</ele>
    <time>2025-12-23T09:08:30Z</time>
   </trkpt>
   <trkpt lat="10.3129800" lon="123.8679530">
    <ele>91.9</ele>
    <time>2025-12-23T09:08:31Z</time>
   </trkpt>
   <trkpt lat="10.3129720" lon="123.8679600">
    <ele>91.7</ele>
    <time>2025-12-23T09:08:32Z</time>
   </trkpt>
   <trkpt lat="10.3129660" lon="123.8679680">
    <ele>91.5</ele>
    <time>2025-12-23T09:08:33Z</time>
   </trkpt>
   <trkpt lat="10.3129610" lon="123.8679760">
    <ele>91.3</ele>
    <time>2025-12-23T09:08:34Z</time>
   </trkpt>
   <trkpt lat="10.3129550" lon="123.8679850">
    <ele>91.1</ele>
    <time>2025-12-23T09:08:35Z</time>
   </trkpt>
   <trkpt lat="10.3129490" lon="123.8679920">
    <ele>90.9</ele>
    <time>2025-12-23T09:08:36Z</time>
   </trkpt>
   <trkpt lat="10.3129430" lon="123.8679980">
    <ele>90.7</ele>
    <time>2025-12-23T09:08:37Z</time>
   </trkpt>
   <trkpt lat="10.3129370" lon="123.8680040">
    <ele>90.6</ele>
    <time>2025-12-23T09:08:38Z</time>
   </trkpt>
   <trkpt lat="10.3129310" lon="123.8680100">
    <ele>90.4</ele>
    <time>2025-12-23T09:08:39Z</time>
   </trkpt>
   <trkpt lat="10.3129260" lon="123.8680170">
    <ele>90.2</ele>
    <time>2025-12-23T09:08:40Z</time>
   </trkpt>
   <trkpt lat="10.3129220" lon="123.8680230">
    <ele>90.1</ele>
    <time>2025-12-23T09:08:41Z</time>
   </trkpt>
   <trkpt lat="10.3129180" lon="123.8680250">
    <ele>90.0</ele>
    <time>2025-12-23T09:08:42Z</time>
   </trkpt>
   <trkpt lat="10.3129140" lon="123.8680260">
    <ele>89.9</ele>
    <time>2025-12-23T09:08:43Z</time>
   </trkpt>
   <trkpt lat="10.3129060" lon="123.8680260">
    <ele>89.7</ele>
    <time>2025-12-23T09:08:44Z</time>
   </trkpt>
   <trkpt lat="10.3128960" lon="123.8680270">
    <ele>89.5</ele>
    <time>2025-12-23T09:08:45Z</time>
   </trkpt>
   <trkpt lat="10.3128870" lon="123.8680320">
    <ele>89.3</ele>
    <time>2025-12-23T09:08:46Z</time>
   </trkpt>
   <trkpt lat="10.3128780" lon="123.8680380">
    <ele>89.1</ele>
    <time>2025-12-23T09:08:47Z</time>
   </trkpt>
   <trkpt lat="10.3128690" lon="123.8680440">
    <ele>88.9</ele>
    <time>2025-12-23T09:08:48Z</time>
   </trkpt>
   <trkpt lat="10.3128590" lon="123.8680460">
    <ele>88.7</ele>
    <time>2025-12-23T09:08:49Z</time>
   </trkpt>
   <trkpt lat="10.3128480" lon="123.8680540">
    <ele>88.4</ele>
    <time>2025-12-23T09:08:50Z</time>
   </trkpt>
   <trkpt lat="10.3128370" lon="123.8680630">
    <ele>88.2</ele>
    <time>2025-12-23T09:08:51Z</time>
   </trkpt>
   <trkpt lat="10.3128260" lon="123.8680720">
    <ele>87.9</ele>
    <time>2025-12-23T09:08:52Z</time>
   </trkpt>
   <trkpt lat="10.3128180" lon="123.8680820">
    <ele>87.7</ele>
    <time>2025-12-23T09:08:53Z</time>
   </trkpt>
   <trkpt lat="10.3128110" lon="123.8680900">
    <ele>87.5</ele>
    <time>2025-12-23T09:08:54Z</time>
   </trkpt>
   <trkpt lat="10.3128030" lon="123.8680970">
    <ele>87.3</ele>
    <time>2025-12-23T09:08:55Z</time>
   </trkpt>
   <trkpt lat="10.3127960" lon="123.8681040">
    <ele>87.1</ele>
    <time>2025-12-23T09:08:56Z</time>
   </trkpt>
   <trkpt lat="10.3127890" lon="123.8681100">
    <ele>86.9</ele>
    <time>2025-12-23T09:08:57Z</time>
   </trkpt>
   <trkpt lat="10.3127850" lon="123.8681200">
    <ele>86.7</ele>
    <time>2025-12-23T09:08:58Z</time>
   </trkpt>
   <trkpt lat="10.3127800" lon="123.8681280">
    <ele>86.5</ele>
    <time>2025-12-23T09:08:59Z</time>
   </trkpt>
   <trkpt lat="10.3127730" lon="123.8681350">
    <ele>86.4</ele>
    <time>2025-12-23T09:09:00Z</time>
   </trkpt>
   <trkpt lat="10.3127650" lon="123.8681430">
    <ele>86.2</ele>
    <time>2025-12-23T09:09:01Z</time>
   </trkpt>
   <trkpt lat="10.3127460" lon="123.8681540">
    <ele>85.7</ele>
    <time>2025-12-23T09:09:02Z</time>
   </trkpt>
   <trkpt lat="10.3127380" lon="123.8681580">
    <ele>85.6</ele>
    <time>2025-12-23T09:09:03Z</time>
   </trkpt>
   <trkpt lat="10.3127300" lon="123.8681620">
    <ele>85.4</ele>
    <time>2025-12-23T09:09:04Z</time>
   </trkpt>
   <trkpt lat="10.3127180" lon="123.8681690">
    <ele>85.2</ele>
    <time>2025-12-23T09:09:05Z</time>
   </trkpt>
   <trkpt lat="10.3127070" lon="123.8681730">
    <ele>84.9</ele>
    <time>2025-12-23T09:09:06Z</time>
   </trkpt>
   <trkpt lat="10.3126980" lon="123.8681740">
    <ele>84.8</ele>
    <time>2025-12-23T09:09:07Z</time>
   </trkpt>
   <trkpt lat="10.3126830" lon="123.8681800">
    <ele>84.4</ele>
    <time>2025-12-23T09:09:08Z</time>
   </trkpt>
   <trkpt lat="10.3126760" lon="123.8681830">
    <ele>84.3</ele>
    <time>2025-12-23T09:09:09Z</time>
   </trkpt>
   <trkpt lat="10.3126690" lon="123.8681850">
    <ele>84.2</ele>
    <time>2025-12-23T09:09:10Z</time>
   </trkpt>
   <trkpt lat="10.3126620" lon="123.8681880">
    <ele>84.0</ele>
    <time>2025-12-23T09:09:11Z</time>
   </trkpt>
   <trkpt lat="10.3126510" lon="123.8681980">
    <ele>83.7</ele>
    <time>2025-12-23T09:09:12Z</time>
   </trkpt>
   <trkpt lat="10.3126400" lon="123.8682080">
    <ele>83.4</ele>
    <time>2025-12-23T09:09:13Z</time>
   </trkpt>
   <trkpt lat="10.3126290" lon="123.8682150">
    <ele>83.2</ele>
    <time>2025-12-23T09:09:14Z</time>
   </trkpt>
   <trkpt lat="10.3126200" lon="123.8682200">
    <ele>83.0</ele>
    <time>2025-12-23T09:09:15Z</time>
   </trkpt>
   <trkpt lat="10.3126100" lon="123.8682210">
    <ele>82.8</ele>
    <time>2025-12-23T09:09:16Z</time>
   </trkpt>
   <trkpt lat="10.3126010" lon="123.8682240">
    <ele>82.6</ele>
    <time>2025-12-23T09:09:17Z</time>
   </trkpt>
   <trkpt lat="10.3125930" lon="123.8682280">
    <ele>82.4</ele>
    <time>2025-12-23T09:09:18Z</time>
   </trkpt>
   <trkpt lat="10.3125830" lon="123.8682350">
    <ele>82.2</ele>
    <time>2025-12-23T09:09:19Z</time>
   </trkpt>
   <trkpt lat="10.3125680" lon="123.8682460">
    <ele>81.9</ele>
    <time>2025-12-23T09:09:20Z</time>
   </trkpt>
   <trkpt lat="10.3125600" lon="123.8682530">
    <ele>81.7</ele>
    <time>2025-12-23T09:09:21Z</time>
   </trkpt>
   <trkpt lat="10.3125530" lon="123.8682590">
    <ele>81.5</ele>
    <time>2025-12-23T09:09:22Z</time>
   </trkpt>
   <trkpt lat="10.3125450" lon="123.8682650">
    <ele>81.4</ele>
    <time>2025-12-23T09:09:23Z</time>
   </trkpt>
   <trkpt lat="10.3125360" lon="123.8682710">
    <ele>81.2</ele>
    <time>2025-12-23T09:09:24Z</time>
   </trkpt>
   <trkpt lat="10.3125250" lon="123.8682760">
    <ele>81.0</ele>
    <time>2025-12-23T09:09:25Z</time>
   </trkpt>
   <trkpt lat="10.3125110" lon="123.8682770">
    <ele>80.7</ele>
    <time>2025-12-23T09:09:26Z</time>
   </trkpt>
   <trkpt lat="10.3124950" lon="123.8682770">
    <ele>80.4</ele>
    <time>2025-12-23T09:09:27Z</time>
   </trkpt>
   <trkpt lat="10.3124820" lon="123.8682770">
    <ele>80.2</ele>
    <time>2025-12-23T09:09:28Z</time>
   </trkpt>
   <trkpt lat="10.3124700" lon="123.8682770">
    <ele>80.0</ele>
    <time>2025-12-23T09:09:29Z</time>
   </trkpt>
   <trkpt lat="10.3124610" lon="123.8682790">
    <ele>79.9</ele>
    <time>2025-12-23T09:09:30Z</time>
   </trkpt>
   <trkpt lat="10.3124540" lon="123.8682820">
    <ele>79.7</ele>
    <time>2025-12-23T09:09:31Z</time>
   </trkpt>
   <trkpt lat="10.3124490" lon="123.8682840">
    <ele>79.6</ele>
    <time>2025-12-23T09:09:32Z</time>
   </trkpt>
   <trkpt lat="10.3124430" lon="123.8682890">
    <ele>79.5</ele>
    <time>2025-12-23T09:09:33Z</time>
   </trkpt>
   <trkpt lat="10.3124350" lon="123.8682910">
    <ele>79.3</ele>
    <time>2025-12-23T09:09:34Z</time>
   </trkpt>
   <trkpt lat="10.3124290" lon="123.8683000">
    <ele>79.2</ele>
    <time>2025-12-23T09:09:35Z</time>
   </trkpt>
   <trkpt lat="10.3124180" lon="123.8683050">
    <ele>79.0</ele>
    <time>2025-12-23T09:09:36Z</time>
   </trkpt>
   <trkpt lat="10.3124070" lon="123.8683080">
    <ele>78.8</ele>
    <time>2025-12-23T09:09:37Z</time>
   </trkpt>
   <trkpt lat="10.3123930" lon="123.8683070">
    <ele>78.5</ele>
    <time>2025-12-23T09:09:38Z</time>
   </trkpt>
   <trkpt lat="10.3123790" lon="123.8683050">
    <ele>78.3</ele>
    <time>2025-12-23T09:09:39Z</time>
   </trkpt>
   <trkpt lat="10.3123570" lon="123.8683050">
    <ele>77.9</ele>
    <time>2025-12-23T09:09:40Z</time>
   </trkpt>
   <trkpt lat="10.3123490" lon="123.8683060">
    <ele>77.7</ele>
    <time>2025-12-23T09:09:41Z</time>
   </trkpt>
   <trkpt lat="10.3123400" lon="123.8683060">
    <ele>77.6</ele>
    <time>2025-12-23T09:09:42Z</time>
   </trkpt>
   <trkpt lat="10.3123200" lon="123.8683020">
    <ele>77.2</ele>
    <time>2025-12-23T09:09:43Z</time>
   </trkpt>
   <trkpt lat="10.3123120" lon="123.8683020">
    <ele>77.1</ele>
    <time>2025-12-23T09:09:44Z</time>
   </trkpt>
   <trkpt lat="10.3123040" lon="123.8683020">
    <ele>76.9</ele>
    <time>2025-12-23T09:09:45Z</time>
   </trkpt>
   <trkpt lat="10.3122930" lon="123.8683020">
    <ele>76.7</ele>
    <time>2025-12-23T09:09:46Z</time>
   </trkpt>
   <trkpt lat="10.3122840" lon="123.8683010">
    <ele>76.6</ele>
    <time>2025-12-23T09:09:47Z</time>
   </trkpt>
   <trkpt lat="10.3122750" lon="123.8683060">
    <ele>76.4</ele>
    <time>2025-12-23T09:09:48Z</time>
   </trkpt>
   <trkpt lat="10.3122680" lon="123.8683120">
    <ele>76.2</ele>
    <time>2025-12-23T09:09:49Z</time>
   </trkpt>
   <trkpt lat="10.3122630" lon="123.8683160">
    <ele>76.1</ele>
    <time>2025-12-23T09:09:50Z</time>
   </trkpt>
   <trkpt lat="10.3122560" lon="123.8683210">
    <ele>75.9</ele>
    <time>2025-12-23T09:09:51Z</time>
   </trkpt>
   <trkpt lat="10.3122490" lon="123.8683290">
    <ele>75.7</ele>
    <time>2025-12-23T09:09:52Z</time>
   </trkpt>
   <trkpt lat="10.3122410" lon="123.8683360">
    <ele>75.5</ele>
    <time>2025-12-23T09:09:53Z</time>
   </trkpt>
   <trkpt lat="10.3122330" lon="123.8683430">
    <ele>75.3</ele>
    <time>2025-12-23T09:09:54Z</time>
   </trkpt>
   <trkpt lat="10.3122270" lon="123.8683510">
    <ele>75.2</ele>
    <time>2025-12-23T09:09:55Z</time>
   </trkpt>
   <trkpt lat="10.3122190" lon="123.8683580">
    <ele>75.0</ele>
    <time>2025-12-23T09:09:56Z</time>
   </trkpt>
   <trkpt lat="10.3122090" lon="123.8683690">
    <ele>74.7</ele>
    <time>2025-12-23T09:09:57Z</time>
   </trkpt>
   <trkpt lat="10.3122000" lon="123.8683720">
    <ele>74.5</ele>
    <time>2025-12-23T09:09:58Z</time>
   </trkpt>
   <trkpt lat="10.3121940" lon="123.8683790">
    <ele>74.3</ele>
    <time>2025-12-23T09:09:59Z</time>
   </trkpt>
   <trkpt lat="10.3121900" lon="123.8683880">
    <ele>74.1</ele>
    <time>2025-12-23T09:10:00Z</time>
   </trkpt>
   <trkpt lat="10.3121870" lon="123.8684000">
    <ele>73.9</ele>
    <time>2025-12-23T09:10:01Z</time>
   </trkpt>
   <trkpt lat="10.3121760" lon="123.8684190">
    <ele>73.4</ele>
    <time>2025-12-23T09:10:02Z</time>
   </trkpt>
   <trkpt lat="10.3121710" lon="123.8684250">
    <ele>73.3</ele>
    <time>2025-12-23T09:10:03Z</time>
   </trkpt>
   <trkpt lat="10.3121660" lon="123.8684310">
    <ele>73.1</ele>
    <time>2025-12-23T09:10:04Z</time>
   </trkpt>
   <trkpt lat="10.3121590" lon="123.8684440">
    <ele>72.9</ele>
    <time>2025-12-23T09:10:05Z</time>
   </trkpt>
   <trkpt lat="10.3121530" lon="123.8684560">
    <ele>72.6</ele>
    <time>2025-12-23T09:10:06Z</time>
   </trkpt>
   <trkpt lat="10.3121410" lon="123.8684660">
    <ele>72.3</ele>
    <time>2025-12-23T09:10:07Z</time>
   </trkpt>
   <trkpt lat="10.3121290" lon="123.8684720">
    <ele>72.1</ele>
    <time>2025-12-23T09:10:08Z</time>
   </trkpt>
   <trkpt lat="10.3121170" lon="123.8684800">
    <ele>71.9</ele>
    <time>2025-12-23T09:10:09Z</time>
   </trkpt>
   <trkpt lat="10.3121050" lon="123.8684860">
    <ele>71.7</ele>
    <time>2025-12-23T09:10:10Z</time>
   </trkpt>
   <trkpt lat="10.3120900" lon="123.8684920">
    <ele>71.4</ele>
    <time>2025-12-23T09:10:11Z</time>
   </trkpt>
   <trkpt lat="10.3120790" lon="123.8684970">
    <ele>71.3</ele>
    <time>2025-12-23T09:10:12Z</time>
   </trkpt>
   <trkpt lat="10.3120670" lon="123.8685030">
    <ele>71.0</ele>
    <time>2025-12-23T09:10:13Z</time>
   </trkpt>
   <trkpt lat="10.3120580" lon="123.8685060">
    <ele>70.9</ele>
    <time>2025-12-23T09:10:14Z</time>
   </trkpt>
   <trkpt lat="10.3120510" lon="123.8685060">
    <ele>70.8</ele>
    <time>2025-12-23T09:10:15Z</time>
   </trkpt>
   <trkpt lat="10.3120410" lon="123.8685060">
    <ele>70.6</ele>
    <time>2025-12-23T09:10:16Z</time>
   </trkpt>
   <trkpt lat="10.3120330" lon="123.8685040">
    <ele>70.5</ele>
    <time>2025-12-23T09:10:17Z</time>
   </trkpt>
   <trkpt lat="10.3120260" lon="123.8685040">
    <ele>70.4</ele>
    <time>2025-12-23T09:10:18Z</time>
   </trkpt>
   <trkpt lat="10.3120190" lon="123.8685040">
    <ele>70.3</ele>
    <time>2025-12-23T09:10:19Z</time>
   </trkpt>
   <trkpt lat="10.3120060" lon="123.8685100">
    <ele>70.1</ele>
    <time>2025-12-23T09:10:20Z</time>
   </trkpt>
   <trkpt lat="10.3120000" lon="123.8685140">
    <ele>70.0</ele>
    <time>2025-12-23T09:10:21Z</time>
   </trkpt>
   <trkpt lat="10.3119930" lon="123.8685170">
    <ele>69.9</ele>
    <time>2025-12-23T09:10:22Z</time>
   </trkpt>
   <trkpt lat="10.3119870" lon="123.8685210">
    <ele>69.8</ele>
    <time>2025-12-23T09:10:23Z</time>
   </trkpt>
   <trkpt lat="10.3119770" lon="123.8685260">
    <ele>69.6</ele>
    <time>2025-12-23T09:10:24Z</time>
   </trkpt>
   <trkpt lat="10.3119690" lon="123.8685310">
    <ele>69.5</ele>
    <time>2025-12-23T09:10:25Z</time>
   </trkpt>
   <trkpt lat="10.3119600" lon="123.8685350">
    <ele>69.3</ele>
    <time>2025-12-23T09:10:26Z</time>
   </trkpt>
   <trkpt lat="10.3119530" lon="123.8685420">
    <ele>69.2</ele>
    <time>2025-12-23T09:10:27Z</time>
   </trkpt>
   <trkpt lat="10.3119480" lon="123.8685490">
    <ele>69.1</ele>
    <time>2025-12-23T09:10:28Z</time>
   </trkpt>
   <trkpt lat="10.3119420" lon="123.8685540">
    <ele>68.9</ele>
    <time>2025-12-23T09:10:29Z</time>
   </trkpt>
   <trkpt lat="10.3119360" lon="123.8685560">
    <ele>68.9</ele>
    <time>2025-12-23T09:10:30Z</time>
   </trkpt>
   <trkpt lat="10.3119290" lon="123.8685540">
    <ele>68.7</ele>
    <time>2025-12-23T09:10:31Z</time>
   </trkpt>
   <trkpt lat="10.3119190" lon="123.8685530">
    <ele>68.6</ele>
    <time>2025-12-23T09:10:32Z</time>
   </trkpt>
   <trkpt lat="10.3119110" lon="123.8685570">
    <ele>68.5</ele>
    <time>2025-12-23T09:10:33Z</time>
   </trkpt>
   <trkpt lat="10.3119010" lon="123.8685620">
    <ele>68.3</ele>
    <time>2025-12-23T09:10:34Z</time>
   </trkpt>
   <trkpt lat="10.3118910" lon="123.8685690">
    <ele>68.2</ele>
    <time>2025-12-23T09:10:35Z</time>
   </trkpt>
   <trkpt lat="10.3118810" lon="123.8685740">
    <ele>68.0</ele>
    <time>2025-12-23T09:10:36Z</time>
   </trkpt>
   <trkpt lat="10.3118700" lon="123.8685790">
    <ele>67.9</ele>
    <time>2025-12-23T09:10:37Z</time>
   </trkpt>
   <trkpt lat="10.3118620" lon="123.8685860">
    <ele>67.7</ele>
    <time>2025-12-23T09:10:38Z</time>
   </trkpt>
   <trkpt lat="10.3118540" lon="123.8685890">
    <ele>67.6</ele>
    <time>2025-12-23T09:10:39Z</time>
   </trkpt>
   <trkpt lat="10.3118440" lon="123.8685860">
    <ele>67.5</ele>
    <time>2025-12-23T09:10:40Z</time>
   </trkpt>
   <trkpt lat="10.3118340" lon="123.8685860">
    <ele>67.3</ele>
    <time>2025-12-23T09:10:41Z</time>
   </trkpt>
   <trkpt lat="10.3118250" lon="123.8685900">
    <ele>67.2</ele>
    <time>2025-12-23T09:10:42Z</time>
   </trkpt>
   <trkpt lat="10.3118140" lon="123.8685910">
    <ele>67.1</ele>
    <time>2025-12-23T09:10:43Z</time>
   </trkpt>
   <trkpt lat="10.3118040" lon="123.8685940">
    <ele>67.0</ele>
    <time>2025-12-23T09:10:44Z</time>
   </trkpt>
   <trkpt lat="10.3117920" lon="123.8686010">
    <ele>66.8</ele>
    <time>2025-12-23T09:10:45Z</time>
   </trkpt>
   <trkpt lat="10.3117840" lon="123.8686110">
    <ele>66.6</ele>
    <time>2025-12-23T09:10:46Z</time>
   </trkpt>
   <trkpt lat="10.3117740" lon="123.8686190">
    <ele>66.5</ele>
    <time>2025-12-23T09:10:47Z</time>
   </trkpt>
   <trkpt lat="10.3117640" lon="123.8686250">
    <ele>66.3</ele>
    <time>2025-12-23T09:10:48Z</time>
   </trkpt>
   <trkpt lat="10.3117520" lon="123.8686270">
    <ele>66.2</ele>
    <time>2025-12-23T09:10:49Z</time>
   </trkpt>
   <trkpt lat="10.3117300" lon="123.8686340">
    <ele>65.9</ele>
    <time>2025-12-23T09:10:50Z</time>
   </trkpt>
   <trkpt lat="10.3117210" lon="123.8686390">
    <ele>65.8</ele>
    <time>2025-12-23T09:10:51Z</time>
   </trkpt>
   <trkpt lat="10.3117110" lon="123.8686430">
    <ele>65.6</ele>
    <time>2025-12-23T09:10:52Z</time>
   </trkpt>
   <trkpt lat="10.3116960" lon="123.8686450">
    <ele>65.5</ele>
    <time>2025-12-23T09:10:53Z</time>
   </trkpt>
   <trkpt lat="10.3116840" lon="123.8686480">
    <ele>65.3</ele>
    <time>2025-12-23T09:10:54Z</time>
   </trkpt>
   <trkpt lat="10.3116740" lon="123.8686520">
    <ele>65.2</ele>
    <time>2025-12-23T09:10:55Z</time>
   </trkpt>
   <trkpt lat="10.3116650" lon="123.8686580">
    <ele>65.0</ele>
    <time>2025-12-23T09:10:56Z</time>
   </trkpt>
   <trkpt lat="10.3116570" lon="123.8686630">
    <ele>64.9</ele>
    <time>2025-12-23T09:10:57Z</time>
   </trkpt>
   <trkpt lat="10.3116470" lon="123.8686670">
    <ele>64.8</ele>
    <time>2025-12-23T09:10:58Z</time>
   </trkpt>
   <trkpt lat="10.3116390" lon="123.8686710">
    <ele>64.7</ele>
    <time>2025-12-23T09:10:59Z</time>
   </trkpt>
   <trkpt lat="10.3116300" lon="123.8686730">
    <ele>64.6</ele>
    <time>2025-12-23T09:11:00Z</time>
   </trkpt>
   <trkpt lat="10.3116110" lon="123.8686790">
    <ele>64.3</ele>
    <time>2025-12-23T09:11:01Z</time>
   </trkpt>
   <trkpt lat="10.3116030" lon="123.8686810">
    <ele>64.2</ele>
    <time>2025-12-23T09:11:02Z</time>
   </trkpt>
   <trkpt lat="10.3115940" lon="123.8686830">
    <ele>64.1</ele>
    <time>2025-12-23T09:11:03Z</time>
   </trkpt>
   <trkpt lat="10.3115810" lon="123.8686890">
    <ele>63.9</ele>
    <time>2025-12-23T09:11:04Z</time>
   </trkpt>
   <trkpt lat="10.3115660" lon="123.8686950">
    <ele>63.7</ele>
    <time>2025-12-23T09:11:05Z</time>
   </trkpt>
   <trkpt lat="10.3115510" lon="123.8686980">
    <ele>63.5</ele>
    <time>2025-12-23T09:11:06Z</time>
   </trkpt>
   <trkpt lat="10.3115360" lon="123.8687030">
    <ele>63.3</ele>
    <time>2025-12-23T09:11:07Z</time>
   </trkpt>
   <trkpt lat="10.3115230" lon="123.8687010">
    <ele>63.2</ele>
    <time>2025-12-23T09:11:08Z</time>
   </trkpt>
   <trkpt lat="10.3115090" lon="123.8687010">
    <ele>63.0</ele>
    <time>2025-12-23T09:11:09Z</time>
   </trkpt>
   <trkpt lat="10.3114950" lon="123.8687040">
    <ele>62.8</ele>
    <time>2025-12-23T09:11:10Z</time>
   </trkpt>
   <trkpt lat="10.3114800" lon="123.8687070">
    <ele>62.6</ele>
    <time>2025-12-23T09:11:11Z</time>
   </trkpt>
   <trkpt lat="10.3114660" lon="123.8687140">
    <ele>62.4</ele>
    <time>2025-12-23T09:11:12Z</time>
   </trkpt>
   <trkpt lat="10.3114530" lon="123.8687200">
    <ele>62.3</ele>
    <time>2025-12-23T09:11:13Z</time>
   </trkpt>
   <trkpt lat="10.3114410" lon="123.8687210">
    <ele>62.1</ele>
    <time>2025-12-23T09:11:14Z</time>
   </trkpt>
   <trkpt lat="10.3114300" lon="123.8687200">
    <ele>62.0</ele>
    <time>2025-12-23T09:11:15Z</time>
   </trkpt>
   <trkpt lat="10.3114180" lon="123.8687180">
    <ele>61.8</ele>
    <time>2025-12-23T09:11:16Z</time>
   </trkpt>
   <trkpt lat="10.3114100" lon="123.8687180">
    <ele>61.7</ele>
    <time>2025-12-23T09:11:17Z</time>
   </trkpt>
   <trkpt lat="10.3114010" lon="123.8687160">
    <ele>61.6</ele>
    <time>2025-12-23T09:11:18Z</time>
   </trkpt>
   <trkpt lat="10.3113930" lon="123.8687120">
    <ele>61.5</ele>
    <time>2025-12-23T09:11:19Z</time>
   </trkpt>
   <trkpt lat="10.3113850" lon="123.8687110">
    <ele>61.4</ele>
    <time>2025-12-23T09:11:20Z</time>
   </trkpt>
   <trkpt lat="10.3113780" lon="123.8687090">
    <ele>61.3</ele>
    <time>2025-12-23T09:11:21Z</time>
   </trkpt>
   <trkpt lat="10.3113710" lon="123.8687060">
    <ele>61.2</ele>
    <time>2025-12-23T09:11:22Z</time>
   </trkpt>
   <trkpt lat="10.3113660" lon="123.8687050">
    <ele>61.2</ele>
    <time>2025-12-23T09:11:23Z</time>
   </trkpt>
   <trkpt lat="10.3113630" lon="123.8687040">
    <ele>61.1</ele>
    <time>2025-12-23T09:11:24Z</time>
   </trkpt>
   <trkpt lat="10.3113550" lon="123.8687060">
    <ele>61.0</ele>
    <time>2025-12-23T09:11:25Z</time>
   </trkpt>
   <trkpt lat="10.3113510" lon="123.8687050">
    <ele>61.0</ele>
    <time>2025-12-23T09:11:26Z</time>
   </trkpt>
   <trkpt lat="10.3113460" lon="123.8687040">
    <ele>60.9</ele>
    <time>2025-12-23T09:11:27Z</time>
   </trkpt>
   <trkpt lat="10.3113450" lon="123.8687050">
    <ele>60.9</ele>
    <time>2025-12-23T09:11:28Z</time>
   </trkpt>
   <trkpt lat="10.3113460" lon="123.8687070">
    <ele>60.9</ele>
    <time>2025-12-23T09:11:29Z</time>
   </trkpt>
   <trkpt lat="10.3113450" lon="123.8687090">
    <ele>60.8</ele>
    <time>2025-12-23T09:11:30Z</time>
   </trkpt>
   <trkpt lat="10.3113410" lon="123.8687100">
    <ele>60.8</ele>
    <time>2025-12-23T09:11:31Z</time>
   </trkpt>
   <trkpt lat="10.3113360" lon="123.8687110">
    <ele>60.7</ele>
    <time>2025-12-23T09:11:32Z</time>
   </trkpt>
   <trkpt lat="10.3113330" lon="123.8687130">
    <ele>60.7</ele>
    <time>2025-12-23T09:11:33Z</time>
   </trkpt>
   <trkpt lat="10.3113320" lon="123.8687130">
    <ele>60.7</ele>
    <time>2025-12-23T09:11:34Z</time>
   </trkpt>
   <trkpt lat="10.3113320" lon="123.8687130">
    <ele>60.7</ele>
    <time>2025-12-23T09:11:35Z</time>
   </trkpt>
   <trkpt lat="10.3113320" lon="123.8687130">
    <ele>60.7</ele>
    <time>2025-12-23T09:11:36Z</time>
   </trkpt>
   <trkpt lat="10.3113320" lon="123.8687130">
    <ele>60.7</ele>
    <time>2025-12-23T09:11:37Z</time>
   </trkpt>
   <trkpt lat="10.3113320" lon="123.8687130">
    <ele>60.7</ele>
    <time>2025-12-23T09:11:38Z</time>
   </trkpt>
   <trkpt lat="10.3113320" lon="123.8687130">
    <ele>60.7</ele>
    <time>2025-12-23T09:11:39Z</time>
   </trkpt>
   <trkpt lat="10.3113320" lon="123.8687130">
    <ele>60.7</ele>
    <time>2025-12-23T09:11:40Z</time>
   </trkpt>
   <trkpt lat="10.3113320" lon="123.8687130">
    <ele>60.7</ele>
    <time>2025-12-23T09:11:41Z</time>
   </trkpt>
   <trkpt lat="10.3113320" lon="123.8687130">
    <ele>60.7</ele>
    <time>2025-12-23T09:11:42Z</time>
   </trkpt>
   <trkpt lat="10.3113320" lon="123.8687130">
    <ele>60.7</ele>
    <time>2025-12-23T09:11:43Z</time>
   </trkpt>
   <trkpt lat="10.3113320" lon="123.8687130">
    <ele>60.7</ele>
    <time>2025-12-23T09:11:44Z</time>
   </trkpt>
   <trkpt lat="10.3113320" lon="123.8687130">
    <ele>60.7</ele>
    <time>2025-12-23T09:11:45Z</time>
   </trkpt>
   <trkpt lat="10.3113220" lon="123.8687180">
    <ele>60.5</ele>
    <time>2025-12-23T09:11:46Z</time>
   </trkpt>
   <trkpt lat="10.3113090" lon="123.8687140">
    <ele>60.4</ele>
    <time>2025-12-23T09:11:47Z</time>
   </trkpt>
   <trkpt lat="10.3112960" lon="123.8687060">
    <ele>60.2</ele>
    <time>2025-12-23T09:11:48Z</time>
   </trkpt>
   <trkpt lat="10.3112870" lon="123.8686950">
    <ele>60.0</ele>
    <time>2025-12-23T09:11:49Z</time>
   </trkpt>
   <trkpt lat="10.3112810" lon="123.8686840">
    <ele>59.9</ele>
    <time>2025-12-23T09:11:50Z</time>
   </trkpt>
   <trkpt lat="10.3112730" lon="123.8686780">
    <ele>59.8</ele>
    <time>2025-12-23T09:11:51Z</time>
   </trkpt>
   <trkpt lat="10.3112660" lon="123.8686740">
    <ele>59.7</ele>
    <time>2025-12-23T09:11:52Z</time>
   </trkpt>
   <trkpt lat="10.3112540" lon="123.8686710">
    <ele>59.6</ele>
    <time>2025-12-23T09:11:53Z</time>
   </trkpt>
   <trkpt lat="10.3112440" lon="123.8686700">
    <ele>59.5</ele>
    <time>2025-12-23T09:11:54Z</time>
   </trkpt>
   <trkpt lat="10.3112350" lon="123.8686690">
    <ele>59.4</ele>
    <time>2025-12-23T09:11:55Z</time>
   </trkpt>
   <trkpt lat="10.3112280" lon="123.8686690">
    <ele>59.3</ele>
    <time>2025-12-23T09:11:56Z</time>
   </trkpt>
   <trkpt lat="10.3112220" lon="123.8686690">
    <ele>59.3</ele>
    <time>2025-12-23T09:11:57Z</time>
   </trkpt>
   <trkpt lat="10.3112140" lon="123.8686680">
    <ele>59.2</ele>
    <time>2025-12-23T09:11:58Z</time>
   </trkpt>
   <trkpt lat="10.3112070" lon="123.8686660">
    <ele>59.1</ele>
    <time>2025-12-23T09:11:59Z</time>
   </trkpt>
   <trkpt lat="10.3111970" lon="123.8686670">
    <ele>59.0</ele>
    <time>2025-12-23T09:12:00Z</time>
   </trkpt>
   <trkpt lat="10.3111890" lon="123.8686660">
    <ele>59.0</ele>
    <time>2025-12-23T09:12:01Z</time>
   </trkpt>
   <trkpt lat="10.3111820" lon="123.8686600">
    <ele>58.9</ele>
    <time>2025-12-23T09:12:02Z</time>
   </trkpt>
   <trkpt lat="10.3111730" lon="123.8686570">
    <ele>58.8</ele>
    <time>2025-12-23T09:12:03Z</time>
   </trkpt>
   <trkpt lat="10.3111640" lon="123.8686550">
    <ele>58.8</ele>
    <time>2025-12-23T09:12:04Z</time>
   </trkpt>
   <trkpt lat="10.3111560" lon="123.8686490">
    <ele>58.7</ele>
    <time>2025-12-23T09:12:05Z</time>
   </trkpt>
   <trkpt lat="10.3111360" lon="123.8686420">
    <ele>58.5</ele>
    <time>2025-12-23T09:12:06Z</time>
   </trkpt>
   <trkpt lat="10.3111270" lon="123.8686390">
    <ele>58.5</ele>
    <time>2025-12-23T09:12:07Z</time>
   </trkpt>
   <trkpt lat="10.3111190" lon="123.8686350">
    <ele>58.4</ele>
    <time>2025-12-23T09:12:08Z</time>
   </trkpt>
   <trkpt lat="10.3111070" lon="123.8686280">
    <ele>58.4</ele>
    <time>2025-12-23T09:12:09Z</time>
   </trkpt>
   <trkpt lat="10.3110920" lon="123.8686210">
    <ele>58.3</ele>
    <time>2025-12-23T09:12:10Z</time>
   </trkpt>
   <trkpt lat="10.3110740" lon="123.8686120">
    <ele>58.2</ele>
    <time>2025-12-23T09:12:11Z</time>
   </trkpt>
   <trkpt lat="10.3110660" lon="123.8686060">
    <ele>58.1</ele>
    <time>2025-12-23T09:12:12Z</time>
   </trkpt>
   <trkpt lat="10.3110590" lon="123.8686010">
    <ele>58.0</ele>
    <time>2025-12-23T09:12:13Z</time>
   </trkpt>
   <trkpt lat="10.3110500" lon="123.8685960">
    <ele>58.0</ele>
    <time>2025-12-23T09:12:14Z</time>
   </trkpt>
   <trkpt lat="10.3110390" lon="123.8685910">
    <ele>57.9</ele>
    <time>2025-12-23T09:12:15Z</time>
   </trkpt>
   <trkpt lat="10.3110290" lon="123.8685880">
    <ele>57.9</ele>
    <time>2025-12-23T09:12:16Z</time>
   </trkpt>
   <trkpt lat="10.3110200" lon="123.8685870">
    <ele>57.8</ele>
    <time>2025-12-23T09:12:17Z</time>
   </trkpt>
   <trkpt lat="10.3110070" lon="123.8685870">
    <ele>57.7</ele>
    <time>2025-12-23T09:12:18Z</time>
   </trkpt>
   <trkpt lat="10.3109940" lon="123.8685920">
    <ele>57.6</ele>
    <time>2025-12-23T09:12:19Z</time>
   </trkpt>
   <trkpt lat="10.3109790" lon="123.8685970">
    <ele>57.5</ele>
    <time>2025-12-23T09:12:20Z</time>
   </trkpt>
   <trkpt lat="10.3109680" lon="123.8686030">
    <ele>57.5</ele>
    <time>2025-12-23T09:12:21Z</time>
   </trkpt>
   <trkpt lat="10.3109560" lon="123.8686100">
    <ele>57.4</ele>
    <time>2025-12-23T09:12:22Z</time>
   </trkpt>
   <trkpt lat="10.3109430" lon="123.8686160">
    <ele>57.3</ele>
    <time>2025-12-23T09:12:23Z</time>
   </trkpt>
   <trkpt lat="10.3109340" lon="123.8686220">
    <ele>57.2</ele>
    <time>2025-12-23T09:12:24Z</time>
   </trkpt>
   <trkpt lat="10.3109230" lon="123.8686280">
    <ele>57.1</ele>
    <time>2025-12-23T09:12:25Z</time>
   </trkpt>
   <trkpt lat="10.3109100" lon="123.8686320">
    <ele>57.0</ele>
    <time>2025-12-23T09:12:26Z</time>
   </trkpt>
   <trkpt lat="10.3108900" lon="123.8686380">
    <ele>56.8</ele>
    <time>2025-12-23T09:12:27Z</time>
   </trkpt>
   <trkpt lat="10.3108830" lon="123.8686410">
    <ele>56.7</ele>
    <time>2025-12-23T09:12:28Z</time>
   </trkpt>
   <trkpt lat="10.3108750" lon="123.8686450">
    <ele>56.6</ele>
    <time>2025-12-23T09:12:29Z</time>
   </trkpt>
   <trkpt lat="10.3108640" lon="123.8686520">
    <ele>56.5</ele>
    <time>2025-12-23T09:12:30Z</time>
   </trkpt>
   <trkpt lat="10.3108510" lon="123.8686610">
    <ele>56.3</ele>
    <time>2025-12-23T09:12:31Z</time>
   </trkpt>
   <trkpt lat="10.3108360" lon="123.8686660">
    <ele>56.2</ele>
    <time>2025-12-23T09:12:32Z</time>
   </trkpt>
   <trkpt lat="10.3108260" lon="123.8686760">
    <ele>56.0</ele>
    <time>2025-12-23T09:12:33Z</time>
   </trkpt>
   <trkpt lat="10.3108170" lon="123.8686840">
    <ele>55.8</ele>
    <time>2025-12-23T09:12:34Z</time>
   </trkpt>
   <trkpt lat="10.3108080" lon="123.8686920">
    <ele>55.7</ele>
    <time>2025-12-23T09:12:35Z</time>
   </trkpt>
   <trkpt lat="10.3108000" lon="123.8687000">
    <ele>55.5</ele>
    <time>2025-12-23T09:12:36Z</time>
   </trkpt>
   <trkpt lat="10.3107940" lon="123.8687070">
    <ele>55.4</ele>
    <time>2025-12-23T09:12:37Z</time>
   </trkpt>
   <trkpt lat="10.3107860" lon="123.8687150">
    <ele>55.2</ele>
    <time>2025-12-23T09:12:38Z</time>
   </trkpt>
   <trkpt lat="10.3107770" lon="123.8687230">
    <ele>55.0</ele>
    <time>2025-12-23T09:12:39Z</time>
   </trkpt>
   <trkpt lat="10.3107670" lon="123.8687330">
    <ele>54.8</ele>
    <time>2025-12-23T09:12:40Z</time>
   </trkpt>
   <trkpt lat="10.3107590" lon="123.8687430">
    <ele>54.6</ele>
    <time>2025-12-23T09:12:41Z</time>
   </trkpt>
   <trkpt lat="10.3107490" lon="123.8687530">
    <ele>54.4</ele>
    <time>2025-12-23T09:12:42Z</time>
   </trkpt>
   <trkpt lat="10.3107410" lon="123.8687600">
    <ele>54.2</ele>
    <time>2025-12-23T09:12:43Z</time>
   </trkpt>
   <trkpt lat="10.3107310" lon="123.8687660">
    <ele>54.0</ele>
    <time>2025-12-23T09:12:44Z</time>
   </trkpt>
   <trkpt lat="10.3107240" lon="123.8687720">
    <ele>53.8</ele>
    <time>2025-12-23T09:12:45Z</time>
   </trkpt>
   <trkpt lat="10.3107150" lon="123.8687760">
    <ele>53.7</ele>
    <time>2025-12-23T09:12:46Z</time>
   </trkpt>
   <trkpt lat="10.3107120" lon="123.8687840">
    <ele>53.5</ele>
    <time>2025-12-23T09:12:47Z</time>
   </trkpt>
   <trkpt lat="10.3107120" lon="123.8687910">
    <ele>53.4</ele>
    <time>2025-12-23T09:12:48Z</time>
   </trkpt>
   <trkpt lat="10.3107110" lon="123.8687960">
    <ele>53.3</ele>
    <time>2025-12-23T09:12:49Z</time>
   </trkpt>
   <trkpt lat="10.3107140" lon="123.8688030">
    <ele>53.2</ele>
    <time>2025-12-23T09:12:50Z</time>
   </trkpt>
   <trkpt lat="10.3107160" lon="123.8688130">
    <ele>53.0</ele>
    <time>2025-12-23T09:12:51Z</time>
   </trkpt>
   <trkpt lat="10.3107130" lon="123.8688240">
    <ele>52.8</ele>
    <time>2025-12-23T09:12:52Z</time>
   </trkpt>
   <trkpt lat="10.3107060" lon="123.8688350">
    <ele>52.6</ele>
    <time>2025-12-23T09:12:53Z</time>
   </trkpt>
   <trkpt lat="10.3106930" lon="123.8688370">
    <ele>52.4</ele>
    <time>2025-12-23T09:12:54Z</time>
   </trkpt>
   <trkpt lat="10.3106810" lon="123.8688400">
    <ele>52.2</ele>
    <time>2025-12-23T09:12:55Z</time>
   </trkpt>
   <trkpt lat="10.3106700" lon="123.8688420">
    <ele>52.0</ele>
    <time>2025-12-23T09:12:56Z</time>
   </trkpt>
   <trkpt lat="10.3106630" lon="123.8688480">
    <ele>51.9</ele>
    <time>2025-12-23T09:12:57Z</time>
   </trkpt>
   <trkpt lat="10.3106550" lon="123.8688580">
    <ele>51.7</ele>
    <time>2025-12-23T09:12:58Z</time>
   </trkpt>
   <trkpt lat="10.3106470" lon="123.8688640">
    <ele>51.6</ele>
    <time>2025-12-23T09:12:59Z</time>
   </trkpt>
   <trkpt lat="10.3106400" lon="123.8688690">
    <ele>51.5</ele>
    <time>2025-12-23T09:13:00Z</time>
   </trkpt>
   <trkpt lat="10.3106350" lon="123.8688710">
    <ele>51.4</ele>
    <time>2025-12-23T09:13:01Z</time>
   </trkpt>
   <trkpt lat="10.3106300" lon="123.8688740">
    <ele>51.3</ele>
    <time>2025-12-23T09:13:02Z</time>
   </trkpt>
   <trkpt lat="10.3106260" lon="123.8688770">
    <ele>51.3</ele>
    <time>2025-12-23T09:13:03Z</time>
   </trkpt>
   <trkpt lat="10.3106220" lon="123.8688800">
    <ele>51.2</ele>
    <time>2025-12-23T09:13:04Z</time>
   </trkpt>
   <trkpt lat="10.3106170" lon="123.8688830">
    <ele>51.1</ele>
    <time>2025-12-23T09:13:05Z</time>
   </trkpt>
   <trkpt lat="10.3106080" lon="123.8688850">
    <ele>51.0</ele>
    <time>2025-12-23T09:13:06Z</time>
   </trkpt>
   <trkpt lat="10.3105980" lon="123.8688860">
    <ele>50.9</ele>
    <time>2025-12-23T09:13:07Z</time>
   </trkpt>
   <trkpt lat="10.3105810" lon="123.8688970">
    <ele>50.7</ele>
    <time>2025-12-23T09:13:08Z</time>
   </trkpt>
   <trkpt lat="10.3105750" lon="123.8689040">
    <ele>50.7</ele>
    <time>2025-12-23T09:13:09Z</time>
   </trkpt>
   <trkpt lat="10.3105690" lon="123.8689110">
    <ele>50.7</ele>
    <time>2025-12-23T09:13:10Z</time>
   </trkpt>
   <trkpt lat="10.3105610" lon="123.8689210">
    <ele>50.7</ele>
    <time>2025-12-23T09:13:11Z</time>
   </trkpt>
   <trkpt lat="10.3105500" lon="123.8689330">
    <ele>50.6</ele>
    <time>2025-12-23T09:13:12Z</time>
   </trkpt>
   <trkpt lat="10.3105370" lon="123.8689460">
    <ele>50.6</ele>
    <time>2025-12-23T09:13:13Z</time>
   </trkpt>
   <trkpt lat="10.3105260" lon="123.8689580">
    <ele>50.6</ele>
    <time>2025-12-23T09:13:14Z</time>
   </trkpt>
   <trkpt lat="10.3105200" lon="123.8689700">
    <ele>50.6</ele>
    <time>2025-12-23T09:13:15Z</time>
   </trkpt>
   <trkpt lat="10.3105150" lon="123.8689830">
    <ele>50.6</ele>
    <time>2025-12-23T09:13:16Z</time>
   </trkpt>
   <trkpt lat="10.3105140" lon="123.8690040">
    <ele>50.5</ele>
    <time>2025-12-23T09:13:17Z</time>
   </trkpt>
   <trkpt lat="10.3105150" lon="123.8690140">
    <ele>50.5</ele>
    <time>2025-12-23T09:13:18Z</time>
   </trkpt>
   <trkpt lat="10.3105160" lon="123.8690240">
    <ele>50.5</ele>
    <time>2025-12-23T09:13:19Z</time>
   </trkpt>
   <trkpt lat="10.3105150" lon="123.8690390">
    <ele>50.5</ele>
    <time>2025-12-23T09:13:20Z</time>
   </trkpt>
   <trkpt lat="10.3105140" lon="123.8690550">
    <ele>50.5</ele>
    <time>2025-12-23T09:13:21Z</time>
   </trkpt>
   <trkpt lat="10.3105060" lon="123.8690680">
    <ele>50.4</ele>
    <time>2025-12-23T09:13:22Z</time>
   </trkpt>
   <trkpt lat="10.3104990" lon="123.8690810">
    <ele>50.4</ele>
    <time>2025-12-23T09:13:23Z</time>
   </trkpt>
   <trkpt lat="10.3104990" lon="123.8691010">
    <ele>50.4</ele>
    <time>2025-12-23T09:13:24Z</time>
   </trkpt>
   <trkpt lat="10.3104990" lon="123.8691090">
    <ele>50.4</ele>
    <time>2025-12-23T09:13:25Z</time>
   </trkpt>
   <trkpt lat="10.3105000" lon="123.8691180">
    <ele>50.4</ele>
    <time>2025-12-23T09:13:26Z</time>
   </trkpt>
   <trkpt lat="10.3105030" lon="123.8691340">
    <ele>50.3</ele>
    <time>2025-12-23T09:13:27Z</time>
   </trkpt>
   <trkpt lat="10.3105050" lon="123.8691540">
    <ele>50.2</ele>
    <time>2025-12-23T09:13:28Z</time>
   </trkpt>
   <trkpt lat="10.3105060" lon="123.8691720">
    <ele>50.1</ele>
    <time>2025-12-23T09:13:29Z</time>
   </trkpt>
   <trkpt lat="10.3105080" lon="123.8691880">
    <ele>50.1</ele>
    <time>2025-12-23T09:13:30Z</time>
   </trkpt>
   <trkpt lat="10.3105110" lon="123.8692040">
    <ele>50.0</ele>
    <time>2025-12-23T09:13:31Z</time>
   </trkpt>
   <trkpt lat="10.3105180" lon="123.8692190">
    <ele>49.9</ele>
    <time>2025-12-23T09:13:32Z</time>
   </trkpt>
   <trkpt lat="10.3105180" lon="123.8692370">
    <ele>49.8</ele>
    <time>2025-12-23T09:13:33Z</time>
   </trkpt>
   <trkpt lat="10.3105140" lon="123.8692510">
    <ele>49.7</ele>
    <time>2025-12-23T09:13:34Z</time>
   </trkpt>
   <trkpt lat="10.3105110" lon="123.8692620">
    <ele>49.7</ele>
    <time>2025-12-23T09:13:35Z</time>
   </trkpt>
   <trkpt lat="10.3105100" lon="123.8692690">
    <ele>49.6</ele>
    <time>2025-12-23T09:13:36Z</time>
   </trkpt>
   <trkpt lat="10.3105000" lon="123.8692740">
    <ele>49.6</ele>
    <time>2025-12-23T09:13:37Z</time>
   </trkpt>
   <trkpt lat="10.3104930" lon="123.8692790">
    <ele>49.5</ele>
    <time>2025-12-23T09:13:38Z</time>
   </trkpt>
   <trkpt lat="10.3104910" lon="123.8692860">
    <ele>49.5</ele>
    <time>2025-12-23T09:13:39Z</time>
   </trkpt>
   <trkpt lat="10.3104890" lon="123.8692950">
    <ele>49.4</ele>
    <time>2025-12-23T09:13:40Z</time>
   </trkpt>
   <trkpt lat="10.3104840" lon="123.8693030">
    <ele>49.3</ele>
    <time>2025-12-23T09:13:41Z</time>
   </trkpt>
   <trkpt lat="10.3104750" lon="123.8693210">
    <ele>49.2</ele>
    <time>2025-12-23T09:13:42Z</time>
   </trkpt>
   <trkpt lat="10.3104720" lon="123.8693290">
    <ele>49.1</ele>
    <time>2025-12-23T09:13:43Z</time>
   </trkpt>
   <trkpt lat="10.3104680" lon="123.8693380">
    <ele>49.0</ele>
    <time>2025-12-23T09:13:44Z</time>
   </trkpt>
   <trkpt lat="10.3104580" lon="123.8693560">
    <ele>48.9</ele>
    <time>2025-12-23T09:13:45Z</time>
   </trkpt>
   <trkpt lat="10.3104540" lon="123.8693630">
    <ele>48.8</ele>
    <time>2025-12-23T09:13:46Z</time>
   </trkpt>
   <trkpt lat="10.3104510" lon="123.8693710">
    <ele>48.7</ele>
    <time>2025-12-23T09:13:47Z</time>
   </trkpt>
   <trkpt lat="10.3104480" lon="123.8693840">
    <ele>48.6</ele>
    <time>2025-12-23T09:13:48Z</time>
   </trkpt>
   <trkpt lat="10.3104450" lon="123.8693960">
    <ele>48.5</ele>
    <time>2025-12-23T09:13:49Z</time>
   </trkpt>
   <trkpt lat="10.3104380" lon="123.8694020">
    <ele>48.4</ele>
    <time>2025-12-23T09:13:50Z</time>
   </trkpt>
   <trkpt lat="10.3104230" lon="123.8694070">
    <ele>48.3</ele>
    <time>2025-12-23T09:13:51Z</time>
   </trkpt>
   <trkpt lat="10.3104170" lon="123.8694190">
    <ele>48.2</ele>
    <time>2025-12-23T09:13:52Z</time>
   </trkpt>
   <trkpt lat="10.3104040" lon="123.8694380">
    <ele>48.0</ele>
    <time>2025-12-23T09:13:53Z</time>
   </trkpt>
   <trkpt lat="10.3103990" lon="123.8694460">
    <ele>47.9</ele>
    <time>2025-12-23T09:13:54Z</time>
   </trkpt>
   <trkpt lat="10.3103950" lon="123.8694530">
    <ele>47.8</ele>
    <time>2025-12-23T09:13:55Z</time>
   </trkpt>
   <trkpt lat="10.3103910" lon="123.8694650">
    <ele>47.7</ele>
    <time>2025-12-23T09:13:56Z</time>
   </trkpt>
   <trkpt lat="10.3103870" lon="123.8694770">
    <ele>47.6</ele>
    <time>2025-12-23T09:13:57Z</time>
   </trkpt>
   <trkpt lat="10.3103810" lon="123.8694860">
    <ele>47.5</ele>
    <time>2025-12-23T09:13:58Z</time>
   </trkpt>
   <trkpt lat="10.3103720" lon="123.8694950">
    <ele>47.4</ele>
    <time>2025-12-23T09:13:59Z</time>
   </trkpt>
   <trkpt lat="10.3103650" lon="123.8695040">
    <ele>47.3</ele>
    <time>2025-12-23T09:14:00Z</time>
   </trkpt>
   <trkpt lat="10.3103610" lon="123.8695150">
    <ele>47.2</ele>
    <time>2025-12-23T09:14:01Z</time>
   </trkpt>
   <trkpt lat="10.3103590" lon="123.8695300">
    <ele>47.1</ele>
    <time>2025-12-23T09:14:02Z</time>
   </trkpt>
   <trkpt lat="10.3103570" lon="123.8695450">
    <ele>47.0</ele>
    <time>2025-12-23T09:14:03Z</time>
   </trkpt>
   <trkpt lat="10.3103540" lon="123.8695620">
    <ele>46.9</ele>
    <time>2025-12-23T09:14:04Z</time>
   </trkpt>
   <trkpt lat="10.3103480" lon="123.8695750">
    <ele>46.8</ele>
    <time>2025-12-23T09:14:05Z</time>
   </trkpt>
   <trkpt lat="10.3103400" lon="123.8695860">
    <ele>46.7</ele>
    <time>2025-12-23T09:14:06Z</time>
   </trkpt>
   <trkpt lat="10.3103290" lon="123.8695940">
    <ele>46.6</ele>
    <time>2025-12-23T09:14:07Z</time>
   </trkpt>
   <trkpt lat="10.3103190" lon="123.8696040">
    <ele>46.5</ele>
    <time>2025-12-23T09:14:08Z</time>
   </trkpt>
   <trkpt lat="10.3103060" lon="123.8696120">
    <ele>46.5</ele>
    <time>2025-12-23T09:14:09Z</time>
   </trkpt>
   <trkpt lat="10.3102960" lon="123.8696220">
    <ele>46.5</ele>
    <time>2025-12-23T09:14:10Z</time>
   </trkpt>
   <trkpt lat="10.3102840" lon="123.8696350">
    <ele>46.4</ele>
    <time>2025-12-23T09:14:11Z</time>
   </trkpt>
   <trkpt lat="10.3102770" lon="123.8696470">
    <ele>46.4</ele>
    <time>2025-12-23T09:14:12Z</time>
   </trkpt>
   <trkpt lat="10.3102710" lon="123.8696590">
    <ele>46.4</ele>
    <time>2025-12-23T09:14:13Z</time>
   </trkpt>
   <trkpt lat="10.3102660" lon="123.8696810">
    <ele>46.3</ele>
    <time>2025-12-23T09:14:14Z</time>
   </trkpt>
   <trkpt lat="10.3102640" lon="123.8696910">
    <ele>46.2</ele>
    <time>2025-12-23T09:14:15Z</time>
   </trkpt>
   <trkpt lat="10.3102620" lon="123.8697010">
    <ele>46.2</ele>
    <time>2025-12-23T09:14:16Z</time>
   </trkpt>
   <trkpt lat="10.3102550" lon="123.8697280">
    <ele>46.0</ele>
    <time>2025-12-23T09:14:17Z</time>
   </trkpt>
   <trkpt lat="10.3102520" lon="123.8697370">
    <ele>46.0</ele>
    <time>2025-12-23T09:14:18Z</time>
   </trkpt>
   <trkpt lat="10.3102440" lon="123.8697500">
    <ele>45.9</ele>
    <time>2025-12-23T09:14:19Z</time>
   </trkpt>
   <trkpt lat="10.3102380" lon="123.8697600">
    <ele>45.8</ele>
    <time>2025-12-23T09:14:20Z</time>
   </trkpt>
   <trkpt lat="10.3102360" lon="123.8697680">
    <ele>45.8</ele>
    <time>2025-12-23T09:14:21Z</time>
   </trkpt>
   <trkpt lat="10.3102300" lon="123.8697890">
    <ele>45.7</ele>
    <time>2025-12-23T09:14:22Z</time>
   </trkpt>
   <trkpt lat="10.3102280" lon="123.8697970">
    <ele>45.6</ele>
    <time>2025-12-23T09:14:23Z</time>
   </trkpt>
   <trkpt lat="10.3102250" lon="123.8698060">
    <ele>45.6</ele>
    <time>2025-12-23T09:14:24Z</time>
   </trkpt>
   <trkpt lat="10.3102050" lon="123.8698270">
    <ele>45.4</ele>
    <time>2025-12-23T09:14:25Z</time>
   </trkpt>
   <trkpt lat="10.3101970" lon="123.8698340">
    <ele>45.4</ele>
    <time>2025-12-23T09:14:26Z</time>
   </trkpt>
   <trkpt lat="10.3101860" lon="123.8698480">
    <ele>45.3</ele>
    <time>2025-12-23T09:14:27Z</time>
   </trkpt>
   <trkpt lat="10.3101770" lon="123.8698580">
    <ele>45.2</ele>
    <time>2025-12-23T09:14:28Z</time>
   </trkpt>
   <trkpt lat="10.3101650" lon="123.8698680">
    <ele>45.1</ele>
    <time>2025-12-23T09:14:29Z</time>
   </trkpt>
   <trkpt lat="10.3101530" lon="123.8698760">
    <ele>45.0</ele>
    <time>2025-12-23T09:14:30Z</time>
   </trkpt>
   <trkpt lat="10.3101400" lon="123.8698840">
    <ele>44.9</ele>
    <time>2025-12-23T09:14:31Z</time>
   </trkpt>
   <trkpt lat="10.3101300" lon="123.8698920">
    <ele>44.9</ele>
    <time>2025-12-23T09:14:32Z</time>
   </trkpt>
   <trkpt lat="10.3101170" lon="123.8698990">
    <ele>44.8</ele>
    <time>2025-12-23T09:14:33Z</time>
   </trkpt>
   <trkpt lat="10.3101050" lon="123.8699050">
    <ele>44.7</ele>
    <time>2025-12-23T09:14:34Z</time>
   </trkpt>
   <trkpt lat="10.3100910" lon="123.8699100">
    <ele>44.6</ele>
    <time>2025-12-23T09:14:35Z</time>
   </trkpt>
   <trkpt lat="10.3100790" lon="123.8699190">
    <ele>44.6</ele>
    <time>2025-12-23T09:14:36Z</time>
   </trkpt>
   <trkpt lat="10.3100660" lon="123.8699270">
    <ele>44.5</ele>
    <time>2025-12-23T09:14:37Z</time>
   </trkpt>
   <trkpt lat="10.3100530" lon="123.8699380">
    <ele>44.4</ele>
    <time>2025-12-23T09:14:38Z</time>
   </trkpt>
   <trkpt lat="10.3100440" lon="123.8699490">
    <ele>44.3</ele>
    <time>2025-12-23T09:14:39Z</time>
   </trkpt>
   <trkpt lat="10.3100310" lon="123.8699580">
    <ele>44.3</ele>
    <time>2025-12-23T09:14:40Z</time>
   </trkpt>
   <trkpt lat="10.3100220" lon="123.8699690">
    <ele>44.2</ele>
    <time>2025-12-23T09:14:41Z</time>
   </trkpt>
   <trkpt lat="10.3100120" lon="123.8699810">
    <ele>44.1</ele>
    <time>2025-12-23T09:14:42Z</time>
   </trkpt>
   <trkpt lat="10.3100000" lon="123.8699900">
    <ele>44.0</ele>
    <time>2025-12-23T09:14:43Z</time>
   </trkpt>
   <trkpt lat="10.3099880" lon="123.8699970">
    <ele>44.0</ele>
    <time>2025-12-23T09:14:44Z</time>
   </trkpt>
   <trkpt lat="10.3099760" lon="123.8700030">
    <ele>43.9</ele>
    <time>2025-12-23T09:14:45Z</time>
   </trkpt>
   <trkpt lat="10.3099620" lon="123.8700110">
    <ele>43.8</ele>
    <time>2025-12-23T09:14:46Z</time>
   </trkpt>
   <trkpt lat="10.3099460" lon="123.8700220">
    <ele>43.7</ele>
    <time>2025-12-23T09:14:47Z</time>
   </trkpt>
   <trkpt lat="10.3099320" lon="123.8700310">
    <ele>43.6</ele>
    <time>2025-12-23T09:14:48Z</time>
   </trkpt>
   <trkpt lat="10.3099210" lon="123.8700410">
    <ele>43.6</ele>
    <time>2025-12-23T09:14:49Z</time>
   </trkpt>
   <trkpt lat="10.3099070" lon="123.8700540">
    <ele>43.5</ele>
    <time>2025-12-23T09:14:50Z</time>
   </trkpt>
   <trkpt lat="10.3098940" lon="123.8700610">
    <ele>43.4</ele>
    <time>2025-12-23T09:14:51Z</time>
   </trkpt>
   <trkpt lat="10.3098760" lon="123.8700670">
    <ele>43.3</ele>
    <time>2025-12-23T09:14:52Z</time>
   </trkpt>
   <trkpt lat="10.3098500" lon="123.8700830">
    <ele>43.2</ele>
    <time>2025-12-23T09:14:53Z</time>
   </trkpt>
   <trkpt lat="10.3098430" lon="123.8700870">
    <ele>43.1</ele>
    <time>2025-12-23T09:14:54Z</time>
   </trkpt>
   <trkpt lat="10.3098300" lon="123.8700930">
    <ele>43.1</ele>
    <time>2025-12-23T09:14:55Z</time>
   </trkpt>
   <trkpt lat="10.3098140" lon="123.8700990">
    <ele>43.0</ele>
    <time>2025-12-23T09:14:56Z</time>
   </trkpt>
   <trkpt lat="10.3098030" lon="123.8701070">
    <ele>42.9</ele>
    <time>2025-12-23T09:14:57Z</time>
   </trkpt>
   <trkpt lat="10.3097950" lon="123.8701150">
    <ele>42.9</ele>
    <time>2025-12-23T09:14:58Z</time>
   </trkpt>
   <trkpt lat="10.3097890" lon="123.8701220">
    <ele>42.8</ele>
    <time>2025-12-23T09:14:59Z</time>
   </trkpt>
   <trkpt lat="10.3097800" lon="123.8701260">
    <ele>42.8</ele>
    <time>2025-12-23T09:15:00Z</time>
   </trkpt>
   <trkpt lat="10.3097730" lon="123.8701340">
    <ele>42.7</ele>
    <time>2025-12-23T09:15:01Z</time>
   </trkpt>
   <trkpt lat="10.3097620" lon="123.8701390">
    <ele>42.7</ele>
    <time>2025-12-23T09:15:02Z</time>
   </trkpt>
   <trkpt lat="10.3097510" lon="123.8701390">
    <ele>42.6</ele>
    <time>2025-12-23T09:15:03Z</time>
   </trkpt>
   <trkpt lat="10.3097380" lon="123.8701390">
    <ele>42.6</ele>
    <time>2025-12-23T09:15:04Z</time>
   </trkpt>
   <trkpt lat="10.3097260" lon="123.8701380">
    <ele>42.5</ele>
    <time>2025-12-23T09:15:05Z</time>
   </trkpt>
   <trkpt lat="10.3097190" lon="123.8701380">
    <ele>42.5</ele>
    <time>2025-12-23T09:15:06Z</time>
   </trkpt>
   <trkpt lat="10.3097060" lon="123.8701430">
    <ele>42.4</ele>
    <time>2025-12-23T09:15:07Z</time>
   </trkpt>
   <trkpt lat="10.3096950" lon="123.8701510">
    <ele>42.4</ele>
    <time>2025-12-23T09:15:08Z</time>
   </trkpt>
   <trkpt lat="10.3096860" lon="123.8701560">
    <ele>42.3</ele>
    <time>2025-12-23T09:15:09Z</time>
   </trkpt>
   <trkpt lat="10.3096760" lon="123.8701670">
    <ele>42.3</ele>
    <time>2025-12-23T09:15:10Z</time>
   </trkpt>
   <trkpt lat="10.3096690" lon="123.8701700">
    <ele>42.2</ele>
    <time>2025-12-23T09:15:11Z</time>
   </trkpt>
   <trkpt lat="10.3096630" lon="123.8701770">
    <ele>42.2</ele>
    <time>2025-12-23T09:15:12Z</time>
   </trkpt>
   <trkpt lat="10.3096540" lon="123.8701830">
    <ele>42.1</ele>
    <time>2025-12-23T09:15:13Z</time>
   </trkpt>
   <trkpt lat="10.3096470" lon="123.8701880">
    <ele>42.1</ele>
    <time>2025-12-23T09:15:14Z</time>
   </trkpt>
   <trkpt lat="10.3096360" lon="123.8701950">
    <ele>42.0</ele>
    <time>2025-12-23T09:15:15Z</time>
   </trkpt>
   <trkpt lat="10.3096270" lon="123.8701990">
    <ele>42.0</ele>
    <time>2025-12-23T09:15:16Z</time>
   </trkpt>
   <trkpt lat="10.3096180" lon="123.8702040">
    <ele>42.0</ele>
    <time>2025-12-23T09:15:17Z</time>
   </trkpt>
   <trkpt lat="10.3096110" lon="123.8702110">
    <ele>41.9</ele>
    <time>2025-12-23T09:15:18Z</time>
   </trkpt>
   <trkpt lat="10.3095990" lon="123.8702240">
    <ele>41.8</ele>
    <time>2025-12-23T09:15:19Z</time>
   </trkpt>
   <trkpt lat="10.3095880" lon="123.8702310">
    <ele>41.8</ele>
    <time>2025-12-23T09:15:20Z</time>
   </trkpt>
   <trkpt lat="10.3095770" lon="123.8702410">
    <ele>41.7</ele>
    <time>2025-12-23T09:15:21Z</time>
   </trkpt>
   <trkpt lat="10.3095660" lon="123.8702710">
    <ele>41.6</ele>
    <time>2025-12-23T09:15:22Z</time>
   </trkpt>
   <trkpt lat="10.3095640" lon="123.8702820">
    <ele>41.5</ele>
    <time>2025-12-23T09:15:23Z</time>
   </trkpt>
   <trkpt lat="10.3095580" lon="123.8703180">
    <ele>41.4</ele>
    <time>2025-12-23T09:15:24Z</time>
   </trkpt>
   <trkpt lat="10.3095560" lon="123.8703280">
    <ele>41.3</ele>
    <time>2025-12-23T09:15:25Z</time>
   </trkpt>
   <trkpt lat="10.3095510" lon="123.8703500">
    <ele>41.3</ele>
    <time>2025-12-23T09:15:26Z</time>
   </trkpt>
   <trkpt lat="10.3095440" lon="123.8703620">
    <ele>41.2</ele>
    <time>2025-12-23T09:15:27Z</time>
   </trkpt>
   <trkpt lat="10.3095350" lon="123.8703660">
    <ele>41.2</ele>
    <time>2025-12-23T09:15:28Z</time>
   </trkpt>
   <trkpt lat="10.3095250" lon="123.8703700">
    <ele>41.1</ele>
    <time>2025-12-23T09:15:29Z</time>
   </trkpt>
   <trkpt lat="10.3095180" lon="123.8703740">
    <ele>41.1</ele>
    <time>2025-12-23T09:15:30Z</time>
   </trkpt>
   <trkpt lat="10.3095030" lon="123.8703810">
    <ele>41.1</ele>
    <time>2025-12-23T09:15:31Z</time>
   </trkpt>
   <trkpt lat="10.3094970" lon="123.8703850">
    <ele>41.0</ele>
    <time>2025-12-23T09:15:32Z</time>
   </trkpt>
   <trkpt lat="10.3094900" lon="123.8703880">
    <ele>41.0</ele>
    <time>2025-12-23T09:15:33Z</time>
   </trkpt>
   <trkpt lat="10.3094830" lon="123.8703910">
    <ele>41.0</ele>
    <time>2025-12-23T09:15:34Z</time>
   </trkpt>
   <trkpt lat="10.3094760" lon="123.8704000">
    <ele>40.9</ele>
    <time>2025-12-23T09:15:35Z</time>
   </trkpt>
   <trkpt lat="10.3094670" lon="123.8704040">
    <ele>40.9</ele>
    <time>2025-12-23T09:15:36Z</time>
   </trkpt>
   <trkpt lat="10.3094580" lon="123.8704080">
    <ele>40.9</ele>
    <time>2025-12-23T09:15:37Z</time>
   </trkpt>
   <trkpt lat="10.3094400" lon="123.8704190">
    <ele>40.8</ele>
    <time>2025-12-23T09:15:38Z</time>
   </trkpt>
   <trkpt lat="10.3094320" lon="123.8704250">
    <ele>40.8</ele>
    <time>2025-12-23T09:15:39Z</time>
   </trkpt>
   <trkpt lat="10.3094240" lon="123.8704320">
    <ele>40.7</ele>
    <time>2025-12-23T09:15:40Z</time>
   </trkpt>
   <trkpt lat="10.3094100" lon="123.8704400">
    <ele>40.7</ele>
    <time>2025-12-23T09:15:41Z</time>
   </trkpt>
   <trkpt lat="10.3093950" lon="123.8704410">
    <ele>40.6</ele>
    <time>2025-12-23T09:15:42Z</time>
   </trkpt>
   <trkpt lat="10.3093780" lon="123.8704390">
    <ele>40.6</ele>
    <time>2025-12-23T09:15:43Z</time>
   </trkpt>
   <trkpt lat="10.3093610" lon="123.8704360">
    <ele>40.5</ele>
    <time>2025-12-23T09:15:44Z</time>
   </trkpt>
   <trkpt lat="10.3093460" lon="123.8704350">
    <ele>40.5</ele>
    <time>2025-12-23T09:15:45Z</time>
   </trkpt>
   <trkpt lat="10.3093290" lon="123.8704330">
    <ele>40.4</ele>
    <time>2025-12-23T09:15:46Z</time>
   </trkpt>
   <trkpt lat="10.3093130" lon="123.8704380">
    <ele>40.4</ele>
    <time>2025-12-23T09:15:47Z</time>
   </trkpt>
   <trkpt lat="10.3092980" lon="123.8704450">
    <ele>40.4</ele>
    <time>2025-12-23T09:15:48Z</time>
   </trkpt>
   <trkpt lat="10.3092830" lon="123.8704510">
    <ele>40.3</ele>
    <time>2025-12-23T09:15:49Z</time>
   </trkpt>
   <trkpt lat="10.3092670" lon="123.8704620">
    <ele>40.3</ele>
    <time>2025-12-23T09:15:50Z</time>
   </trkpt>
   <trkpt lat="10.3092430" lon="123.8704760">
    <ele>40.3</ele>
    <time>2025-12-23T09:15:51Z</time>
   </trkpt>
   <trkpt lat="10.3092360" lon="123.8704810">
    <ele>40.3</ele>
    <time>2025-12-23T09:15:52Z</time>
   </trkpt>
   <trkpt lat="10.3092230" lon="123.8704970">
    <ele>40.3</ele>
    <time>2025-12-23T09:15:53Z</time>
   </trkpt>
   <trkpt lat="10.3092140" lon="123.8705100">
    <ele>40.3</ele>
    <time>2025-12-23T09:15:54Z</time>
   </trkpt>
   <trkpt lat="10.3091960" lon="123.8705220">
    <ele>40.3</ele>
    <time>2025-12-23T09:15:55Z</time>
   </trkpt>
   <trkpt lat="10.3091900" lon="123.8705260">
    <ele>40.3</ele>
    <time>2025-12-23T09:15:56Z</time>
   </trkpt>
   <trkpt lat="10.3091830" lon="123.8705310">
    <ele>40.3</ele>
    <time>2025-12-23T09:15:57Z</time>
   </trkpt>
   <trkpt lat="10.3091740" lon="123.8705330">
    <ele>40.3</ele>
    <time>2025-12-23T09:15:58Z</time>
   </trkpt>
   <trkpt lat="10.3091640" lon="123.8705370">
    <ele>40.3</ele>
    <time>2025-12-23T09:15:59Z</time>
   </trkpt>
   <trkpt lat="10.3091540" lon="123.8705390">
    <ele>40.3</ele>
    <time>2025-12-23T09:16:00Z</time>
   </trkpt>
   <trkpt lat="10.3091460" lon="123.8705440">
    <ele>40.3</ele>
    <time>2025-12-23T09:16:01Z</time>
   </trkpt>
   <trkpt lat="10.3091370" lon="123.8705470">
    <ele>40.3</ele>
    <time>2025-12-23T09:16:02Z</time>
   </trkpt>
   <trkpt lat="10.3091290" lon="123.8705530">
    <ele>40.3</ele>
    <time>2025-12-23T09:16:03Z</time>
   </trkpt>
   <trkpt lat="10.3091190" lon="123.8705580">
    <ele>40.3</ele>
    <time>2025-12-23T09:16:04Z</time>
   </trkpt>
   <trkpt lat="10.3091080" lon="123.8705640">
    <ele>40.4</ele>
    <time>2025-12-23T09:16:05Z</time>
   </trkpt>
   <trkpt lat="10.3090970" lon="123.8705690">
    <ele>40.4</ele>
    <time>2025-12-23T09:16:06Z</time>
   </trkpt>
   <trkpt lat="10.3090880" lon="123.8705730">
    <ele>40.5</ele>
    <time>2025-12-23T09:16:07Z</time>
   </trkpt>
   <trkpt lat="10.3090790" lon="123.8705780">
    <ele>40.5</ele>
    <time>2025-12-23T09:16:08Z</time>
   </trkpt>
   <trkpt lat="10.3090690" lon="123.8705820">
    <ele>40.6</ele>
    <time>2025-12-23T09:16:09Z</time>
   </trkpt>
   <trkpt lat="10.3090590" lon="123.8705840">
    <ele>40.6</ele>
    <time>2025-12-23T09:16:10Z</time>
   </trkpt>
   <trkpt lat="10.3090490" lon="123.8705860">
    <ele>40.7</ele>
    <time>2025-12-23T09:16:11Z</time>
   </trkpt>
   <trkpt lat="10.3090400" lon="123.8705950">
    <ele>40.7</ele>
    <time>2025-12-23T09:16:12Z</time>
   </trkpt>
   <trkpt lat="10.3090330" lon="123.8706170">
    <ele>40.9</ele>
    <time>2025-12-23T09:16:13Z</time>
   </trkpt>
   <trkpt lat="10.3090300" lon="123.8706250">
    <ele>40.9</ele>
    <time>2025-12-23T09:16:14Z</time>
   </trkpt>
   <trkpt lat="10.3090270" lon="123.8706330">
    <ele>41.0</ele>
    <time>2025-12-23T09:16:15Z</time>
   </trkpt>
   <trkpt lat="10.3090220" lon="123.8706400">
    <ele>41.0</ele>
    <time>2025-12-23T09:16:16Z</time>
   </trkpt>
   <trkpt lat="10.3090150" lon="123.8706440">
    <ele>41.1</ele>
    <time>2025-12-23T09:16:17Z</time>
   </trkpt>
   <trkpt lat="10.3090130" lon="123.8706500">
    <ele>41.1</ele>
    <time>2025-12-23T09:16:18Z</time>
   </trkpt>
   <trkpt lat="10.3090080" lon="123.8706550">
    <ele>41.2</ele>
    <time>2025-12-23T09:16:19Z</time>
   </trkpt>
   <trkpt lat="10.3090020" lon="123.8706620">
    <ele>41.2</ele>
    <time>2025-12-23T09:16:20Z</time>
   </trkpt>
   <trkpt lat="10.3089960" lon="123.8706700">
    <ele>41.3</ele>
    <time>2025-12-23T09:16:21Z</time>
   </trkpt>
   <trkpt lat="10.3089940" lon="123.8706780">
    <ele>41.3</ele>
    <time>2025-12-23T09:16:22Z</time>
   </trkpt>
   <trkpt lat="10.3089930" lon="123.8706860">
    <ele>41.4</ele>
    <time>2025-12-23T09:16:23Z</time>
   </trkpt>
   <trkpt lat="10.3089920" lon="123.8706920">
    <ele>41.4</ele>
    <time>2025-12-23T09:16:24Z</time>
   </trkpt>
   <trkpt lat="10.3089890" lon="123.8706980">
    <ele>41.5</ele>
    <time>2025-12-23T09:16:25Z</time>
   </trkpt>
   <trkpt lat="10.3089860" lon="123.8707050">
    <ele>41.5</ele>
    <time>2025-12-23T09:16:26Z</time>
   </trkpt>
   <trkpt lat="10.3089870" lon="123.8707160">
    <ele>41.6</ele>
    <time>2025-12-23T09:16:27Z</time>
   </trkpt>
   <trkpt lat="10.3089900" lon="123.8707260">
    <ele>41.7</ele>
    <time>2025-12-23T09:16:28Z</time>
   </trkpt>
   <trkpt lat="10.3089970" lon="123.8707360">
    <ele>41.8</ele>
    <time>2025-12-23T09:16:29Z</time>
   </trkpt>
   <trkpt lat="10.3090010" lon="123.8707460">
    <ele>41.8</ele>
    <time>2025-12-23T09:16:30Z</time>
   </trkpt>
   <trkpt lat="10.3090030" lon="123.8707570">
    <ele>41.9</ele>
    <time>2025-12-23T09:16:31Z</time>
   </trkpt>
   <trkpt lat="10.3090010" lon="123.8707700">
    <ele>42.0</ele>
    <time>2025-12-23T09:16:32Z</time>
   </trkpt>
   <trkpt lat="10.3089980" lon="123.8707830">
    <ele>42.1</ele>
    <time>2025-12-23T09:16:33Z</time>
   </trkpt>
   <trkpt lat="10.3089920" lon="123.8707930">
    <ele>42.2</ele>
    <time>2025-12-23T09:16:34Z</time>
   </trkpt>
   <trkpt lat="10.3089820" lon="123.8708000">
    <ele>42.3</ele>
    <time>2025-12-23T09:16:35Z</time>
   </trkpt>
   <trkpt lat="10.3089700" lon="123.8708160">
    <ele>42.4</ele>
    <time>2025-12-23T09:16:36Z</time>
   </trkpt>
   <trkpt lat="10.3089680" lon="123.8708250">
    <ele>42.4</ele>
    <time>2025-12-23T09:16:37Z</time>
   </trkpt>
   <trkpt lat="10.3089660" lon="123.8708340">
    <ele>42.5</ele>
    <time>2025-12-23T09:16:38Z</time>
   </trkpt>
   <trkpt lat="10.3089620" lon="123.8708480">
    <ele>42.6</ele>
    <time>2025-12-23T09:16:39Z</time>
   </trkpt>
   <trkpt lat="10.3089610" lon="123.8708640">
    <ele>42.6</ele>
    <time>2025-12-23T09:16:40Z</time>
   </trkpt>
   <trkpt lat="10.3089550" lon="123.8708780">
    <ele>42.7</ele>
    <time>2025-12-23T09:16:41Z</time>
   </trkpt>
   <trkpt lat="10.3089490" lon="123.8708900">
    <ele>42.7</ele>
    <time>2025-12-23T09:16:42Z</time>
   </trkpt>
   <trkpt lat="10.3089410" lon="123.8709010">
    <ele>42.8</ele>
    <time>2025-12-23T09:16:43Z</time>
   </trkpt>
   <trkpt lat="10.3089330" lon="123.8709110">
    <ele>42.8</ele>
    <time>2025-12-23T09:16:44Z</time>
   </trkpt>
   <trkpt lat="10.3089270" lon="123.8709190">
    <ele>42.8</ele>
    <time>2025-12-23T09:16:45Z</time>
   </trkpt>
   <trkpt lat="10.3089250" lon="123.8709280">
    <ele>42.8</ele>
    <time>2025-12-23T09:16:46Z</time>
   </trkpt>
   <trkpt lat="10.3089220" lon="123.8709370">
    <ele>42.8</ele>
    <time>2025-12-23T09:16:47Z</time>
   </trkpt>
   <trkpt lat="10.3089180" lon="123.8709510">
    <ele>42.8</ele>
    <time>2025-12-23T09:16:48Z</time>
   </trkpt>
   <trkpt lat="10.3089150" lon="123.8709620">
    <ele>42.8</ele>
    <time>2025-12-23T09:16:49Z</time>
   </trkpt>
   <trkpt lat="10.3089130" lon="123.8709730">
    <ele>42.8</ele>
    <time>2025-12-23T09:16:50Z</time>
   </trkpt>
   <trkpt lat="10.3089130" lon="123.8709860">
    <ele>42.8</ele>
    <time>2025-12-23T09:16:51Z</time>
   </trkpt>
   <trkpt lat="10.3089090" lon="123.8710060">
    <ele>42.8</ele>
    <time>2025-12-23T09:16:52Z</time>
   </trkpt>
   <trkpt lat="10.3089060" lon="123.8710160">
    <ele>42.8</ele>
    <time>2025-12-23T09:16:53Z</time>
   </trkpt>
   <trkpt lat="10.3089040" lon="123.8710250">
    <ele>42.8</ele>
    <time>2025-12-23T09:16:54Z</time>
   </trkpt>
   <trkpt lat="10.3089000" lon="123.8710470">
    <ele>42.8</ele>
    <time>2025-12-23T09:16:55Z</time>
   </trkpt>
   <trkpt lat="10.3089000" lon="123.8710560">
    <ele>42.7</ele>
    <time>2025-12-23T09:16:56Z</time>
   </trkpt>
   <trkpt lat="10.3088990" lon="123.8710660">
    <ele>42.7</ele>
    <time>2025-12-23T09:16:57Z</time>
   </trkpt>
   <trkpt lat="10.3088980" lon="123.8710870">
    <ele>42.7</ele>
    <time>2025-12-23T09:16:58Z</time>
   </trkpt>
   <trkpt lat="10.3088970" lon="123.8710960">
    <ele>42.7</ele>
    <time>2025-12-23T09:16:59Z</time>
   </trkpt>
   <trkpt lat="10.3088970" lon="123.8711040">
    <ele>42.6</ele>
    <time>2025-12-23T09:17:00Z</time>
   </trkpt>
   <trkpt lat="10.3089030" lon="123.8711130">
    <ele>42.6</ele>
    <time>2025-12-23T09:17:01Z</time>
   </trkpt>
   <trkpt lat="10.3089070" lon="123.8711230">
    <ele>42.6</ele>
    <time>2025-12-23T09:17:02Z</time>
   </trkpt>
   <trkpt lat="10.3089090" lon="123.8711340">
    <ele>42.5</ele>
    <time>2025-12-23T09:17:03Z</time>
   </trkpt>
   <trkpt lat="10.3089090" lon="123.8711460">
    <ele>42.5</ele>
    <time>2025-12-23T09:17:04Z</time>
   </trkpt>
   <trkpt lat="10.3089100" lon="123.8711550">
    <ele>42.5</ele>
    <time>2025-12-23T09:17:05Z</time>
   </trkpt>
   <trkpt lat="10.3089130" lon="123.8711630">
    <ele>42.5</ele>
    <time>2025-12-23T09:17:06Z</time>
   </trkpt>
   <trkpt lat="10.3089170" lon="123.8711730">
    <ele>42.4</ele>
    <time>2025-12-23T09:17:07Z</time>
   </trkpt>
   <trkpt lat="10.3089170" lon="123.8711830">
    <ele>42.4</ele>
    <time>2025-12-23T09:17:08Z</time>
   </trkpt>
   <trkpt lat="10.3089130" lon="123.8711950">
    <ele>42.4</ele>
    <time>2025-12-23T09:17:09Z</time>
   </trkpt>
   <trkpt lat="10.3089100" lon="123.8712060">
    <ele>42.3</ele>
    <time>2025-12-23T09:17:10Z</time>
   </trkpt>
   <trkpt lat="10.3089110" lon="123.8712160">
    <ele>42.3</ele>
    <time>2025-12-23T09:17:11Z</time>
   </trkpt>
   <trkpt lat="10.3089110" lon="123.8712230">
    <ele>42.3</ele>
    <time>2025-12-23T09:17:12Z</time>
   </trkpt>
   <trkpt lat="10.3089120" lon="123.8712310">
    <ele>42.2</ele>
    <time>2025-12-23T09:17:13Z</time>
   </trkpt>
   <trkpt lat="10.3089150" lon="123.8712400">
    <ele>42.2</ele>
    <time>2025-12-23T09:17:14Z</time>
   </trkpt>
   <trkpt lat="10.3089180" lon="123.8712510">
    <ele>42.2</ele>
    <time>2025-12-23T09:17:15Z</time>
   </trkpt>
   <trkpt lat="10.3089240" lon="123.8712730">
    <ele>42.1</ele>
    <time>2025-12-23T09:17:16Z</time>
   </trkpt>
   <trkpt lat="10.3089280" lon="123.8712820">
    <ele>42.1</ele>
    <time>2025-12-23T09:17:17Z</time>
   </trkpt>
   <trkpt lat="10.3089310" lon="123.8712910">
    <ele>42.1</ele>
    <time>2025-12-23T09:17:18Z</time>
   </trkpt>
   <trkpt lat="10.3089360" lon="123.8713040">
    <ele>42.0</ele>
    <time>2025-12-23T09:17:19Z</time>
   </trkpt>
   <trkpt lat="10.3089400" lon="123.8713190">
    <ele>42.0</ele>
    <time>2025-12-23T09:17:20Z</time>
   </trkpt>
   <trkpt lat="10.3089470" lon="123.8713400">
    <ele>41.9</ele>
    <time>2025-12-23T09:17:21Z</time>
   </trkpt>
   <trkpt lat="10.3089490" lon="123.8713510">
    <ele>41.9</ele>
    <time>2025-12-23T09:17:22Z</time>
   </trkpt>
   <trkpt lat="10.3089510" lon="123.8713610">
    <ele>41.8</ele>
    <time>2025-12-23T09:17:23Z</time>
   </trkpt>
   <trkpt lat="10.3089540" lon="123.8713780">
    <ele>41.8</ele>
    <time>2025-12-23T09:17:24Z</time>
   </trkpt>
   <trkpt lat="10.3089560" lon="123.8713920">
    <ele>41.7</ele>
    <time>2025-12-23T09:17:25Z</time>
   </trkpt>
   <trkpt lat="10.3089580" lon="123.8714100">
    <ele>41.7</ele>
    <time>2025-12-23T09:17:26Z</time>
   </trkpt>
   <trkpt lat="10.3089610" lon="123.8714270">
    <ele>41.6</ele>
    <time>2025-12-23T09:17:27Z</time>
   </trkpt>
   <trkpt lat="10.3089620" lon="123.8714420">
    <ele>41.6</ele>
    <time>2025-12-23T09:17:28Z</time>
   </trkpt>
   <trkpt lat="10.3089600" lon="123.8714580">
    <ele>41.5</ele>
    <time>2025-12-23T09:17:29Z</time>
   </trkpt>
   <trkpt lat="10.3089610" lon="123.8714730">
    <ele>41.5</ele>
    <time>2025-12-23T09:17:30Z</time>
   </trkpt>
   <trkpt lat="10.3089650" lon="123.8714880">
    <ele>41.4</ele>
    <time>2025-12-23T09:17:31Z</time>
   </trkpt>
   <trkpt lat="10.3089730" lon="123.8715020">
    <ele>41.4</ele>
    <time>2025-12-23T09:17:32Z</time>
   </trkpt>
   <trkpt lat="10.3089840" lon="123.8715140">
    <ele>41.3</ele>
    <time>2025-12-23T09:17:33Z</time>
   </trkpt>
   <trkpt lat="10.3089920" lon="123.8715270">
    <ele>41.3</ele>
    <time>2025-12-23T09:17:34Z</time>
   </trkpt>
   <trkpt lat="10.3090030" lon="123.8715380">
    <ele>41.2</ele>
    <time>2025-12-23T09:17:35Z</time>
   </trkpt>
   <trkpt lat="10.3090180" lon="123.8715460">
    <ele>41.2</ele>
    <time>2025-12-23T09:17:36Z</time>
   </trkpt>
   <trkpt lat="10.3090260" lon="123.8715580">
    <ele>41.1</ele>
    <time>2025-12-23T09:17:37Z</time>
   </trkpt>
   <trkpt lat="10.3090370" lon="123.8715680">
    <ele>41.1</ele>
    <time>2025-12-23T09:17:38Z</time>
   </trkpt>
   <trkpt lat="10.3090470" lon="123.8715780">
    <ele>41.0</ele>
    <time>2025-12-23T09:17:39Z</time>
   </trkpt>
   <trkpt lat="10.3090620" lon="123.8715930">
    <ele>41.0</ele>
    <time>2025-12-23T09:17:40Z</time>
   </trkpt>
   <trkpt lat="10.3090690" lon="123.8715980">
    <ele>40.9</ele>
    <time>2025-12-23T09:17:41Z</time>
   </trkpt>
   <trkpt lat="10.3090770" lon="123.8716040">
    <ele>40.9</ele>
    <time>2025-12-23T09:17:42Z</time>
   </trkpt>
   <trkpt lat="10.3090880" lon="123.8716150">
    <ele>40.8</ele>
    <time>2025-12-23T09:17:43Z</time>
   </trkpt>
   <trkpt lat="10.3090920" lon="123.8716280">
    <ele>40.8</ele>
    <time>2025-12-23T09:17:44Z</time>
   </trkpt>
   <trkpt lat="10.3090990" lon="123.8716480">
    <ele>40.8</ele>
    <time>2025-12-23T09:17:45Z</time>
   </trkpt>
   <trkpt lat="10.3091030" lon="123.8716560">
    <ele>40.8</ele>
    <time>2025-12-23T09:17:46Z</time>
   </trkpt>
   <trkpt lat="10.3091070" lon="123.8716630">
    <ele>40.7</ele>
    <time>2025-12-23T09:17:47Z</time>
   </trkpt>
   <trkpt lat="10.3091120" lon="123.8716720">
    <ele>40.7</ele>
    <time>2025-12-23T09:17:48Z</time>
   </trkpt>
   <trkpt lat="10.3091170" lon="123.8716820">
    <ele>40.7</ele>
    <time>2025-12-23T09:17:49Z</time>
   </trkpt>
   <trkpt lat="10.3091280" lon="123.8716880">
    <ele>40.6</ele>
    <time>2025-12-23T09:17:50Z</time>
   </trkpt>
   <trkpt lat="10.3091460" lon="123.8716890">
    <ele>40.6</ele>
    <time>2025-12-23T09:17:51Z</time>
   </trkpt>
   <trkpt lat="10.3091580" lon="123.8716930">
    <ele>40.5</ele>
    <time>2025-12-23T09:17:52Z</time>
   </trkpt>
   <trkpt lat="10.3091650" lon="123.8717010">
    <ele>40.5</ele>
    <time>2025-12-23T09:17:53Z</time>
   </trkpt>
   <trkpt lat="10.3091730" lon="123.8717070">
    <ele>40.4</ele>
    <time>2025-12-23T09:17:54Z</time>
   </trkpt>
   <trkpt lat="10.3091770" lon="123.8717170">
    <ele>40.4</ele>
    <time>2025-12-23T09:17:55Z</time>
   </trkpt>
   <trkpt lat="10.3091810" lon="123.8717280">
    <ele>40.3</ele>
    <time>2025-12-23T09:17:56Z</time>
   </trkpt>
   <trkpt lat="10.3091850" lon="123.8717390">
    <ele>40.3</ele>
    <time>2025-12-23T09:17:57Z</time>
   </trkpt>
   <trkpt lat="10.3091890" lon="123.8717470">
    <ele>40.2</ele>
    <time>2025-12-23T09:17:58Z</time>
   </trkpt>
   <trkpt lat="10.3091970" lon="123.8717600">
    <ele>40.2</ele>
    <time>2025-12-23T09:17:59Z</time>
   </trkpt>
   <trkpt lat="10.3092010" lon="123.8717660">
    <ele>40.1</ele>
    <time>2025-12-23T09:18:00Z</time>
   </trkpt>
   <trkpt lat="10.3092040" lon="123.8717730">
    <ele>40.1</ele>
    <time>2025-12-23T09:18:01Z</time>
   </trkpt>
   <trkpt lat="10.3092080" lon="123.8717800">
    <ele>40.1</ele>
    <time>2025-12-23T09:18:02Z</time>
   </trkpt>
   <trkpt lat="10.3092140" lon="123.8717910">
    <ele>40.0</ele>
    <time>2025-12-23T09:18:03Z</time>
   </trkpt>
   <trkpt lat="10.3092210" lon="123.8718000">
    <ele>39.9</ele>
    <time>2025-12-23T09:18:04Z</time>
   </trkpt>
   <trkpt lat="10.3092290" lon="123.8718100">
    <ele>39.9</ele>
    <time>2025-12-23T09:18:05Z</time>
   </trkpt>
   <trkpt lat="10.3092380" lon="123.8718210">
    <ele>39.8</ele>
    <time>2025-12-23T09:18:06Z</time>
   </trkpt>
   <trkpt lat="10.3092490" lon="123.8718340">
    <ele>39.8</ele>
    <time>2025-12-23T09:18:07Z</time>
   </trkpt>
   <trkpt lat="10.3092590" lon="123.8718460">
    <ele>39.7</ele>
    <time>2025-12-23T09:18:08Z</time>
   </trkpt>
   <trkpt lat="10.3092650" lon="123.8718580">
    <ele>39.6</ele>
    <time>2025-12-23T09:18:09Z</time>
   </trkpt>
   <trkpt lat="10.3092810" lon="123.8718750">
    <ele>39.5</ele>
    <time>2025-12-23T09:18:10Z</time>
   </trkpt>
   <trkpt lat="10.3092910" lon="123.8718800">
    <ele>39.5</ele>
    <time>2025-12-23T09:18:11Z</time>
   </trkpt>
   <trkpt lat="10.3093000" lon="123.8718850">
    <ele>39.4</ele>
    <time>2025-12-23T09:18:12Z</time>
   </trkpt>
   <trkpt lat="10.3093140" lon="123.8718960">
    <ele>39.4</ele>
    <time>2025-12-23T09:18:13Z</time>
   </trkpt>
   <trkpt lat="10.3093220" lon="123.8719120">
    <ele>39.3</ele>
    <time>2025-12-23T09:18:14Z</time>
   </trkpt>
   <trkpt lat="10.3093350" lon="123.8719260">
    <ele>39.2</ele>
    <time>2025-12-23T09:18:15Z</time>
   </trkpt>
   <trkpt lat="10.3093480" lon="123.8719380">
    <ele>39.1</ele>
    <time>2025-12-23T09:18:16Z</time>
   </trkpt>
   <trkpt lat="10.3093580" lon="123.8719470">
    <ele>39.1</ele>
    <time>2025-12-23T09:18:17Z</time>
   </trkpt>
   <trkpt lat="10.3093650" lon="123.8719540">
    <ele>39.1</ele>
    <time>2025-12-23T09:18:18Z</time>
   </trkpt>
   <trkpt lat="10.3093740" lon="123.8719600">
    <ele>39.0</ele>
    <time>2025-12-23T09:18:19Z</time>
   </trkpt>
   <trkpt lat="10.3093810" lon="123.8719730">
    <ele>39.0</ele>
    <time>2025-12-23T09:18:20Z</time>
   </trkpt>
   <trkpt lat="10.3093830" lon="123.8719800">
    <ele>38.9</ele>
    <time>2025-12-23T09:18:21Z</time>
   </trkpt>
   <trkpt lat="10.3093840" lon="123.8719880">
    <ele>38.9</ele>
    <time>2025-12-23T09:18:22Z</time>
   </trkpt>
   <trkpt lat="10.3093860" lon="123.8719950">
    <ele>38.9</ele>
    <time>2025-12-23T09:18:23Z</time>
   </trkpt>
   <trkpt lat="10.3093880" lon="123.8720110">
    <ele>38.8</ele>
    <time>2025-12-23T09:18:24Z</time>
   </trkpt>
   <trkpt lat="10.3093910" lon="123.8720260">
    <ele>38.7</ele>
    <time>2025-12-23T09:18:25Z</time>
   </trkpt>
   <trkpt lat="10.3093920" lon="123.8720440">
    <ele>38.7</ele>
    <time>2025-12-23T09:18:26Z</time>
   </trkpt>
   <trkpt lat="10.3093920" lon="123.8720600">
    <ele>38.6</ele>
    <time>2025-12-23T09:18:27Z</time>
   </trkpt>
   <trkpt lat="10.3093910" lon="123.8720760">
    <ele>38.6</ele>
    <time>2025-12-23T09:18:28Z</time>
   </trkpt>
   <trkpt lat="10.3093890" lon="123.8720930">
    <ele>38.5</ele>
    <time>2025-12-23T09:18:29Z</time>
   </trkpt>
   <trkpt lat="10.3093880" lon="123.8721070">
    <ele>38.4</ele>
    <time>2025-12-23T09:18:30Z</time>
   </trkpt>
   <trkpt lat="10.3093890" lon="123.8721240">
    <ele>38.4</ele>
    <time>2025-12-23T09:18:31Z</time>
   </trkpt>
   <trkpt lat="10.3093860" lon="123.8721380">
    <ele>38.3</ele>
    <time>2025-12-23T09:18:32Z</time>
   </trkpt>
   <trkpt lat="10.3093780" lon="123.8721530">
    <ele>38.2</ele>
    <time>2025-12-23T09:18:33Z</time>
   </trkpt>
   <trkpt lat="10.3093720" lon="123.8721670">
    <ele>38.2</ele>
    <time>2025-12-23T09:18:34Z</time>
   </trkpt>
   <trkpt lat="10.3093720" lon="123.8721810">
    <ele>38.1</ele>
    <time>2025-12-23T09:18:35Z</time>
   </trkpt>
   <trkpt lat="10.3093720" lon="123.8721940">
    <ele>38.1</ele>
    <time>2025-12-23T09:18:36Z</time>
   </trkpt>
   <trkpt lat="10.3093660" lon="123.8722080">
    <ele>38.0</ele>
    <time>2025-12-23T09:18:37Z</time>
   </trkpt>
   <trkpt lat="10.3093610" lon="123.8722200">
    <ele>38.0</ele>
    <time>2025-12-23T09:18:38Z</time>
   </trkpt>
   <trkpt lat="10.3093580" lon="123.8722280">
    <ele>37.9</ele>
    <time>2025-12-23T09:18:39Z</time>
   </trkpt>
   <trkpt lat="10.3093620" lon="123.8722400">
    <ele>37.9</ele>
    <time>2025-12-23T09:18:40Z</time>
   </trkpt>
   <trkpt lat="10.3093610" lon="123.8722500">
    <ele>37.8</ele>
    <time>2025-12-23T09:18:41Z</time>
   </trkpt>
   <trkpt lat="10.3093570" lon="123.8722600">
    <ele>37.8</ele>
    <time>2025-12-23T09:18:42Z</time>
   </trkpt>
   <trkpt lat="10.3093540" lon="123.8722670">
    <ele>37.7</ele>
    <time>2025-12-23T09:18:43Z</time>
   </trkpt>
   <trkpt lat="10.3093500" lon="123.8722720">
    <ele>37.7</ele>
    <time>2025-12-23T09:18:44Z</time>
   </trkpt>
   <trkpt lat="10.3093490" lon="123.8722790">
    <ele>37.6</ele>
    <time>2025-12-23T09:18:45Z</time>
   </trkpt>
   <trkpt lat="10.3093500" lon="123.8722870">
    <ele>37.6</ele>
    <time>2025-12-23T09:18:46Z</time>
   </trkpt>
   <trkpt lat="10.3093540" lon="123.8722980">
    <ele>37.6</ele>
    <time>2025-12-23T09:18:47Z</time>
   </trkpt>
   <trkpt lat="10.3093560" lon="123.8723090">
    <ele>37.5</ele>
    <time>2025-12-23T09:18:48Z</time>
   </trkpt>
   <trkpt lat="10.3093560" lon="123.8723190">
    <ele>37.4</ele>
    <time>2025-12-23T09:18:49Z</time>
   </trkpt>
   <trkpt lat="10.3093550" lon="123.8723280">
    <ele>37.4</ele>
    <time>2025-12-23T09:18:50Z</time>
   </trkpt>
   <trkpt lat="10.3093580" lon="123.8723480">
    <ele>37.3</ele>
    <time>2025-12-23T09:18:51Z</time>
   </trkpt>
   <trkpt lat="10.3093590" lon="123.8723580">
    <ele>37.2</ele>
    <time>2025-12-23T09:18:52Z</time>
   </trkpt>
   <trkpt lat="10.3093610" lon="123.8723670">
    <ele>37.2</ele>
    <time>2025-12-23T09:18:53Z</time>
   </trkpt>
   <trkpt lat="10.3093670" lon="123.8723820">
    <ele>37.1</ele>
    <time>2025-12-23T09:18:54Z</time>
   </trkpt>
   <trkpt lat="10.3093670" lon="123.8723980">
    <ele>37.0</ele>
    <time>2025-12-23T09:18:55Z</time>
   </trkpt>
   <trkpt lat="10.3093640" lon="123.8724140">
    <ele>36.9</ele>
    <time>2025-12-23T09:18:56Z</time>
   </trkpt>
   <trkpt lat="10.3093580" lon="123.8724320">
    <ele>36.8</ele>
    <time>2025-12-23T09:18:57Z</time>
   </trkpt>
   <trkpt lat="10.3093530" lon="123.8724480">
    <ele>36.7</ele>
    <time>2025-12-23T09:18:58Z</time>
   </trkpt>
   <trkpt lat="10.3093490" lon="123.8724600">
    <ele>36.6</ele>
    <time>2025-12-23T09:18:59Z</time>
   </trkpt>
   <trkpt lat="10.3093420" lon="123.8724710">
    <ele>36.6</ele>
    <time>2025-12-23T09:19:00Z</time>
   </trkpt>
   <trkpt lat="10.3093340" lon="123.8724840">
    <ele>36.5</ele>
    <time>2025-12-23T09:19:01Z</time>
   </trkpt>
   <trkpt lat="10.3093270" lon="123.8724980">
    <ele>36.4</ele>
    <time>2025-12-23T09:19:02Z</time>
   </trkpt>
   <trkpt lat="10.3093200" lon="123.8725080">
    <ele>36.3</ele>
    <time>2025-12-23T09:19:03Z</time>
   </trkpt>
   <trkpt lat="10.3093180" lon="123.8725280">
    <ele>36.2</ele>
    <time>2025-12-23T09:19:04Z</time>
   </trkpt>
   <trkpt lat="10.3093150" lon="123.8725370">
    <ele>36.1</ele>
    <time>2025-12-23T09:19:05Z</time>
   </trkpt>
   <trkpt lat="10.3093130" lon="123.8725460">
    <ele>36.1</ele>
    <time>2025-12-23T09:19:06Z</time>
   </trkpt>
   <trkpt lat="10.3093050" lon="123.8725610">
    <ele>36.0</ele>
    <time>2025-12-23T09:19:07Z</time>
   </trkpt>
   <trkpt lat="10.3093030" lon="123.8725770">
    <ele>35.9</ele>
    <time>2025-12-23T09:19:08Z</time>
   </trkpt>
   <trkpt lat="10.3093000" lon="123.8725890">
    <ele>35.8</ele>
    <time>2025-12-23T09:19:09Z</time>
   </trkpt>
   <trkpt lat="10.3093000" lon="123.8725960">
    <ele>35.8</ele>
    <time>2025-12-23T09:19:10Z</time>
   </trkpt>
   <trkpt lat="10.3092990" lon="123.8726000">
    <ele>35.7</ele>
    <time>2025-12-23T09:19:11Z</time>
   </trkpt>
   <trkpt lat="10.3093050" lon="123.8726040">
    <ele>35.7</ele>
    <time>2025-12-23T09:19:12Z</time>
   </trkpt>
   <trkpt lat="10.3093110" lon="123.8726100">
    <ele>35.6</ele>
    <time>2025-12-23T09:19:13Z</time>
   </trkpt>
   <trkpt lat="10.3093050" lon="123.8726200">
    <ele>35.6</ele>
    <time>2025-12-23T09:19:14Z</time>
   </trkpt>
   <trkpt lat="10.3092920" lon="123.8726370">
    <ele>35.5</ele>
    <time>2025-12-23T09:19:15Z</time>
   </trkpt>
   <trkpt lat="10.3092850" lon="123.8726540">
    <ele>35.3</ele>
    <time>2025-12-23T09:19:16Z</time>
   </trkpt>
   <trkpt lat="10.3092840" lon="123.8726710">
    <ele>35.2</ele>
    <time>2025-12-23T09:19:17Z</time>
   </trkpt>
   <trkpt lat="10.3092840" lon="123.8726930">
    <ele>35.1</ele>
    <time>2025-12-23T09:19:18Z</time>
   </trkpt>
   <trkpt lat="10.3092850" lon="123.8727010">
    <ele>35.1</ele>
    <time>2025-12-23T09:19:19Z</time>
   </trkpt>
   <trkpt lat="10.3092860" lon="123.8727090">
    <ele>35.0</ele>
    <time>2025-12-23T09:19:20Z</time>
   </trkpt>
   <trkpt lat="10.3092830" lon="123.8727240">
    <ele>34.9</ele>
    <time>2025-12-23T09:19:21Z</time>
   </trkpt>
   <trkpt lat="10.3092810" lon="123.8727370">
    <ele>34.9</ele>
    <time>2025-12-23T09:19:22Z</time>
   </trkpt>
   <trkpt lat="10.3092760" lon="123.8727570">
    <ele>34.8</ele>
    <time>2025-12-23T09:19:23Z</time>
   </trkpt>
   <trkpt lat="10.3092760" lon="123.8727670">
    <ele>34.7</ele>
    <time>2025-12-23T09:19:24Z</time>
   </trkpt>
   <trkpt lat="10.3092760" lon="123.8727760">
    <ele>34.7</ele>
    <time>2025-12-23T09:19:25Z</time>
   </trkpt>
   <trkpt lat="10.3092710" lon="123.8727910">
    <ele>34.6</ele>
    <time>2025-12-23T09:19:26Z</time>
   </trkpt>
   <trkpt lat="10.3092690" lon="123.8727990">
    <ele>34.5</ele>
    <time>2025-12-23T09:19:27Z</time>
   </trkpt>
   <trkpt lat="10.3092670" lon="123.8728060">
    <ele>34.5</ele>
    <time>2025-12-23T09:19:28Z</time>
   </trkpt>
   <trkpt lat="10.3092650" lon="123.8728130">
    <ele>34.4</ele>
    <time>2025-12-23T09:19:29Z</time>
   </trkpt>
   <trkpt lat="10.3092660" lon="123.8728360">
    <ele>34.3</ele>
    <time>2025-12-23T09:19:30Z</time>
   </trkpt>
   <trkpt lat="10.3092670" lon="123.8728450">
    <ele>34.3</ele>
    <time>2025-12-23T09:19:31Z</time>
   </trkpt>
   <trkpt lat="10.3092680" lon="123.8728550">
    <ele>34.2</ele>
    <time>2025-12-23T09:19:32Z</time>
   </trkpt>
   <trkpt lat="10.3092670" lon="123.8728640">
    <ele>34.2</ele>
    <time>2025-12-23T09:19:33Z</time>
   </trkpt>
   <trkpt lat="10.3092620" lon="123.8728720">
    <ele>34.1</ele>
    <time>2025-12-23T09:19:34Z</time>
   </trkpt>
   <trkpt lat="10.3092530" lon="123.8728790">
    <ele>34.0</ele>
    <time>2025-12-23T09:19:35Z</time>
   </trkpt>
   <trkpt lat="10.3092430" lon="123.8728950">
    <ele>33.9</ele>
    <time>2025-12-23T09:19:36Z</time>
   </trkpt>
   <trkpt lat="10.3092370" lon="123.8729090">
    <ele>33.9</ele>
    <time>2025-12-23T09:19:37Z</time>
   </trkpt>
   <trkpt lat="10.3092330" lon="123.8729260">
    <ele>33.8</ele>
    <time>2025-12-23T09:19:38Z</time>
   </trkpt>
   <trkpt lat="10.3092330" lon="123.8729390">
    <ele>33.7</ele>
    <time>2025-12-23T09:19:39Z</time>
   </trkpt>
   <trkpt lat="10.3092340" lon="123.8729500">
    <ele>33.6</ele>
    <time>2025-12-23T09:19:40Z</time>
   </trkpt>
   <trkpt lat="10.3092330" lon="123.8729580">
    <ele>33.6</ele>
    <time>2025-12-23T09:19:41Z</time>
   </trkpt>
   <trkpt lat="10.3092290" lon="123.8729700">
    <ele>33.5</ele>
    <time>2025-12-23T09:19:42Z</time>
   </trkpt>
   <trkpt lat="10.3092220" lon="123.8729790">
    <ele>33.4</ele>
    <time>2025-12-23T09:19:43Z</time>
   </trkpt>
   <trkpt lat="10.3092170" lon="123.8729870">
    <ele>33.4</ele>
    <time>2025-12-23T09:19:44Z</time>
   </trkpt>
   <trkpt lat="10.3092120" lon="123.8729990">
    <ele>33.3</ele>
    <time>2025-12-23T09:19:45Z</time>
   </trkpt>
   <trkpt lat="10.3092100" lon="123.8730140">
    <ele>33.2</ele>
    <time>2025-12-23T09:19:46Z</time>
   </trkpt>
   <trkpt lat="10.3092100" lon="123.8730280">
    <ele>33.2</ele>
    <time>2025-12-23T09:19:47Z</time>
   </trkpt>
   <trkpt lat="10.3092060" lon="123.8730410">
    <ele>33.1</ele>
    <time>2025-12-23T09:19:48Z</time>
   </trkpt>
   <trkpt lat="10.3092040" lon="123.8730490">
    <ele>33.0</ele>
    <time>2025-12-23T09:19:49Z</time>
   </trkpt>
   <trkpt lat="10.3092020" lon="123.8730600">
    <ele>33.0</ele>
    <time>2025-12-23T09:19:50Z</time>
   </trkpt>
   <trkpt lat="10.3091960" lon="123.8730710">
    <ele>32.9</ele>
    <time>2025-12-23T09:19:51Z</time>
   </trkpt>
   <trkpt lat="10.3091910" lon="123.8730820">
    <ele>32.8</ele>
    <time>2025-12-23T09:19:52Z</time>
   </trkpt>
   <trkpt lat="10.3091880" lon="123.8730930">
    <ele>32.8</ele>
    <time>2025-12-23T09:19:53Z</time>
   </trkpt>
   <trkpt lat="10.3091860" lon="123.8731150">
    <ele>32.6</ele>
    <time>2025-12-23T09:19:54Z</time>
   </trkpt>
   <trkpt lat="10.3091870" lon="123.8731250">
    <ele>32.6</ele>
    <time>2025-12-23T09:19:55Z</time>
   </trkpt>
   <trkpt lat="10.3091880" lon="123.8731350">
    <ele>32.5</ele>
    <time>2025-12-23T09:19:56Z</time>
   </trkpt>
   <trkpt lat="10.3091870" lon="123.8731680">
    <ele>32.3</ele>
    <time>2025-12-23T09:19:57Z</time>
   </trkpt>
   <trkpt lat="10.3091880" lon="123.8731770">
    <ele>32.3</ele>
    <time>2025-12-23T09:19:58Z</time>
   </trkpt>
   <trkpt lat="10.3091810" lon="123.8731930">
    <ele>32.2</ele>
    <time>2025-12-23T09:19:59Z</time>
   </trkpt>
   <trkpt lat="10.3091720" lon="123.8732050">
    <ele>32.1</ele>
    <time>2025-12-23T09:20:00Z</time>
   </trkpt>
   <trkpt lat="10.3091620" lon="123.8732180">
    <ele>32.0</ele>
    <time>2025-12-23T09:20:01Z</time>
   </trkpt>
   <trkpt lat="10.3091560" lon="123.8732300">
    <ele>31.9</ele>
    <time>2025-12-23T09:20:02Z</time>
   </trkpt>
   <trkpt lat="10.3091530" lon="123.8732460">
    <ele>31.8</ele>
    <time>2025-12-23T09:20:03Z</time>
   </trkpt>
   <trkpt lat="10.3091510" lon="123.8732660">
    <ele>31.7</ele>
    <time>2025-12-23T09:20:04Z</time>
   </trkpt>
   <trkpt lat="10.3091430" lon="123.8732950">
    <ele>31.5</ele>
    <time>2025-12-23T09:20:05Z</time>
   </trkpt>
   <trkpt lat="10.3091400" lon="123.8733020">
    <ele>31.5</ele>
    <time>2025-12-23T09:20:06Z</time>
   </trkpt>
   <trkpt lat="10.3091330" lon="123.8733160">
    <ele>31.4</ele>
    <time>2025-12-23T09:20:07Z</time>
   </trkpt>
   <trkpt lat="10.3091290" lon="123.8733310">
    <ele>31.3</ele>
    <time>2025-12-23T09:20:08Z</time>
   </trkpt>
   <trkpt lat="10.3091280" lon="123.8733470">
    <ele>31.2</ele>
    <time>2025-12-23T09:20:09Z</time>
   </trkpt>
   <trkpt lat="10.3091310" lon="123.8733620">
    <ele>31.2</ele>
    <time>2025-12-23T09:20:10Z</time>
   </trkpt>
   <trkpt lat="10.3091330" lon="123.8733770">
    <ele>31.1</ele>
    <time>2025-12-23T09:20:11Z</time>
   </trkpt>
   <trkpt lat="10.3091330" lon="123.8733900">
    <ele>31.0</ele>
    <time>2025-12-23T09:20:12Z</time>
   </trkpt>
   <trkpt lat="10.3091350" lon="123.8734050">
    <ele>30.9</ele>
    <time>2025-12-23T09:20:13Z</time>
   </trkpt>
   <trkpt lat="10.3091370" lon="123.8734160">
    <ele>30.9</ele>
    <time>2025-12-23T09:20:14Z</time>
   </trkpt>
   <trkpt lat="10.3091390" lon="123.8734260">
    <ele>30.9</ele>
    <time>2025-12-23T09:20:15Z</time>
   </trkpt>
   <trkpt lat="10.3091390" lon="123.8734360">
    <ele>30.9</ele>
    <time>2025-12-23T09:20:16Z</time>
   </trkpt>
   <trkpt lat="10.3091390" lon="123.8734470">
    <ele>30.9</ele>
    <time>2025-12-23T09:20:17Z</time>
   </trkpt>
   <trkpt lat="10.3091430" lon="123.8734580">
    <ele>30.8</ele>
    <time>2025-12-23T09:20:18Z</time>
   </trkpt>
   <trkpt lat="10.3091440" lon="123.8734690">
    <ele>30.8</ele>
    <time>2025-12-23T09:20:19Z</time>
   </trkpt>
   <trkpt lat="10.3091450" lon="123.8734800">
    <ele>30.8</ele>
    <time>2025-12-23T09:20:20Z</time>
   </trkpt>
   <trkpt lat="10.3091490" lon="123.8734930">
    <ele>30.8</ele>
    <time>2025-12-23T09:20:21Z</time>
   </trkpt>
   <trkpt lat="10.3091550" lon="123.8735090">
    <ele>30.8</ele>
    <time>2025-12-23T09:20:22Z</time>
   </trkpt>
   <trkpt lat="10.3091630" lon="123.8735220">
    <ele>30.7</ele>
    <time>2025-12-23T09:20:23Z</time>
   </trkpt>
   <trkpt lat="10.3091690" lon="123.8735310">
    <ele>30.7</ele>
    <time>2025-12-23T09:20:24Z</time>
   </trkpt>
   <trkpt lat="10.3091740" lon="123.8735400">
    <ele>30.7</ele>
    <time>2025-12-23T09:20:25Z</time>
   </trkpt>
   <trkpt lat="10.3091790" lon="123.8735480">
    <ele>30.7</ele>
    <time>2025-12-23T09:20:26Z</time>
   </trkpt>
   <trkpt lat="10.3091850" lon="123.8735540">
    <ele>30.7</ele>
    <time>2025-12-23T09:20:27Z</time>
   </trkpt>
   <trkpt lat="10.3091930" lon="123.8735610">
    <ele>30.6</ele>
    <time>2025-12-23T09:20:28Z</time>
   </trkpt>
   <trkpt lat="10.3092010" lon="123.8735670">
    <ele>30.6</ele>
    <time>2025-12-23T09:20:29Z</time>
   </trkpt>
   <trkpt lat="10.3092080" lon="123.8735760">
    <ele>30.5</ele>
    <time>2025-12-23T09:20:30Z</time>
   </trkpt>
   <trkpt lat="10.3092100" lon="123.8735850">
    <ele>30.5</ele>
    <time>2025-12-23T09:20:31Z</time>
   </trkpt>
   <trkpt lat="10.3092150" lon="123.8735930">
    <ele>30.5</ele>
    <time>2025-12-23T09:20:32Z</time>
   </trkpt>
   <trkpt lat="10.3092210" lon="123.8736020">
    <ele>30.4</ele>
    <time>2025-12-23T09:20:33Z</time>
   </trkpt>
   <trkpt lat="10.3092220" lon="123.8736130">
    <ele>30.4</ele>
    <time>2025-12-23T09:20:34Z</time>
   </trkpt>
   <trkpt lat="10.3092200" lon="123.8736250">
    <ele>30.3</ele>
    <time>2025-12-23T09:20:35Z</time>
   </trkpt>
   <trkpt lat="10.3092190" lon="123.8736380">
    <ele>30.2</ele>
    <time>2025-12-23T09:20:36Z</time>
   </trkpt>
   <trkpt lat="10.3092170" lon="123.8736480">
    <ele>30.2</ele>
    <time>2025-12-23T09:20:37Z</time>
   </trkpt>
   <trkpt lat="10.3092160" lon="123.8736550">
    <ele>30.2</ele>
    <time>2025-12-23T09:20:38Z</time>
   </trkpt>
   <trkpt lat="10.3092090" lon="123.8736640">
    <ele>30.1</ele>
    <time>2025-12-23T09:20:39Z</time>
   </trkpt>
   <trkpt lat="10.3092030" lon="123.8736720">
    <ele>30.1</ele>
    <time>2025-12-23T09:20:40Z</time>
   </trkpt>
   <trkpt lat="10.3092010" lon="123.8736840">
    <ele>30.0</ele>
    <time>2025-12-23T09:20:41Z</time>
   </trkpt>
   <trkpt lat="10.3092030" lon="123.8736970">
    <ele>29.9</ele>
    <time>2025-12-23T09:20:42Z</time>
   </trkpt>
   <trkpt lat="10.3092100" lon="123.8737140">
    <ele>29.8</ele>
    <time>2025-12-23T09:20:43Z</time>
   </trkpt>
   <trkpt lat="10.3092210" lon="123.8737400">
    <ele>29.7</ele>
    <time>2025-12-23T09:20:44Z</time>
   </trkpt>
   <trkpt lat="10.3092250" lon="123.8737490">
    <ele>29.6</ele>
    <time>2025-12-23T09:20:45Z</time>
   </trkpt>
   <trkpt lat="10.3092430" lon="123.8737720">
    <ele>29.5</ele>
    <time>2025-12-23T09:20:46Z</time>
   </trkpt>
   <trkpt lat="10.3092480" lon="123.8737800">
    <ele>29.4</ele>
    <time>2025-12-23T09:20:47Z</time>
   </trkpt>
   <trkpt lat="10.3092550" lon="123.8737960">
    <ele>29.3</ele>
    <time>2025-12-23T09:20:48Z</time>
   </trkpt>
   <trkpt lat="10.3092570" lon="123.8738120">
    <ele>29.2</ele>
    <time>2025-12-23T09:20:49Z</time>
   </trkpt>
   <trkpt lat="10.3092550" lon="123.8738290">
    <ele>29.1</ele>
    <time>2025-12-23T09:20:50Z</time>
   </trkpt>
   <trkpt lat="10.3092510" lon="123.8738460">
    <ele>29.0</ele>
    <time>2025-12-23T09:20:51Z</time>
   </trkpt>
   <trkpt lat="10.3092510" lon="123.8738590">
    <ele>28.9</ele>
    <time>2025-12-23T09:20:52Z</time>
   </trkpt>
   <trkpt lat="10.3092530" lon="123.8738700">
    <ele>28.9</ele>
    <time>2025-12-23T09:20:53Z</time>
   </trkpt>
   <trkpt lat="10.3092560" lon="123.8738790">
    <ele>28.8</ele>
    <time>2025-12-23T09:20:54Z</time>
   </trkpt>
   <trkpt lat="10.3092590" lon="123.8738990">
    <ele>28.7</ele>
    <time>2025-12-23T09:20:55Z</time>
   </trkpt>
   <trkpt lat="10.3092590" lon="123.8739090">
    <ele>28.6</ele>
    <time>2025-12-23T09:20:56Z</time>
   </trkpt>
   <trkpt lat="10.3092590" lon="123.8739180">
    <ele>28.6</ele>
    <time>2025-12-23T09:20:57Z</time>
   </trkpt>
   <trkpt lat="10.3092600" lon="123.8739290">
    <ele>28.5</ele>
    <time>2025-12-23T09:20:58Z</time>
   </trkpt>
   <trkpt lat="10.3092640" lon="123.8739400">
    <ele>28.4</ele>
    <time>2025-12-23T09:20:59Z</time>
   </trkpt>
   <trkpt lat="10.3092670" lon="123.8739500">
    <ele>28.4</ele>
    <time>2025-12-23T09:21:00Z</time>
   </trkpt>
   <trkpt lat="10.3092710" lon="123.8739590">
    <ele>28.3</ele>
    <time>2025-12-23T09:21:01Z</time>
   </trkpt>
   <trkpt lat="10.3092740" lon="123.8739660">
    <ele>28.3</ele>
    <time>2025-12-23T09:21:02Z</time>
   </trkpt>
   <trkpt lat="10.3092760" lon="123.8739760">
    <ele>28.2</ele>
    <time>2025-12-23T09:21:03Z</time>
   </trkpt>
   <trkpt lat="10.3092760" lon="123.8739890">
    <ele>28.1</ele>
    <time>2025-12-23T09:21:04Z</time>
   </trkpt>
   <trkpt lat="10.3092760" lon="123.8740000">
    <ele>28.1</ele>
    <time>2025-12-23T09:21:05Z</time>
   </trkpt>
   <trkpt lat="10.3092750" lon="123.8740110">
    <ele>28.0</ele>
    <time>2025-12-23T09:21:06Z</time>
   </trkpt>
   <trkpt lat="10.3092710" lon="123.8740310">
    <ele>27.9</ele>
    <time>2025-12-23T09:21:07Z</time>
   </trkpt>
   <trkpt lat="10.3092700" lon="123.8740400">
    <ele>27.8</ele>
    <time>2025-12-23T09:21:08Z</time>
   </trkpt>
   <trkpt lat="10.3092690" lon="123.8740490">
    <ele>27.8</ele>
    <time>2025-12-23T09:21:09Z</time>
   </trkpt>
   <trkpt lat="10.3092730" lon="123.8740620">
    <ele>27.7</ele>
    <time>2025-12-23T09:21:10Z</time>
   </trkpt>
   <trkpt lat="10.3092820" lon="123.8740770">
    <ele>27.6</ele>
    <time>2025-12-23T09:21:11Z</time>
   </trkpt>
   <trkpt lat="10.3092870" lon="123.8740930">
    <ele>27.5</ele>
    <time>2025-12-23T09:21:12Z</time>
   </trkpt>
   <trkpt lat="10.3092890" lon="123.8741070">
    <ele>27.4</ele>
    <time>2025-12-23T09:21:13Z</time>
   </trkpt>
   <trkpt lat="10.3092900" lon="123.8741180">
    <ele>27.4</ele>
    <time>2025-12-23T09:21:14Z</time>
   </trkpt>
   <trkpt lat="10.3092900" lon="123.8741300">
    <ele>27.3</ele>
    <time>2025-12-23T09:21:15Z</time>
   </trkpt>
   <trkpt lat="10.3092890" lon="123.8741390">
    <ele>27.2</ele>
    <time>2025-12-23T09:21:16Z</time>
   </trkpt>
   <trkpt lat="10.3092880" lon="123.8741480">
    <ele>27.2</ele>
    <time>2025-12-23T09:21:17Z</time>
   </trkpt>
   <trkpt lat="10.3092860" lon="123.8741600">
    <ele>27.1</ele>
    <time>2025-12-23T09:21:18Z</time>
   </trkpt>
   <trkpt lat="10.3092820" lon="123.8741710">
    <ele>27.1</ele>
    <time>2025-12-23T09:21:19Z</time>
   </trkpt>
   <trkpt lat="10.3092750" lon="123.8741790">
    <ele>27.0</ele>
    <time>2025-12-23T09:21:20Z</time>
   </trkpt>
   <trkpt lat="10.3092670" lon="123.8741900">
    <ele>26.9</ele>
    <time>2025-12-23T09:21:21Z</time>
   </trkpt>
   <trkpt lat="10.3092600" lon="123.8741970">
    <ele>26.9</ele>
    <time>2025-12-23T09:21:22Z</time>
   </trkpt>
   <trkpt lat="10.3092590" lon="123.8742040">
    <ele>26.9</ele>
    <time>2025-12-23T09:21:23Z</time>
   </trkpt>
   <trkpt lat="10.3092650" lon="123.8742100">
    <ele>26.8</ele>
    <time>2025-12-23T09:21:24Z</time>
   </trkpt>
   <trkpt lat="10.3092690" lon="123.8742200">
    <ele>26.8</ele>
    <time>2025-12-23T09:21:25Z</time>
   </trkpt>
   <trkpt lat="10.3092700" lon="123.8742320">
    <ele>26.8</ele>
    <time>2025-12-23T09:21:26Z</time>
   </trkpt>
   <trkpt lat="10.3092740" lon="123.8742520">
    <ele>26.7</ele>
    <time>2025-12-23T09:21:27Z</time>
   </trkpt>
   <trkpt lat="10.3092740" lon="123.8742610">
    <ele>26.6</ele>
    <time>2025-12-23T09:21:28Z</time>
   </trkpt>
   <trkpt lat="10.3092740" lon="123.8742700">
    <ele>26.6</ele>
    <time>2025-12-23T09:21:29Z</time>
   </trkpt>
   <trkpt lat="10.3092730" lon="123.8742800">
    <ele>26.6</ele>
    <time>2025-12-23T09:21:30Z</time>
   </trkpt>
   <trkpt lat="10.3092720" lon="123.8742920">
    <ele>26.5</ele>
    <time>2025-12-23T09:21:31Z</time>
   </trkpt>
   <trkpt lat="10.3092700" lon="123.8743060">
    <ele>26.5</ele>
    <time>2025-12-23T09:21:32Z</time>
   </trkpt>
   <trkpt lat="10.3092670" lon="123.8743200">
    <ele>26.4</ele>
    <time>2025-12-23T09:21:33Z</time>
   </trkpt>
   <trkpt lat="10.3092650" lon="123.8743360">
    <ele>26.4</ele>
    <time>2025-12-23T09:21:34Z</time>
   </trkpt>
   <trkpt lat="10.3092670" lon="123.8743510">
    <ele>26.3</ele>
    <time>2025-12-23T09:21:35Z</time>
   </trkpt>
   <trkpt lat="10.3092670" lon="123.8743660">
    <ele>26.3</ele>
    <time>2025-12-23T09:21:36Z</time>
   </trkpt>
   <trkpt lat="10.3092680" lon="123.8743830">
    <ele>26.2</ele>
    <time>2025-12-23T09:21:37Z</time>
   </trkpt>
   <trkpt lat="10.3092700" lon="123.8743990">
    <ele>26.2</ele>
    <time>2025-12-23T09:21:38Z</time>
   </trkpt>
   <trkpt lat="10.3092690" lon="123.8744160">
    <ele>26.1</ele>
    <time>2025-12-23T09:21:39Z</time>
   </trkpt>
   <trkpt lat="10.3092650" lon="123.8744320">
    <ele>26.0</ele>
    <time>2025-12-23T09:21:40Z</time>
   </trkpt>
   <trkpt lat="10.3092580" lon="123.8744520">
    <ele>26.0</ele>
    <time>2025-12-23T09:21:41Z</time>
   </trkpt>
   <trkpt lat="10.3092570" lon="123.8744610">
    <ele>26.0</ele>
    <time>2025-12-23T09:21:42Z</time>
   </trkpt>
   <trkpt lat="10.3092550" lon="123.8744690">
    <ele>25.9</ele>
    <time>2025-12-23T09:21:43Z</time>
   </trkpt>
   <trkpt lat="10.3092540" lon="123.8744800">
    <ele>25.9</ele>
    <time>2025-12-23T09:21:44Z</time>
   </trkpt>
   <trkpt lat="10.3092550" lon="123.8744880">
    <ele>25.9</ele>
    <time>2025-12-23T09:21:45Z</time>
   </trkpt>
   <trkpt lat="10.3092580" lon="123.8744960">
    <ele>25.9</ele>
    <time>2025-12-23T09:21:46Z</time>
   </trkpt>
   <trkpt lat="10.3092630" lon="123.8745030">
    <ele>25.8</ele>
    <time>2025-12-23T09:21:47Z</time>
   </trkpt>
   <trkpt lat="10.3092660" lon="123.8745060">
    <ele>25.8</ele>
    <time>2025-12-23T09:21:48Z</time>
   </trkpt>
   <trkpt lat="10.3092680" lon="123.8745100">
    <ele>25.8</ele>
    <time>2025-12-23T09:21:49Z</time>
   </trkpt>
   <trkpt lat="10.3092670" lon="123.8745190">
    <ele>25.8</ele>
    <time>2025-12-23T09:21:50Z</time>
   </trkpt>
   <trkpt lat="10.3092680" lon="123.8745300">
    <ele>25.8</ele>
    <time>2025-12-23T09:21:51Z</time>
   </trkpt>
   <trkpt lat="10.3092710" lon="123.8745470">
    <ele>25.7</ele>
    <time>2025-12-23T09:21:52Z</time>
   </trkpt>
   <trkpt lat="10.3092740" lon="123.8745620">
    <ele>25.7</ele>
    <time>2025-12-23T09:21:53Z</time>
   </trkpt>
   <trkpt lat="10.3092790" lon="123.8745750">
    <ele>25.6</ele>
    <time>2025-12-23T09:21:54Z</time>
   </trkpt>
   <trkpt lat="10.3092840" lon="123.8745880">
    <ele>25.6</ele>
    <time>2025-12-23T09:21:55Z</time>
   </trkpt>
   <trkpt lat="10.3092880" lon="123.8746010">
    <ele>25.6</ele>
    <time>2025-12-23T09:21:56Z</time>
   </trkpt>
   <trkpt lat="10.3092880" lon="123.8746170">
    <ele>25.5</ele>
    <time>2025-12-23T09:21:57Z</time>
   </trkpt>
   <trkpt lat="10.3092870" lon="123.8746330">
    <ele>25.5</ele>
    <time>2025-12-23T09:21:58Z</time>
   </trkpt>
   <trkpt lat="10.3092810" lon="123.8746530">
    <ele>25.4</ele>
    <time>2025-12-23T09:21:59Z</time>
   </trkpt>
   <trkpt lat="10.3092740" lon="123.8746810">
    <ele>25.4</ele>
    <time>2025-12-23T09:22:00Z</time>
   </trkpt>
   <trkpt lat="10.3092720" lon="123.8746890">
    <ele>25.4</ele>
    <time>2025-12-23T09:22:01Z</time>
   </trkpt>
   <trkpt lat="10.3092720" lon="123.8747060">
    <ele>25.3</ele>
    <time>2025-12-23T09:22:02Z</time>
   </trkpt>
   <trkpt lat="10.3092760" lon="123.8747220">
    <ele>25.3</ele>
    <time>2025-12-23T09:22:03Z</time>
   </trkpt>
   <trkpt lat="10.3092820" lon="123.8747350">
    <ele>25.3</ele>
    <time>2025-12-23T09:22:04Z</time>
   </trkpt>
   <trkpt lat="10.3092880" lon="123.8747490">
    <ele>25.3</ele>
    <time>2025-12-23T09:22:05Z</time>
   </trkpt>
   <trkpt lat="10.3092910" lon="123.8747690">
    <ele>25.2</ele>
    <time>2025-12-23T09:22:06Z</time>
   </trkpt>
   <trkpt lat="10.3092890" lon="123.8747780">
    <ele>25.2</ele>
    <time>2025-12-23T09:22:07Z</time>
   </trkpt>
   <trkpt lat="10.3092870" lon="123.8747870">
    <ele>25.2</ele>
    <time>2025-12-23T09:22:08Z</time>
   </trkpt>
   <trkpt lat="10.3092830" lon="123.8747990">
    <ele>25.2</ele>
    <time>2025-12-23T09:22:09Z</time>
   </trkpt>
   <trkpt lat="10.3092770" lon="123.8748140">
    <ele>25.2</ele>
    <time>2025-12-23T09:22:10Z</time>
   </trkpt>
   <trkpt lat="10.3092720" lon="123.8748340">
    <ele>25.1</ele>
    <time>2025-12-23T09:22:11Z</time>
   </trkpt>
   <trkpt lat="10.3092710" lon="123.8748420">
    <ele>25.1</ele>
    <time>2025-12-23T09:22:12Z</time>
   </trkpt>
   <trkpt lat="10.3092690" lon="123.8748500">
    <ele>25.1</ele>
    <time>2025-12-23T09:22:13Z</time>
   </trkpt>
   <trkpt lat="10.3092680" lon="123.8748630">
    <ele>25.1</ele>
    <time>2025-12-23T09:22:14Z</time>
   </trkpt>
   <trkpt lat="10.3092670" lon="123.8748790">
    <ele>25.1</ele>
    <time>2025-12-23T09:22:15Z</time>
   </trkpt>
   <trkpt lat="10.3092650" lon="123.8748940">
    <ele>25.1</ele>
    <time>2025-12-23T09:22:16Z</time>
   </trkpt>
   <trkpt lat="10.3092650" lon="123.8749060">
    <ele>25.1</ele>
    <time>2025-12-23T09:22:17Z</time>
   </trkpt>
   <trkpt lat="10.3092660" lon="123.8749140">
    <ele>25.1</ele>
    <time>2025-12-23T09:22:18Z</time>
   </trkpt>
   <trkpt lat="10.3092680" lon="123.8749260">
    <ele>25.1</ele>
    <time>2025-12-23T09:22:19Z</time>
   </trkpt>
   <trkpt lat="10.3092690" lon="123.8749360">
    <ele>25.1</ele>
    <time>2025-12-23T09:22:20Z</time>
   </trkpt>
   <trkpt lat="10.3092670" lon="123.8749470">
    <ele>25.0</ele>
    <time>2025-12-23T09:22:21Z</time>
   </trkpt>
   <trkpt lat="10.3092660" lon="123.8749580">
    <ele>25.0</ele>
    <time>2025-12-23T09:22:22Z</time>
   </trkpt>
   <trkpt lat="10.3092680" lon="123.8749710">
    <ele>25.0</ele>
    <time>2025-12-23T09:22:23Z</time>
   </trkpt>
   <trkpt lat="10.3092710" lon="123.8749830">
    <ele>25.0</ele>
    <time>2025-12-23T09:22:24Z</time>
   </trkpt>
   <trkpt lat="10.3092750" lon="123.8749950">
    <ele>25.0</ele>
    <time>2025-12-23T09:22:25Z</time>
   </trkpt>
   <trkpt lat="10.3092770" lon="123.8750080">
    <ele>25.0</ele>
    <time>2025-12-23T09:22:26Z</time>
   </trkpt>
   <trkpt lat="10.3092770" lon="123.8750180">
    <ele>25.0</ele>
    <time>2025-12-23T09:22:27Z</time>
   </trkpt>
   <trkpt lat="10.3092780" lon="123.8750280">
    <ele>25.0</ele>
    <time>2025-12-23T09:22:28Z</time>
   </trkpt>
   <trkpt lat="10.3092790" lon="123.8750400">
    <ele>25.0</ele>
    <time>2025-12-23T09:22:29Z</time>
   </trkpt>
   <trkpt lat="10.3092810" lon="123.8750540">
    <ele>25.0</ele>
    <time>2025-12-23T09:22:30Z</time>
   </trkpt>
   <trkpt lat="10.3092880" lon="123.8750670">
    <ele>25.0</ele>
    <time>2025-12-23T09:22:31Z</time>
   </trkpt>
   <trkpt lat="10.3092940" lon="123.8750810">
    <ele>25.0</ele>
    <time>2025-12-23T09:22:32Z</time>
   </trkpt>
   <trkpt lat="10.3092990" lon="123.8750920">
    <ele>25.0</ele>
    <time>2025-12-23T09:22:33Z</time>
   </trkpt>
   <trkpt lat="10.3092980" lon="123.8751020">
    <ele>25.0</ele>
    <time>2025-12-23T09:22:34Z</time>
   </trkpt>
   <trkpt lat="10.3092990" lon="123.8751110">
    <ele>25.0</ele>
    <time>2025-12-23T09:22:35Z</time>
   </trkpt>
   <trkpt lat="10.3093000" lon="123.8751210">
    <ele>25.0</ele>
    <time>2025-12-23T09:22:36Z</time>
   </trkpt>
   <trkpt lat="10.3092970" lon="123.8751290">
    <ele>25.0</ele>
    <time>2025-12-23T09:22:37Z</time>
   </trkpt>
   <trkpt lat="10.3092950" lon="123.8751360">
    <ele>25.0</ele>
    <time>2025-12-23T09:22:38Z</time>
   </trkpt>
   <trkpt lat="10.3092930" lon="123.8751450">
    <ele>25.1</ele>
    <time>2025-12-23T09:22:39Z</time>
   </trkpt>
   <trkpt lat="10.3092920" lon="123.8751510">
    <ele>25.1</ele>
    <time>2025-12-23T09:22:40Z</time>
   </trkpt>
   <trkpt lat="10.3092950" lon="123.8751600">
    <ele>25.1</ele>
    <time>2025-12-23T09:22:41Z</time>
   </trkpt>
   <trkpt lat="10.3092930" lon="123.8751710">
    <ele>25.1</ele>
    <time>2025-12-23T09:22:42Z</time>
   </trkpt>
   <trkpt lat="10.3092940" lon="123.8751820">
    <ele>25.1</ele>
    <time>2025-12-23T09:22:43Z</time>
   </trkpt>
   <trkpt lat="10.3093010" lon="123.8751910">
    <ele>25.1</ele>
    <time>2025-12-23T09:22:44Z</time>
   </trkpt>
   <trkpt lat="10.3093090" lon="123.8751960">
    <ele>25.2</ele>
    <time>2025-12-23T09:22:45Z</time>
   </trkpt>
   <trkpt lat="10.3093140" lon="123.8752020">
    <ele>25.2</ele>
    <time>2025-12-23T09:22:46Z</time>
   </trkpt>
   <trkpt lat="10.3093170" lon="123.8752140">
    <ele>25.2</ele>
    <time>2025-12-23T09:22:47Z</time>
   </trkpt>
   <trkpt lat="10.3093190" lon="123.8752220">
    <ele>25.2</ele>
    <time>2025-12-23T09:22:48Z</time>
   </trkpt>
   <trkpt lat="10.3093200" lon="123.8752290">
    <ele>25.2</ele>
    <time>2025-12-23T09:22:49Z</time>
   </trkpt>
   <trkpt lat="10.3093170" lon="123.8752330">
    <ele>25.2</ele>
    <time>2025-12-23T09:22:50Z</time>
   </trkpt>
   <trkpt lat="10.3093120" lon="123.8752400">
    <ele>25.2</ele>
    <time>2025-12-23T09:22:51Z</time>
   </trkpt>
   <trkpt lat="10.3093070" lon="123.8752500">
    <ele>25.3</ele>
    <time>2025-12-23T09:22:52Z</time>
   </trkpt>
   <trkpt lat="10.3093060" lon="123.8752630">
    <ele>25.3</ele>
    <time>2025-12-23T09:22:53Z</time>
   </trkpt>
   <trkpt lat="10.3093030" lon="123.8752780">
    <ele>25.3</ele>
    <time>2025-12-23T09:22:54Z</time>
   </trkpt>
   <trkpt lat="10.3093020" lon="123.8752950">
    <ele>25.4</ele>
    <time>2025-12-23T09:22:55Z</time>
   </trkpt>
   <trkpt lat="10.3093020" lon="123.8753130">
    <ele>25.5</ele>
    <time>2025-12-23T09:22:56Z</time>
   </trkpt>
   <trkpt lat="10.3093020" lon="123.8753260">
    <ele>25.5</ele>
    <time>2025-12-23T09:22:57Z</time>
   </trkpt>
   <trkpt lat="10.3093050" lon="123.8753410">
    <ele>25.5</ele>
    <time>2025-12-23T09:22:58Z</time>
   </trkpt>
   <trkpt lat="10.3093100" lon="123.8753560">
    <ele>25.6</ele>
    <time>2025-12-23T09:22:59Z</time>
   </trkpt>
   <trkpt lat="10.3093130" lon="123.8753670">
    <ele>25.6</ele>
    <time>2025-12-23T09:23:00Z</time>
   </trkpt>
   <trkpt lat="10.3093110" lon="123.8753790">
    <ele>25.7</ele>
    <time>2025-12-23T09:23:01Z</time>
   </trkpt>
   <trkpt lat="10.3093150" lon="123.8753880">
    <ele>25.8</ele>
    <time>2025-12-23T09:23:02Z</time>
   </trkpt>
   <trkpt lat="10.3093220" lon="123.8753950">
    <ele>25.8</ele>
    <time>2025-12-23T09:23:03Z</time>
   </trkpt>
   <trkpt lat="10.3093350" lon="123.8753950">
    <ele>25.9</ele>
    <time>2025-12-23T09:23:04Z</time>
   </trkpt>
   <trkpt lat="10.3093450" lon="123.8753990">
    <ele>26.0</ele>
    <time>2025-12-23T09:23:05Z</time>
   </trkpt>
   <trkpt lat="10.3093550" lon="123.8754050">
    <ele>26.0</ele>
    <time>2025-12-23T09:23:06Z</time>
   </trkpt>
   <trkpt lat="10.3093700" lon="123.8754140">
    <ele>26.1</ele>
    <time>2025-12-23T09:23:07Z</time>
   </trkpt>
   <trkpt lat="10.3093840" lon="123.8754230">
    <ele>26.2</ele>
    <time>2025-12-23T09:23:08Z</time>
   </trkpt>
   <trkpt lat="10.3093900" lon="123.8754330">
    <ele>26.3</ele>
    <time>2025-12-23T09:23:09Z</time>
   </trkpt>
   <trkpt lat="10.3093890" lon="123.8754470">
    <ele>26.4</ele>
    <time>2025-12-23T09:23:10Z</time>
   </trkpt>
   <trkpt lat="10.3093880" lon="123.8754520">
    <ele>26.4</ele>
    <time>2025-12-23T09:23:11Z</time>
   </trkpt>
   <trkpt lat="10.3093870" lon="123.8754580">
    <ele>26.4</ele>
    <time>2025-12-23T09:23:12Z</time>
   </trkpt>
   <trkpt lat="10.3093850" lon="123.8754630">
    <ele>26.5</ele>
    <time>2025-12-23T09:23:13Z</time>
   </trkpt>
   <trkpt lat="10.3093840" lon="123.8754690">
    <ele>26.5</ele>
    <time>2025-12-23T09:23:14Z</time>
   </trkpt>
   <trkpt lat="10.3093830" lon="123.8754740">
    <ele>26.5</ele>
    <time>2025-12-23T09:23:15Z</time>
   </trkpt>
   <trkpt lat="10.3093870" lon="123.8754840">
    <ele>26.6</ele>
    <time>2025-12-23T09:23:16Z</time>
   </trkpt>
   <trkpt lat="10.3093930" lon="123.8754940">
    <ele>26.7</ele>
    <time>2025-12-23T09:23:17Z</time>
   </trkpt>
   <trkpt lat="10.3093940" lon="123.8755070">
    <ele>26.7</ele>
    <time>2025-12-23T09:23:18Z</time>
   </trkpt>
   <trkpt lat="10.3093890" lon="123.8755240">
    <ele>26.8</ele>
    <time>2025-12-23T09:23:19Z</time>
   </trkpt>
   <trkpt lat="10.3093870" lon="123.8755430">
    <ele>27.0</ele>
    <time>2025-12-23T09:23:20Z</time>
   </trkpt>
   <trkpt lat="10.3093860" lon="123.8755530">
    <ele>27.0</ele>
    <time>2025-12-23T09:23:21Z</time>
   </trkpt>
  </trkseg>
 </trk>
</gpx>
